planet_id,planet_name,true,pred
10797460.0,Kepler-227 b,2,2
10797460.0,Kepler-227 c,2,2
10811496.0,,1,1
10848459.0,,0,0
10854555.0,Kepler-664 b,2,2
10872983.0,Kepler-228 d,2,2
10872983.0,Kepler-228 c,2,2
10872983.0,Kepler-228 b,2,2
6721123.0,,0,0
10910878.0,Kepler-229 c,2,2
11446443.0,Kepler-1 b,2,1
10666592.0,Kepler-2 b,2,1
6922244.0,Kepler-8 b,2,1
10984090.0,Kepler-466 c,2,2
10419211.0,,0,0
10464078.0,,0,0
10480982.0,,0,0
10485250.0,,0,2
10526549.0,Kepler-660 b,2,2
10583066.0,Kepler-661 b,2,1
10583180.0,,0,0
10601284.0,Kepler-226 c,2,2
10601284.0,Kepler-226 b,2,2
10601284.0,Kepler-226 d,2,2
2306756.0,,0,0
10662202.0,Kepler-662 b,2,2
10682541.0,Kepler-663 b,2,2
11460018.0,Kepler-671 b,2,2
11463211.0,,0,0
11465813.0,,0,0
11493732.0,,0,0
11507101.0,Kepler-672 b,2,2
10910878.0,Kepler-229 d,2,2
10910878.0,Kepler-229 b,2,2
10987985.0,Kepler-665 b,2,2
11018648.0,Kepler-230 b,2,2
11018648.0,Kepler-230 c,2,2
11138155.0,Kepler-1976 b,2,2
11152159.0,,0,0
11153539.0,Kepler-666 b,2,2
11242721.0,,0,0
9579641.0,Kepler-105 b,2,2
11304958.0,Kepler-667 b,2,2
11391957.0,Kepler-668 b,2,2
11403044.0,Kepler-669 b,2,2
11414511.0,Kepler-670 b,2,1
11442465.0,,0,0
12110942.0,Kepler-680 b,2,2
12366084.0,Kepler-232 b,2,2
12366084.0,Kepler-232 c,2,2
12404086.0,Kepler-681 b,2,2
8395660.0,Kepler-106 c,2,2
9579641.0,Kepler-105 c,2,2
11656840.0,,0,0
11754553.0,Kepler-52 c,2,2
11754553.0,Kepler-52 b,2,2
11754553.0,Kepler-52 d,2,2
11812062.0,Kepler-673 b,2,2
11818800.0,,1,1
11853255.0,Kepler-674 b,2,2
11909839.0,,0,0
11918099.0,Kepler-675 b,2,1
11918099.0,,1,1
9579641.0,,1,1
11923270.0,Kepler-676 b,2,2
11960862.0,Kepler-677 b,2,2
12020329.0,Kepler-678 b,2,2
12066335.0,Kepler-231 c,2,2
12066335.0,Kepler-231 b,2,2
12070811.0,Kepler-679 b,2,2
8395660.0,Kepler-106 e,2,2
3120431.0,,0,0
3246984.0,,0,0
3342970.0,Kepler-234 b,2,2
3342970.0,Kepler-234 c,2,2
12459725.0,,0,0
12470844.0,Kepler-233 b,2,2
12470844.0,Kepler-233 c,2,2
12644822.0,Kepler-682 b,2,2
2440757.0,,0,0
2445129.0,,0,0
2713049.0,Kepler-683 b,2,2
3114167.0,Kepler-684 b,2,2
3114661.0,,0,0
3115833.0,,1,1
4139816.0,Kepler-235 d,2,2
4139816.0,Kepler-235 e,2,2
8395660.0,Kepler-106 d,2,2
4139816.0,Kepler-235 c,2,2
4275191.0,Kepler-688 b,2,1
4476123.0,Kepler-689 b,2,2
3351888.0,Kepler-685 b,2,2
3453214.0,,1,1
3554600.0,,0,0
3641726.0,Kepler-1727 b,2,2
3734868.0,,0,0
3832474.0,Kepler-30 d,2,2
8395660.0,Kepler-106 b,2,2
3832474.0,Kepler-30 c,2,2
3832474.0,Kepler-30 b,2,2
3836375.0,,0,0
3838486.0,,0,0
3935914.0,Kepler-686 b,2,2
3940418.0,Kepler-1728 b,2,2
4049131.0,Kepler-687 b,2,2
4139816.0,Kepler-235 b,2,2
5287983.0,,0,0
5358241.0,Kepler-53 b,2,2
10875245.0,Kepler-107 c,2,2
5358241.0,Kepler-53 d,2,2
5358241.0,Kepler-53 c,2,2
5358624.0,Kepler-428 b,2,1
4544670.0,,1,1
4664847.0,Kepler-690 b,2,1
4725681.0,Kepler-236 c,2,2
4725681.0,Kepler-236 b,2,2
4913852.0,Kepler-691 b,2,2
4932348.0,,0,0
4936180.0,,1,1
11913073.0,,0,0
10875245.0,Kepler-107 e,2,2
5021899.0,Kepler-692 b,2,2
5077629.0,,0,0
5115978.0,,1,1
5164255.0,Kepler-693 b,2,2
5252423.0,Kepler-237 c,2,2
5252423.0,Kepler-237 b,2,2
5272878.0,Kepler-694 b,2,2
5283542.0,,0,0
5649215.0,,0,0
5651104.0,Kepler-695 b,2,1
5792202.0,Kepler-27 b,2,2
10875245.0,Kepler-107 d,2,2
5792202.0,Kepler-27 c,2,2
5370302.0,,0,0
5372966.0,,0,0
5376067.0,,0,0
5436502.0,Kepler-238 e,2,2
5436502.0,Kepler-238 d,2,2
5436502.0,Kepler-238 c,2,2
5436502.0,Kepler-238 b,2,2
10875245.0,Kepler-107 b,2,2
5436502.0,Kepler-238 f,2,2
5456651.0,Kepler-239 b,2,2
5456651.0,Kepler-239 c,2,2
5481416.0,,0,0
5531576.0,Kepler-240 c,2,2
5531576.0,Kepler-240 b,2,2
5534814.0,,0,0
6291653.0,Kepler-702 b,2,2
6392727.0,Kepler-703 b,2,2
6422070.0,Kepler-704 b,2,2
6428700.0,Kepler-242 b,2,2
6428700.0,Kepler-242 c,2,2
5792202.0,Kepler-27 d,2,2
5794379.0,Kepler-241 b,2,2
5794379.0,Kepler-241 c,2,2
5881688.0,Kepler-696 b,2,2
6022556.0,Kepler-697 b,2,2
6032497.0,Kepler-698 b,2,2
6061119.0,Kepler-699 b,2,2
6191521.0,Kepler-700 b,2,2
6267425.0,,0,0
3531558.0,Kepler-467 b,2,2
6276477.0,Kepler-701 b,2,2
6863998.0,Kepler-709 b,2,2
6867155.0,,1,1
6948054.0,Kepler-245 b,2,2
6948054.0,Kepler-245 d,2,2
6948054.0,Kepler-245 c,2,2
6435936.0,Kepler-705 b,2,2
6522242.0,Kepler-706 b,2,2
6526710.0,,1,1
6587280.0,Kepler-243 b,2,2
9471974.0,Kepler-108 b,2,2
6587280.0,Kepler-243 c,2,2
6599919.0,,1,1
6675056.0,,0,2
6685526.0,Kepler-707 b,2,2
6756669.0,,0,0
6784235.0,Kepler-708 b,2,2
6849310.0,Kepler-244 b,2,2
6849310.0,Kepler-244 d,2,2
6849310.0,Kepler-244 c,2,2
6862328.0,,1,1
9471974.0,Kepler-108 c,2,1
6862603.0,,0,0
7366258.0,Kepler-82 b,2,2
7366258.0,Kepler-82 c,2,2
7366258.0,Kepler-82 e,2,2
7366258.0,Kepler-82 d,2,2
7373451.0,Kepler-712 b,2,2
6948054.0,Kepler-245 e,2,2
6949607.0,Kepler-28 b,2,2
6949607.0,Kepler-28 c,2,2
7031517.0,,1,1
11869052.0,,0,2
7109675.0,Kepler-46 b,2,1
7109675.0,Kepler-46 d,2,2
7118364.0,Kepler-710 b,2,2
7134976.0,Kepler-246 b,2,2
7134976.0,Kepler-246 c,2,2
7135852.0,Kepler-1729 b,2,2
7270230.0,,0,0
7287995.0,Kepler-81 b,2,2
7287995.0,Kepler-81 c,2,2
7287995.0,Kepler-81 d,2,2
3247396.0,,0,0
7303253.0,Kepler-711 b,2,2
5094751.0,Kepler-109 b,2,2
7678434.0,Kepler-716 b,2,2
7678434.0,Kepler-716 c,2,2
7685981.0,Kepler-717 b,2,2
7708215.0,,0,0
7373451.0,Kepler-712 c,2,1
7377033.0,,0,0
7380537.0,,1,1
7434875.0,Kepler-247 c,2,2
8349582.0,Kepler-95 b,2,2
7434875.0,Kepler-247 d,2,2
7434875.0,Kepler-247 b,2,2
7455287.0,Kepler-54 b,2,2
7455287.0,Kepler-54 c,2,2
7455287.0,Kepler-54 d,2,2
7458762.0,Kepler-713 b,2,2
7552344.0,,0,0
757450.0,Kepler-75 b,2,1
7585481.0,Kepler-714 b,2,2
7663691.0,Kepler-715 b,2,2
5812701.0,Kepler-448 b,2,2
8013419.0,,1,1
8018547.0,,1,1
8039892.0,Kepler-719 b,2,2
8150320.0,Kepler-55 d,2,2
8150320.0,Kepler-55 b,2,2
11086270.0,Kepler-110 b,2,2
7767559.0,,0,1
7825899.0,Kepler-248 c,2,2
7825899.0,Kepler-248 b,2,2
7849854.0,Kepler-718 b,2,1
7870390.0,Kepler-83 b,2,2
7870390.0,Kepler-83 d,2,2
5094751.0,Kepler-109 c,2,2
7870390.0,Kepler-83 c,2,2
7907423.0,Kepler-249 c,2,2
7907423.0,Kepler-249 b,2,2
7907423.0,Kepler-249 d,2,2
7938496.0,Kepler-1730 b,2,1
8490993.0,Kepler-722 b,2,2
8490993.0,Kepler-722 c,2,2
8505670.0,Kepler-252 c,2,2
8505670.0,Kepler-252 b,2,2
8544996.0,Kepler-723 b,2,1
8552202.0,,1,1
8150320.0,Kepler-55 c,2,2
8150320.0,Kepler-55 e,2,2
8150320.0,Kepler-55 f,2,2
8180063.0,,0,0
8226994.0,Kepler-250 c,2,2
8226994.0,Kepler-250 d,2,2
8226994.0,Kepler-250 b,2,2
8247638.0,Kepler-251 c,2,2
8247638.0,Kepler-251 d,2,2
8247638.0,Kepler-251 b,2,2
11086270.0,Kepler-110 c,2,2
8247638.0,Kepler-251 e,2,2
8255887.0,Kepler-720 b,2,1
8256049.0,,0,0
8414716.0,Kepler-721 b,2,2
9140402.0,,1,2
9141746.0,Kepler-730 b,2,1
9159275.0,,0,0
9166862.0,Kepler-731 b,2,2
9166870.0,,0,0
11449844.0,Kepler-468 b,2,2
8605074.0,,0,0
8628973.0,Kepler-724 b,2,2
8655354.0,,0,0
8672910.0,Kepler-725 b,2,2
8686150.0,,0,0
8689031.0,Kepler-726 b,2,2
8689373.0,Kepler-253 c,2,2
8689373.0,Kepler-253 d,2,2
8689373.0,Kepler-253 b,2,2
8826878.0,Kepler-727 b,2,2
5897826.0,Kepler-469 b,0,0
8883593.0,Kepler-728 b,2,2
8951215.0,,1,1
9016295.0,,0,0
9077124.0,Kepler-729 b,2,2
9097120.0,,0,0
9466668.0,Kepler-256 c,2,2
9466668.0,Kepler-256 d,2,2
9466668.0,Kepler-256 b,2,2
9466668.0,Kepler-256 e,2,2
9479273.0,Kepler-734 b,2,2
8359498.0,Kepler-77 b,2,1
9171801.0,,0,0
9334289.0,Kepler-254 b,2,2
9334289.0,Kepler-254 c,2,2
9334289.0,Kepler-254 d,2,2
9347899.0,Kepler-31 b,2,2
9347899.0,Kepler-31 c,2,2
9347899.0,Kepler-31 d,2,2
9347899.0,,1,2
9388479.0,Kepler-732 b,2,2
9388479.0,Kepler-732 c,2,2
11359879.0,Kepler-15 b,2,2
9406990.0,Kepler-733 b,2,2
9415172.0,Kepler-255 c,2,2
9415172.0,Kepler-255 d,2,2
9415172.0,Kepler-255 b,2,2
9904059.0,,0,0
3231341.0,Kepler-24 b,2,2
3231341.0,Kepler-24 e,2,2
3231341.0,Kepler-24 d,2,2
2860866.0,,1,1
7626506.0,Kepler-112 c,2,2
10460629.0,,1,1
10319385.0,,1,1
10482160.0,Kepler-1739 b,2,2
10485069.0,,0,0
3233043.0,,0,0
6579806.0,,0,0
3560301.0,,0,0
4044005.0,,0,1
11502218.0,,1,0
11180361.0,,1,1
5802246.0,,0,0
6066403.0,,0,0
6209637.0,,0,0
5988031.0,,0,0
7684873.0,,0,0
8559644.0,Kepler-111 c,2,2
2851100.0,,0,0
3130300.0,,0,0
3240158.0,Kepler-769 b,2,2
3240158.0,Kepler-769 c,2,2
3228959.0,,0,0
3218908.0,Kepler-770 b,2,2
10341913.0,,0,0
10480921.0,,0,0
10287723.0,,1,1
10350571.0,Kepler-784 b,2,2
10350571.0,Kepler-784 c,2,2
3749365.0,Kepler-785 b,2,2
11013201.0,,1,0
11673674.0,,0,0
11013201.0,,1,1
9414417.0,,1,1
3632418.0,Kepler-21 b,2,2
3441784.0,,0,0
5820218.0,,0,1
5876368.0,,0,0
5809890.0,Kepler-755 b,2,2
5809890.0,Kepler-755 c,2,2
6131236.0,Kepler-1734 b,2,2
9048161.0,,0,0
3218908.0,Kepler-770 c,2,2
3218908.0,Kepler-770 d,2,2
3235672.0,,0,0
2837111.0,Kepler-771 b,2,2
3120276.0,,0,2
2307199.0,,1,1
3547091.0,,0,0
3869825.0,,0,0
3655332.0,,0,0
4042026.0,,0,0
3344419.0,,0,0
11192141.0,,0,0
11494130.0,,0,0
5648449.0,,0,0
12167361.0,,0,0
8607720.0,,0,0
1433962.0,,0,0
9032900.0,,2,2
5956342.0,Kepler-265 c,2,2
5956342.0,Kepler-265 b,2,2
5956342.0,Kepler-265 e,2,2
5956342.0,Kepler-265 d,2,2
5956656.0,Kepler-756 b,2,2
3109930.0,Kepler-1736 b,2,2
2854914.0,Kepler-268 b,2,2
2854914.0,Kepler-268 c,2,2
3337425.0,,0,0
3116412.0,Kepler-772 b,2,2
3865567.0,,0,1
3544689.0,,0,0
4037164.0,,0,0
3443790.0,,0,0
3966912.0,,0,0
8394721.0,Kepler-79 d,2,2
11607193.0,,0,0
1161345.0,Kepler-1973 b,2,2
10227501.0,,0,0
2854698.0,Kepler-260 b,2,2
2854698.0,Kepler-260 c,2,2
8559644.0,Kepler-111 b,2,2
6032981.0,,0,0
5866099.0,,0,0
5964985.0,,0,0
6066416.0,,0,0
1996679.0,,0,0
2849805.0,Kepler-773 b,2,2
3114811.0,Kepler-774 b,2,2
2853446.0,,1,2
3003992.0,,0,0
3942446.0,,1,1
3554031.0,Kepler-415 c,2,2
3554031.0,,1,1
3554031.0,Kepler-415 b,2,2
8394721.0,Kepler-79 c,2,2
7295235.0,Kepler-743 b,2,1
2302548.0,Kepler-261 b,2,2
2302548.0,Kepler-261 c,2,2
10743597.0,,0,0
10743597.0,,0,0
9818381.0,Kepler-43 b,2,1
6124941.0,,0,0
6060203.0,Kepler-757 b,2,2
5880320.0,Kepler-758 b,2,2
5880320.0,Kepler-758 c,2,2
5880320.0,Kepler-758 d,2,2
3003992.0,,0,0
6307537.0,,0,0
6359798.0,,0,0
6311681.0,,0,0
6365321.0,,0,0
6301035.0,,0,0
3859079.0,Kepler-786 b,2,2
3557493.0,,0,0
4061149.0,Kepler-1741 b,2,2
3444588.0,Kepler-787 b,2,2
8394721.0,Kepler-79 b,2,2
3962243.0,Kepler-276 c,2,2
10743597.0,,1,1
10015516.0,,0,0
10154388.0,Kepler-744 b,2,2
1432789.0,Kepler-745 b,2,2
1718189.0,Kepler-262 c,2,2
5880320.0,Kepler-758 e,2,2
5130369.0,,0,0
6037187.0,Kepler-759 b,2,2
6147122.0,,0,0
8257407.0,,0,0
8218274.0,,0,0
3964562.0,,0,0
5735762.0,Kepler-48 b,2,2
6292162.0,,0,0
6307521.0,,0,0
6359320.0,Kepler-269 b,2,2
3848972.0,,0,0
3860441.0,,0,0
3765771.0,,0,0
3557341.0,,0,0
3859628.0,Kepler-1740 b,2,2
3644071.0,,1,1
1718189.0,Kepler-262 b,2,2
1431122.0,,1,2
3858949.0,,0,0
3858824.0,,0,0
2157247.0,,0,0
7601633.0,,0,0
8242681.0,,0,0
8260218.0,,1,1
8246781.0,,0,0
8264070.0,,0,0
8222813.0,Kepler-760 b,2,2
6359320.0,Kepler-269 c,2,2
6359320.0,,1,1
6362874.0,Kepler-775 b,2,2
6272413.0,Kepler-776 b,2,2
8279765.0,,0,0
8330548.0,,0,1
3348082.0,,0,2
3853673.0,,0,0
3447722.0,Kepler-275 c,2,2
3447722.0,Kepler-275 b,2,2
3447722.0,Kepler-275 d,2,2
3447722.0,,1,0
1432214.0,,0,0
2165002.0,Kepler-263 b,2,2
2165002.0,Kepler-263 c,2,2
2441728.0,,0,0
1871056.0,Kepler-264 b,2,2
8222813.0,Kepler-760 c,2,2
12105051.0,,1,1
8240904.0,Kepler-266 b,2,2
8240904.0,Kepler-266 c,2,2
8240904.0,,1,1
8374494.0,,0,0
5735762.0,Kepler-48 c,2,2
8414907.0,,0,0
8414907.0,,0,0
8397446.0,,0,0
8386035.0,,0,0
3962243.0,Kepler-276 b,2,2
3962243.0,Kepler-276 d,2,2
3438507.0,Kepler-788 b,2,2
3869014.0,Kepler-789 b,2,2
3756801.0,,1,1
1871056.0,Kepler-264 c,2,2
1865042.0,Kepler-746 b,2,2
2438502.0,,0,0
2309585.0,,0,0
5780460.0,Kepler-747 b,2,2
8244190.0,,0,0
8229696.0,Kepler-761 b,2,2
8262210.0,,0,2
10272640.0,Kepler-762 b,2,2
10232123.0,,0,0
10223616.0,,0,0
8415745.0,,0,0
8378634.0,,0,0
8397675.0,,0,0
8346392.0,Kepler-777 b,2,2
8288947.0,Kepler-778 b,2,2
8312852.0,,0,2
9480189.0,Kepler-257 c,2,2
11974540.0,Kepler-470 b,2,0
9480189.0,Kepler-257 b,2,2
9480189.0,Kepler-257 d,2,2
9512687.0,Kepler-735 b,2,2
8644288.0,Kepler-18 c,2,2
5738346.0,,0,0
1725016.0,Kepler-748 b,2,2
1722276.0,,0,0
892772.0,,0,0
1027438.0,,0,0
10268907.0,,0,0
5446285.0,Kepler-88 b,2,2
10166274.0,Kepler-267 b,2,2
10166274.0,Kepler-267 c,2,2
10166274.0,Kepler-267 d,2,2
10153827.0,,0,0
5735762.0,Kepler-48 d,2,2
8302450.0,,0,0
8313667.0,,1,2
8351704.0,Kepler-779 b,2,2
8299955.0,,0,2
9513865.0,Kepler-736 b,2,2
9595686.0,,0,0
9605514.0,Kepler-1666 b,2,2
9605514.0,Kepler-1666 c,2,2
9661877.0,,0,0
5728283.0,,0,0
8127639.0,,0,0
6047498.0,,0,0
8125580.0,Kepler-749 b,2,2
8158127.0,Kepler-750 b,2,2
10158990.0,,0,0
10149023.0,,1,0
10141900.0,Kepler-763 d,2,2
10141900.0,Kepler-763 c,2,2
10141900.0,Kepler-763 b,2,2
8410727.0,Kepler-270 b,2,2
8410727.0,Kepler-270 c,2,2
8349405.0,,0,1
8278371.0,Kepler-780 b,2,2
8280511.0,Kepler-271 b,2,2
8280511.0,Kepler-271 c,2,1
9710326.0,Kepler-737 b,2,2
9761882.0,Kepler-738 b,2,2
5297298.0,,0,0
9766437.0,Kepler-739 b,2,2
9772531.0,,1,1
9775938.0,Kepler-258 b,2,2
8644288.0,Kepler-18 d,2,1
8158127.0,Kepler-750 c,2,2
8176653.0,,0,0
8174625.0,Kepler-751 b,2,2
8183911.0,,0,0
8179973.0,,0,0
10157458.0,Kepler-764 b,2,2
4649305.0,,0,0
10148521.0,,0,0
10118816.0,Kepler-1735 b,2,2
10122255.0,Kepler-765 b,2,2
3124412.0,,0,0
3835670.0,Kepler-473 b,2,2
10287248.0,,0,0
10351767.0,,0,0
10295951.0,,1,1
10342041.0,,0,0
10514770.0,,0,0
9775938.0,Kepler-258 c,2,2
9787239.0,Kepler-32 b,2,2
9787239.0,Kepler-32 c,2,2
9787239.0,Kepler-32 d,2,2
9787239.0,Kepler-32 e,2,2
9787239.0,Kepler-32 f,2,2
2309719.0,,0,0
2558363.0,,0,0
2716853.0,Kepler-752 b,2,2
2445154.0,,0,0
2715135.0,Kepler-753 b,2,2
8644288.0,Kepler-18 b,2,2
3113266.0,,0,0
3247268.0,Kepler-418 b,2,2
3247268.0,Kepler-418 c,2,2
3232859.0,,0,0
3098184.0,,0,0
2720309.0,,0,0
10342065.0,,0,0
10352945.0,,0,0
10354039.0,Kepler-1737 b,2,2
10330115.0,Kepler-781 b,2,2
10426656.0,Kepler-272 c,2,2
9820483.0,Kepler-740 b,2,2
9941662.0,Kepler-13 b,2,0
7778437.0,Kepler-471 b,2,2
9823457.0,Kepler-259 b,2,2
9823457.0,Kepler-259 c,2,2
2574201.0,,0,0
2166206.0,,0,0
2164169.0,Kepler-1732 b,2,2
2574338.0,Kepler-1733 b,2,2
2584163.0,Kepler-754 b,2,2
4180280.0,Kepler-472 b,2,2
3239636.0,,0,0
2721030.0,Kepler-766 b,2,2
3329204.0,,1,1
3230491.0,,1,1
3340070.0,,0,0
7626506.0,Kepler-112 b,2,2
10426656.0,Kepler-272 d,2,2
10426656.0,Kepler-272 b,2,2
10528068.0,Kepler-782 b,2,2
10468940.0,Kepler-273 b,2,2
9825625.0,Kepler-741 b,2,2
9875711.0,Kepler-742 b,2,1
7661409.0,,0,0
1026957.0,Kepler-1731 b,2,2
10002261.0,,0,1
8176650.0,,0,0
2162635.0,,1,1
5899544.0,,0,0
5963222.0,,0,1
5982353.0,,0,0
6205468.0,,0,0
8506766.0,,0,0
3240706.0,,0,0
2853093.0,Kepler-767 b,2,2
3228824.0,,0,0
3245969.0,Kepler-768 b,2,2
3231341.0,Kepler-24 c,2,2
10468940.0,Kepler-273 c,2,2
10341831.0,,0,0
10337517.0,Kepler-783 c,2,2
10337517.0,Kepler-783 b,2,2
10351231.0,Kepler-1738 b,2,2
10485179.0,,0,0
8561063.0,Kepler-42 b,2,1
8561063.0,Kepler-42 c,2,1
8892910.0,,0,1
8561063.0,Kepler-42 d,2,1
10657664.0,,0,0
3337351.0,,0,0
6153201.0,,0,0
5802486.0,,0,0
5817553.0,,0,0
5982368.0,,0,0
5816811.0,,0,0
5816165.0,,0,0
7102227.0,Kepler-290 c,2,2
7102227.0,Kepler-290 b,2,2
7102227.0,Kepler-290 d,2,0
6960913.0,Kepler-61 b,2,2
6837146.0,,1,1
11122894.0,Kepler-297 c,2,2
11122894.0,Kepler-297 d,2,0
11129738.0,Kepler-844 b,2,2
11401182.0,Kepler-845 b,2,1
11030711.0,Kepler-1750 b,2,2
11512246.0,Kepler-23 b,2,2
6607286.0,,1,2
6607286.0,,1,2
6690082.0,Kepler-280 b,2,2
6690082.0,Kepler-280 c,2,2
6448890.0,Kepler-56 c,2,2
6448890.0,Kepler-56 b,2,2
10730034.0,Kepler-285 b,2,2
10730034.0,Kepler-285 c,2,2
10858691.0,Kepler-286 b,2,2
10858691.0,Kepler-286 c,2,2
10858691.0,Kepler-286 d,2,2
8107380.0,Kepler-476 b,2,2
6936909.0,Kepler-291 b,2,2
6936909.0,Kepler-291 c,2,2
6962977.0,Kepler-292 f,2,2
6962977.0,Kepler-292 d,2,2
11176127.0,Kepler-298 b,2,2
11176127.0,Kepler-298 c,2,2
11176127.0,Kepler-298 d,2,2
11075279.0,,1,1
11014932.0,Kepler-299 c,2,2
6607447.0,,1,1
6677256.0,,0,0
8030148.0,Kepler-474 b,2,2
6692833.0,,0,2
6693640.0,Kepler-798 b,2,2
10858691.0,Kepler-286 e,2,2
10973814.0,Kepler-287 c,2,2
10973814.0,Kepler-287 b,2,2
6541920.0,Kepler-11 g,2,2
10586208.0,Kepler-811 b,2,2
6962977.0,Kepler-292 e,2,2
6962977.0,Kepler-292 c,2,2
6962977.0,Kepler-292 b,2,2
7174351.0,,0,0
6932987.0,Kepler-293 b,2,2
11014932.0,Kepler-299 d,2,2
11014932.0,Kepler-299 b,2,2
11014932.0,Kepler-299 e,2,2
11288505.0,Kepler-846 b,2,2
11493431.0,Kepler-847 b,2,2
6441738.0,,1,1
8801343.0,,0,0
8488878.0,,0,0
8560285.0,,0,0
8620565.0,,0,0
8616873.0,,1,1
10854768.0,Kepler-812 b,2,2
10964440.0,Kepler-813 b,2,2
10713616.0,Kepler-1667 b,2,2
10963242.0,Kepler-814 b,2,2
10785538.0,,0,0
6932987.0,Kepler-293 c,2,2
8191672.0,Kepler-5 b,2,2
6851425.0,Kepler-477 b,2,2
6934291.0,Kepler-828 b,2,2
7357531.0,,0,0
6185711.0,,0,0
11037335.0,Kepler-300 c,2,2
11037335.0,Kepler-300 b,2,2
11389771.0,Kepler-301 b,2,2
11389771.0,Kepler-301 d,2,2
8737796.0,,0,0
8462258.0,,0,0
10925104.0,Kepler-114 c,2,2
8454250.0,,0,0
8494263.0,,1,1
8848271.0,,0,0
10585852.0,Kepler-815 b,2,2
10928043.0,,1,2
10794087.0,Kepler-1743 b,2,2
10794087.0,,1,0
6541920.0,Kepler-11 b,2,2
4275739.0,,0,0
7287415.0,Kepler-1745 b,2,2
6924203.0,Kepler-829 b,2,2
6878167.0,,0,0
6880531.0,,0,0
6863839.0,,0,0
7296086.0,,0,0
11389771.0,Kepler-301 c,2,2
11599038.0,Kepler-1751 b,2,2
11193263.0,Kepler-848 b,2,2
11027624.0,Kepler-849 b,2,2
11032227.0,Kepler-850 b,2,2
8751933.0,Kepler-420 b,2,2
8630788.0,Kepler-281 c,2,2
8630788.0,Kepler-281 b,2,2
8630788.0,Kepler-281 d,2,2
8823426.0,,0,0
4070376.0,,0,0
4078157.0,,0,0
4164994.0,Kepler-816 b,2,2
4480676.0,,0,0
4079535.0,,0,0
6766634.0,Kepler-1746 b,2,2
6774826.0,,0,0
5652237.0,,0,2
7211469.0,Kepler-830 b,2,2
7375795.0,,0,2
7255336.0,,0,0
7831264.0,Kepler-116 b,2,2
7802136.0,,0,0
7532973.0,Kepler-854 b,2,0
9632895.0,,0,0
7449844.0,,0,0
8766222.0,,0,0
8678594.0,Kepler-799 b,2,2
10925104.0,Kepler-114 b,2,2
8678594.0,Kepler-799 c,2,2
8703884.0,,0,2
8560840.0,,0,0
4076098.0,Kepler-817 b,2,2
4551328.0,,0,0
4282872.0,Kepler-818 b,2,2
4639868.0,,0,0
10555375.0,,0,1
4372768.0,,0,0
7375795.0,,0,0
7211221.0,Kepler-831 b,2,2
7025526.0,,0,0
9451127.0,,0,0
9446824.0,,0,0
11356260.0,Kepler-851 b,2,2
11044770.0,,0,0
11600889.0,Kepler-407 b,2,2
11197126.0,,0,0
11043167.0,Kepler-852 b,2,2
8612847.0,Kepler-800 b,2,2
8552583.0,,0,0
8547140.0,Kepler-801 b,2,2
8519253.0,,0,0
8813698.0,,1,1
8757910.0,,0,0
4074736.0,,1,1
4072526.0,Kepler-819 b,2,2
4150539.0,,0,0
4274548.0,,1,2
4455231.0,Kepler-288 c,2,2
8953257.0,,0,0
8971432.0,,0,0
9278553.0,,0,0
9527915.0,Kepler-478 b,2,2
9143254.0,,0,0
8949247.0,,0,0
11336883.0,Kepler-853 b,2,2
11336883.0,,1,1
11336883.0,,1,0
12506351.0,,0,0
7622486.0,,0,0
7622486.0,,0,0
9705459.0,,0,0
8564587.0,Kepler-57 b,2,2
10925104.0,Kepler-114 d,2,2
8564587.0,Kepler-57 c,2,2
8631160.0,,1,1
8552498.0,,0,0
8806072.0,Kepler-802 b,2,2
4455231.0,Kepler-288 b,2,2
4455231.0,Kepler-288 d,2,2
4285107.0,,0,0
4150624.0,,0,0
8972058.0,Kepler-115 c,2,2
9346253.0,,0,0
9002237.0,,0,0
9288786.0,,0,0
8958035.0,,0,1
9040849.0,,0,0
9202151.0,,1,2
7842610.0,,0,0
7830637.0,,0,0
4760746.0,,1,0
7832356.0,Kepler-855 b,2,2
9643874.0,Kepler-856 b,2,1
8800954.0,Kepler-421 b,2,2
8583696.0,Kepler-803 b,2,2
8804283.0,Kepler-1991 c,2,2
8804283.0,Kepler-1991 b,2,2
8552565.0,,0,0
4155328.0,Kepler-820 b,2,2
4077526.0,Kepler-58 b,2,2
4077526.0,Kepler-58 c,2,2
4077526.0,Kepler-58 d,2,2
4077526.0,Kepler-58 e,2,2
8937021.0,,0,2
8935810.0,Kepler-1747 b,2,1
2441495.0,Kepler-479 b,2,2
9455556.0,Kepler-294 c,2,2
9455556.0,Kepler-294 b,2,2
9427402.0,,1,1
3732821.0,Kepler-790 b,2,2
3962440.0,,1,1
3534076.0,,1,1
3962357.0,Kepler-791 b,2,2
9110357.0,,0,0
8394721.0,Kepler-79 e,2,2
8609450.0,Kepler-282 d,2,2
6541920.0,Kepler-11 c,2,2
8609450.0,Kepler-282 e,2,2
8609450.0,Kepler-282 b,2,2
8609450.0,Kepler-282 c,2,2
4243911.0,Kepler-821 b,2,2
4466677.0,Kepler-822 b,2,2
4466677.0,,1,1
4466677.0,,1,1
4135665.0,Kepler-823 b,2,2
9269281.0,Kepler-1748 b,2,2
9100484.0,,1,2
9157908.0,,0,0
9030447.0,,0,0
9034103.0,Kepler-832 b,2,2
9214942.0,Kepler-833 b,2,2
3858704.0,,0,0
3749134.0,Kepler-792 b,2,2
3556220.0,,0,0
3660924.0,Kepler-793 b,2,2
3939150.0,Kepler-277 b,2,2
8628758.0,Kepler-804 b,2,2
8628758.0,Kepler-804 c,2,2
8509361.0,,0,1
8742590.0,Kepler-1742 b,2,2
8822366.0,Kepler-805 b,2,2
8972058.0,Kepler-115 b,2,2
4386059.0,,0,0
4650674.0,Kepler-824 b,2,2
4275721.0,Kepler-825 b,2,2
4275721.0,Kepler-825 c,2,2
8874090.0,Kepler-834 b,2,2
11666881.0,Kepler-480 b,2,2
9264949.0,Kepler-835 b,2,2
9271752.0,Kepler-836 b,2,2
9007866.0,,0,0
9150827.0,Kepler-1749 b,2,2
3939150.0,Kepler-277 c,2,2
3839488.0,Kepler-794 b,2,2
3542588.0,,0,0
3442055.0,Kepler-795 b,2,2
3440861.0,,0,0
12252424.0,Kepler-113 c,2,2
8700771.0,Kepler-806 b,2,2
10960993.0,,0,0
6541920.0,Kepler-11 d,2,2
10599397.0,,0,0
10879208.0,,0,0
10843203.0,,0,0
4570931.0,,0,0
4136466.0,Kepler-826 b,2,2
7284688.0,,0,0
7199774.0,,0,0
7037540.0,,0,0
6866228.0,,0,0
9391208.0,Kepler-837 b,2,2
9391506.0,Kepler-838 b,2,2
8950853.0,Kepler-839 b,2,2
9006449.0,Kepler-295 b,2,2
9006449.0,Kepler-295 c,2,2
9006449.0,Kepler-295 d,2,2
4043190.0,Kepler-796 b,2,2
3640905.0,Kepler-278 b,2,2
3640905.0,Kepler-278 c,2,1
4060815.0,,0,0
6613006.0,,0,0
6606653.0,,0,0
10790387.0,Kepler-807 b,2,2
10748393.0,,0,1
10874226.0,,0,0
10661771.0,,0,0
10924853.0,,0,0
10874926.0,,0,0
6631721.0,,0,0
6847018.0,,0,0
7220322.0,,0,0
6956233.0,,0,0
7303287.0,Kepler-289 c,2,2
7303287.0,Kepler-289 b,2,2
11512246.0,Kepler-23 c,2,2
8916492.0,,0,0
11193447.0,,0,0
11517719.0,Kepler-840 b,2,2
11599264.0,,0,0
11100657.0,,0,0
6620003.0,,1,1
6621116.0,,0,0
6629332.0,,0,0
6387450.0,,0,0
12252424.0,Kepler-113 b,2,2
6432059.0,,0,0
6470149.0,,0,0
10549562.0,,0,0
10874614.0,Kepler-6 b,2,1
6541920.0,Kepler-11 e,2,2
10666230.0,,0,0
10971674.0,,0,0
6891543.0,,0,0
7211141.0,Kepler-827 b,2,2
7363829.0,,1,0
6719086.0,,1,1
7376983.0,Kepler-1987 d,2,2
5084942.0,Kepler-475 b,2,2
11125936.0,,0,0
11026304.0,,1,1
11342550.0,,1,1
11497958.0,Kepler-296 c,2,2
11497958.0,Kepler-296 d,2,2
11512246.0,Kepler-23 d,2,2
6462874.0,,0,0
6665223.0,,0,0
6545358.0,,0,0
6390824.0,,0,0
6546528.0,,0,0
10676923.0,,0,0
10604335.0,Kepler-283 b,2,2
10604335.0,Kepler-283 c,2,2
10864656.0,Kepler-432 b,2,1
10975146.0,Kepler-808 b,2,2
10538176.0,Kepler-284 b,2,2
7376983.0,Kepler-1987 e,2,2
7376983.0,Kepler-1987 c,2,2
7376983.0,Kepler-1987 b,2,2
6946199.0,Kepler-1744 b,2,2
6946199.0,,1,1
11497958.0,Kepler-296 b,2,2
11177707.0,Kepler-841 b,2,2
11611600.0,Kepler-842 b,2,2
11254382.0,Kepler-843 b,2,2
11122894.0,Kepler-297 b,2,2
6677841.0,Kepler-279 c,2,2
6677841.0,Kepler-279 b,2,2
6677841.0,Kepler-279 d,2,1
9970525.0,,0,0
6531491.0,,0,0
6383821.0,Kepler-797 b,2,2
10538176.0,Kepler-284 c,2,2
10724369.0,Kepler-809 b,2,2
6541920.0,Kepler-11 f,2,2
10867062.0,,1,1
10744335.0,Kepler-810 b,2,2
4860678.0,Kepler-1758 b,2,2
5177104.0,Kepler-904 b,2,2
7023960.0,,0,0
10033279.0,,0,0
5009189.0,,0,0
8230616.0,Kepler-316 b,2,2
9836959.0,Kepler-1766 b,2,2
9838949.0,Kepler-935 b,2,2
9895006.0,Kepler-936 b,2,2
9896558.0,Kepler-937 b,2,2
9589323.0,Kepler-861 b,2,2
9823487.0,Kepler-1753 b,2,2
9602514.0,,0,0
9726659.0,Kepler-862 b,2,2
12108312.0,,0,0
5371776.0,Kepler-304 b,2,2
5371776.0,Kepler-304 d,2,2
5371776.0,Kepler-304 c,2,2
9573539.0,Kepler-484 b,2,2
5371776.0,Kepler-304 e,2,2
9886661.0,Kepler-905 b,2,1
5477805.0,,0,2
10055126.0,Kepler-311 b,2,2
10055126.0,Kepler-311 c,2,2
5009743.0,Kepler-906 b,2,2
10015937.0,Kepler-1767 b,2,2
10019065.0,Kepler-938 b,2,2
7950644.0,Kepler-427 b,2,1
10080248.0,Kepler-939 b,2,2
10213902.0,Kepler-940 b,2,2
9842906.0,,0,0
11821363.0,Kepler-1754 b,2,2
7629518.0,Kepler-863 b,2,2
10810838.0,Kepler-482 b,2,2
4828341.0,,0,0
10019763.0,,0,0
9899280.0,,0,0
8046659.0,,1,1
4940438.0,,0,0
5308663.0,,0,0
5474733.0,,0,0
10963065.0,Kepler-408 b,2,2
6268648.0,Kepler-907 b,2,2
10125352.0,,0,0
5357901.0,Kepler-425 b,2,1
4278221.0,Kepler-908 b,2,0
10214162.0,Kepler-941 b,2,2
10905746.0,Kepler-1651 b,2,2
8242434.0,Kepler-942 b,2,2
6185331.0,Kepler-943 b,2,2
11820830.0,,0,0
11774387.0,,0,0
9636135.0,Kepler-864 b,2,2
9636135.0,Kepler-864 c,2,2
7841925.0,Kepler-865 b,2,2
7841925.0,,1,0
7841925.0,Kepler-865 c,2,2
5219234.0,Kepler-305 b,2,2
5219234.0,Kepler-305 c,2,2
5219234.0,Kepler-305 e,2,2
5219234.0,Kepler-305 d,2,2
12504988.0,,0,0
9015738.0,Kepler-909 b,2,2
7215603.0,Kepler-910 b,2,2
4276716.0,,1,1
5561278.0,Kepler-911 b,2,2
7287683.0,,1,1
6387542.0,Kepler-912 b,2,0
8266276.0,,1,1
6869184.0,Kepler-944 b,2,2
8396405.0,,1,1
10799735.0,,0,0
6604328.0,Kepler-945 b,2,2
9719634.0,,0,2
7439316.0,Kepler-866 b,2,2
12061238.0,,0,0
8323753.0,,0,0
12400538.0,Kepler-867 b,2,2
5184584.0,Kepler-891 b,2,2
5636648.0,,0,0
5564247.0,,0,0
5438099.0,Kepler-306 c,2,2
5438099.0,Kepler-306 b,2,2
6543893.0,Kepler-913 b,2,2
6543893.0,Kepler-913 c,2,2
6975129.0,Kepler-312 c,2,2
11391018.0,Kepler-486 b,2,2
8685497.0,Kepler-914 b,2,2
4365645.0,Kepler-1671 b,2,2
7199906.0,,1,0
8197343.0,Kepler-946 b,2,2
7032421.0,,0,1
6786348.0,Kepler-947 b,2,2
6209677.0,Kepler-948 b,2,2
9641018.0,,0,0
9813499.0,Kepler-868 b,2,2
12254792.0,Kepler-869 b,2,2
12020218.0,Kepler-870 b,2,2
7690844.0,Kepler-871 b,2,2
9535080.0,,0,0
5438099.0,Kepler-306 d,2,2
5438099.0,Kepler-306 e,2,2
5210475.0,,0,0
8009350.0,Kepler-892 b,2,2
8082001.0,Kepler-893 b,2,2
9017682.0,,1,2
9277896.0,Kepler-915 b,2,2
9401997.0,Kepler-916 b,2,2
10686864.0,Kepler-917 b,2,2
10749128.0,,1,1
11904734.0,,1,1
8043714.0,,0,0
7918217.0,,0,0
10153011.0,,1,0
9631995.0,Kepler-422 b,2,2
11870545.0,,1,1
7901948.0,Kepler-872 b,2,2
11955499.0,,0,2
6442377.0,Kepler-483 b,2,2
9784222.0,,0,0
5376836.0,,0,0
5557821.0,,0,0
10004519.0,Kepler-894 b,2,2
5031857.0,Kepler-1755 b,2,2
5031857.0,,1,1
10879038.0,Kepler-918 b,2,2
10990917.0,Kepler-919 b,2,2
11043136.0,,0,0
11046025.0,Kepler-1759 b,2,2
5771719.0,,0,0
9729691.0,Kepler-949 b,2,2
9729691.0,Kepler-949 c,2,2
4950232.0,,0,0
10904857.0,Kepler-488 b,2,2
8651389.0,Kepler-1768 b,2,2
9520668.0,,0,2
7871954.0,Kepler-303 b,2,2
7871954.0,Kepler-303 c,2,2
12418724.0,Kepler-873 b,2,2
7456001.0,Kepler-874 b,2,2
10028792.0,Kepler-87 b,2,2
10028792.0,Kepler-87 c,2,1
10028792.0,,1,1
5553652.0,,0,0
5299459.0,Kepler-307 b,2,2
11153121.0,Kepler-313 b,2,2
11153121.0,Kepler-313 c,2,2
11153121.0,,1,1
11177543.0,Kepler-1760 b,2,2
11337141.0,Kepler-1761 b,2,2
6705142.0,,1,1
3967760.0,Kepler-317 b,2,2
3967760.0,Kepler-317 c,2,2
4067336.0,,0,0
5387843.0,,0,0
7549209.0,Kepler-875 b,2,2
7663405.0,Kepler-876 b,2,2
9765975.0,Kepler-877 b,2,2
9818462.0,Kepler-878 b,2,2
6803202.0,Kepler-1711 b,2,2
5299459.0,Kepler-307 c,2,2
9651668.0,Kepler-423 b,2,1
5299459.0,,1,1
12506770.0,Kepler-895 b,2,2
5629985.0,,0,0
9898364.0,,0,0
11337372.0,Kepler-920 b,2,2
11337833.0,Kepler-921 b,2,2
11546211.0,,0,0
11547505.0,Kepler-922 b,2,2
4471747.0,,1,2
11502867.0,Kepler-426 b,2,1
9909735.0,Kepler-318 b,2,2
9909735.0,Kepler-318 c,2,2
11551692.0,Kepler-411 c,2,1
11551692.0,Kepler-411 b,2,2
12266636.0,Kepler-879 b,2,2
9850893.0,,0,0
4826110.0,,0,0
7869917.0,Kepler-880 b,2,2
9824805.0,Kepler-881 b,2,2
5193400.0,,0,0
7939330.0,Kepler-896 c,2,2
7939330.0,Kepler-896 b,2,2
4918309.0,,1,1
12602568.0,Kepler-897 b,2,2
9941066.0,Kepler-898 b,2,2
5972334.0,Kepler-487 b,2,2
4650733.0,Kepler-1762 b,2,2
4830605.0,,1,2
4832197.0,,0,0
4844004.0,,0,0
12120943.0,,1,1
7831264.0,Kepler-116 c,2,2
9761199.0,,0,0
7751571.0,,0,2
9579499.0,,0,0
11913013.0,,0,0
7768451.0,,1,1
7691260.0,Kepler-882 b,2,2
9821454.0,Kepler-59 c,2,2
9821454.0,Kepler-59 b,2,2
11954842.0,Kepler-883 b,2,2
7972785.0,,0,1
5470739.0,Kepler-899 b,2,2
10022908.0,Kepler-900 b,2,2
9932970.0,,1,1
5617854.0,Kepler-901 b,2,2
4932442.0,Kepler-923 b,2,2
4932442.0,,1,1
5183357.0,Kepler-924 b,2,2
5269467.0,Kepler-925 b,2,2
5360920.0,,1,1
7672940.0,,0,0
7838655.0,,0,0
11702948.0,,1,1
9512981.0,,1,1
7770450.0,,0,0
11455491.0,,0,1
11764462.0,Kepler-884 b,2,2
11656246.0,Kepler-885 b,2,2
7808587.0,Kepler-886 b,2,2
4741126.0,Kepler-887 b,2,2
5301750.0,Kepler-84 b,2,2
5301750.0,Kepler-84 c,2,2
5301750.0,Kepler-84 e,2,2
5301750.0,Kepler-84 d,2,2
5301750.0,Kepler-84 f,2,2
5526717.0,Kepler-926 b,2,2
5972334.0,Kepler-487 d,2,2
5526717.0,,1,0
5530882.0,,0,0
5531953.0,,1,2
6034945.0,Kepler-927 b,2,2
9851226.0,,0,0
8692861.0,Kepler-69 b,2,2
7543649.0,,0,0
9480310.0,Kepler-1668 b,2,2
11858748.0,,0,0
4741126.0,Kepler-887 c,2,2
11669125.0,Kepler-888 b,2,2
12159249.0,Kepler-889 b,2,2
9872292.0,,1,2
9963461.0,,0,0
8081482.0,,0,0
5542466.0,,1,2
4178389.0,,1,1
5542466.0,Kepler-1756 b,2,2
5542466.0,,1,1
10028140.0,Kepler-1757 b,2,2
6048024.0,,0,0
6049190.0,Kepler-1764 b,2,2
6149553.0,,0,0
6198999.0,Kepler-928 b,2,2
6310636.0,Kepler-929 b,2,0
6616218.0,Kepler-314 c,2,2
7761545.0,Kepler-857 b,2,2
7499398.0,,1,1
12365184.0,Kepler-419 b,2,2
4770365.0,Kepler-1669 c,2,2
4770365.0,Kepler-1669 b,2,2
4770365.0,Kepler-1669 d,2,2
10748390.0,Kepler-3 b,2,2
11804465.0,Kepler-12 b,2,2
9663113.0,Kepler-458 c,2,2
5649956.0,,0,0
4840513.0,,0,0
5217586.0,,0,0
5289854.0,Kepler-308 b,2,2
5289854.0,Kepler-308 c,2,2
9895709.0,,0,0
10006581.0,Kepler-902 b,2,2
5972334.0,,1,2
6616218.0,Kepler-314 b,2,2
6696462.0,,0,0
7220429.0,Kepler-931 b,2,2
7222086.0,,0,0
12406749.0,Kepler-1752 b,2,2
8692861.0,Kepler-69 c,2,2
7811397.0,,1,1
12403119.0,Kepler-858 b,2,2
9842890.0,,0,0
8113154.0,,0,0
5270698.0,,0,0
5024450.0,,0,0
5282049.0,,0,0
5475431.0,,1,1
10027323.0,Kepler-309 b,2,2
10027323.0,Kepler-309 c,2,2
12019440.0,Kepler-485 b,2,1
5039228.0,,1,1
10004738.0,Kepler-310 c,2,2
10004738.0,Kepler-310 d,2,2
7304449.0,Kepler-1650 b,2,2
7386827.0,Kepler-1765 b,2,2
7522911.0,Kepler-1670 b,2,2
7626370.0,Kepler-932 b,2,2
7703955.0,Kepler-315 b,2,2
7512982.0,Kepler-859 b,2,2
7512982.0,,1,1
9597806.0,Kepler-860 b,2,2
7812167.0,,0,0
11760959.0,,0,0
5283458.0,,1,1
9940565.0,,0,0
8053552.0,,1,0
9663113.0,Kepler-458 b,2,2
8111381.0,,0,0
5444549.0,,0,1
10004738.0,Kepler-310 b,2,2
5474613.0,Kepler-1659 c,2,2
4860932.0,,0,0
5438757.0,Kepler-903 b,2,2
5438757.0,Kepler-903 c,2,2
7750419.0,,1,1
5972334.0,Kepler-487 c,2,2
7815744.0,Kepler-933 b,2,2
7955580.0,Kepler-934 b,2,2
8230616.0,Kepler-316 c,2,2
9692345.0,,0,0
7898352.0,Kepler-302 c,2,2
11402995.0,Kepler-481 b,2,2
7898352.0,Kepler-302 b,2,2
12062667.0,,0,0
7984047.0,,1,1
7951018.0,Kepler-890 b,2,2
9899355.0,,0,0
12644774.0,,0,2
9902856.0,,0,0
7747425.0,Kepler-341 e,2,2
9892816.0,Kepler-342 b,2,2
9892816.0,Kepler-342 d,2,2
9836149.0,Kepler-66 b,2,2
4813563.0,Kepler-1026 b,2,2
2985767.0,Kepler-1063 b,2,2
2304320.0,Kepler-1064 b,2,2
3657758.0,Kepler-1065 b,2,2
9790806.0,Kepler-1066 b,2,2
6382217.0,Kepler-353 c,2,2
5375194.0,Kepler-964 b,2,2
6468138.0,Kepler-965 b,2,2
10019708.0,Kepler-490 b,2,1
11875734.0,Kepler-966 b,2,2
7697568.0,,0,0
7046804.0,Kepler-492 b,2,2
7449136.0,Kepler-1002 b,2,2
8680979.0,Kepler-330 c,2,2
8680979.0,Kepler-330 b,2,2
9030537.0,Kepler-1674 b,2,2
6949061.0,Kepler-343 b,2,2
7269493.0,Kepler-1027 b,2,0
5513648.0,,1,1
9164836.0,,0,0
7887791.0,,1,1
11657891.0,Kepler-1028 b,2,2
6305192.0,Kepler-494 b,2,1
6382217.0,Kepler-353 b,2,2
9634821.0,Kepler-1995 b,2,2
9634821.0,,1,2
8950568.0,Kepler-85 b,2,2
3326377.0,Kepler-967 b,2,2
11601584.0,Kepler-324 c,2,2
11601584.0,Kepler-324 b,2,2
11601584.0,Kepler-324 d,2,2
11601584.0,Kepler-324 e,2,2
8689793.0,Kepler-1003 b,2,2
11673802.0,Kepler-1004 b,2,2
4263293.0,Kepler-331 b,2,2
4263293.0,Kepler-331 c,2,2
4263293.0,Kepler-331 d,2,2
5695524.0,Kepler-1774 b,2,2
6205897.0,Kepler-1029 b,2,2
7948784.0,Kepler-1778 b,2,1
9244756.0,Kepler-1779 b,2,2
9650808.0,Kepler-344 b,2,2
9650808.0,Kepler-344 c,2,2
8950568.0,Kepler-85 c,2,2
8950568.0,Kepler-85 d,2,2
8950568.0,Kepler-85 e,2,2
8804845.0,Kepler-1067 c,2,2
10480915.0,Kepler-1785 b,2,2
11709244.0,Kepler-325 b,2,2
11709244.0,Kepler-325 c,2,2
11709244.0,Kepler-325 d,2,2
10019708.0,,0,2
11853878.0,Kepler-968 b,2,2
5728139.0,Kepler-433 b,2,2
7668663.0,Kepler-1005 b,2,2
7047922.0,Kepler-1006 b,2,2
9353314.0,Kepler-1007 b,2,2
3629967.0,Kepler-1775 b,2,2
9347009.0,Kepler-1030 b,2,2
11253711.0,,1,1
4917596.0,Kepler-1032 b,2,2
4743513.0,,0,0
11046458.0,Kepler-424 b,2,1
9111849.0,,1,0
7132798.0,Kepler-119 b,2,2
3448130.0,Kepler-1786 b,2,2
9656252.0,Kepler-1068 b,2,2
6026438.0,Kepler-354 b,2,2
9471268.0,Kepler-326 c,2,2
9471268.0,Kepler-326 b,2,2
9471268.0,Kepler-326 d,2,2
10657406.0,Kepler-969 b,2,2
5526527.0,Kepler-970 b,2,2
5809954.0,,0,0
8766650.0,Kepler-1008 b,2,2
10328393.0,Kepler-332 b,2,2
11773328.0,,1,1
7094486.0,Kepler-1009 b,2,2
7289577.0,Kepler-1780 b,2,2
8543100.0,Kepler-1033 b,2,2
2693736.0,Kepler-1034 b,2,2
9412760.0,Kepler-345 c,2,2
9412760.0,Kepler-345 b,2,2
6026438.0,Kepler-354 d,2,1
10663396.0,Kepler-1069 b,2,2
11457726.0,Kepler-1070 b,2,1
8956206.0,Kepler-1071 b,2,2
9649706.0,Kepler-1072 b,2,2
5856571.0,Kepler-971 b,2,2
7765528.0,Kepler-972 b,2,2
11760231.0,Kepler-973 b,2,2
7779077.0,Kepler-1770 b,2,2
6046540.0,Kepler-74 b,2,1
5706966.0,Kepler-333 b,2,2
3762468.0,Kepler-493 b,2,1
5706966.0,Kepler-333 c,2,2
10130039.0,Kepler-334 c,2,2
10130039.0,Kepler-334 b,2,2
9518318.0,Kepler-346 b,2,2
9518318.0,Kepler-346 c,2,1
7273277.0,Kepler-1035 b,2,2
11769890.0,Kepler-1036 b,2,2
6862721.0,Kepler-1781 b,2,2
12301181.0,Kepler-1076 b,2,2
9279354.0,Kepler-1788 b,2,2
6774880.0,Kepler-1077 b,2,2
3937519.0,Kepler-495 b,2,1
7449541.0,Kepler-1078 b,2,0
5080636.0,Kepler-974 b,2,2
5080636.0,,1,1
3338885.0,Kepler-975 b,2,2
3338885.0,Kepler-975 c,2,2
6776401.0,Kepler-977 b,2,2
10130039.0,Kepler-334 d,2,1
8226050.0,Kepler-1010 b,2,2
9965957.0,Kepler-1011 b,2,1
9704384.0,Kepler-1012 b,2,2
8426567.0,Kepler-1013 b,2,2
12508335.0,,0,0
10094670.0,Kepler-1677 b,2,2
8142942.0,Kepler-1782 b,2,2
8257205.0,Kepler-1038 b,2,2
9044228.0,Kepler-1039 b,2,2
7265298.0,Kepler-355 c,2,2
7265298.0,Kepler-355 b,2,2
7132798.0,Kepler-119 c,2,2
3248501.0,,1,1
2307415.0,Kepler-356 c,2,2
7430034.0,Kepler-978 b,2,2
9735426.0,Kepler-979 b,2,2
8826168.0,Kepler-980 b,2,2
10464050.0,Kepler-981 b,2,2
9763348.0,Kepler-982 b,2,2
9101496.0,Kepler-335 b,2,2
6037581.0,Kepler-336 d,2,2
10723750.0,Kepler-117 c,2,2
6037581.0,Kepler-336 c,2,2
6037581.0,Kepler-336 b,2,2
10779233.0,Kepler-1040 b,2,2
11614617.0,Kepler-1041 b,2,2
11450414.0,Kepler-347 b,2,2
4736569.0,Kepler-1042 b,2,2
10384798.0,Kepler-1043 b,2,2
2307415.0,Kepler-356 b,2,2
3128552.0,Kepler-1073 b,2,2
10134152.0,Kepler-1787 b,2,2
9573685.0,Kepler-1074 b,2,2
10329835.0,Kepler-1075 b,2,2
6849046.0,Kepler-491 b,2,1
8804397.0,Kepler-983 b,2,2
9662811.0,Kepler-984 b,2,2
11570749.0,,1,1
11297236.0,Kepler-1771 b,2,2
10074466.0,Kepler-1776 b,2,1
8218379.0,Kepler-1014 b,2,2
7755636.0,Kepler-1015 b,2,2
9411166.0,Kepler-1016 b,2,2
9411166.0,,1,0
4989057.0,Kepler-1017 b,2,2
9834040.0,Kepler-1044 b,2,2
6152974.0,Kepler-118 c,2,2
8802693.0,Kepler-1045 b,2,2
6061773.0,Kepler-1783 b,2,2
10024701.0,Kepler-1046 b,2,2
2579043.0,,1,1
3239671.0,Kepler-1678 b,2,2
9304101.0,Kepler-1079 b,2,2
11360571.0,Kepler-1080 b,2,2
6035124.0,Kepler-1081 b,2,2
8160953.0,Kepler-985 b,2,2
8160953.0,,1,1
4157325.0,Kepler-416 b,2,2
4157325.0,Kepler-416 c,2,2
4157325.0,Kepler-416 d,2,2
5108214.0,,0,0
9955598.0,Kepler-409 b,2,2
10723750.0,Kepler-117 b,2,2
7219761.0,,0,0
5770074.0,Kepler-1675 b,2,2
10136549.0,Kepler-337 c,2,2
9851271.0,,0,0
12154526.0,Kepler-1047 b,2,2
6665512.0,Kepler-1048 b,2,2
10525027.0,Kepler-1049 b,2,2
11069176.0,Kepler-1050 b,2,2
10005758.0,Kepler-1662 b,2,2
10158418.0,,1,1
3128793.0,,0,0
5864975.0,Kepler-950 b,2,2
2975770.0,Kepler-951 b,2,2
3648437.0,,1,2
7877496.0,Kepler-412 b,2,1
7286173.0,Kepler-986 b,2,2
11126381.0,Kepler-1673 b,2,2
4149450.0,Kepler-1772 b,2,2
10136549.0,Kepler-337 b,2,2
5511081.0,Kepler-338 b,2,2
5511081.0,Kepler-338 c,2,2
5511081.0,Kepler-338 d,2,2
5511081.0,Kepler-338 e,2,2
10978763.0,Kepler-339 b,2,2
11069176.0,Kepler-1050 c,2,2
8098728.0,,0,0
6152974.0,Kepler-118 b,2,2
2449431.0,,1,2
5631630.0,Kepler-1051 b,2,2
6504954.0,Kepler-952 b,2,2
9410930.0,Kepler-41 b,2,2
5731623.0,,1,1
6153672.0,,0,0
10676014.0,Kepler-954 b,2,2
9520838.0,Kepler-987 b,2,2
8167996.0,Kepler-327 b,2,2
8167996.0,Kepler-327 d,2,2
8167996.0,Kepler-327 c,2,2
6773862.0,Kepler-988 b,2,2
10978763.0,Kepler-339 d,2,2
10602291.0,,1,1
10978763.0,Kepler-339 c,2,2
5202905.0,Kepler-340 c,2,2
9072190.0,Kepler-1018 b,2,2
5384079.0,Kepler-348 b,2,2
9839821.0,Kepler-1052 b,2,2
4056616.0,Kepler-1053 b,2,2
6707908.0,,0,0
8492026.0,Kepler-1054 b,2,2
6867766.0,,0,0
6058614.0,,0,0
11017901.0,Kepler-447 b,2,2
5088591.0,Kepler-955 b,2,2
11298298.0,Kepler-956 b,2,2
10187159.0,Kepler-989 b,2,2
9758089.0,Kepler-1996 c,2,2
10619192.0,Kepler-17 b,2,2
9883311.0,,1,1
4939346.0,Kepler-328 c,2,2
4242147.0,,1,2
5396122.0,,0,0
10190777.0,Kepler-1019 b,2,2
9651234.0,Kepler-1020 b,2,2
7045496.0,Kepler-1021 b,2,2
8750043.0,Kepler-1055 b,2,2
9973109.0,Kepler-1056 b,2,2
6226290.0,Kepler-1057 b,2,2
9595827.0,Kepler-71 b,2,2
9349482.0,Kepler-1058 b,2,2
4349442.0,,1,2
4644952.0,Kepler-319 c,2,2
2987027.0,Kepler-489 b,2,2
4644952.0,Kepler-319 d,2,2
4644952.0,Kepler-319 b,2,2
8978528.0,Kepler-329 c,2,2
8978528.0,Kepler-329 b,2,2
9967771.0,Kepler-990 b,2,2
11622600.0,Kepler-991 b,2,2
10454632.0,Kepler-992 b,2,2
10005788.0,Kepler-1022 b,2,2
10005788.0,,1,0
10656508.0,,1,2
5213902.0,,0,0
2832589.0,Kepler-1978 b,2,2
2438513.0,Kepler-1777 b,2,2
6356207.0,Kepler-1059 b,2,2
8564674.0,Kepler-349 b,2,2
8564674.0,Kepler-349 c,2,2
8578780.0,Kepler-1784 b,2,2
4544907.0,Kepler-1060 b,2,2
7761918.0,Kepler-1769 b,2,2
8240797.0,Kepler-321 c,2,2
8240797.0,Kepler-321 b,2,2
8164262.0,,0,0
6279974.0,,0,0
9455325.0,Kepler-958 b,2,2
3098810.0,Kepler-1773 b,2,2
8367644.0,Kepler-993 b,2,2
10332883.0,Kepler-994 b,2,2
9071386.0,,0,1
9305831.0,Kepler-44 b,2,2
2438513.0,,0,0
11656918.0,Kepler-1023 b,2,2
11656918.0,,1,1
10844890.0,,1,2
9536692.0,,0,0
4636578.0,Kepler-350 c,2,2
4636578.0,Kepler-350 d,2,2
4636578.0,Kepler-350 b,2,2
11923284.0,Kepler-1061 b,2,2
9838975.0,,0,0
5621125.0,Kepler-959 b,2,2
9872283.0,Kepler-960 b,2,2
10666242.0,,0,0
8624520.0,,1,1
7870032.0,Kepler-961 b,2,2
9597058.0,Kepler-962 b,2,2
4035640.0,Kepler-995 b,2,2
6205228.0,Kepler-996 b,2,2
11758544.0,Kepler-997 b,2,2
4851530.0,,1,1
4851530.0,,1,1
3118797.0,Kepler-1024 b,2,2
7747425.0,Kepler-341 c,2,2
6300348.0,,1,1
7747425.0,Kepler-341 d,2,2
7747425.0,Kepler-341 b,2,2
7102316.0,Kepler-351 c,2,2
7102316.0,Kepler-351 b,2,2
9489524.0,Kepler-352 c,2,2
9489524.0,Kepler-352 b,2,1
5940165.0,Kepler-1062 b,2,2
8277797.0,Kepler-322 c,2,2
8277797.0,Kepler-322 b,2,2
5124667.0,Kepler-1672 b,2,2
2989404.0,Kepler-323 c,2,2
2989404.0,Kepler-323 b,2,2
11413812.0,Kepler-998 b,2,2
9549648.0,Kepler-999 b,2,2
10063802.0,Kepler-1000 b,2,2
11074178.0,Kepler-1001 b,2,2
11074178.0,Kepler-1001 c,2,2
11030475.0,,1,1
5942808.0,Kepler-1814 b,2,1
6206214.0,Kepler-1158 b,2,2
8959839.0,Kepler-1159 b,2,2
7672097.0,Kepler-1160 b,2,2
6142862.0,,0,0
5599774.0,Kepler-1195 b,2,2
8099138.0,Kepler-1196 b,2,2
7033233.0,Kepler-1197 b,2,2
7033233.0,,1,0
6383785.0,Kepler-501 c,2,2
9411412.0,Kepler-1096 b,2,2
7008211.0,Kepler-1097 b,2,2
7620413.0,Kepler-1098 b,2,2
4545187.0,Kepler-121 b,2,2
10854546.0,Kepler-1099 b,2,2
11774991.0,Kepler-367 b,2,2
11774991.0,Kepler-367 c,2,2
8261920.0,,1,2
8261920.0,Kepler-1802 c,2,2
8261920.0,Kepler-1802 b,2,2
9112931.0,Kepler-1161 b,2,2
9071593.0,Kepler-1162 b,2,2
8126558.0,Kepler-1815 b,2,2
11811193.0,Kepler-1163 b,2,2
3734418.0,Kepler-1164 b,2,2
8681734.0,Kepler-1198 b,2,2
10232693.0,,0,0
10212441.0,Kepler-1199 b,2,2
6119141.0,,1,2
8247771.0,Kepler-1200 b,2,2
8165946.0,Kepler-1100 b,2,2
12017109.0,Kepler-1679 b,2,2
9225395.0,Kepler-1101 b,2,2
10709622.0,Kepler-1102 b,2,2
11499228.0,Kepler-1103 b,2,2
9022166.0,Kepler-368 b,2,2
10965588.0,Kepler-1132 b,2,2
10670119.0,Kepler-369 c,2,2
10670119.0,Kepler-369 b,2,2
4043443.0,,0,0
8491277.0,Kepler-498 b,2,2
3734418.0,,1,2
8613535.0,Kepler-1165 c,2,2
12256520.0,Kepler-1166 b,2,1
3337432.0,,0,0
5629538.0,Kepler-1201 b,2,2
8561231.0,Kepler-1202 b,2,2
8235924.0,Kepler-1203 b,2,2
6941084.0,Kepler-1204 b,2,2
6200235.0,Kepler-1205 b,2,2
11460462.0,Kepler-1104 b,2,2
8612275.0,Kepler-360 b,2,2
8612275.0,Kepler-360 c,2,2
7207061.0,Kepler-417 c,2,2
4545187.0,Kepler-121 c,2,2
7286911.0,Kepler-1133 b,2,2
8591173.0,Kepler-1804 b,2,2
6962109.0,Kepler-1134 b,2,2
5706595.0,Kepler-370 c,2,2
5706595.0,Kepler-370 b,2,2
10489345.0,Kepler-1167 b,2,2
11774303.0,,0,0
10329469.0,Kepler-1168 b,2,2
9654875.0,,1,0
9717943.0,Kepler-1169 b,2,2
8026752.0,Kepler-502 b,2,2
1872821.0,Kepler-1828 b,2,2
8013439.0,Kepler-381 c,2,2
8013439.0,Kepler-381 b,2,2
8013439.0,Kepler-381 d,2,2
7207061.0,Kepler-417 b,2,2
6921944.0,Kepler-1105 b,2,2
9532052.0,Kepler-67 b,2,2
8164012.0,Kepler-1106 b,2,2
4140813.0,Kepler-1795 b,2,2
8611781.0,Kepler-1135 b,2,2
3097926.0,,1,1
10518424.0,,1,1
5730445.0,,1,1
5601258.0,Kepler-1805 b,2,2
7960980.0,Kepler-1170 b,2,2
8107225.0,Kepler-499 b,2,2
3458028.0,Kepler-1171 b,2,0
3342794.0,Kepler-376 c,2,2
3342794.0,Kepler-376 b,2,2
5716932.0,Kepler-1830 b,2,2
11288051.0,Kepler-124 c,2,2
7515670.0,,0,0
11566256.0,Kepler-1831 b,2,2
8495415.0,Kepler-1208 b,2,2
4055304.0,Kepler-1107 b,2,2
4857213.0,Kepler-1680 b,2,2
9415108.0,Kepler-1108 b,2,2
4262581.0,Kepler-1109 b,2,1
8591693.0,Kepler-1796 b,2,2
4833421.0,Kepler-122 c,2,2
8282651.0,Kepler-1136 b,2,2
3548044.0,Kepler-371 b,2,2
11401767.0,Kepler-372 c,2,2
10909127.0,Kepler-1138 b,2,2
3661886.0,Kepler-377 c,2,2
3661886.0,Kepler-377 b,2,2
2439243.0,Kepler-1172 b,2,2
9221517.0,Kepler-1173 b,2,2
6751874.0,Kepler-1174 b,2,2
10863608.0,Kepler-1210 b,2,2
5602588.0,Kepler-1211 b,2,2
11288051.0,Kepler-124 d,2,2
5602588.0,,1,1
5385304.0,,1,1
5547480.0,,0,0
11462341.0,,1,1
9405595.0,Kepler-1797 b,2,2
3546060.0,Kepler-1110 b,2,2
7019489.0,,0,0
2141783.0,,0,0
4144576.0,Kepler-1139 b,2,2
8494542.0,Kepler-1807 b,2,2
9992325.0,Kepler-1140 b,2,2
11073656.0,,1,2
10206675.0,,0,0
9945370.0,Kepler-1175 b,2,2
3832716.0,,0,0
8453211.0,,0,0
8973129.0,Kepler-1176 b,2,2
12505654.0,Kepler-1829 b,2,2
7215678.0,,1,1
11670125.0,Kepler-1206 b,2,2
11461844.0,Kepler-1207 b,2,2
7449554.0,,1,1
9351920.0,Kepler-1111 b,2,2
2161536.0,Kepler-1798 b,2,2
10549023.0,Kepler-1112 b,2,2
9661979.0,Kepler-1681 b,2,2
8219268.0,Kepler-91 b,2,0
10531955.0,Kepler-1141 b,2,2
4833421.0,Kepler-122 b,2,2
8168187.0,Kepler-1142 b,2,2
4142847.0,Kepler-1143 b,2,2
10203349.0,Kepler-1144 b,2,2
9718066.0,Kepler-378 b,2,2
3440978.0,,1,1
3867615.0,Kepler-379 c,2,2
12121570.0,Kepler-1816 b,2,2
8410415.0,Kepler-1817 b,2,2
7987866.0,Kepler-1832 b,2,2
9532710.0,,1,1
11560897.0,Kepler-430 b,2,2
11342416.0,Kepler-1209 b,2,2
9086251.0,Kepler-1833 b,2,2
4254466.0,Kepler-1113 b,2,2
5801571.0,,0,0
9904006.0,Kepler-361 c,2,2
5288570.0,,0,0
9364609.0,Kepler-1114 b,2,2
7457296.0,Kepler-1145 b,2,2
10328458.0,Kepler-1146 b,2,2
7050060.0,,0,0
4248120.0,Kepler-1808 b,2,2
9580992.0,,1,2
8321314.0,Kepler-1683 b,2,2
6934986.0,,1,2
4049901.0,,1,1
11498128.0,Kepler-1177 b,2,2
8041216.0,Kepler-500 b,2,2
11824786.0,Kepler-1212 b,2,2
12254909.0,Kepler-1213 b,2,2
10798331.0,,1,1
9364290.0,Kepler-382 b,2,2
9364290.0,Kepler-382 c,2,2
5022828.0,Kepler-1115 b,2,2
8233702.0,Kepler-1116 b,2,2
11403339.0,Kepler-1117 b,2,2
8260902.0,Kepler-1118 b,2,2
8381204.0,Kepler-1119 b,2,2
12058204.0,Kepler-373 b,2,2
12058204.0,Kepler-373 c,2,2
4833421.0,Kepler-122 d,2,2
5357545.0,Kepler-1809 b,2,2
6871071.0,Kepler-374 c,2,2
5342473.0,Kepler-1818 b,2,2
9334893.0,,1,1
9963265.0,Kepler-1819 b,2,2
10583761.0,Kepler-1179 b,2,2
7542813.0,Kepler-1180 b,2,2
12058147.0,Kepler-1082 b,2,2
8164257.0,Kepler-357 d,2,2
8164257.0,Kepler-357 b,2,2
8164257.0,Kepler-357 c,2,2
10593759.0,,0,0
6774537.0,Kepler-1120 b,2,2
10404582.0,Kepler-362 c,2,2
5959753.0,Kepler-496 b,2,2
6021193.0,Kepler-363 d,2,2
6021193.0,Kepler-363 c,2,2
6871071.0,Kepler-374 d,2,2
6871071.0,Kepler-374 b,2,2
6287313.0,Kepler-1147 b,2,2
9289704.0,,1,1
9278725.0,Kepler-1148 b,2,2
4458082.0,Kepler-1181 b,2,1
8042453.0,Kepler-1182 b,2,2
10874215.0,Kepler-1820 b,2,2
6666233.0,,0,2
7661065.0,,0,2
3937519.0,Kepler-495 c,2,2
8866137.0,Kepler-1083 b,2,2
10857519.0,Kepler-1084 b,2,2
9517393.0,Kepler-1085 c,2,2
9351316.0,Kepler-1086 b,2,2
6021193.0,Kepler-363 b,2,2
10617017.0,Kepler-1121 b,2,2
3229150.0,Kepler-1979 b,2,2
7989422.0,,0,0
9641481.0,Kepler-1122 b,2,2
8892157.0,Kepler-1149 b,2,2
8892157.0,,1,1
11569782.0,Kepler-1150 b,2,2
4833421.0,Kepler-122 e,2,2
11520459.0,,1,2
7219825.0,Kepler-123 b,2,2
3749978.0,Kepler-1183 b,2,2
10010440.0,Kepler-1184 b,2,2
11718144.0,Kepler-1821 b,2,2
4247991.0,,1,0
4247991.0,,1,0
10026544.0,,1,1
9473078.0,Kepler-1087 b,2,2
10864531.0,Kepler-358 c,2,2
10864531.0,Kepler-358 b,2,2
2853780.0,,1,1
9472000.0,Kepler-1790 b,2,2
10253547.0,Kepler-364 c,2,2
10253547.0,Kepler-364 b,2,2
12505076.0,Kepler-1799 b,2,2
6185476.0,,1,1
12116380.0,Kepler-1123 b,2,2
2556650.0,Kepler-1124 b,2,2
10600955.0,Kepler-1151 b,2,2
10801100.0,,0,0
4473226.0,Kepler-1682 b,2,2
8914779.0,,0,0
2854181.0,Kepler-1810 b,2,2
8963721.0,,0,0
10132832.0,Kepler-1186 b,2,2
3219995.0,Kepler-1187 b,2,2
6062929.0,Kepler-1822 b,2,2
7504778.0,Kepler-1188 b,2,2
7219825.0,Kepler-123 c,2,2
7097965.0,Kepler-1791 b,2,2
4249725.0,Kepler-120 b,2,2
3967326.0,Kepler-1792 b,2,2
6768394.0,Kepler-60 b,2,2
6768394.0,Kepler-60 c,2,2
5211199.0,Kepler-1800 b,2,1
8804455.0,,1,2
8804455.0,,0,2
5546761.0,Kepler-1125 b,2,2
5546761.0,,1,0
9205938.0,Kepler-1126 b,2,2
10723367.0,Kepler-375 c,2,2
10723367.0,Kepler-375 b,2,2
5005121.0,Kepler-1811 b,2,2
4833421.0,Kepler-122 f,2,2
8229458.0,Kepler-1152 b,2,2
10684670.0,Kepler-1189 b,2,2
11495458.0,Kepler-1190 b,2,2
9003401.0,Kepler-1823 b,2,2
5978559.0,Kepler-1824 b,2,2
8872048.0,,1,0
7746958.0,,1,0
6768394.0,Kepler-60 d,2,2
6922710.0,Kepler-1088 b,2,2
11348997.0,Kepler-1089 b,2,2
5705819.0,Kepler-1793 b,2,2
6696580.0,Kepler-359 c,2,2
11358389.0,Kepler-365 b,2,2
7204981.0,Kepler-1127 b,2,2
3847907.0,Kepler-497 b,2,1
4370527.0,Kepler-1128 b,2,2
6041734.0,Kepler-1129 b,2,2
5125347.0,Kepler-1812 b,2,2
9336200.0,Kepler-1153 b,2,2
4770617.0,Kepler-1154 b,2,2
4454934.0,Kepler-1155 b,2,2
9458343.0,Kepler-1156 b,2,2
7120108.0,Kepler-1825 b,2,1
10730703.0,Kepler-1191 b,2,2
8007644.0,Kepler-1192 b,2,2
11192235.0,Kepler-1826 b,2,2
6383785.0,Kepler-501 b,2,2
6696580.0,Kepler-359 b,2,2
6525946.0,,1,1
4249725.0,Kepler-120 c,2,2
8505920.0,Kepler-1090 c,2,2
7918992.0,Kepler-1091 b,2,2
6041734.0,,1,1
11308499.0,Kepler-366 b,2,2
11308499.0,Kepler-366 c,2,2
9006186.0,Kepler-1130 b,2,1
9006186.0,Kepler-1130 c,2,1
7802719.0,Kepler-1157 b,2,2
11030475.0,Kepler-1813 b,2,2
11030475.0,,1,1
11030475.0,,1,1
5023956.0,,0,0
12401863.0,Kepler-1193 b,2,2
5534941.0,Kepler-1827 b,2,2
11121752.0,Kepler-380 b,2,2
11121752.0,Kepler-380 c,2,2
2990873.0,Kepler-1194 b,2,2
9307509.0,Kepler-1794 b,2,2
10158729.0,Kepler-1092 b,2,2
6105462.0,Kepler-1093 b,2,2
3120355.0,Kepler-1094 b,2,2
6047072.0,Kepler-1095 b,2,2
9006186.0,Kepler-1130 d,2,1
9006186.0,,1,1
11410904.0,Kepler-1131 b,2,2
5021737.0,,0,1
3862246.0,,0,0
4173026.0,Kepler-1801 b,2,2
10471621.0,,1,1
10471621.0,,1,1
5350244.0,Kepler-1276 b,2,2
5374403.0,Kepler-1277 b,2,2
10925113.0,,0,0
11769801.0,,0,0
11752906.0,Kepler-2000 c,2,2
1995519.0,Kepler-1299 b,2,2
4914566.0,Kepler-1300 b,2,1
6198182.0,Kepler-1864 b,2,2
10024051.0,Kepler-1228 b,2,2
8676038.0,,0,0
4349452.0,Kepler-25 c,2,1
8676038.0,,0,0
8073806.0,Kepler-1835 b,2,2
10419312.0,,0,0
3234598.0,Kepler-383 b,2,2
10453588.0,Kepler-1253 b,2,2
11125613.0,Kepler-1254 b,2,2
8074328.0,,1,0
7212184.0,Kepler-1255 b,2,2
6956014.0,,0,0
9757613.0,Kepler-26 c,2,2
5307858.0,,0,0
6605493.0,Kepler-1686 b,2,2
4670217.0,,1,1
7259298.0,Kepler-1278 b,2,2
9574179.0,,1,1
6211812.0,Kepler-1865 b,2,2
11391755.0,,1,2
11391755.0,,1,1
9088780.0,,1,0
8894646.0,,1,1
3234598.0,Kepler-383 c,2,2
8611832.0,Kepler-384 b,2,2
8611832.0,Kepler-384 c,2,2
5621586.0,Kepler-1836 b,2,2
9210387.0,Kepler-1837 b,2,2
11852982.0,Kepler-1712 b,2,2
8559152.0,Kepler-1256 b,2,2
2718778.0,Kepler-1844 b,2,2
3122913.0,Kepler-1845 b,2,2
9229657.0,Kepler-1257 b,2,2
10415227.0,,0,2
5175024.0,Kepler-1279 b,2,2
9026749.0,Kepler-1280 b,2,2
12216278.0,,0,0
9159242.0,,0,0
12061096.0,,0,2
5794240.0,Kepler-45 b,2,2
6933567.0,Kepler-1301 b,2,2
9993529.0,,0,0
11303815.0,,0,1
6044553.0,,0,0
9654468.0,Kepler-1684 b,2,2
4349452.0,Kepler-25 b,2,2
10027247.0,Kepler-1229 b,2,2
6343170.0,Kepler-1230 b,2,2
7107802.0,Kepler-1231 b,2,2
11752632.0,Kepler-1258 b,2,0
10028535.0,Kepler-1259 b,2,2
7047207.0,Kepler-1260 b,2,2
5212220.0,,0,0
9964748.0,,0,0
9842937.0,,0,2
9757613.0,Kepler-26 d,2,2
8247770.0,,1,1
6867588.0,,1,1
7501646.0,,1,1
11962284.0,Kepler-1302 b,2,2
2573056.0,,0,0
6842682.0,Kepler-1303 b,2,2
8890150.0,Kepler-395 c,2,2
8890150.0,Kepler-395 b,2,2
8838950.0,,1,1
11360805.0,Kepler-1232 b,2,2
9845898.0,Kepler-1233 b,2,2
12453581.0,Kepler-1234 b,2,2
11922678.0,,0,0
11179076.0,Kepler-1261 b,2,2
5364071.0,Kepler-49 b,2,2
5959719.0,Kepler-390 b,2,2
5544903.0,,0,0
5542983.0,,0,0
8256453.0,,0,0
9474493.0,,0,0
4551663.0,,0,0
12257999.0,,1,1
6922203.0,,1,1
11752908.0,,0,2
7021681.0,Kepler-505 b,2,2
4346178.0,Kepler-1304 b,2,2
9664142.0,Kepler-1305 b,2,2
10018233.0,Kepler-1306 b,2,2
8081899.0,Kepler-1235 b,2,2
10189557.0,,0,0
8478994.0,Kepler-37 d,2,2
9965184.0,,0,2
9911882.0,,0,0
8631504.0,Kepler-1846 b,2,2
8110767.0,Kepler-1685 b,2,2
5471574.0,,0,0
6767840.0,Kepler-1262 b,2,2
8379705.0,Kepler-1847 b,2,2
9896018.0,Kepler-1859 b,2,2
11037511.0,Kepler-1281 b,2,2
9757613.0,Kepler-26 e,2,2
11818872.0,Kepler-1860 b,2,2
11771430.0,Kepler-1861 b,2,2
5513012.0,Kepler-1310 b,2,2
11761199.0,,0,0
8074805.0,,0,0
2437505.0,,1,0
2437505.0,,0,0
11253827.0,Kepler-396 c,2,2
3533469.0,,0,2
8956706.0,,0,2
7047363.0,Kepler-1236 b,2,2
11968463.0,Kepler-385 c,2,2
11968463.0,Kepler-385 b,2,2
8836888.0,,1,1
9880190.0,Kepler-1263 b,2,2
5364071.0,Kepler-49 c,2,2
5392702.0,,0,0
8429566.0,,0,0
10387742.0,Kepler-1998 b,2,1
7673841.0,Kepler-392 b,2,2
9827149.0,Kepler-1282 b,2,2
5546691.0,Kepler-1283 b,2,0
12156347.0,Kepler-1687 b,2,2
8636539.0,,1,1
9283156.0,,1,1
8547429.0,Kepler-1866 b,2,2
8803882.0,,0,1
9893318.0,Kepler-1307 b,2,2
6864885.0,,0,0
5097868.0,,0,0
8570333.0,Kepler-1237 b,2,2
8478994.0,Kepler-37 c,2,2
5036705.0,Kepler-1238 b,2,2
9574158.0,,1,1
9653622.0,Kepler-2002 b,2,2
4391348.0,,0,0
7294743.0,,1,1
8947520.0,Kepler-1264 b,2,2
10468885.0,Kepler-1284 b,2,2
12016267.0,,0,0
6765135.0,,1,1
3861595.0,Kepler-1658 b,2,0
5725087.0,,0,0
10489206.0,Kepler-125 b,2,2
3426367.0,Kepler-1308 b,2,2
5562090.0,Kepler-1309 b,2,2
11548140.0,,0,0
12110786.0,,0,0
5342061.0,,1,2
3654095.0,,0,0
5078939.0,,0,0
6867555.0,Kepler-1239 b,2,1
5339567.0,Kepler-1240 b,2,2
4459924.0,,0,0
11080405.0,Kepler-386 c,2,2
5529738.0,,0,0
4047631.0,,1,1
10059645.0,Kepler-1265 b,2,2
5364071.0,Kepler-49 d,2,2
7183745.0,Kepler-1266 b,2,2
8212002.0,Kepler-1285 b,2,2
8004903.0,Kepler-1286 b,2,2
8883329.0,Kepler-393 b,2,2
8883329.0,Kepler-393 c,2,2
3644653.0,,0,0
11253827.0,Kepler-396 b,2,2
5514383.0,Kepler-506 b,2,2
10747445.0,,0,0
8022489.0,Kepler-1311 d,2,2
8022489.0,Kepler-1311 b,2,2
8022489.0,Kepler-1311 c,2,2
9209624.0,Kepler-387 b,2,2
9209624.0,Kepler-387 c,2,2
3354846.0,Kepler-1241 b,2,2
6516185.0,,1,2
8478994.0,Kepler-37 b,2,1
3946023.0,,0,0
7183745.0,Kepler-1266 c,2,2
9177629.0,Kepler-1848 b,2,2
7778767.0,Kepler-1267 b,2,2
7515762.0,Kepler-1268 b,2,2
5942949.0,Kepler-1849 b,2,2
12120307.0,Kepler-394 b,2,1
12120307.0,Kepler-394 c,2,2
12120307.0,Kepler-394 d,2,2
7446631.0,,1,1
9777251.0,,0,0
6864893.0,,0,0
11701407.0,Kepler-1214 b,2,2
5906426.0,,1,1
11288051.0,Kepler-124 b,2,2
10813132.0,Kepler-1215 b,2,2
5857540.0,Kepler-1242 b,2,2
12208631.0,,1,2
7289317.0,Kepler-1243 b,2,2
6500206.0,,0,0
5545815.0,,0,0
3116302.0,,0,0
7879433.0,Kepler-1850 b,2,2
9205907.0,Kepler-1851 b,2,2
8463346.0,Kepler-436 c,2,2
5364071.0,Kepler-49 e,2,2
10489206.0,Kepler-125 c,2,1
7531677.0,,0,0
10068659.0,Kepler-1287 b,2,2
2443393.0,,1,1
9019191.0,,1,0
9718379.0,,0,0
3002478.0,,1,1
4055774.0,,0,0
6670075.0,,0,0
9395024.0,Kepler-1216 b,2,2
8631751.0,,1,1
11401822.0,,0,0
6507427.0,,0,2
5521300.0,,0,0
8478994.0,Kepler-37 e,2,0
9753154.0,Kepler-1244 b,2,0
9011825.0,Kepler-1269 b,2,2
4172746.0,,1,2
5174858.0,Kepler-1852 b,2,2
11074835.0,Kepler-1270 b,2,2
1996180.0,Kepler-1271 b,2,2
10407221.0,,0,0
5991936.0,,0,0
5095635.0,,1,1
6269070.0,Kepler-1288 b,2,0
6705137.0,,0,0
12254688.0,,1,0
8345172.0,,0,1
4172013.0,,1,1
12254378.0,Kepler-1217 b,2,2
4247791.0,,0,0
7604328.0,Kepler-1245 b,2,2
11236244.0,Kepler-1246 b,2,2
9837685.0,Kepler-1247 b,2,2
5042210.0,Kepler-1838 b,2,2
12454461.0,Kepler-1248 b,2,2
1996180.0,,1,2
9635606.0,Kepler-1853 b,2,2
3728701.0,Kepler-1272 b,2,2
10861715.0,,0,0
1849702.0,Kepler-1854 b,2,2
9390653.0,Kepler-504 b,2,2
2305866.0,,1,1
11187837.0,Kepler-1663 b,2,2
8885673.0,,0,0
9712350.0,,1,1
8025596.0,Kepler-1290 b,2,2
5956787.0,,0,0
3642741.0,Kepler-503 b,0,0
12071037.0,,0,0
8494617.0,Kepler-1218 b,2,2
10289119.0,Kepler-1219 b,2,2
7382313.0,Kepler-1220 b,2,2
9887224.0,,0,0
7542369.0,,0,0
8544992.0,Kepler-388 b,2,2
8544992.0,Kepler-388 c,2,2
11295426.0,Kepler-68 b,2,2
7289162.0,,0,0
3001885.0,,0,1
12306058.0,Kepler-391 b,2,2
6183511.0,Kepler-1855 b,2,2
12469800.0,Kepler-1856 b,2,2
4915638.0,Kepler-1291 b,2,2
6351097.0,,0,0
8081905.0,Kepler-1292 b,2,2
11465950.0,Kepler-1862 b,2,2
9996632.0,,0,0
4665571.0,Kepler-1834 b,2,2
4829935.0,,0,0
9269042.0,Kepler-1221 b,2,2
6199056.0,,0,0
11461433.0,Kepler-1222 b,2,2
11818607.0,Kepler-1839 b,2,1
8380709.0,Kepler-1249 b,2,2
6149910.0,Kepler-1840 b,2,2
9108085.0,,0,0
5436013.0,Kepler-1841 b,2,2
8676148.0,Kepler-1273 b,2,2
9696358.0,Kepler-1274 b,2,2
5039129.0,,0,0
4484336.0,Kepler-1857 b,2,2
9580167.0,,1,1
9757613.0,Kepler-26 b,2,2
10527135.0,,0,1
11752906.0,Kepler-2000 b,2,2
10916600.0,Kepler-1293 b,2,1
8429314.0,Kepler-1294 b,2,2
9153570.0,Kepler-1295 b,2,2
11768142.0,Kepler-1652 b,2,2
7984574.0,,1,2
9592579.0,,0,0
10336951.0,,1,1
8481129.0,Kepler-1223 b,2,2
2142522.0,Kepler-1224 b,2,2
9395719.0,Kepler-1250 b,2,1
8753896.0,Kepler-389 b,2,2
8240617.0,,1,1
8746295.0,,0,2
10090257.0,,0,0
11295426.0,Kepler-68 c,2,2
10679583.0,,0,0
11622985.0,,1,1
11361283.0,,1,1
8757824.0,Kepler-1275 b,2,2
9832208.0,Kepler-1858 b,2,2
6124512.0,Kepler-1296 b,2,2
10070468.0,Kepler-1297 b,2,2
10031656.0,,0,0
7584650.0,Kepler-1863 b,2,1
11337566.0,Kepler-1298 b,2,2
6364215.0,,1,1
10202759.0,,0,0
5007345.0,Kepler-1225 b,2,2
12120484.0,Kepler-1226 b,2,2
6429812.0,Kepler-1227 b,2,1
6846911.0,Kepler-1842 b,2,2
5385439.0,,0,0
5963582.0,Kepler-1843 b,2,2
4476423.0,,0,0
11403389.0,Kepler-1251 b,2,2
9851662.0,Kepler-1252 b,2,2
6467363.0,,1,0
6467363.0,,1,1
8758204.0,Kepler-1881 b,2,2
8733898.0,Kepler-446 b,2,2
8733898.0,Kepler-446 d,2,2
3228945.0,,0,0
7008149.0,,0,0
10332213.0,Kepler-1885 b,2,2
7090524.0,Kepler-1386 b,2,2
11133306.0,Kepler-509 b,2,2
6307063.0,,0,2
5871985.0,Kepler-1318 b,2,2
8292840.0,Kepler-126 d,2,2
9730163.0,Kepler-445 c,2,2
9730163.0,Kepler-445 b,2,2
11453592.0,Kepler-1319 b,2,2
3834322.0,,0,0
10073672.0,,1,2
11188249.0,,0,0
4677282.0,,0,0
5097470.0,,0,0
4858610.0,,0,0
10591855.0,Kepler-1367 b,2,2
4832175.0,,0,0
7749773.0,Kepler-1882 b,2,2
9451706.0,Kepler-127 b,2,2
10064256.0,Kepler-1692 b,2,1
6842807.0,,1,2
4381282.0,,0,0
9815053.0,,1,1
7609553.0,Kepler-1387 b,2,1
10122538.0,Kepler-1388 b,2,2
10122538.0,Kepler-1388 c,2,2
9697131.0,,1,1
5480640.0,Kepler-399 d,2,2
5480640.0,Kepler-399 b,2,2
5480640.0,Kepler-399 c,2,2
5175986.0,Kepler-1320 b,2,2
9008737.0,Kepler-404 b,2,2
9008737.0,Kepler-404 c,2,2
9692128.0,,0,0
10917043.0,,1,1
6521045.0,Kepler-100 b,2,2
8167959.0,,0,0
4075015.0,,0,0
6697605.0,Kepler-1985 b,2,2
6697605.0,,1,1
6294819.0,Kepler-1368 b,2,2
12602314.0,,1,1
5787131.0,,1,2
3230753.0,,0,0
8358012.0,,0,0
4664046.0,,0,0
11401755.0,Kepler-36 c,2,2
4180401.0,,0,2
6350476.0,,0,0
8292840.0,Kepler-126 c,2,2
5272233.0,Kepler-400 b,2,2
5272233.0,Kepler-400 c,2,2
11456382.0,,0,0
3130548.0,,0,0
9593757.0,,0,0
6346809.0,,1,1
4275117.0,,0,0
6545051.0,,0,0
5513866.0,,0,0
4547603.0,,1,1
5688910.0,Kepler-1369 b,2,2
6345732.0,Kepler-1370 b,2,2
5716763.0,,1,1
6345732.0,Kepler-1370 c,2,2
8611257.0,Kepler-1389 b,2,2
3861611.0,,0,2
12416987.0,,1,0
8259713.0,,1,1
10880507.0,Kepler-1390 b,2,2
11098013.0,,1,1
5443604.0,,0,2
12206313.0,Kepler-401 b,2,2
12206313.0,Kepler-401 c,2,2
9837661.0,Kepler-1321 b,2,2
7769819.0,Kepler-1342 b,2,2
11874577.0,Kepler-1875 b,2,2
12164564.0,Kepler-1343 b,2,2
8190354.0,,0,0
3425851.0,,1,1
10397751.0,Kepler-1371 b,2,2
10397751.0,Kepler-1371 c,2,2
10397751.0,,1,2
7815931.0,,0,0
6679295.0,,1,2
9642292.0,Kepler-1392 b,2,2
6356692.0,Kepler-1888 b,2,2
6026737.0,,1,1
4991208.0,Kepler-1393 b,2,2
8243283.0,,0,0
9837661.0,Kepler-1321 c,2,2
9837661.0,Kepler-1321 d,2,2
9092504.0,Kepler-1322 b,2,0
5383248.0,Kepler-96 b,2,2
9092504.0,Kepler-1322 c,2,2
10001368.0,Kepler-1344 b,2,2
9466429.0,Kepler-1345 b,2,2
4365442.0,,0,0
8885643.0,Kepler-1346 b,2,2
5652893.0,Kepler-1347 b,2,2
3241557.0,,0,0
3957082.0,,0,0
8681833.0,Kepler-1372 b,2,2
4138951.0,Kepler-1373 b,2,2
3102384.0,Kepler-454 b,2,2
10471515.0,Kepler-1395 b,2,2
4935172.0,,1,1
8760040.0,Kepler-1396 b,2,2
8760040.0,,1,2
10098844.0,Kepler-1397 b,2,2
9467404.0,Kepler-1323 b,2,2
5308666.0,,0,0
5184911.0,Kepler-1324 b,2,2
8176564.0,,1,2
6587105.0,Kepler-1325 b,2,2
11662184.0,Kepler-1348 b,2,2
11127479.0,Kepler-1349 b,2,2
5428668.0,,0,0
5041569.0,,0,0
10604521.0,,1,1
9899181.0,,0,0
9899181.0,,0,0
8884274.0,Kepler-1374 b,2,2
7767162.0,Kepler-1375 b,2,2
4861791.0,,0,0
4385148.0,,1,2
4385148.0,Kepler-1886 b,2,2
9838468.0,Kepler-1391 b,2,2
6781548.0,,0,0
8617363.0,Kepler-1887 b,2,2
11401755.0,Kepler-36 b,2,2
7673192.0,Kepler-402 c,2,2
7673192.0,Kepler-402 e,2,2
7673192.0,Kepler-402 b,2,2
7673192.0,Kepler-402 d,2,2
11807274.0,Kepler-50 b,2,2
7670943.0,Kepler-1713 b,2,2
6697756.0,Kepler-1351 b,2,0
5649833.0,,0,0
10518399.0,,0,2
5905822.0,Kepler-1876 b,2,2
10793172.0,Kepler-1693 b,2,2
10793172.0,Kepler-1693 c,2,2
7136729.0,,0,0
6364276.0,,0,0
4367854.0,,1,2
5108946.0,,0,0
8801316.0,Kepler-1394 b,2,2
10597693.0,,1,1
7466270.0,,1,2
10876237.0,,0,0
12314973.0,Kepler-450 b,2,2
3346154.0,Kepler-1871 b,2,1
5308387.0,,0,0
6233573.0,,0,0
10363281.0,,0,0
4861527.0,,0,2
5775129.0,Kepler-1691 b,2,2
9898447.0,Kepler-1877 b,2,2
5307568.0,,0,0
11135308.0,Kepler-1352 b,2,2
2985587.0,,1,1
6521045.0,Kepler-100 d,2,1
8077137.0,Kepler-128 b,2,2
7019524.0,Kepler-1376 b,2,2
5106313.0,Kepler-1694 b,2,2
9825174.0,Kepler-1377 b,2,2
5642620.0,,1,1
8429415.0,,0,0
5014903.0,,0,2
5980783.0,Kepler-1889 b,2,2
8873090.0,,1,1
8560804.0,,0,2
12008872.0,Kepler-1327 b,2,2
8415200.0,Kepler-1328 b,2,2
4072333.0,,0,0
9886361.0,Kepler-403 b,2,2
9886361.0,Kepler-403 c,2,1
3730335.0,,0,0
6528464.0,Kepler-449 b,2,2
7428316.0,,0,2
10275766.0,,0,0
10275766.0,,0,0
6370120.0,,0,0
5642620.0,,0,0
5209845.0,Kepler-1378 b,2,2
9652649.0,,0,0
11100670.0,,0,0
6129524.0,Kepler-1379 b,2,1
5794570.0,Kepler-1312 b,2,2
5794570.0,Kepler-1312 c,2,2
5649325.0,,0,0
9958387.0,,1,1
6779260.0,Kepler-1313 b,2,2
11807274.0,Kepler-50 c,2,2
5953297.0,Kepler-1688 b,2,2
7659389.0,Kepler-1872 b,2,2
9472074.0,Kepler-1873 b,2,2
10842192.0,Kepler-1329 b,2,2
2442448.0,Kepler-1354 b,2,2
11197853.0,,1,1
9665922.0,,0,0
11283615.0,Kepler-1355 b,2,2
7605093.0,Kepler-1356 b,2,0
3859363.0,,0,0
8077137.0,Kepler-128 c,2,2
12023078.0,,0,0
6364162.0,,0,0
7463685.0,Kepler-1884 b,2,2
6716021.0,,1,1
11231334.0,,0,0
8326342.0,,1,0
6878240.0,Kepler-397 c,2,2
6878240.0,Kepler-397 b,2,2
2436378.0,,0,0
6614629.0,,0,0
6630943.0,,0,0
4831728.0,Kepler-1330 b,2,2
4831728.0,,1,1
3336765.0,,0,0
4270565.0,,0,2
6528464.0,Kepler-449 c,2,2
11963206.0,Kepler-1357 b,2,2
4249611.0,,1,2
8263545.0,Kepler-1878 b,2,2
10068024.0,,0,0
9636563.0,,0,0
6937402.0,Kepler-1380 b,2,2
5475641.0,,0,0
2853828.0,,0,0
7899070.0,,1,1
4035667.0,,0,0
9612825.0,,0,0
7826659.0,Kepler-1868 b,2,2
7202957.0,Kepler-1869 c,2,2
5513893.0,,0,0
10514430.0,,0,2
8095441.0,Kepler-1332 b,2,2
5881813.0,Kepler-1333 b,2,2
12456601.0,Kepler-1334 b,2,2
10341917.0,,0,0
3241604.0,,0,0
9591070.0,,0,0
8227661.0,,0,0
7428736.0,Kepler-1358 b,2,2
5817986.0,,0,0
11129258.0,Kepler-1381 b,2,2
10586004.0,Kepler-129 b,2,2
4939533.0,,1,1
4846856.0,,1,2
7202957.0,Kepler-1869 b,2,1
6521045.0,Kepler-100 c,2,2
5790807.0,,0,0
8892303.0,Kepler-1314 b,2,1
10265602.0,,1,1
5369827.0,Kepler-1870 b,2,2
5302643.0,,0,0
6586746.0,Kepler-1335 b,2,2
9962455.0,Kepler-1336 b,2,2
9962455.0,Kepler-1336 c,2,2
8687088.0,,0,0
6436029.0,Kepler-1359 b,2,2
6197215.0,Kepler-1879 b,2,2
9451706.0,Kepler-127 d,2,2
9244508.0,Kepler-1360 b,2,2
9692557.0,,0,0
9366886.0,,0,0
3657176.0,,0,2
3969687.0,Kepler-1382 b,2,2
9369366.0,,0,0
6716545.0,Kepler-1383 b,2,2
4552729.0,,1,2
2989706.0,,0,0
5185897.0,Kepler-398 b,2,2
5185897.0,Kepler-398 c,2,2
5185897.0,Kepler-398 d,2,2
3663173.0,,1,1
9881077.0,Kepler-1337 b,2,2
3097346.0,,0,0
5717567.0,,0,0
6265792.0,Kepler-1338 b,2,2
9995402.0,Kepler-1361 b,2,2
9109857.0,,1,1
5609593.0,Kepler-1362 b,2,2
5436338.0,Kepler-1880 b,2,2
11414465.0,Kepler-1363 b,2,2
6716545.0,,1,1
2708885.0,,0,0
6612284.0,,0,0
10586004.0,Kepler-129 c,2,2
4483138.0,Kepler-1384 b,2,2
9475552.0,Kepler-1315 b,2,2
9475552.0,Kepler-1315 c,2,2
8292840.0,Kepler-126 b,2,2
5196864.0,,1,1
11071200.0,,1,1
11071200.0,,1,1
10905911.0,Kepler-1339 b,2,2
3545135.0,Kepler-1689 b,2,1
6964929.0,Kepler-1340 b,2,2
6432345.0,Kepler-1690 b,2,2
8703129.0,,1,1
11565924.0,Kepler-1364 b,2,2
6607357.0,Kepler-1365 b,2,2
6607357.0,Kepler-1365 c,2,2
9451706.0,Kepler-127 c,2,2
6186964.0,Kepler-1366 b,2,2
5471202.0,,0,0
9640439.0,,0,0
9693006.0,Kepler-1385 b,2,1
6837283.0,,1,1
5613821.0,,1,1
6627507.0,,0,0
5128673.0,Kepler-1316 b,2,2
6690836.0,Kepler-1317 b,2,2
8639908.0,,1,1
5481148.0,,0,0
11076400.0,,1,1
7877978.0,Kepler-1874 b,2,2
7903086.0,,0,0
12024120.0,Kepler-507 b,2,2
8210018.0,Kepler-1341 b,2,2
3642289.0,Kepler-135 b,2,2
3642289.0,Kepler-135 c,2,2
3662838.0,Kepler-516 b,2,2
5966322.0,Kepler-517 b,2,2
6029239.0,Kepler-518 b,2,2
12106929.0,,0,0
12107021.0,,0,0
8248939.0,,0,0
12404954.0,Kepler-537 b,2,2
1571511.0,,0,0
2438070.0,,0,0
3747262.0,,0,0
10190075.0,,1,1
9070666.0,Kepler-1408 b,2,2
3642335.0,Kepler-1410 b,2,2
3328052.0,,0,0
10749059.0,,1,1
9119568.0,,0,0
9119568.0,,0,0
9020114.0,Kepler-1901 b,2,2
6196457.0,Kepler-92 b,2,2
7668416.0,,1,1
6029239.0,,1,1
6063220.0,Kepler-99 b,2,2
6071903.0,Kepler-519 b,2,2
6289257.0,Kepler-520 b,2,2
10905239.0,Kepler-101 b,2,1
11623629.0,Kepler-538 b,2,2
3545478.0,,1,0
4815520.0,Kepler-1656 b,2,2
6603043.0,,0,0
7175184.0,Kepler-144 b,2,2
7109851.0,,0,0
11565544.0,,1,1
7347246.0,Kepler-1411 b,2,2
11403530.0,Kepler-1412 b,2,1
5088536.0,Kepler-130 b,2,2
12072872.0,,1,1
6609270.0,Kepler-1902 b,2,2
12406807.0,Kepler-1903 b,2,2
8046689.0,,0,0
5096590.0,Kepler-1424 b,2,2
9650989.0,Kepler-1905 b,2,2
6289257.0,Kepler-520 c,2,2
6291837.0,Kepler-1715 b,2,2
7024222.0,,0,0
7024511.0,,0,0
7050989.0,Kepler-136 b,2,2
7175184.0,Kepler-144 c,2,2
8494142.0,Kepler-145 c,2,2
11554435.0,Kepler-63 b,2,2
8494142.0,Kepler-145 b,2,2
5652983.0,,0,0
6471021.0,Kepler-539 b,2,2
7906671.0,,0,0
8709688.0,Kepler-1893 b,2,2
8241079.0,,1,1
3348285.0,,0,0
11618601.0,Kepler-1894 b,2,2
7582689.0,Kepler-431 d,2,2
7582689.0,Kepler-431 b,2,2
7582689.0,Kepler-431 c,2,2
9959589.0,,0,0
9025922.0,,0,0
6196457.0,Kepler-92 c,2,2
7050989.0,Kepler-136 c,2,2
7419318.0,Kepler-137 c,2,2
7419318.0,Kepler-137 b,2,2
7603200.0,Kepler-138 c,2,2
7603200.0,Kepler-138 d,2,2
10905239.0,Kepler-101 c,2,2
7364176.0,Kepler-1718 b,2,2
8686097.0,Kepler-540 b,2,2
12356617.0,Kepler-1704 b,2,2
12643589.0,,0,0
12643589.0,,0,0
3323887.0,Kepler-9 b,2,1
11618601.0,Kepler-1894 c,2,2
7732285.0,,0,0
9716391.0,Kepler-1413 b,2,2
6929841.0,Kepler-1414 b,2,2
5088536.0,Kepler-130 d,2,2
5124254.0,,0,2
11508644.0,Kepler-1426 b,2,2
12168993.0,,1,1
8895758.0,Kepler-1427 b,2,0
10031500.0,,0,0
7603200.0,Kepler-138 b,2,2
7700622.0,Kepler-1716 b,2,2
8008067.0,Kepler-139 b,2,2
8008067.0,Kepler-139 c,2,2
8008067.0,Kepler-139 d,2,2
3323887.0,Kepler-9 c,2,1
7051180.0,,1,1
3323887.0,Kepler-9 d,2,2
2449074.0,,0,0
2446113.0,,0,0
2446113.0,,1,2
11137180.0,Kepler-1895 b,2,2
9838804.0,,0,0
5903749.0,,1,1
5903749.0,,1,1
5524881.0,,0,2
3756264.0,Kepler-1906 b,2,2
11572193.0,Kepler-1428 b,2,2
11285870.0,Kepler-1429 b,2,1
8581240.0,,1,1
8581240.0,,1,1
6196457.0,Kepler-92 d,2,2
8121310.0,Kepler-521 b,2,2
8156120.0,Kepler-522 b,2,2
8684730.0,,1,1
8700558.0,,0,0
8753657.0,Kepler-406 b,2,2
8554498.0,,1,1
3847708.0,,0,2
3849155.0,,0,0
3858804.0,,0,0
3942670.0,Kepler-147 c,2,2
3942670.0,Kepler-147 b,2,2
6949898.0,,1,1
10585738.0,Kepler-1415 b,2,2
7186665.0,,0,0
2973386.0,,1,2
6388770.0,,0,0
7022573.0,,1,1
7676423.0,Kepler-1430 b,2,2
9288237.0,,1,1
11714231.0,Kepler-1431 b,2,2
11720424.0,Kepler-1432 b,2,1
7837302.0,,0,0
8753657.0,Kepler-406 c,2,2
8948424.0,,0,0
9139084.0,Kepler-523 b,2,2
9641041.0,,0,0
9724984.0,,0,0
2452450.0,,0,1
3230578.0,,0,0
3231137.0,,0,0
3353050.0,Kepler-541 b,2,2
3446746.0,Kepler-542 b,2,2
5695396.0,Kepler-131 b,2,2
5217891.0,,0,0
6593150.0,,1,1
8051946.0,Kepler-1416 b,2,2
5445681.0,Kepler-1417 b,2,2
6523351.0,,1,1
5551672.0,,1,1
11499192.0,Kepler-1433 b,2,2
12416661.0,Kepler-1434 b,2,2
8197793.0,,1,1
8258171.0,,0,2
9880467.0,,0,0
9880467.0,,0,0
9881662.0,Kepler-140 b,2,2
9881662.0,Kepler-140 c,2,2
9895004.0,,0,0
3656121.0,Kepler-146 b,2,2
10620329.0,,0,0
3656121.0,Kepler-146 c,2,2
3733628.0,Kepler-543 b,2,2
3831053.0,Kepler-1719 b,2,2
6357290.0,,1,1
4072955.0,,1,1
8695311.0,,1,2
9834731.0,,1,1
5092266.0,Kepler-1896 b,2,2
4076976.0,,0,0
8751796.0,Kepler-1435 b,2,2
7097534.0,,0,0
9907129.0,Kepler-1436 b,2,2
7609674.0,,1,1
9527334.0,Kepler-461 b,2,2
10031885.0,,0,0
11361646.0,Kepler-524 b,2,2
11361646.0,Kepler-524 c,2,0
10285631.0,Kepler-525 b,2,2
3964109.0,Kepler-544 b,2,2
4159347.0,,0,0
3544595.0,Kepler-93 b,2,2
4165960.0,,0,0
4252322.0,,1,1
4376644.0,,0,1
9301506.0,,0,0
5695396.0,Kepler-131 c,2,2
9714550.0,Kepler-1695 b,2,1
6263593.0,Kepler-1418 b,2,2
5475042.0,,1,0
6964159.0,,0,0
10252275.0,Kepler-1907 c,2,1
10252275.0,Kepler-1907 b,2,2
11455181.0,Kepler-1437 b,2,2
9541295.0,,1,0
10290666.0,Kepler-526 b,2,2
10337258.0,Kepler-527 b,2,2
10383687.0,,0,0
10470206.0,,0,0
10518725.0,,0,1
12314973.0,Kepler-450 c,2,2
5450893.0,Kepler-1890 b,2,2
4770174.0,,1,1
8949925.0,,1,2
5091016.0,,0,2
9959492.0,,1,1
8827575.0,,1,2
8827575.0,Kepler-1992 b,2,2
2716801.0,Kepler-1419 b,2,2
7281454.0,,0,0
7216284.0,Kepler-1420 b,2,2
8703887.0,,0,0
9899352.0,,0,0
6945786.0,Kepler-1909 b,2,2
5978170.0,Kepler-1910 b,2,2
5440317.0,Kepler-1438 b,2,2
10545066.0,Kepler-528 b,2,2
6056992.0,,0,0
10552611.0,Kepler-141 c,2,2
10552611.0,Kepler-141 b,2,2
10587105.0,Kepler-529 b,2,0
10587105.0,Kepler-529 c,2,2
6948480.0,,0,0
6438099.0,,1,1
11090556.0,Kepler-1398 b,2,2
11090556.0,Kepler-1398 c,2,2
10686814.0,,0,0
3234843.0,Kepler-405 c,2,2
6021275.0,Kepler-132 d,2,2
3234843.0,Kepler-405 b,2,2
8192911.0,,0,0
10554967.0,,0,0
3752110.0,,1,2
5688790.0,Kepler-1439 b,2,2
1717722.0,Kepler-1977 b,2,2
1717722.0,,1,0
10908248.0,Kepler-1440 b,2,2
10616571.0,,0,0
10878263.0,Kepler-414 c,2,2
10878263.0,Kepler-414 b,2,2
10982872.0,Kepler-142 c,2,2
10982872.0,Kepler-142 b,2,2
2720514.0,,0,0
4141376.0,Kepler-1655 b,2,2
9468551.0,Kepler-1399 b,2,2
9076971.0,Kepler-1400 b,2,2
8360640.0,Kepler-1891 b,2,2
11019987.0,Kepler-1421 b,2,2
4857058.0,Kepler-1983 b,2,2
10924562.0,Kepler-1422 b,2,2
9899505.0,,0,0
5040077.0,,1,1
7534267.0,Kepler-1441 b,2,2
9592705.0,Kepler-1714 b,2,2
10611420.0,,0,0
10386922.0,Kepler-511 c,2,2
10386922.0,Kepler-511 b,2,2
10982872.0,Kepler-142 d,2,2
3558981.0,,0,0
11015108.0,Kepler-530 b,2,2
11074541.0,Kepler-531 b,2,2
11100383.0,Kepler-532 b,2,2
7918652.0,,1,1
8847111.0,,0,0
4568298.0,,0,0
9230021.0,,1,1
4374339.0,,0,0
6636320.0,Kepler-1892 b,2,2
4067925.0,Kepler-1897 b,2,2
4847782.0,,0,0
6021275.0,Kepler-132 c,2,2
10350571.0,,0,0
3230805.0,,1,1
4676964.0,,1,2
10488450.0,,0,0
10933561.0,Kepler-133 c,2,2
10933561.0,Kepler-133 b,2,2
4770617.0,,1,1
8845026.0,,0,0
11075737.0,Kepler-97 b,2,2
11189127.0,,0,0
11194032.0,Kepler-533 b,2,2
11394027.0,Kepler-1664 b,2,2
7609553.0,,1,1
11395587.0,,1,2
11442793.0,Kepler-90 h,2,2
5520547.0,Kepler-1401 b,2,2
4848424.0,,0,0
8866102.0,Kepler-410 A b,2,2
4143755.0,Kepler-510 b,2,2
8509442.0,,1,2
11244137.0,Kepler-1402 b,2,2
6072593.0,,0,2
5865654.0,Kepler-1423 b,2,2
3219643.0,,1,1
8546542.0,,1,1
8197560.0,,0,0
11200415.0,,0,0
8613535.0,,1,1
11259686.0,Kepler-512 b,2,2
11547513.0,Kepler-134 b,2,2
11547513.0,Kepler-134 c,2,1
11802615.0,Kepler-513 b,2,2
11442793.0,Kepler-90 g,2,2
10122538.0,,1,2
11442793.0,Kepler-90 d,2,2
2445975.0,,0,1
11521793.0,Kepler-143 c,2,2
11566064.0,,1,1
11566064.0,Kepler-1717 b,2,2
6531496.0,,0,0
3848275.0,Kepler-1403 b,2,2
12021625.0,Kepler-1404 b,2,2
9777256.0,,0,0
4175630.0,Kepler-1405 b,2,2
7433585.0,,0,0
6665223.0,,0,0
3328080.0,Kepler-1898 b,2,1
8430964.0,Kepler-1900 b,2,2
3654719.0,,0,1
6021275.0,Kepler-132 b,2,2
10619142.0,,0,0
12256520.0,,1,2
11905011.0,Kepler-514 b,2,2
12785320.0,Kepler-515 b,2,2
12785320.0,,1,1
2692377.0,Kepler-98 b,2,2
3742855.0,,0,0
3438975.0,,0,0
11568987.0,Kepler-534 b,2,2
11568987.0,Kepler-534 c,2,1
11621223.0,Kepler-535 b,2,2
11624249.0,Kepler-536 b,2,0
12017140.0,,0,0
10000941.0,,1,1
5702939.0,,0,1
3852655.0,Kepler-1406 b,2,2
11255231.0,,0,1
5088536.0,Kepler-130 c,2,2
6103377.0,Kepler-1407 b,2,2
6677841.0,Kepler-279 e,2,2
7106173.0,,1,1
7106173.0,,1,1
7106173.0,,1,1
3324986.0,,0,0
11912932.0,,0,2
8037145.0,Kepler-176 d,2,2
8162789.0,Kepler-1989 b,2,2
8265218.0,,1,1
8806123.0,Kepler-177 c,2,2
8806123.0,Kepler-177 b,2,2
10098844.0,,0,1
8355239.0,Kepler-189 b,2,2
9210823.0,,0,0
8367113.0,Kepler-606 b,2,2
8474898.0,,0,1
8558011.0,Kepler-607 c,2,2
7429287.0,,0,0
9115800.0,Kepler-548 b,2,1
9214713.0,,1,1
9478990.0,Kepler-39 b,2,2
9597411.0,,0,0
6850504.0,Kepler-20 e,2,2
8609450.0,,0,0
10934674.0,Kepler-567 b,2,2
10990886.0,Kepler-568 b,2,2
11015323.0,Kepler-569 b,2,2
11134879.0,Kepler-570 b,2,2
11192998.0,Kepler-166 b,2,2
9334893.0,,1,1
8934495.0,Kepler-1721 b,2,2
9119458.0,,1,1
5866724.0,Kepler-65 c,2,2
9157634.0,Kepler-586 b,2,1
9636569.0,,0,2
12406807.0,,1,1
8565266.0,Kepler-608 b,2,2
8616637.0,Kepler-190 b,2,2
8616637.0,Kepler-190 c,2,2
8625925.0,Kepler-609 b,2,2
8822216.0,Kepler-610 b,2,2
4548011.0,,1,1
9967884.0,,0,0
10016874.0,,1,1
10189546.0,Kepler-549 d,2,2
10189546.0,Kepler-549 b,2,2
10189546.0,Kepler-549 c,2,2
10748393.0,,0,0
11192998.0,Kepler-166 d,2,2
11192998.0,Kepler-166 c,2,2
8823868.0,,0,0
11255761.0,,0,0
11497977.0,Kepler-571 b,2,2
7021681.0,,0,0
9941859.0,Kepler-178 b,2,2
9941859.0,Kepler-178 d,2,2
9941859.0,Kepler-178 c,2,2
10068030.0,,0,0
10266615.0,Kepler-587 b,2,2
6444896.0,Kepler-1649 c,2,2
10395543.0,,1,1
8822216.0,Kepler-610 c,2,2
9020160.0,Kepler-191 d,2,2
7941200.0,Kepler-1709 b,2,2
9020160.0,Kepler-191 c,2,2
7429287.0,,1,1
9020160.0,Kepler-191 b,2,2
10418224.0,Kepler-40 b,2,2
10616679.0,Kepler-550 b,2,2
10717241.0,Kepler-551 b,2,2
10717241.0,,1,1
7303287.0,Kepler-289 e,2,2
10843590.0,Kepler-153 b,2,2
6850504.0,Kepler-20 f,2,2
12061222.0,Kepler-572 b,2,2
12316431.0,,0,0
12404305.0,Kepler-573 b,2,2
10212441.0,,0,0
12834874.0,Kepler-574 b,2,2
2557816.0,Kepler-575 b,2,2
10454313.0,Kepler-588 b,2,2
10513530.0,Kepler-589 b,2,2
5866724.0,Kepler-65 b,2,2
8121310.0,,1,1
10513530.0,Kepler-589 c,2,2
10554999.0,Kepler-179 c,2,2
9076513.0,Kepler-611 b,2,2
9146018.0,Kepler-192 b,2,2
9146018.0,Kepler-192 c,2,2
9146018.0,Kepler-192 d,2,2
9279669.0,Kepler-612 b,2,2
10843590.0,Kepler-153 c,2,2
10858832.0,Kepler-552 b,2,2
10937029.0,Kepler-553 b,2,2
11599038.0,,0,1
10937029.0,Kepler-553 c,2,2
11656302.0,,0,0
2576197.0,,0,0
2576197.0,,0,0
3239945.0,Kepler-167 b,2,2
10387742.0,,0,0
10187017.0,Kepler-102 e,2,2
3239945.0,Kepler-167 e,2,2
10554999.0,Kepler-179 b,2,2
10873260.0,Kepler-590 b,2,2
10965008.0,Kepler-591 b,2,2
10467815.0,,0,0
11073351.0,Kepler-592 b,2,2
11090765.0,Kepler-593 b,2,2
11246364.0,,0,0
9570741.0,Kepler-613 b,2,2
9607164.0,Kepler-614 b,2,2
9631762.0,Kepler-615 b,2,2
6462863.0,Kepler-89 d,2,1
9782691.0,Kepler-193 b,2,2
11709124.0,Kepler-154 d,2,2
11709124.0,,1,1
11805075.0,,1,1
11599038.0,,0,2
11824222.0,,1,0
12302530.0,Kepler-155 b,2,2
11904151.0,Kepler-10 b,2,2
3239945.0,Kepler-167 c,2,2
3239945.0,Kepler-167 d,2,2
3541800.0,,0,0
3559935.0,Kepler-576 b,2,2
3834360.0,,0,0
3966801.0,Kepler-577 b,2,2
11521048.0,,0,0
11656721.0,Kepler-594 b,2,2
11853905.0,Kepler-4 b,2,2
5866724.0,Kepler-65 d,2,2
11669239.0,Kepler-180 c,2,2
11669239.0,Kepler-180 b,2,2
10600261.0,Kepler-194 d,2,2
10656823.0,Kepler-195 b,2,2
10656823.0,Kepler-195 c,2,1
10676824.0,Kepler-1724 b,2,2
10718726.0,Kepler-618 b,2,2
12302530.0,Kepler-155 c,2,2
12470954.0,Kepler-554 b,2,2
6268648.0,,1,1
2438264.0,Kepler-156 c,2,2
2438264.0,Kepler-156 b,2,2
3340312.0,,0,0
4049108.0,,0,0
4454752.0,Kepler-578 b,2,2
8212002.0,,1,1
4757437.0,Kepler-168 c,2,2
10187017.0,Kepler-102 d,2,2
4757437.0,Kepler-168 b,2,2
11823054.0,Kepler-181 c,2,2
11823054.0,Kepler-181 b,2,2
7017274.0,,1,1
11913012.0,,0,0
11972666.0,,0,0
12058931.0,Kepler-182 c,2,2
9782691.0,Kepler-193 c,2,2
9886221.0,,0,0
12366084.0,,1,1
9957627.0,Kepler-1723 b,2,2
9958962.0,Kepler-616 b,2,2
9958962.0,Kepler-616 c,2,2
3745690.0,Kepler-157 c,2,2
3745690.0,Kepler-157 b,2,2
9872283.0,,1,1
3745690.0,Kepler-157 d,2,2
3833007.0,Kepler-555 b,2,2
3847138.0,Kepler-556 b,2,2
4833135.0,,0,0
4847534.0,Kepler-579 b,2,2
4852528.0,Kepler-80 b,2,2
4852528.0,Kepler-80 c,2,2
4852528.0,Kepler-80 d,2,2
4852528.0,Kepler-80 e,2,2
12058931.0,Kepler-182 b,2,2
12116489.0,Kepler-595 b,2,2
12600735.0,Kepler-596 b,2,2
10593626.0,Kepler-22 b,2,2
3437776.0,,0,0
9958962.0,Kepler-616 d,2,2
10294465.0,,0,0
10388286.0,Kepler-617 b,2,2
10600261.0,Kepler-194 c,2,2
6462863.0,Kepler-89 c,2,2
10600261.0,Kepler-194 b,2,2
11904151.0,Kepler-10 c,2,2
4384675.0,,0,0
4633570.0,Kepler-158 b,2,2
4633570.0,Kepler-158 c,2,2
5021176.0,,0,0
5640085.0,Kepler-159 b,2,2
5640085.0,Kepler-159 c,2,2
4852528.0,Kepler-80 f,2,2
4951877.0,,1,2
5282051.0,,0,0
10187017.0,Kepler-102 f,2,2
5340644.0,Kepler-580 b,2,2
3437776.0,,0,0
4165473.0,Kepler-597 b,2,2
4270253.0,Kepler-183 c,2,2
5544450.0,,1,1
4270253.0,Kepler-183 b,2,2
5122112.0,,0,0
10973664.0,Kepler-619 b,2,2
10973664.0,Kepler-619 d,2,2
10973664.0,Kepler-619 c,2,2
9141746.0,Kepler-730 c,2,2
12459913.0,Kepler-620 b,2,2
6462863.0,Kepler-89 e,2,2
5779852.0,,0,0
6042214.0,,0,0
6200715.0,,0,0
8226050.0,,1,2
6291033.0,Kepler-557 b,2,2
6889235.0,,0,0
6758917.0,,0,0
5461440.0,Kepler-581 b,2,2
5689351.0,Kepler-169 e,2,2
6779260.0,,1,1
5689351.0,Kepler-169 c,2,2
5689351.0,Kepler-169 b,2,2
5689351.0,Kepler-169 d,2,2
5303551.0,,0,0
5443837.0,,1,1
7692093.0,,0,1
5709725.0,Kepler-598 b,2,2
5709725.0,Kepler-598 c,2,2
7700871.0,,0,0
9946525.0,Kepler-148 d,2,2
9946525.0,Kepler-148 c,2,2
2716853.0,,0,0
9946525.0,Kepler-148 b,2,2
7289157.0,,0,0
2695110.0,,0,0
7098355.0,Kepler-558 b,2,2
7101828.0,,0,0
2832589.0,,1,1
7269974.0,Kepler-160 c,2,2
7269974.0,Kepler-160 b,2,2
7440748.0,Kepler-161 b,2,2
5689351.0,Kepler-169 f,2,2
5780715.0,,0,0
10793172.0,,1,1
5812960.0,Kepler-582 b,2,2
6266741.0,Kepler-170 b,2,2
10187017.0,Kepler-102 c,2,2
5738496.0,,0,0
5774349.0,Kepler-599 b,2,2
10285631.0,,1,1
5978361.0,Kepler-1722 b,2,2
6422367.0,,0,2
6501635.0,Kepler-600 b,2,2
3217264.0,Kepler-149 b,2,2
3217264.0,Kepler-149 d,2,2
8554498.0,,0,0
6850504.0,Kepler-20 c,2,2
3217264.0,Kepler-149 c,2,2
3342592.0,,0,0
7440748.0,Kepler-161 c,2,2
7504328.0,,1,0
8219268.0,,0,1
7977197.0,Kepler-162 c,2,2
7977197.0,Kepler-162 b,2,2
7199397.0,,1,1
6266741.0,Kepler-170 c,2,2
6381846.0,Kepler-171 b,2,2
4367854.0,,0,0
6381846.0,Kepler-171 c,2,2
6381846.0,Kepler-171 d,2,2
6422155.0,Kepler-172 b,2,2
6665695.0,Kepler-601 b,2,2
6707833.0,Kepler-602 b,2,2
9785921.0,,0,2
6786037.0,Kepler-603 b,2,2
6786037.0,Kepler-603 c,2,2
6786037.0,Kepler-603 d,2,2
4247092.0,,0,0
4949751.0,,0,0
10157458.0,,1,1
5003117.0,,0,0
5035972.0,,0,0
5218441.0,,0,0
5351250.0,Kepler-150 c,2,2
8043638.0,Kepler-559 b,2,2
8261920.0,,1,1
8621348.0,,0,0
8773869.0,,0,0
8845205.0,Kepler-560 b,2,2
8890783.0,Kepler-561 b,2,2
8890783.0,Kepler-561 c,2,2
6716545.0,,1,1
6422155.0,Kepler-172 c,2,2
6422155.0,Kepler-172 d,2,2
6422155.0,Kepler-172 e,2,2
6451936.0,Kepler-173 c,2,2
6451936.0,Kepler-173 b,2,2
1723078.0,,1,0
8056665.0,Kepler-462 b,2,2
7025846.0,,0,0
7119481.0,Kepler-604 b,2,2
7445445.0,Kepler-184 b,2,2
7445445.0,Kepler-184 c,2,2
8397947.0,,0,2
5351250.0,Kepler-150 d,2,2
5351250.0,Kepler-150 e,2,2
6850504.0,Kepler-20 b,2,2
5351250.0,Kepler-150 b,2,2
5444548.0,Kepler-545 b,2,2
10187017.0,,0,0
8891318.0,,0,0
9008220.0,,1,1
9583881.0,Kepler-562 b,2,2
9589524.0,Kepler-563 b,2,2
9955262.0,,1,1
8019043.0,,0,0
11775507.0,,0,0
10187017.0,Kepler-102 b,2,2
6838050.0,Kepler-583 b,2,2
6937692.0,Kepler-584 b,2,2
7602070.0,,0,0
7812179.0,,0,0
1868404.0,,0,0
7445445.0,Kepler-184 d,2,2
7595157.0,Kepler-605 b,2,2
7595157.0,Kepler-605 c,2,2
8008206.0,Kepler-185 c,2,2
8008206.0,Kepler-185 b,2,2
7906892.0,,1,1
5449777.0,,0,0
5478055.0,,0,0
5683743.0,Kepler-546 b,2,2
5791986.0,Kepler-151 b,2,2
5791986.0,Kepler-151 c,2,2
8320630.0,,1,1
9703198.0,,1,1
9844088.0,Kepler-564 b,2,2
10019643.0,Kepler-163 c,2,2
10019643.0,Kepler-163 b,2,2
10123064.0,Kepler-565 b,2,2
5653126.0,,0,0
7840044.0,,0,2
8015907.0,Kepler-585 b,2,2
8017703.0,Kepler-174 b,2,2
8017703.0,Kepler-174 c,2,2
8017703.0,Kepler-174 d,2,2
1995712.0,,0,0
8106610.0,,0,0
8056665.0,Kepler-462 c,2,2
8120608.0,Kepler-186 c,2,2
8120608.0,Kepler-186 d,2,2
8120608.0,Kepler-186 b,2,2
8120608.0,Kepler-186 e,2,2
5872150.0,,0,0
5872150.0,,0,2
6289650.0,,1,1
6850504.0,Kepler-20 d,2,2
6508221.0,Kepler-152 b,2,2
11135694.0,,1,1
10155434.0,Kepler-1720 b,2,2
10460984.0,Kepler-164 c,2,2
10460984.0,Kepler-164 d,2,2
10460984.0,Kepler-164 e,2,2
10460984.0,Kepler-164 b,2,2
6436505.0,,0,1
8022244.0,Kepler-175 b,2,2
2571238.0,Kepler-19 b,2,2
8022244.0,Kepler-175 c,2,2
8037145.0,Kepler-176 c,2,2
8037145.0,Kepler-176 b,2,2
2140389.0,,0,0
8193178.0,Kepler-187 c,2,2
8193178.0,Kepler-187 b,2,2
8344004.0,Kepler-188 c,2,2
8344004.0,Kepler-188 b,2,2
8355239.0,Kepler-189 c,2,2
8216763.0,,1,1
6508221.0,Kepler-152 c,2,2
6879865.0,,1,1
7975727.0,,0,2
8219673.0,,0,0
8352537.0,Kepler-547 b,2,2
3758499.0,,1,1
3248033.0,,0,0
9552608.0,,1,1
10577994.0,Kepler-165 b,2,2
10577994.0,Kepler-165 c,2,2
10599206.0,Kepler-566 b,2,2
6768616.0,,0,0
10068383.0,,0,0
10157573.0,,0,0
10191070.0,,0,0
10221013.0,,1,1
10225800.0,,0,0
2299738.0,,1,1
10227020.0,Kepler-223 d,2,2
4563268.0,Kepler-625 c,2,2
4644604.0,Kepler-626 b,2,2
4656049.0,Kepler-627 b,2,2
4659405.0,,0,2
7941635.0,,0,0
4742414.0,Kepler-628 b,2,1
7619236.0,,1,1
7630229.0,,1,1
7730747.0,,1,1
7764367.0,Kepler-644 b,2,2
9024857.0,,0,0
7906882.0,,1,1
7976520.0,,1,1
10227020.0,Kepler-223 c,2,2
10227020.0,Kepler-223 e,2,2
6678383.0,Kepler-104 d,2,2
2302997.0,,1,1
10227020.0,Kepler-223 b,2,2
10259031.0,,0,0
8505215.0,,1,1
4827723.0,Kepler-629 b,2,2
4841374.0,Kepler-630 b,2,2
4861736.0,,0,0
5020319.0,Kepler-1725 b,2,2
5090690.0,,0,0
8161561.0,Kepler-645 b,2,2
8361905.0,Kepler-646 b,2,2
12116489.0,Kepler-595 c,2,2
8409588.0,,0,0
11250587.0,Kepler-464 b,2,2
8480285.0,Kepler-647 c,2,2
8480285.0,Kepler-647 b,2,2
10265898.0,Kepler-656 b,2,2
10265898.0,,1,1
2302758.0,,0,0
10265898.0,Kepler-656 c,2,2
10271806.0,Kepler-224 c,2,2
10271806.0,Kepler-224 d,2,2
5098444.0,,0,0
5113822.0,Kepler-199 b,2,2
5113822.0,Kepler-199 c,2,2
5120087.0,Kepler-631 b,2,2
5121511.0,Kepler-632 b,2,2
8557374.0,Kepler-213 b,2,2
8557374.0,Kepler-213 c,2,2
12600735.0,,1,1
8738735.0,Kepler-214 c,2,2
8738735.0,Kepler-214 b,2,2
8802165.0,Kepler-648 b,2,2
10271806.0,Kepler-224 b,2,2
10271806.0,Kepler-224 e,2,2
5351250.0,,0,0
10272442.0,Kepler-657 b,2,2
10984090.0,Kepler-466 b,2,2
10272442.0,,1,1
4055765.0,,1,1
5131180.0,,1,1
5181817.0,,0,2
5309353.0,,0,0
5356593.0,,0,0
8805348.0,Kepler-649 b,2,2
8869680.0,,0,2
10843431.0,,1,1
8878187.0,Kepler-650 b,2,2
4914423.0,Kepler-103 b,2,2
8891278.0,,0,0
10287242.0,,1,1
10340423.0,Kepler-225 c,2,2
10340423.0,Kepler-225 b,2,2
10345478.0,,0,0
10358759.0,Kepler-29 b,2,2
5374854.0,Kepler-633 b,2,2
5374854.0,Kepler-633 c,2,2
5384802.0,,0,0
5531694.0,Kepler-634 b,2,2
5596440.0,,1,1
8908102.0,,0,0
8962094.0,Kepler-215 d,2,2
8962094.0,Kepler-215 b,2,2
8962094.0,Kepler-215 c,2,2
8962094.0,Kepler-215 e,2,2
10358759.0,Kepler-29 c,2,2
10386984.0,Kepler-658 b,2,2
9588822.0,,1,1
10395381.0,Kepler-659 b,2,2
10418797.0,,0,0
5613330.0,Kepler-635 b,2,2
8456679.0,Kepler-1990 b,2,2
5786676.0,Kepler-1665 b,2,2
5796186.0,,0,0
5796675.0,Kepler-636 b,2,2
9002278.0,Kepler-62 d,2,2
12306808.0,,0,0
9002278.0,Kepler-62 b,2,2
9002278.0,Kepler-62 e,2,2
9053112.0,,0,0
4914423.0,Kepler-103 c,2,2
9162741.0,,0,0
5893123.0,,0,0
5941160.0,Kepler-200 b,2,2
5941160.0,Kepler-200 c,2,2
5966154.0,Kepler-201 b,2,2
5966154.0,Kepler-201 c,2,2
3749508.0,,0,0
9266431.0,Kepler-1726 b,2,2
9300285.0,,0,0
9426071.0,,0,0
9458613.0,Kepler-33 d,2,2
9458613.0,Kepler-33 f,2,2
10729472.0,,0,0
5966660.0,,0,0
6020753.0,Kepler-202 b,2,2
8456679.0,Kepler-1990 c,2,2
6020753.0,Kepler-202 c,2,2
6062088.0,Kepler-203 b,2,2
9458613.0,Kepler-33 e,2,2
9458613.0,Kepler-33 c,2,2
9458613.0,Kepler-33 b,2,2
9530945.0,Kepler-216 c,2,2
10610039.0,,1,1
4752451.0,,0,0
6062088.0,Kepler-203 c,2,2
6062088.0,Kepler-203 d,2,2
6125481.0,Kepler-637 b,2,2
6267535.0,Kepler-638 b,2,2
1025986.0,,1,1
6347299.0,Kepler-204 b,2,2
9530945.0,Kepler-216 b,2,2
9578686.0,Kepler-651 b,2,2
9590976.0,Kepler-217 b,2,2
9590976.0,Kepler-217 c,2,2
11284772.0,,1,1
9590976.0,Kepler-217 d,2,2
2441151.0,,0,0
3970233.0,,0,0
4832837.0,Kepler-621 b,2,2
4832837.0,,1,1
5014753.0,,0,1
5441980.0,,1,1
6347299.0,Kepler-204 c,2,2
6365156.0,Kepler-639 b,2,2
6425957.0,Kepler-205 b,2,2
1293046.0,,0,1
2444412.0,Kepler-1710 b,2,2
6425957.0,Kepler-205 c,2,2
9597345.0,Kepler-218 c,2,2
9597345.0,Kepler-218 b,2,2
9597345.0,Kepler-218 d,2,2
10972902.0,,1,1
9640976.0,,0,0
9640985.0,,0,0
5562784.0,,0,0
5608566.0,,0,1
5686174.0,Kepler-622 b,2,2
6309763.0,,1,1
5903312.0,,0,0
6462863.0,Kepler-89 b,2,2
6442340.0,Kepler-206 c,2,2
6442340.0,Kepler-206 b,2,2
1434395.0,,0,0
6442340.0,Kepler-206 d,2,2
6685609.0,Kepler-207 d,2,2
6685609.0,Kepler-207 b,2,2
9450647.0,Kepler-465 b,2,2
9702072.0,Kepler-652 b,2,2
9413156.0,,1,1
9834719.0,,0,0
9846348.0,,1,1
9873254.0,Kepler-653 b,2,2
6587002.0,Kepler-196 b,2,2
6587002.0,Kepler-196 c,2,2
6960456.0,,0,0
7368664.0,Kepler-434 b,2,1
8374580.0,,0,0
6685609.0,Kepler-207 c,2,2
6707835.0,Kepler-640 b,2,2
2696205.0,,1,0
6752502.0,,0,0
6805146.0,,0,0
10318874.0,Kepler-94 b,2,2
6960445.0,,0,0
9873254.0,Kepler-653 c,2,2
9884104.0,Kepler-219 b,2,2
9884104.0,Kepler-219 c,2,2
9884104.0,Kepler-219 d,2,2
9950612.0,Kepler-220 c,2,2
9714696.0,,0,0
9846086.0,,0,0
10353968.0,Kepler-623 b,2,2
10384962.0,,0,0
11773022.0,Kepler-51 b,2,2
7033671.0,Kepler-641 b,2,2
7040629.0,Kepler-208 b,2,2
2711131.0,,0,0
7040629.0,Kepler-208 c,2,2
7040629.0,Kepler-208 e,2,2
7040629.0,Kepler-208 d,2,2
9950612.0,Kepler-220 d,2,2
6678383.0,Kepler-104 b,2,2
2308411.0,,0,0
9950612.0,Kepler-220 e,2,2
9950612.0,Kepler-220 b,2,2
9963524.0,Kepler-221 c,2,2
5780885.0,Kepler-7 b,2,2
11773022.0,Kepler-51 d,2,1
11773022.0,Kepler-51 c,2,2
12251650.0,,1,1
12417486.0,,1,1
12068975.0,Kepler-197 c,2,2
7115785.0,Kepler-209 b,2,2
2834805.0,,1,1
7115785.0,Kepler-209 c,2,2
7115785.0,,0,0
7124613.0,Kepler-642 b,2,2
8711794.0,Kepler-463 b,2,2
7277317.0,Kepler-643 b,2,2
2446134.0,,0,0
9963524.0,Kepler-221 d,2,2
9963524.0,Kepler-221 e,2,2
9963524.0,Kepler-221 b,2,2
9964801.0,Kepler-654 b,2,2
9965439.0,Kepler-655 b,2,2
2569995.0,,1,0
12068975.0,Kepler-197 d,2,2
12068975.0,Kepler-197 b,2,2
12068975.0,Kepler-197 e,2,2
3541946.0,Kepler-198 b,2,2
3541946.0,Kepler-198 c,2,2
10264660.0,Kepler-14 b,2,2
7385509.0,,0,0
7447200.0,Kepler-210 c,2,2
7447200.0,Kepler-210 b,2,2
7466863.0,,0,0
7509886.0,Kepler-211 c,2,2
7509886.0,Kepler-211 b,2,2
10002866.0,Kepler-222 b,2,2
10002866.0,Kepler-222 d,2,2
6678383.0,Kepler-104 c,2,2
10002866.0,Kepler-222 c,2,2
2577353.0,,1,1
10005020.0,,0,2
3541946.0,Kepler-198 d,2,2
4449034.0,,0,0
4478168.0,Kepler-624 b,2,2
4478168.0,,1,1
2854839.0,,0,0
4563268.0,Kepler-625 b,2,2
7515212.0,Kepler-212 c,2,2
7515212.0,Kepler-212 b,2,2
7529266.0,Kepler-435 b,2,2
11553706.0,,0,0
2449053.0,,0,0
10489525.0,,0,0
7598128.0,,0,0
11858979.0,,0,0
5900390.0,,0,0
5444334.0,,0,0
10139620.0,,0,0
8686373.0,Kepler-1936 b,2,2
5386264.0,,0,2
3867615.0,Kepler-379 b,2,2
3218844.0,,0,0
7256914.0,,1,1
7256914.0,,1,1
3542222.0,,0,0
6871071.0,,1,1
5530112.0,Kepler-1937 b,2,2
6226908.0,Kepler-1546 b,2,2
5906694.0,Kepler-1938 b,2,2
10186945.0,,0,0
4636565.0,,0,0
9956082.0,Kepler-1557 b,2,2
3241647.0,,0,0
7761585.0,,0,0
3241248.0,,0,0
9716302.0,,0,0
2708286.0,,0,0
6755944.0,Kepler-1547 b,2,0
10419797.0,,0,0
6515335.0,,0,0
7777471.0,,0,0
10294509.0,,0,0
3112129.0,,1,1
3003019.0,,0,0
9334893.0,Kepler-1178 b,2,2
3103212.0,,1,0
10000941.0,Kepler-1558 b,2,2
9455677.0,Kepler-1548 b,2,2
6871071.0,,1,1
7690855.0,,0,0
5649837.0,,0,0
10141938.0,,0,0
8029197.0,,0,0
12257886.0,,0,0
10875007.0,,1,1
10875007.0,,1,1
11465651.0,Kepler-1941 b,2,1
5036480.0,,0,0
10275077.0,,0,0
6592832.0,,0,0
8524346.0,,0,2
3937814.0,Kepler-1549 b,2,2
5551228.0,,0,0
5471271.0,,0,1
5881120.0,Kepler-1943 b,2,2
3248696.0,,0,1
4548098.0,Kepler-1982 b,2,2
5306383.0,,0,0
5446285.0,,0,0
7021681.0,,1,1
5041847.0,,0,0
3836558.0,,0,0
4770617.0,Kepler-1154 c,2,2
6106282.0,Kepler-440 b,2,2
4946584.0,,0,0
6463499.0,,0,0
8254882.0,,0,0
6042031.0,,0,0
4078311.0,Kepler-1944 b,2,2
5475735.0,,0,0
11709124.0,Kepler-154 c,2,2
9022166.0,Kepler-368 c,2,2
10075409.0,,0,0
7038096.0,,0,0
3345973.0,,0,1
11967788.0,,1,2
11972872.0,,0,0
9899233.0,,0,0
3103227.0,Kepler-1550 b,2,2
4850961.0,Kepler-1551 b,2,2
3102309.0,,0,0
8521059.0,,0,0
5217574.0,,0,0
7199060.0,,1,1
8439323.0,Kepler-1942 b,2,2
4458082.0,Kepler-1181 c,2,1
3230095.0,,0,1
5551228.0,,0,0
11967788.0,,1,1
7733731.0,,1,1
6862332.0,,0,0
10714072.0,Kepler-1541 b,2,2
3110177.0,,1,2
10992011.0,,0,0
8128247.0,,0,0
6276994.0,,0,0
9674564.0,,0,0
5942808.0,Kepler-1814 c,2,2
3232249.0,,1,0
5688683.0,Kepler-1939 b,2,2
6607644.0,Kepler-1559 b,2,2
7610663.0,Kepler-1560 b,2,2
5565707.0,,0,0
1293031.0,,0,0
2859299.0,,0,0
7449554.0,,1,1
4067110.0,,0,0
8694309.0,,0,0
8282651.0,,1,1
7818447.0,,0,0
11569475.0,,0,0
5688683.0,,1,1
8222627.0,,1,0
8951205.0,Kepler-1940 b,2,2
5700900.0,,0,0
7026477.0,,0,0
9402583.0,,0,0
7838675.0,Kepler-1561 b,2,0
8700537.0,,0,0
10858785.0,,0,0
9640907.0,,0,0
7515670.0,,0,0
9551430.0,,0,0
3228986.0,,0,0
7100673.0,Kepler-1542 b,2,2
7100673.0,Kepler-1542 c,2,2
4138557.0,,0,0
2708278.0,,0,0
2984990.0,,1,1
3747817.0,Kepler-1552 b,2,2
8483366.0,,0,0
7758018.0,,1,1
9071593.0,Kepler-1162 c,2,2
10089911.0,Kepler-1543 b,2,1
3247404.0,,0,0
11415243.0,Kepler-1544 b,2,2
3548044.0,Kepler-371 c,2,2
8264402.0,,1,1
7773179.0,,0,0
11017094.0,,0,0
3129238.0,,1,0
5956633.0,,0,0
9899065.0,,0,0
7907808.0,,1,1
5471792.0,,0,0
11145831.0,,0,0
11444952.0,,0,0
8647295.0,,0,0
3444098.0,,0,0
5112567.0,,0,0
2708343.0,,0,0
3235282.0,,0,0
3348090.0,,0,0
9282762.0,,0,0
3117046.0,,0,0
6311520.0,,0,0
5201115.0,,0,0
2708203.0,,0,0
4150496.0,,0,0
11401767.0,Kepler-372 d,2,2
9655005.0,,0,0
11709124.0,Kepler-154 f,2,2
3851194.0,,0,0
8613535.0,Kepler-1165 b,2,2
5092655.0,,0,0
3955817.0,Kepler-1553 b,2,2
10661778.0,,0,0
5513857.0,,0,0
10272389.0,,0,0
4679687.0,,0,0
7968683.0,,0,0
10360722.0,Kepler-1545 b,2,2
9091755.0,,0,0
3852476.0,,0,0
9700449.0,,1,0
6349881.0,Kepler-1554 b,2,2
9851970.0,,0,0
6140059.0,,1,1
5726910.0,,0,0
1718958.0,Kepler-1934 b,2,2
6428794.0,Kepler-1701 b,2,2
3228825.0,,0,0
4673628.0,Kepler-1935 b,2,2
11401767.0,Kepler-372 b,2,2
3852872.0,,1,1
9099950.0,,0,0
9718066.0,Kepler-378 c,2,2
9272070.0,Kepler-1555 b,2,2
5088400.0,Kepler-1556 b,2,2
4669402.0,,0,0
3757407.0,,0,0
4769931.0,,0,0
9220612.0,,0,0
9086154.0,,1,1
6806695.0,,0,0
3858943.0,,0,0
11970988.0,,1,1
10858803.0,,0,0
6129694.0,,0,0
5957181.0,,0,0
7601918.0,,0,0
6119877.0,,0,0
6792908.0,,1,1
7211879.0,,0,0
8087812.0,Kepler-1952 b,2,2
4863956.0,,0,0
10534155.0,,1,1
10397751.0,,1,1
5308537.0,Kepler-1955 b,2,2
6350882.0,,1,1
5281113.0,Kepler-1602 b,2,2
7847104.0,,0,0
3450040.0,,1,1
3347807.0,,0,0
8487805.0,,0,0
9456281.0,,1,1
5129453.0,,1,2
7918478.0,,1,1
3336845.0,,0,0
3645282.0,,0,0
6026924.0,Kepler-1580 b,2,2
6525280.0,,0,0
4861784.0,,0,0
5876360.0,,0,0
9509343.0,,1,1
3732972.0,,0,0
3244792.0,Kepler-1592 b,2,2
8743082.0,,0,0
7673841.0,,1,1
9142742.0,,0,0
6891513.0,,0,0
4579598.0,,0,0
7777522.0,,0,0
9305012.0,,0,0
9597729.0,,0,0
11390109.0,,0,0
5078025.0,,0,0
1724719.0,Kepler-1569 b,2,2
8120608.0,Kepler-186 f,2,2
11968463.0,,1,1
5026326.0,,0,0
5471574.0,,0,0
5512580.0,,0,1
11670599.0,,0,0
6359820.0,,0,0
11872139.0,,0,0
5436161.0,,1,1
2708221.0,,0,0
4571844.0,,1,1
5040223.0,,0,0
4571004.0,,0,0
2859893.0,,1,1
6026737.0,,1,1
7582691.0,,1,1
7031942.0,,0,0
9836563.0,,1,1
1724719.0,,1,1
5632701.0,,0,0
10549924.0,,0,0
9366617.0,Kepler-1570 b,2,2
6187341.0,,0,0
3353454.0,,0,0
10156055.0,,0,0
8418018.0,,0,0
5024177.0,,0,0
11081504.0,,1,1
4548011.0,Kepler-1581 b,2,2
4571004.0,,0,0
4571004.0,,0,0
4571004.0,,0,0
12016267.0,,1,1
4571004.0,,0,0
8459663.0,Kepler-1593 b,2,2
3550372.0,,1,0
10155321.0,,0,1
3866536.0,,0,0
7046035.0,Kepler-1603 b,2,0
4679314.0,,0,0
8240790.0,,1,0
5702637.0,,0,0
8309169.0,,0,0
4678919.0,,0,0
5563080.0,,0,0
6364067.0,,0,0
4548011.0,,1,1
5983532.0,,0,0
3439126.0,,0,0
8463346.0,Kepler-436 b,2,2
5868793.0,Kepler-1582 b,2,2
8483021.0,,0,0
10063208.0,Kepler-1583 b,2,2
7191646.0,,1,2
1575873.0,,0,0
10669994.0,Kepler-1594 b,2,2
7801070.0,,1,1
11449918.0,,0,0
4172805.0,,1,1
5126182.0,,1,1
3750350.0,,0,0
8949925.0,,1,1
4584865.0,,0,0
9642018.0,,1,1
11968463.0,,0,0
9183378.0,Kepler-1571 b,2,2
11188254.0,,0,0
1724513.0,,0,0
9535876.0,,0,0
5817533.0,,0,0
7681230.0,,0,0
7596240.0,Kepler-1584 b,2,1
7661893.0,,1,1
3448456.0,,0,0
12107008.0,,0,0
9776794.0,,1,1
7427764.0,Kepler-1595 b,2,2
7673192.0,,1,1
4754831.0,,0,0
4754831.0,,0,0
9899630.0,,0,0
4367528.0,,0,0
8416523.0,Kepler-1604 b,2,2
11124436.0,,1,1
5780855.0,,1,1
3751231.0,,0,0
9491832.0,,1,1
7816665.0,,0,2
9535881.0,,0,0
11616596.0,,0,0
9872831.0,Kepler-1572 b,2,2
2852941.0,,1,1
8508126.0,,0,0
12306058.0,Kepler-391 c,2,2
8507475.0,Kepler-1585 b,2,2
8773015.0,Kepler-1586 b,2,2
4754831.0,,0,0
10647452.0,,1,1
3531231.0,,0,0
4773392.0,,1,1
5471489.0,,0,0
5471489.0,,0,0
9011874.0,,0,0
9936080.0,,1,1
9936080.0,,0,0
8611344.0,,0,1
9518651.0,,0,0
2305311.0,,0,0
6383595.0,,0,0
11080405.0,Kepler-386 b,2,2
11509504.0,Kepler-1573 b,2,2
6599949.0,,0,0
11611275.0,Kepler-1574 b,2,1
6290935.0,,1,1
12734396.0,,1,1
11612280.0,Kepler-1587 b,2,2
5536715.0,,0,0
8149484.0,,0,0
12407623.0,,0,0
11444514.0,Kepler-1596 b,2,2
9886361.0,Kepler-403 d,2,2
9702006.0,Kepler-1953 b,2,2
6778008.0,,0,0
8278685.0,,1,1
8308260.0,,0,0
8492101.0,,0,0
6103377.0,,1,2
3660581.0,,1,1
6343576.0,,0,0
10794974.0,,1,1
2449101.0,,0,0
7259249.0,,0,0
8678691.0,,0,0
9640924.0,,0,0
3558849.0,,1,1
11151677.0,,0,0
11037128.0,,0,0
6587002.0,Kepler-196 d,2,2
5175024.0,,1,1
10991114.0,,1,1
11969092.0,,0,0
2570773.0,,0,0
4945764.0,,1,1
6356885.0,,0,0
3542542.0,,0,0
11718389.0,Kepler-1956 b,2,1
11124703.0,,0,0
10329196.0,Kepler-1605 b,2,2
10604592.0,Kepler-1957 b,2,2
9834731.0,,1,1
9593773.0,,0,2
9285568.0,Kepler-1575 b,2,2
7604328.0,Kepler-1245 c,2,2
9514372.0,,1,1
9777757.0,,0,0
7103919.0,Kepler-1950 b,2,2
3762750.0,,1,0
8645191.0,,0,0
10722485.0,Kepler-1588 b,2,2
9717958.0,,0,1
8128067.0,,0,0
7703910.0,,0,0
7777818.0,,0,0
9851360.0,,0,0
9886361.0,,1,1
6937529.0,Kepler-1597 b,2,2
9490653.0,,0,0
3328027.0,,0,0
3644631.0,,0,0
9640931.0,,0,0
5125196.0,,0,0
9640962.0,,0,0
5097454.0,,0,0
12737015.0,,1,1
3663141.0,,0,0
5177859.0,Kepler-1576 b,2,2
8482059.0,,1,1
4568117.0,,0,0
10342248.0,,0,0
9777290.0,,0,0
8548427.0,,0,0
9286088.0,,1,1
6289344.0,,0,0
6937529.0,,1,1
9883606.0,Kepler-1598 b,2,1
5860968.0,Kepler-1599 b,2,2
3645438.0,Kepler-1600 c,2,2
8480582.0,Kepler-1702 b,2,2
5197233.0,,1,1
10936786.0,,0,0
7119481.0,,1,1
6938264.0,,0,0
9899315.0,,0,0
9541089.0,,0,0
3650049.0,,0,0
9641076.0,,0,0
8741470.0,,1,1
11125613.0,Kepler-1254 c,2,2
10525049.0,Kepler-1948 b,2,2
9896018.0,Kepler-1859 c,2,2
5095082.0,Kepler-1951 b,2,2
12418891.0,,0,0
3839294.0,,0,0
7698701.0,,0,0
7698701.0,,0,0
2830919.0,,0,0
9588822.0,,0,0
2997459.0,,1,1
8330207.0,,1,1
5881813.0,,1,1
11560897.0,Kepler-430 c,2,2
10858737.0,,0,0
6752002.0,Kepler-1945 b,2,2
7257966.0,Kepler-1946 b,2,2
3644738.0,,0,0
9406892.0,,0,0
9202434.0,,1,1
8487645.0,,0,0
10407482.0,Kepler-1577 b,2,2
5817613.0,,0,0
7901016.0,,1,1
5385410.0,,1,1
9910942.0,,0,0
7749002.0,,1,0
10924340.0,,0,0
5371777.0,Kepler-1589 b,2,2
3848083.0,,1,1
6359926.0,,1,1
6629993.0,,0,0
8324518.0,,1,0
10427700.0,,0,0
3103473.0,,1,1
11296045.0,,0,0
3124598.0,,0,0
6879171.0,Kepler-1947 b,2,2
9897364.0,Kepler-1562 b,2,2
12505503.0,Kepler-1563 b,2,2
3548639.0,,0,0
4390912.0,,0,0
7115925.0,,0,0
5785279.0,,1,1
7429287.0,,0,0
10526887.0,Kepler-1578 b,2,2
11125613.0,Kepler-1254 d,2,2
3545583.0,,0,0
9896018.0,,1,1
12456063.0,,1,1
8374741.0,,0,0
5096053.0,,1,1
11296045.0,,0,0
11296045.0,,0,0
3247503.0,,0,0
5802637.0,,1,1
5531694.0,,1,1
8733898.0,Kepler-446 c,2,2
9828127.0,Kepler-1564 b,2,1
7107802.0,,1,1
4281068.0,,0,0
9092496.0,,0,0
5644412.0,Kepler-1565 b,2,2
9959545.0,,0,0
9641144.0,,0,0
8572168.0,,0,0
4472143.0,,0,0
12509829.0,,1,1
7368137.0,,0,0
9027841.0,,0,1
8953414.0,,0,0
2576962.0,,1,1
10140274.0,,1,1
10730070.0,Kepler-1590 b,2,2
4458109.0,,0,0
8345384.0,,1,1
2831055.0,Kepler-1601 b,2,2
11044826.0,,0,0
6681687.0,,0,0
7703882.0,Kepler-1954 b,2,1
8179190.0,,0,0
9777724.0,,0,0
9072639.0,,1,1
5340878.0,Kepler-1566 b,2,2
10273903.0,,0,0
7450747.0,Kepler-1949 b,2,2
7826620.0,Kepler-1579 b,2,2
8890924.0,Kepler-1993 b,2,2
8890924.0,,1,1
8483241.0,,0,0
8573193.0,Kepler-1591 b,2,2
9240664.0,,0,0
7673841.0,Kepler-392 c,2,2
7281411.0,,0,0
6528141.0,,0,0
8106112.0,,0,0
4054784.0,,1,1
10745365.0,,1,1
5563937.0,,0,0
8396660.0,,1,1
10736179.0,,0,0
6119921.0,,0,0
5084171.0,Kepler-1567 b,2,2
4141587.0,,0,0
11968463.0,Kepler-385 d,2,2
3834317.0,,0,0
10593535.0,Kepler-1568 b,2,2
5959719.0,Kepler-390 c,2,2
5992210.0,,0,0
4284980.0,,0,0
9302543.0,,0,0
9716028.0,,1,2
6223324.0,,1,0
9701962.0,Kepler-1617 b,2,2
6685646.0,,0,0
4574319.0,,0,0
7741837.0,,0,0
11137065.0,,0,0
11093335.0,,0,0
9394768.0,,0,0
9773980.0,,1,2
10972902.0,,0,0
3832474.0,,0,0
12004971.0,,0,0
3644602.0,,0,0
10467714.0,,1,1
11912941.0,,0,0
4141593.0,,1,1
7778427.0,,1,1
6525106.0,,0,0
6523058.0,,1,1
5977470.0,Kepler-1653 b,2,2
11769689.0,,1,1
4355503.0,,0,0
6119923.0,,0,0
6126076.0,,0,0
11284772.0,Kepler-441 b,2,2
9209183.0,,0,0
6153407.0,Kepler-1911 b,2,2
5955621.0,,0,1
11519187.0,Kepler-1964 b,2,2
8417078.0,Kepler-1619 b,2,2
9457948.0,,1,1
4852297.0,,0,0
9851845.0,,0,0
9474483.0,,0,0
4072271.0,,1,1
9898017.0,Kepler-1960 b,2,2
8613218.0,,0,0
8548069.0,,0,0
6278762.0,Kepler-444 c,2,2
8098212.0,,1,1
3127911.0,,0,0
6369131.0,,1,1
7820699.0,,1,1
10399321.0,,0,0
10257229.0,,1,1
3539231.0,,1,2
6311891.0,,1,1
7837733.0,,0,0
2578017.0,,0,0
7834045.0,,1,2
10663738.0,,1,1
7891294.0,,1,1
9413156.0,,1,1
8625732.0,,0,0
2831251.0,,0,1
6721380.0,,0,2
7694615.0,,0,0
6201203.0,,0,1
4556468.0,Kepler-1609 b,2,2
9222516.0,,0,0
5431027.0,,1,1
7285673.0,,0,0
5282437.0,,0,0
7747457.0,Kepler-1613 b,2,2
8652360.0,,0,0
9602421.0,,0,0
6070337.0,,1,1
5954001.0,,1,1
4373195.0,,0,0
5090937.0,,0,0
8196226.0,,1,1
9002538.0,,1,1
6359175.0,,0,0
8104207.0,,0,0
5642688.0,,1,0
10026502.0,Kepler-1620 b,2,2
3953173.0,,0,0
8037926.0,,0,0
5552562.0,,1,2
6186182.0,,1,2
4073017.0,,1,1
9002278.0,Kepler-62 c,2,2
10585749.0,,1,1
9579208.0,,1,1
6437617.0,,0,0
8453851.0,,0,0
11650401.0,Kepler-1614 b,2,2
9873759.0,,0,0
9773270.0,,1,1
9457728.0,,1,1
9516728.0,,0,0
4825872.0,,0,0
4680772.0,,0,0
8110733.0,,0,0
2303903.0,,1,1
9278216.0,,1,1
8355131.0,,1,1
6278762.0,Kepler-444 d,2,2
12645057.0,,1,1
4844367.0,,1,1
10937749.0,,1,1
9100953.0,Kepler-1610 b,2,2
8332521.0,,1,1
10407086.0,,0,0
4073089.0,,0,0
6065351.0,,0,0
4060229.0,,1,1
6761777.0,Kepler-1615 b,2,2
4825872.0,,0,0
9412623.0,Kepler-1618 b,2,1
3644505.0,,0,0
4664743.0,,0,0
4735826.0,Kepler-1972 b,2,1
6593734.0,,0,0
8443527.0,,1,1
9711297.0,,0,0
8395860.0,,0,2
7778621.0,Kepler-1967 b,2,2
5956354.0,,0,0
9100953.0,Kepler-1610 c,2,2
8109107.0,,0,2
6200529.0,,0,0
10907132.0,,1,2
6520753.0,,1,2
6929285.0,,0,0
4848321.0,,0,0
12255382.0,,0,0
6522745.0,,0,0
9893468.0,,1,1
11655826.0,,1,1
1721157.0,,1,1
11076276.0,,0,0
12012439.0,,0,0
9947653.0,,1,1
4374610.0,,0,0
9002538.0,,1,1
5253802.0,,1,1
12554634.0,,1,1
6264750.0,,1,2
11290515.0,,1,1
6520753.0,,1,2
6278762.0,Kepler-444 e,2,2
8493354.0,,1,1
4545570.0,Kepler-1961 b,2,2
7598111.0,,0,0
5457326.0,,1,1
8240746.0,,0,0
10610039.0,,1,1
9652655.0,,0,0
10140843.0,,0,0
8628761.0,,1,1
10473272.0,,0,0
4750669.0,,1,1
9824928.0,,0,0
6717252.0,,1,1
5817685.0,,0,0
4902202.0,,1,1
7282042.0,,0,0
7523542.0,,0,0
3109937.0,,0,0
9386171.0,,0,0
11350118.0,,1,1
11671579.0,Kepler-1611 b,2,2
11553598.0,,0,0
12069414.0,,0,0
9216775.0,Kepler-1612 b,2,2
2572029.0,,1,1
7905106.0,,1,1
9007151.0,,1,1
4450844.0,,1,1
8443265.0,,0,0
3240406.0,,0,0
11181260.0,,1,1
5090803.0,,0,0
2558163.0,,1,1
8107611.0,,1,1
8377197.0,,0,0
6137779.0,,0,1
11913072.0,,0,0
8752940.0,,1,1
9083470.0,,0,0
5783732.0,,0,0
6278762.0,Kepler-444 f,2,2
7900100.0,,0,0
9849884.0,,0,0
11243547.0,,0,0
4384909.0,,1,1
9009036.0,Kepler-1616 b,2,2
11506654.0,,1,1
5687700.0,,1,1
8806985.0,,1,1
10491525.0,,0,0
3859042.0,,0,0
6527078.0,,1,1
4946049.0,,0,0
2857607.0,Kepler-1965 b,2,2
5559651.0,,0,0
5962262.0,Kepler-1966 b,2,2
5437348.0,,0,0
8429668.0,,0,0
7429240.0,Kepler-1606 b,2,2
10120548.0,,1,1
4474462.0,,1,1
7032001.0,,0,0
4141593.0,,1,1
10003058.0,,1,0
9031703.0,,1,1
6199864.0,,0,0
9577855.0,,0,0
12204137.0,,1,1
4386607.0,,0,0
5389956.0,,1,0
12108364.0,,0,0
8295671.0,,0,0
10662202.0,,1,2
10407210.0,,0,0
7457278.0,,0,0
3934657.0,,1,1
7515336.0,,1,1
8984755.0,,0,0
7366895.0,,0,0
10729472.0,,0,0
6200612.0,,0,0
9777200.0,,0,0
3557560.0,,1,2
12109267.0,,1,1
8700895.0,,1,1
5003670.0,Kepler-1962 b,2,2
5200084.0,,0,0
4144873.0,,0,0
5003670.0,,1,1
9171886.0,,0,0
3337061.0,,0,0
5696918.0,,0,0
12265786.0,,1,1
8487838.0,,0,0
10873178.0,,1,1
11337012.0,,1,1
8359569.0,,1,1
8937762.0,,0,0
2720828.0,,0,0
9837828.0,,1,1
4857058.0,,1,1
8652577.0,,0,0
8804937.0,,0,0
9947389.0,,1,1
11912987.0,,0,0
3765917.0,,1,2
4136659.0,,0,0
3438976.0,,0,0
7833305.0,,1,1
6610064.0,,0,0
12647577.0,,1,1
5476671.0,,0,0
7335972.0,,0,0
4252671.0,,1,1
2694632.0,,0,0
11153476.0,,1,1
6144039.0,,1,2
5428471.0,,0,0
7283710.0,,0,0
5985713.0,,1,1
10794509.0,,0,0
6839010.0,,1,1
9775385.0,,1,1
6197344.0,,1,1
11357664.0,,1,1
2576224.0,,0,0
3967501.0,,0,0
7272132.0,,1,1
6437226.0,,0,0
2710623.0,,0,0
3330684.0,,0,0
2696703.0,,0,0
7699298.0,,0,0
8430053.0,,1,1
7115661.0,,0,0
2853889.0,,0,0
12458605.0,,1,1
4845862.0,,0,0
10130057.0,,0,0
4953173.0,,1,2
9838608.0,,0,0
4247811.0,,0,0
6543645.0,,0,0
5352640.0,,1,1
8738244.0,,0,0
4157052.0,,0,0
10006641.0,,0,0
10815916.0,,0,0
3547760.0,,0,0
7281484.0,,0,0
4848115.0,,0,0
4048898.0,,1,1
5991765.0,,0,0
3962872.0,,0,0
11912911.0,,0,0
7045435.0,,0,0
2972800.0,,0,0
8573168.0,,0,0
10801249.0,,0,0
4587135.0,,1,1
3857860.0,,0,0
5024252.0,,0,0
7430876.0,,0,0
4843592.0,,0,0
9602775.0,,0,0
8955709.0,,0,0
7031430.0,,0,0
7133294.0,Kepler-1607 b,2,2
4381429.0,Kepler-1608 b,2,2
11912916.0,,0,0
12108293.0,,0,0
5301093.0,,0,0
5511659.0,,1,2
9640946.0,,0,0
9776186.0,,0,0
9752973.0,,0,0
8044600.0,,0,0
10220837.0,Kepler-1963 b,2,2
10991239.0,,0,0
7583650.0,,1,1
9345819.0,,0,0
9180566.0,,0,0
3867794.0,,1,1
5819801.0,,1,1
11092040.0,,0,0
4851145.0,,0,0
10292540.0,,0,0
3732894.0,,0,0
6276791.0,,1,1
6278762.0,Kepler-444 b,2,2
6276791.0,Kepler-1958 b,2,2
8636600.0,Kepler-1959 b,2,2
10220950.0,,0,0
10140122.0,,1,1
5033823.0,,1,1
10342316.0,,0,0
5305399.0,,0,0
3223433.0,,1,1
8803757.0,,1,2
12021811.0,,0,0
9479306.0,,1,1
5437762.0,,1,1
3962684.0,,0,0
4730442.0,,0,0
9447166.0,Kepler-1459 b,2,2
9643043.0,,0,0
8151055.0,Kepler-1460 b,2,2
7177555.0,,0,0
3348082.0,Kepler-274 b,2,2
4996057.0,,1,1
8349399.0,,1,1
6043562.0,,1,1
10615440.0,Kepler-1622 b,2,2
4919550.0,,1,1
5802292.0,,0,0
5126932.0,,0,0
10034146.0,,0,0
4175105.0,,0,0
5645170.0,,1,1
8216763.0,,1,1
9110610.0,,1,1
2437897.0,,0,0
9307966.0,,0,0
5556726.0,,0,0
2554853.0,,0,0
5208962.0,,1,0
7889486.0,,0,0
7889486.0,,0,0
4742188.0,,1,1
8301878.0,,1,1
8233802.0,,0,0
7510820.0,Kepler-1461 b,2,2
10221505.0,,1,1
6116035.0,,0,0
8958359.0,,0,0
11658036.0,,1,1
8397947.0,,1,2
6665860.0,,1,2
7983117.0,Kepler-1988 b,2,2
5480884.0,,0,0
12506417.0,,0,0
10187563.0,,0,0
5769810.0,,1,1
12071754.0,,1,2
10384298.0,,1,1
3109550.0,,1,1
5544450.0,,0,0
9307105.0,,0,0
6880517.0,Kepler-1462 b,2,2
6615511.0,Kepler-1463 b,2,2
6131130.0,,1,2
3632089.0,Kepler-1464 b,2,2
4742452.0,,1,1
9959494.0,,0,0
8397947.0,Kepler-1705 b,2,2
7906892.0,,1,1
4277304.0,,1,1
8626325.0,,1,1
3098605.0,,1,1
11456405.0,,0,0
8320630.0,,1,2
4544684.0,,0,0
9005321.0,,1,1
8975368.0,,0,0
9291039.0,,0,0
5168498.0,,0,0
10489539.0,,0,0
9569711.0,Kepler-1912 b,2,2
12314973.0,Kepler-450 d,2,2
3348082.0,Kepler-274 c,2,2
3632089.0,Kepler-1464 c,2,2
5563300.0,,1,1
12253769.0,,1,1
12735830.0,Kepler-1465 b,2,2
8054719.0,,1,1
6592335.0,Kepler-1971 b,2,0
5651829.0,,0,0
4762283.0,,1,2
9094763.0,,0,0
3849187.0,,1,1
2976017.0,,1,1
6786224.0,,1,1
10338279.0,,0,0
4851239.0,,0,0
5009688.0,,0,0
11072016.0,,1,1
3245969.0,,1,2
10057494.0,Kepler-1443 b,2,2
7902003.0,,1,1
6587796.0,Kepler-1444 b,2,2
9489953.0,,0,0
5305240.0,,0,0
11905409.0,,1,2
9571186.0,,1,0
9838060.0,,0,0
8554701.0,Kepler-1466 b,2,1
5389632.0,,0,0
9031209.0,Kepler-1467 b,2,2
5951416.0,,0,0
5612697.0,,1,1
8973285.0,,1,2
4645833.0,,0,0
8940918.0,,0,0
3758922.0,,1,1
8360041.0,,1,1
9827596.0,,0,0
9782748.0,,1,1
2860656.0,,1,1
6206559.0,,0,0
5024429.0,,0,0
9532117.0,,0,0
6928906.0,,0,0
9821151.0,,0,0
8073705.0,Kepler-1445 b,2,2
8330548.0,,0,0
4271474.0,Kepler-1469 b,2,2
5130983.0,,0,0
11497958.0,Kepler-296 f,2,2
11093538.0,,0,0
11044779.0,,0,0
6438379.0,,0,0
9145415.0,,0,0
4545926.0,,0,0
9396760.0,,0,0
5119619.0,,0,0
9582496.0,,0,0
7094944.0,,1,1
3343281.0,,0,0
2573108.0,,0,0
6425597.0,,1,1
9885417.0,Kepler-1446 b,2,2
3336476.0,,0,0
10917433.0,,1,1
5091479.0,,1,1
9083564.0,,0,0
7335713.0,,0,0
8331612.0,Kepler-1915 b,2,2
8874090.0,,1,1
8331612.0,,1,1
5185765.0,,0,0
5965819.0,Kepler-1468 d,2,2
5965819.0,Kepler-1468 b,2,2
8328916.0,,1,2
11294883.0,,0,0
3832474.0,,0,0
10155029.0,,1,1
11618569.0,,1,1
11973517.0,,1,1
5471566.0,,0,0
7345248.0,,1,1
5814013.0,,0,0
7117355.0,,0,0
5653072.0,,0,0
2707985.0,,0,0
9899141.0,,0,0
8183288.0,Kepler-437 b,2,1
11305996.0,,0,1
5965819.0,Kepler-1468 c,2,2
6690171.0,,1,1
6859801.0,,0,0
7767733.0,,0,0
5193659.0,,1,2
5201593.0,,0,0
6220312.0,,1,1
6358937.0,,1,1
9007609.0,,0,0
11038580.0,,0,0
7771181.0,,1,1
9509223.0,,0,0
6720773.0,,0,0
8056651.0,,0,0
4665991.0,,0,0
10191036.0,,0,0
8280511.0,Kepler-271 d,2,2
10420301.0,,0,0
4366323.0,,1,1
2853029.0,,1,1
12156174.0,Kepler-1447 b,2,2
4634135.0,,0,0
6955671.0,,1,2
5097856.0,,1,1
4736644.0,Kepler-1470 b,2,1
5876805.0,,0,0
5818068.0,,0,0
10139390.0,,0,0
8278073.0,,1,1
5273713.0,,0,0
3526331.0,,0,0
10810859.0,,1,2
7017274.0,,1,1
6767227.0,,1,1
11496490.0,,0,0
1430305.0,,0,0
7117549.0,,0,0
2986833.0,,1,1
12055539.0,Kepler-1448 b,2,2
12056139.0,Kepler-1449 b,2,2
11853130.0,,1,1
4774646.0,,0,0
9345933.0,,1,2
10030778.0,,0,0
7870282.0,,0,0
11153259.0,,0,0
9021075.0,Kepler-1968 b,2,2
5783938.0,,0,0
11338056.0,,1,1
3445812.0,,0,0
4473613.0,Kepler-1623 b,2,2
10676750.0,,1,1
8960918.0,,0,0
4647662.0,,0,0
9822284.0,,0,0
8940700.0,,0,0
9581589.0,,1,1
11804437.0,,1,1
9850966.0,,0,0
8747009.0,,0,0
8826007.0,Kepler-1450 b,2,2
8280511.0,,1,1
8620402.0,Kepler-1913 b,2,2
8379021.0,,0,0
8104030.0,,0,0
4813793.0,,1,1
5282477.0,,0,0
7266212.0,,1,1
6681546.0,,0,0
6421137.0,,0,0
9893278.0,,0,0
9419020.0,,1,1
4548162.0,,0,0
4270799.0,,1,1
8811490.0,,1,2
7293937.0,,0,0
8043721.0,,0,0
7985733.0,,0,0
8094120.0,,1,1
6522824.0,,0,0
6802536.0,,0,0
4750341.0,,0,0
9935642.0,,1,2
6612327.0,,0,0
7285757.0,Kepler-1986 b,2,2
7285757.0,,1,1
5211922.0,,0,2
5280587.0,Kepler-1451 b,2,2
8129005.0,,0,1
4840156.0,,0,0
4138008.0,Kepler-442 b,2,2
4262040.0,,1,1
6468904.0,,0,0
5709906.0,,0,0
4840672.0,,1,1
9777556.0,,0,0
7287677.0,,1,1
10753922.0,,0,2
5980061.0,,0,0
7692248.0,,1,1
4059887.0,,0,0
8288741.0,,0,0
6852354.0,,0,0
6691169.0,,1,1
5816811.0,,0,0
5303346.0,,0,0
3858879.0,,0,0
8280511.0,,1,1
3120904.0,Kepler-1452 b,2,2
3342467.0,,0,2
11757451.0,Kepler-443 b,2,2
2711597.0,,0,0
8047428.0,Kepler-1621 b,2,2
11513486.0,Kepler-1969 b,2,2
4851283.0,,0,0
6520519.0,,1,0
9459162.0,,1,1
5024138.0,,0,0
9969287.0,,1,1
9086001.0,,0,0
4927734.0,,0,0
11189311.0,Kepler-1442 b,2,2
10747501.0,,1,1
10586744.0,,1,1
11970050.0,,1,1
10031918.0,,0,0
5276332.0,,0,0
3544640.0,Kepler-1914 b,2,2
10653179.0,Kepler-1453 b,2,2
12066569.0,Kepler-1455 b,2,2
6497146.0,Kepler-438 b,2,2
8625813.0,,0,0
4651399.0,,0,0
5308296.0,,1,1
9953575.0,,0,0
7887890.0,,0,0
3122872.0,,1,1
4544628.0,,0,0
9702945.0,,1,0
11401253.0,,1,1
7052511.0,,0,0
4764774.0,,0,0
10549902.0,,1,1
12416597.0,,1,1
11135694.0,,1,1
9910828.0,,0,0
10065053.0,,1,0
11867608.0,,0,0
8016691.0,Kepler-1456 b,2,2
6584273.0,Kepler-1457 b,2,2
5768816.0,Kepler-1458 b,2,2
3644071.0,,0,0
5360974.0,,0,0
10291589.0,,1,1
10118266.0,,1,1
5695615.0,,1,1
4670267.0,,0,0
7435780.0,,0,0
8938937.0,,0,1
5651846.0,,1,1
10556180.0,,0,0
12401132.0,,1,1
12401132.0,,0,0
8308070.0,,0,0
6424561.0,,1,1
6956136.0,,0,0
10661917.0,,0,0
10000162.0,,1,1
7799701.0,,0,0
6233483.0,,0,1
5392871.0,,0,2
3858851.0,,0,0
3858917.0,,0,0
4466356.0,,0,1
7949593.0,,1,1
9474232.0,,0,0
3859151.0,,0,0
7098255.0,,1,1
11456279.0,,0,0
4670361.0,,1,1
5398002.0,,0,0
6680911.0,,0,0
10356124.0,,0,0
10584140.0,,1,1
8233326.0,,1,1
4940203.0,,1,1
6286161.0,,0,0
5385471.0,,0,0
6368175.0,Kepler-1703 b,2,2
5471158.0,,0,0
4847843.0,,0,0
5120225.0,,0,0
9656543.0,,0,0
10751515.0,,0,0
3348093.0,,0,0
6182846.0,,0,0
4939346.0,Kepler-328 b,2,2
6442602.0,,0,0
9851126.0,,0,0
6268648.0,,1,1
11455428.0,Kepler-1480 b,2,2
10484409.0,,0,1
10935993.0,,1,0
5257082.0,,1,1
5796185.0,,0,0
8628665.0,,1,1
3945802.0,,0,2
6265665.0,Kepler-1499 b,2,2
5881307.0,,1,0
4645174.0,Kepler-1500 b,2,2
4645174.0,,1,1
8719419.0,,0,0
9028474.0,,0,0
4349442.0,,0,2
6124137.0,,1,1
3644542.0,,0,0
6182849.0,,0,0
9851142.0,,0,0
3442054.0,,0,0
4079530.0,,0,0
6445531.0,,0,0
10677186.0,,0,0
9025914.0,,0,0
9366988.0,,0,0
11657614.0,,1,1
11657614.0,Kepler-1481 b,2,2
5687986.0,,1,1
11125797.0,,1,1
9785921.0,Kepler-1997 b,2,2
3102000.0,,0,0
6599975.0,Kepler-1501 b,2,1
8266276.0,,0,0
5887316.0,,0,0
4282191.0,Kepler-1502 b,2,2
3559860.0,Kepler-1980 b,2,2
10651945.0,,0,0
7117003.0,,0,0
3240159.0,,0,0
6147851.0,,0,0
9658118.0,,0,0
7132542.0,,0,0
8589754.0,,0,0
3757590.0,,0,0
2437149.0,,0,0
9715925.0,,0,0
9529733.0,,0,0
9613070.0,,0,0
9967771.0,Kepler-990 c,2,2
10845188.0,,0,0
6543893.0,,1,1
5709103.0,,0,0
6705026.0,Kepler-1483 b,2,2
6705026.0,,1,1
6779726.0,Kepler-1918 b,2,2
3098843.0,,0,0
5553959.0,,1,2
7288306.0,Kepler-1503 b,2,2
5887393.0,,0,0
5384713.0,,1,1
5384713.0,,1,1
5384713.0,,1,1
11860395.0,Kepler-1504 b,2,2
5456023.0,,0,0
6187888.0,,0,0
9529744.0,Kepler-320 c,2,2
12021387.0,,0,0
8044608.0,,0,0
8760135.0,,0,0
4073707.0,,0,0
5730394.0,,0,0
6451368.0,,1,1
6956216.0,,0,0
6137704.0,,0,0
10275074.0,,0,0
9110346.0,,0,0
10259301.0,,0,0
2995392.0,Kepler-1484 b,2,2
3120308.0,,0,2
9991621.0,,0,0
8078502.0,Kepler-1919 b,2,2
8644365.0,,1,1
5888187.0,,1,1
2852528.0,,0,2
3348216.0,,1,2
7032421.0,,0,0
10798838.0,,0,0
8560940.0,,0,0
10793576.0,,1,1
10292238.0,,0,0
8733497.0,,0,0
4255422.0,,0,0
9837544.0,,0,0
7877824.0,,0,0
6469946.0,,0,0
6947164.0,,0,0
6233903.0,,0,0
7212066.0,,0,0
7212066.0,,0,0
7047922.0,,1,1
6675060.0,,0,0
5716508.0,,0,0
10518735.0,,0,0
6975129.0,Kepler-312 b,2,2
8644365.0,Kepler-1485 b,2,2
9489947.0,,0,0
6960487.0,,0,0
5894182.0,,1,1
6309264.0,,0,0
7021177.0,,0,0
7122259.0,,0,0
6947668.0,,1,1
6364582.0,Kepler-1505 b,2,2
6190535.0,,0,0
9834257.0,,0,0
10290666.0,,1,1
9529744.0,Kepler-320 b,2,2
10748621.0,,0,0
4824268.0,,0,0
6527016.0,,0,0
6431670.0,,0,0
7376500.0,,0,0
9636559.0,,0,0
8095110.0,,0,0
11499263.0,,0,0
10328393.0,Kepler-332 c,2,2
9775253.0,,0,0
3858988.0,,0,0
3848966.0,,1,1
10798605.0,,0,0
5895083.0,,0,0
9452897.0,,1,1
9714123.0,,0,0
6118370.0,Kepler-1506 b,2,2
2717158.0,Kepler-1922 b,2,2
6209677.0,,1,1
6198256.0,,0,0
9664276.0,,1,1
2437112.0,,0,2
7987086.0,,0,0
7374746.0,,0,0
8668810.0,,0,0
6519865.0,,0,0
8868907.0,,0,0
3865298.0,,0,0
10091110.0,,0,0
10091110.0,,0,0
3542574.0,,0,1
3544694.0,,0,0
11521793.0,Kepler-143 b,2,2
9085563.0,Kepler-1486 b,2,2
11337372.0,Kepler-920 c,2,2
7748487.0,,1,2
3219037.0,,1,1
5952448.0,,0,0
5710069.0,,1,1
9967009.0,,1,2
9967009.0,,1,1
11874338.0,,0,0
9763612.0,Kepler-1507 b,2,2
6199716.0,,0,0
9468384.0,,0,0
8868364.0,,0,0
10092312.0,,0,0
3964545.0,,0,0
9656397.0,,0,0
5444491.0,,0,0
3735629.0,,0,0
8244173.0,,0,0
6546508.0,,0,0
9886224.0,,0,0
3735634.0,,0,0
5730380.0,,0,0
6058875.0,,0,0
10735564.0,,0,0
6200810.0,,1,1
3561464.0,Kepler-1487 b,2,2
3561464.0,Kepler-1487 c,2,2
5962509.0,,0,0
3561464.0,,1,1
6359802.0,,0,0
7121885.0,,0,0
5213404.0,Kepler-1508 b,2,2
4844470.0,,1,1
6205566.0,,0,0
11551692.0,Kepler-411 d,2,2
9995771.0,,1,1
7287391.0,,0,0
6756202.0,,0,0
10215869.0,,0,0
5456319.0,,0,0
2307206.0,,0,0
7025540.0,,0,0
7620844.0,,0,0
6677267.0,,0,0
7732791.0,,0,0
5736801.0,,0,1
8177798.0,,0,0
10489521.0,,0,0
12643582.0,,0,0
9328641.0,,0,0
9966219.0,,1,1
5991070.0,,0,0
5531953.0,Kepler-1984 b,2,2
3757778.0,,0,0
11754430.0,Kepler-1488 b,2,2
9995771.0,Kepler-1509 b,2,2
11875511.0,,0,0
6231721.0,,1,2
9536108.0,,1,1
8905246.0,,1,1
5213230.0,Kepler-1923 b,2,2
3326377.0,Kepler-967 c,2,2
6233466.0,,0,0
5460434.0,,1,1
11249624.0,,0,0
6426592.0,,0,0
8491745.0,,0,0
3970117.0,,0,0
11147814.0,,0,0
10922659.0,Kepler-1916 b,2,2
8892720.0,,0,0
6021275.0,Kepler-132 e,2,2
7869917.0,Kepler-880 c,2,2
11754430.0,Kepler-1488 c,2,2
6032920.0,,0,1
8409295.0,Kepler-1489 b,2,2
7131760.0,Kepler-1490 b,2,2
11922778.0,,1,1
9468382.0,,0,0
6145201.0,,0,0
5986209.0,,0,0
9226339.0,,0,0
6525209.0,,0,0
2975770.0,,1,1
5534965.0,,0,0
5512513.0,,0,0
9965206.0,,0,0
4247023.0,,0,0
4848423.0,,0,0
11403216.0,,0,0
11853878.0,Kepler-968 d,2,2
5774375.0,,0,0
7692093.0,,1,1
8263752.0,,0,0
8263752.0,,0,0
7772914.0,,1,2
3529290.0,,1,1
3529290.0,,1,1
9285265.0,Kepler-1491 b,2,2
6025124.0,,1,1
5780930.0,Kepler-1492 b,2,2
5531953.0,,1,1
4164393.0,,0,0
6277410.0,,1,1
9843517.0,,1,1
8812045.0,,1,1
7288444.0,Kepler-1924 b,2,2
3101923.0,,1,1
10881457.0,Kepler-1510 b,2,2
5513861.0,,0,0
9948002.0,,0,0
5264304.0,,0,0
10960995.0,,0,0
9592575.0,,0,0
7898576.0,,0,0
5806800.0,,0,0
11671429.0,,0,0
5621333.0,,1,1
5621333.0,,1,2
5392897.0,,0,0
3236705.0,,1,1
5282049.0,,0,0
11810124.0,Kepler-1471 c,2,2
6023859.0,,0,0
3433668.0,Kepler-1493 b,2,2
2849140.0,,1,1
7503885.0,Kepler-1494 b,2,2
3629330.0,Kepler-1495 b,2,2
5471289.0,,0,0
8121328.0,,1,1
9783760.0,,0,0
9528430.0,,0,0
5529552.0,,0,0
8882847.0,,0,0
9773869.0,,0,0
6707942.0,,0,0
5023948.0,,0,0
5113053.0,,0,0
5817957.0,,0,0
11853878.0,Kepler-968 c,2,2
4743508.0,,0,0
11810124.0,Kepler-1471 b,2,2
11303322.0,Kepler-1472 b,2,1
11241912.0,Kepler-1473 b,2,2
6043538.0,,1,1
8824737.0,Kepler-1917 b,2,2
9349757.0,Kepler-1474 b,2,2
11519134.0,,0,0
7289338.0,,1,2
5004909.0,,1,1
6278670.0,,1,1
5898983.0,,1,1
7703955.0,Kepler-315 c,2,2
8552719.0,,0,0
12164634.0,,0,0
5193077.0,,0,2
5617259.0,,1,1
8880123.0,Kepler-1925 b,2,2
9474756.0,,1,1
10068919.0,,0,0
7353970.0,,0,0
12316447.0,,0,0
5823557.0,,0,0
10491554.0,,0,0
9785454.0,,0,0
8636333.0,Kepler-1475 b,2,2
7136958.0,,0,0
1995732.0,,0,0
6069674.0,,0,0
8081239.0,Kepler-1476 b,2,2
5308663.0,,1,2
3745559.0,Kepler-1920 b,2,1
8356054.0,,0,0
9117416.0,Kepler-1921 b,2,2
6356400.0,,1,1
9117416.0,Kepler-1921 c,2,2
5900235.0,,1,1
9474756.0,,1,1
7517261.0,Kepler-1511 b,2,2
7517261.0,,1,1
5653795.0,,0,0
8424002.0,Kepler-1512 b,2,2
8635938.0,,0,0
10464666.0,,0,0
5024292.0,,0,0
4659255.0,,0,0
8263746.0,,0,0
5877292.0,,1,1
10657406.0,Kepler-969 c,2,2
3428468.0,,0,0
7091432.0,Kepler-1477 b,2,2
9845909.0,,1,1
9221528.0,,1,1
6106046.0,,1,2
6368230.0,Kepler-1478 b,2,2
7115291.0,,0,0
9907505.0,,0,0
9027909.0,Kepler-1496 b,2,2
9230021.0,,1,1
6369845.0,,0,0
9230021.0,Kepler-1497 b,2,2
9230021.0,,0,1
3662838.0,,0,0
5471688.0,,0,0
8552719.0,Kepler-953 c,2,2
5471688.0,,0,0
6058816.0,Kepler-1927 b,2,2
6058816.0,,1,1
5130740.0,,0,0
9892471.0,,0,0
2019076.0,,0,0
5879448.0,,0,0
7376490.0,,0,0
11968513.0,,0,0
4263529.0,,1,1
7866921.0,,0,0
6619815.0,Kepler-1696 b,2,2
6113752.0,,0,0
3098197.0,,0,0
11651712.0,Kepler-1479 b,2,2
9896558.0,Kepler-937 c,2,2
7697103.0,,1,0
9267996.0,,1,1
7045605.0,,0,0
8738775.0,Kepler-1498 b,2,2
7093401.0,,1,0
7877818.0,,0,0
5636642.0,,0,0
6515722.0,,0,0
6679504.0,,0,0
5560831.0,,0,0
5305404.0,,0,0
3728432.0,Kepler-1526 b,2,2
6696580.0,Kepler-359 d,2,0
5473535.0,,0,0
12106934.0,,0,0
6222898.0,,0,0
3955866.0,,0,0
11200767.0,,0,0
9892816.0,Kepler-342 e,2,2
8589731.0,,0,0
4356766.0,,0,0
2167890.0,,0,0
5384079.0,Kepler-348 c,2,1
4935914.0,,0,0
11303811.0,,0,0
2437783.0,,0,0
12062660.0,,0,0
9777087.0,,0,0
5956776.0,,0,0
8883727.0,,0,0
4820550.0,,1,1
6516874.0,,0,0
11709124.0,Kepler-154 b,2,2
9161118.0,,0,0
3556229.0,,0,0
11911580.0,,0,0
9480535.0,Kepler-1527 b,2,2
10583225.0,,0,0
5215251.0,,0,0
10383696.0,,0,0
9777090.0,,0,0
11455484.0,,0,0
2446623.0,,0,0
9596089.0,,0,0
5738506.0,,0,0
9777087.0,,0,1
4247807.0,,0,0
11547869.0,,1,1
7700590.0,,0,0
9053086.0,,0,0
3128552.0,Kepler-1073 c,2,2
5467113.0,,0,0
8240123.0,,0,0
5114623.0,,0,0
5114623.0,,0,0
10031907.0,,0,0
6525946.0,,1,0
5480736.0,,0,0
8487748.0,,0,0
9892856.0,,0,0
7137213.0,,0,0
6795089.0,,0,0
3340313.0,,0,0
9892816.0,Kepler-342 c,2,2
4150804.0,Kepler-1513 b,2,2
5021174.0,,0,0
9025971.0,Kepler-1657 b,2,2
2581316.0,Kepler-1514 b,2,2
9973109.0,,1,1
6314185.0,,0,0
8620561.0,,0,0
8937019.0,,0,0
9896435.0,,0,0
10352938.0,,0,1
10676927.0,,0,0
5649836.0,,0,0
7620660.0,,0,0
3836399.0,,0,0
2581554.0,Kepler-1521 b,2,2
3128552.0,Kepler-1073 d,2,2
10363115.0,Kepler-1929 b,2,2
5966810.0,,1,1
10491062.0,,0,0
9761615.0,Kepler-1528 b,2,2
4058881.0,,0,0
6863158.0,,1,0
2581316.0,Kepler-1514 c,2,1
8621353.0,,0,0
10795103.0,Kepler-1515 b,2,2
9394601.0,,0,0
8494410.0,,0,0
8494410.0,Kepler-1516 b,2,2
6863161.0,,0,0
7840035.0,,0,0
8543279.0,,0,0
8047283.0,,0,0
8308347.0,,1,1
7090867.0,,0,0
7612691.0,,0,0
9761573.0,,0,0
8042789.0,,0,0
10095484.0,,0,0
5467102.0,,0,0
6780367.0,,0,0
10281221.0,,1,1
6525946.0,,1,1
5471496.0,,0,0
4544620.0,,0,0
5784777.0,Kepler-1529 b,2,2
6863187.0,,0,0
6949061.0,Kepler-343 c,2,2
9719636.0,,0,0
2452440.0,,0,0
5020034.0,,0,0
7017372.0,,1,1
6974867.0,,0,0
7102316.0,Kepler-351 d,2,2
11518142.0,Kepler-1519 b,2,2
3114667.0,,0,0
12109845.0,,0,0
3954227.0,,0,0
8651551.0,,0,0
7115550.0,,0,0
9532637.0,,0,0
5305451.0,,0,0
7174349.0,,0,0
11824218.0,,0,0
3128552.0,,1,1
10788461.0,Kepler-1530 d,2,2
10788461.0,Kepler-1530 b,2,2
10788461.0,Kepler-1530 c,2,2
11667548.0,,0,0
8868649.0,,0,0
9715939.0,,0,0
6887030.0,,1,1
4751083.0,,0,0
4751083.0,,0,0
5903301.0,,0,0
7695087.0,,0,0
6200709.0,,0,0
8323764.0,,1,0
7013923.0,,0,0
5360082.0,,0,0
6543683.0,,0,0
5008245.0,,1,1
10555365.0,,0,0
5481426.0,,0,0
7983756.0,,0,0
7289165.0,,0,0
12784167.0,Kepler-1522 b,2,2
8949316.0,,0,0
8912730.0,,0,0
9784230.0,,0,0
11466960.0,,0,0
3124420.0,,0,0
4649440.0,,0,0
2437488.0,,0,0
10083623.0,,0,0
11253711.0,Kepler-1031 b,2,2
8043052.0,,0,0
5435816.0,,0,0
8559589.0,,0,0
4372765.0,,0,0
9489524.0,Kepler-352 d,2,2
10268903.0,,0,0
7017437.0,,0,0
7220320.0,,0,0
9291378.0,,0,0
4075067.0,,1,0
4949524.0,,0,0
2697935.0,,0,0
6531143.0,,0,1
3550434.0,,0,0
2558370.0,,0,0
12301181.0,,1,1
5397166.0,,0,0
7024530.0,,0,0
5015459.0,,0,0
11709124.0,Kepler-154 e,2,2
8505920.0,Kepler-1090 b,2,2
1433980.0,,0,0
2438490.0,,0,0
3838496.0,,0,0
6470521.0,,0,0
2449090.0,,0,0
5652260.0,,0,0
2569494.0,,0,0
12405950.0,,0,0
5206233.0,,0,0
7031066.0,,0,0
6775985.0,,0,0
11357192.0,,0,0
9533489.0,,0,0
11825057.0,,0,0
12306699.0,,0,0
9692336.0,,0,0
9641008.0,,0,0
8588377.0,,0,0
3644601.0,,0,0
4242692.0,Kepler-1531 b,2,0
8781480.0,,0,0
6783732.0,,0,0
11607176.0,,0,0
10661718.0,,0,0
6105462.0,Kepler-1093 c,2,2
8257205.0,Kepler-1038 c,2,2
6470516.0,,0,0
6891124.0,,1,1
7770471.0,,0,0
5130380.0,,0,0
6314173.0,,0,0
5688997.0,,0,0
9489524.0,,1,1
7031340.0,,0,0
4073730.0,,0,0
2854948.0,,0,0
7813039.0,,1,1
3644601.0,,0,0
8459354.0,,0,0
6531617.0,,1,1
4164922.0,Kepler-1698 b,2,2
12061969.0,Kepler-2001 b,2,2
4164922.0,,1,2
10328393.0,Kepler-332 d,2,2
10259029.0,,0,0
8299947.0,,0,0
3335813.0,,0,0
11858741.0,,0,0
6363494.0,,0,0
2576107.0,,0,0
9532421.0,,0,0
6936966.0,,0,0
5653849.0,,0,0
2437060.0,,0,0
8127648.0,,0,0
11564013.0,,0,0
9405541.0,,0,0
8906045.0,,0,0
7031638.0,,0,0
7296094.0,,0,0
5437945.0,Kepler-460 b,2,2
12009347.0,,0,1
4037163.0,,0,0
5535890.0,,0,2
5215980.0,,0,0
9353742.0,Kepler-1523 b,2,2
9178185.0,,0,0
6290382.0,,0,0
3327992.0,,0,0
5649206.0,,0,0
5193384.0,,0,0
5181804.0,,0,0
10491544.0,,0,0
9101496.0,Kepler-335 c,2,2
11450414.0,Kepler-347 c,2,2
4937143.0,,0,0
8719324.0,,0,0
11241814.0,,0,0
5036537.0,,0,0
9837083.0,,0,0
12557548.0,Kepler-1520 b,2,2
3657758.0,Kepler-1065 c,2,2
7031726.0,,0,0
3338660.0,,0,0
3338674.0,,0,0
5546277.0,,0,0
8258160.0,,0,0
9752982.0,,0,0
4666008.0,,0,0
8430105.0,,0,0
9517393.0,Kepler-1085 b,2,2
8052474.0,,0,0
3534118.0,,0,0
3534118.0,,0,0
2441161.0,,0,0
3231120.0,,0,0
12216706.0,,0,0
12216706.0,,0,0
10735331.0,,0,0
7763269.0,,0,0
8365739.0,,1,0
5471606.0,,0,0
11200405.0,,0,0
5475736.0,,0,0
9049673.0,,0,0
7031898.0,,0,0
9593759.0,,0,0
8827930.0,,1,1
5020044.0,,0,0
11560037.0,,0,0
11911561.0,,0,0
6547322.0,,0,0
3440118.0,Kepler-1928 b,2,2
9159265.0,,0,0
4472818.0,Kepler-1524 b,2,2
5816806.0,,0,0
6531496.0,,0,0
9661869.0,,0,0
6790592.0,,1,1
9411166.0,Kepler-1016 c,2,2
3097352.0,,0,0
6066379.0,,0,0
6508221.0,,1,1
12154526.0,Kepler-1047 c,2,2
6952971.0,,1,1
3459199.0,,0,0
6973796.0,,0,0
12023089.0,,0,0
6286155.0,,0,0
7831363.0,,0,0
8804845.0,Kepler-1067 b,2,2
4663185.0,,0,0
5305471.0,,0,0
5560830.0,,0,0
4147444.0,,1,1
8211824.0,,0,0
5980800.0,,0,0
9592850.0,,0,0
6227560.0,,0,0
5866104.0,,0,0
8256044.0,,0,0
8780968.0,,0,0
6960446.0,,0,0
8264097.0,,0,0
7515679.0,Kepler-1517 b,2,2
9674592.0,,0,0
9674592.0,,0,0
10879213.0,,0,0
5650314.0,,0,0
6962901.0,,0,0
8302302.0,,0,0
10581918.0,,0,0
3851949.0,,0,0
9097892.0,,0,0
5769943.0,,1,1
4638237.0,,1,1
9351316.0,Kepler-1086 c,2,2
4579313.0,,0,0
11614528.0,,0,0
8848288.0,,0,0
6590307.0,,0,0
5308419.0,,0,0
6312521.0,,0,0
4579321.0,,0,0
5202905.0,Kepler-340 b,2,2
1575690.0,,0,0
4386047.0,,0,0
5103998.0,,0,0
9655858.0,,0,0
12154526.0,,1,0
10275880.0,,0,0
2166200.0,,0,0
3547315.0,,0,0
6933781.0,,0,0
6148271.0,,0,0
5386904.0,,0,1
2997178.0,,0,0
8956206.0,,0,0
6507433.0,,1,1
8260198.0,,0,0
10733174.0,,0,0
8564976.0,,0,0
8765560.0,,1,1
11760860.0,Kepler-1525 b,2,1
7910148.0,,0,0
12459731.0,,0,0
12735740.0,Kepler-86 b,2,2
4678875.0,,0,0
7812175.0,,0,0
7708193.0,,0,0
5478083.0,,0,0
10857342.0,,0,0
5215700.0,,0,0
8780959.0,,0,0
8780959.0,,1,1
5565486.0,,0,0
8453214.0,,0,0
8552719.0,Kepler-953 b,2,2
8556077.0,,0,0
7757698.0,,0,0
8625821.0,,0,0
8652999.0,,0,2
12164770.0,,0,0
9541322.0,,0,0
10470616.0,,0,0
10362031.0,,0,0
6373680.0,,0,0
10963242.0,,0,0
9150827.0,,0,0
9957351.0,,0,0
5385575.0,,0,0
3732035.0,Kepler-1535 b,2,2
5385697.0,,0,0
5385697.0,,0,0
8823833.0,,0,0
5008501.0,,1,0
5015913.0,,0,0
5103942.0,,0,0
5184709.0,,1,1
5195172.0,Kepler-1763 b,2,2
8678664.0,,0,0
8832512.0,Kepler-963 b,2,2
8892721.0,,0,0
7778664.0,,1,1
9042357.0,,0,0
9115681.0,,0,0
10481045.0,,0,0
8107034.0,,0,0
3962751.0,,0,0
8582291.0,,0,0
5110683.0,,0,0
7967861.0,,0,0
8179325.0,,0,0
5211199.0,,1,1
5475494.0,,0,0
9412445.0,,0,0
7866914.0,,0,0
6057684.0,,0,0
5271608.0,,0,0
5357470.0,,0,0
5443775.0,,0,0
5527172.0,,0,0
7386391.0,,0,2
5529643.0,,0,0
9366989.0,,0,0
9468717.0,,0,0
9528420.0,,0,0
9529744.0,,0,0
7834712.0,,1,1
9574614.0,,1,1
9674608.0,,0,0
8495415.0,,0,0
10341905.0,,0,0
10336927.0,,0,0
12115188.0,,0,1
9850957.0,,0,0
12470954.0,,0,0
8189801.0,,1,1
11568224.0,,0,0
7938883.0,,0,0
9280239.0,Kepler-1536 b,2,0
4544571.0,,0,0
3245661.0,,0,0
5618071.0,,0,1
6312534.0,,0,0
6470917.0,,0,0
7431709.0,,0,0
6611330.0,,0,0
6699368.0,,0,0
9886255.0,Kepler-976 b,2,2
9973855.0,,0,2
10019399.0,,0,0
7841368.0,,0,2
10028352.0,,1,1
10031707.0,,0,0
10092312.0,,0,0
10407054.0,,0,0
10880007.0,,0,0
8418129.0,,0,0
6525185.0,,0,0
10812504.0,,0,2
8107115.0,,0,0
10663411.0,,0,0
10090219.0,,0,0
9205938.0,Kepler-1126 c,2,2
9899217.0,,0,0
6750902.0,,0,0
5895588.0,,0,0
6803855.0,Kepler-930 b,2,2
6891366.0,,0,0
7448023.0,,0,0
6891637.0,,0,0
6975615.0,,0,0
7137725.0,,0,0
10153855.0,Kepler-1037 b,2,2
10230571.0,,0,0
10294613.0,,0,0
7879648.0,,0,0
10491044.0,,0,0
10614012.0,,0,0
10616415.0,,0,0
6525193.0,,0,0
6866251.0,,0,0
7117710.0,,0,0
7762723.0,Kepler-1867 b,2,2
4178606.0,Kepler-1326 b,2,2
5980208.0,Kepler-1331 b,2,2
5303557.0,,0,0
10227863.0,,0,0
7281668.0,,0,0
8036287.0,Kepler-1537 b,2,2
9602562.0,,0,0
10668665.0,,0,0
10407020.0,,0,0
7380829.0,,0,0
7470491.0,,0,0
7768952.0,,0,0
8162790.0,,0,2
9655129.0,,0,0
9899483.0,,0,0
10917681.0,,1,2
7882360.0,,0,0
10965740.0,,0,0
11187436.0,Kepler-957 b,2,2
11285136.0,,0,1
11298815.0,,0,0
11342573.0,,0,0
7134626.0,,1,1
9823519.0,Kepler-1350 b,2,2
11246161.0,,1,1
7047824.0,Kepler-1353 b,2,2
4479633.0,,0,0
4952341.0,,0,0
8176019.0,,0,0
5385491.0,,0,0
11358389.0,Kepler-365 c,2,2
5551504.0,,0,0
6421503.0,,0,0
10352333.0,,1,1
7538434.0,,0,0
10487119.0,,0,0
10621666.0,,0,0
10747439.0,,0,0
10749128.0,,0,0
10813841.0,,0,2
10879656.0,,0,0
12253474.0,,1,1
12691412.0,,0,0
5024482.0,,0,0
8175131.0,,0,2
3764879.0,,1,1
7177766.0,,0,0
5513897.0,,0,0
10664416.0,,0,0
9602613.0,Kepler-1994 b,2,2
5807769.0,Kepler-1289 b,2,2
11495766.0,,0,0
7282154.0,,0,0
3228988.0,,0,0
2970804.0,,0,0
7552701.0,,0,0
7418173.0,,0,0
3228804.0,,0,0
11045383.0,,0,0
11391667.0,,0,0
11392017.0,,0,0
3446451.0,,0,0
6603756.0,,0,0
8460600.0,,0,0
12121470.0,,0,0
3327993.0,,0,0
5467124.0,,0,0
7906739.0,,0,0
2860114.0,,0,0
8501062.0,,0,0
7199644.0,,0,0
11966253.0,,0,0
10275805.0,,0,0
5709889.0,,0,0
3119256.0,,0,0
9943435.0,,0,0
2442359.0,,0,0
7707742.0,,0,0
6041734.0,Kepler-1129 c,2,2
2010191.0,,0,0
5471675.0,,0,0
7601665.0,,1,1
8845574.0,,0,0
2021440.0,,0,0
3122985.0,,0,0
3248019.0,,0,0
3328026.0,,0,0
7116024.0,,0,0
2014991.0,,0,0
12885212.0,,0,0
5894073.0,,0,2
10518424.0,,0,0
4245933.0,,0,0
7199724.0,,0,0
12935144.0,,0,0
6185496.0,,0,0
6606438.0,Kepler-1883 b,2,2
9149789.0,,1,1
12170648.0,,0,1
7051984.0,,1,1
7282168.0,,0,0
9851943.0,,0,0
5773121.0,Kepler-1932 b,2,2
2708420.0,,0,0
4814502.0,Kepler-1933 b,2,2
8142787.0,Kepler-439 b,2,2
7613620.0,,1,0
3345675.0,,1,0
3654950.0,,0,0
3836453.0,,0,0
3952651.0,,0,0
3966262.0,,0,0
4144231.0,,0,0
9964670.0,,0,0
6209798.0,,0,0
6525249.0,,0,0
11075429.0,Kepler-1137 b,2,2
11705004.0,Kepler-1806 b,2,2
6137681.0,,0,0
11244682.0,Kepler-1699 b,2,1
9655419.0,,0,0
5895158.0,Kepler-1532 b,2,2
4947556.0,,1,2
7287028.0,,1,1
5471690.0,,0,0
8376848.0,,1,1
5350447.0,,0,0
4173026.0,Kepler-1801 c,2,2
8934103.0,Kepler-1538 b,2,2
7618364.0,,0,0
4150390.0,,0,0
4851464.0,,0,0
4913000.0,,0,0
4945877.0,,0,0
5110423.0,,0,0
2581191.0,,0,0
7379385.0,,0,0
6199702.0,,0,0
6307083.0,,0,2
6780158.0,,0,0
7199756.0,,0,0
4947556.0,Kepler-1930 b,2,2
7362696.0,,0,0
3865595.0,,0,0
9593528.0,,0,0
5195945.0,,0,0
7300182.0,,1,1
5288577.0,,0,0
11969988.0,,0,0
8483258.0,,0,0
4832225.0,,0,0
9009953.0,Kepler-1700 b,2,2
7664272.0,,0,0
5302006.0,,0,0
5306720.0,,0,0
5389540.0,,0,2
5444384.0,,0,0
5450814.0,,0,0
7116519.0,,0,0
9635510.0,,0,0
8076630.0,,0,0
4077901.0,,0,0
10271691.0,,0,0
10544677.0,,0,0
7199883.0,,0,0
9904006.0,,1,2
8552587.0,,0,0
6019872.0,,0,0
7679812.0,Kepler-1931 b,2,2
4864734.0,,0,0
7366501.0,,1,1
8282846.0,Kepler-1539 b,2,2
5938970.0,Kepler-1540 b,2,2
8381693.0,,0,0
4929299.0,,0,0
7375348.0,Kepler-508 b,2,2
10223615.0,,0,1
3342463.0,,0,0
6680177.0,,0,0
5565497.0,,0,0
5730389.0,,0,0
5802478.0,,0,2
5942093.0,,0,0
5992270.0,,0,1
7117126.0,,0,0
4761060.0,,0,0
5479802.0,,0,2
5607631.0,,0,0
4951249.0,,0,2
9156585.0,,0,1
3121340.0,,0,0
8636434.0,Kepler-1533 b,2,1
5952366.0,,0,0
5952366.0,,0,0
6045250.0,,0,0
5598595.0,,0,0
6681233.0,,0,0
7296438.0,,1,0
7351237.0,,0,0
7436215.0,,0,0
9763754.0,,0,0
10216045.0,,0,1
8846163.0,,0,0
12366681.0,,0,0
1996399.0,,0,0
2697169.0,,0,0
8435247.0,,0,0
8332986.0,,0,0
9425139.0,,1,1
6364327.0,,0,0
6762829.0,,0,0
7369865.0,,0,0
7593110.0,,0,0
7810483.0,Kepler-1676 b,2,2
7117147.0,,0,0
6634133.0,,0,0
7021534.0,,0,0
9277210.0,,0,0
9728465.0,,0,0
7124026.0,,0,0
7200485.0,,0,0
9904006.0,Kepler-361 b,2,2
4544572.0,,0,0
5738634.0,,0,0
10152836.0,,0,1
10651816.0,,0,0
7367164.0,,1,1
6964043.0,,0,0
3644523.0,,0,0
11909686.0,,0,0
6678383.0,,0,0
12644769.0,,0,0
6233890.0,,0,0
7671950.0,,1,1
7918172.0,,0,0
8009496.0,,0,2
8081187.0,Kepler-1025 b,2,0
8111919.0,,0,0
8127586.0,,0,2
7117485.0,,0,0
2860793.0,,0,0
3851130.0,,0,2
7257363.0,,0,0
11922722.0,,0,0
12061969.0,Kepler-2001 c,2,2
7203326.0,,0,2
8030339.0,,0,0
9899414.0,,0,0
5471059.0,,0,0
7458309.0,,0,0
7777372.0,,0,0
7377200.0,,0,1
6312314.0,,0,0
6387969.0,,0,0
6468337.0,,0,0
9084778.0,,1,1
10357040.0,,0,0
10514429.0,,0,0
7747103.0,,1,1
8127607.0,,0,0
8129042.0,,0,0
8180020.0,,0,0
8223328.0,,0,0
8444552.0,,0,0
6342333.0,Kepler-1789 b,2,2
10674871.0,,1,1
6032517.0,,0,0
4768846.0,,0,0
8260234.0,,0,0
7210749.0,,0,0
9282769.0,,0,0
10404582.0,Kepler-362 b,2,1
7777416.0,,0,0
7597005.0,,0,0
5479717.0,,0,0
3764714.0,,0,0
11392618.0,,0,2
4474645.0,,0,0
4570949.0,Kepler-76 b,2,1
4927315.0,,0,2
4928119.0,,0,0
11518201.0,,1,1
10861608.0,,0,0
10934313.0,,0,0
11497958.0,Kepler-296 e,2,2
7516809.0,,0,0
6115516.0,,0,0
9758032.0,,1,1
6444896.0,Kepler-1649 b,2,2
5640511.0,,0,0
7336093.0,,0,0
10196493.0,,0,1
11442793.0,Kepler-90 c,2,2
11442793.0,Kepler-90 b,2,2
7812455.0,,0,0
9520443.0,,0,0
10601465.0,,0,0
7461307.0,,0,0
7269881.0,,0,0
6974658.0,,1,1
10964265.0,,0,0
8672910.0,,0,1
3233043.0,,0,0
7269493.0,,0,0
9634821.0,,1,1
8753896.0,,0,0
11074835.0,,0,0
10812504.0,,0,1
9827149.0,,0,0
9602613.0,,1,1
7584650.0,,0,0
9758089.0,Kepler-1996 b,2,2
10005758.0,Kepler-1662 c,2,2
9823564.0,,0,0
9532424.0,,0,2
9950316.0,,0,0
6028860.0,,0,0
6778019.0,,0,0
4571536.0,,0,0
10904004.0,,1,1
3336283.0,,0,0
5695904.0,,0,0
1725415.0,,0,0
11304987.0,,0,0
11709423.0,,0,0
8758136.0,,0,0
12405333.0,Kepler-1409 b,2,2
10617638.0,,0,0
12833566.0,,0,0
9153554.0,,0,0
8161830.0,,0,0
6461850.0,,0,0
7613246.0,,0,0
11551715.0,,0,0
2715695.0,Kepler-1899 b,2,2
11442793.0,Kepler-90 e,2,2
6312171.0,,0,0
10665043.0,,0,0
12352520.0,Kepler-1904 b,2,2
7455981.0,Kepler-1425 b,2,2
7107561.0,,0,0
9605552.0,,1,1
11237332.0,,0,0
8669092.0,,0,0
5474613.0,Kepler-1659 b,2,2
9823519.0,Kepler-1350 c,2,2
2715695.0,,1,1
10587105.0,Kepler-529 d,2,2
8558011.0,Kepler-607 b,2,2
7885494.0,,0,0
5281714.0,,0,0
5283728.0,,1,1
5289857.0,,0,0
5303185.0,,0,0
5308777.0,,0,0
5364090.0,,0,0
5370944.0,,0,0
5374838.0,,1,2
6364143.0,,0,0
6364307.0,,0,0
6366559.0,,1,1
6367663.0,,1,1
6368905.0,,1,1
6369548.0,,0,0
6372194.0,,1,1
6387557.0,,1,1
3098843.0,,0,0
3958301.0,,0,0
5353137.0,,0,0
4932689.0,,0,0
5294945.0,,1,1
7742408.0,Kepler-1697 b,2,2
3968809.0,,1,1
3970397.0,,0,0
3973549.0,,0,0
3974928.0,,1,1
4058169.0,,0,0
4063943.0,,1,0
4068391.0,,0,0
4071638.0,,1,1
5390913.0,,1,0
5391911.0,,0,0
5394585.0,,1,1
5397106.0,,0,0
5425643.0,,1,0
5425908.0,,0,0
5428199.0,,1,1
5436415.0,,0,0
6387887.0,,0,0
6425377.0,,1,1
6428602.0,,0,0
6442735.0,,1,1
6443093.0,,1,1
6447372.0,,0,0
6461675.0,,0,1
6509282.0,,1,1
8231667.0,Kepler-1926 b,2,2
6697817.0,,1,1
3439096.0,,0,0
3324644.0,,0,0
5437945.0,Kepler-460 c,2,2
1161949.0,,0,0
4077252.0,,0,0
4077767.0,,0,0
4135912.0,,1,2
4144238.0,,0,0
4147171.0,,0,0
4149060.0,,0,0
4150972.0,,1,1
4160006.0,,0,0
5436455.0,,1,1
5439000.0,,1,1
5440435.0,,0,0
5440472.0,,0,1
5440651.0,,0,0
5443320.0,,1,1
5446961.0,,0,0
5467126.0,,0,0
6511182.0,,1,1
6517064.0,,1,1
6517200.0,,1,1
6517255.0,,1,1
6522124.0,,0,0
6525196.0,,0,0
6525398.0,,0,0
6526377.0,,0,0
1164301.0,,1,1
1297263.0,,0,0
1429589.0,,1,1
1572948.0,,0,0
1725193.0,,0,0
1865864.0,,1,1
1870398.0,,0,0
1873513.0,Kepler-1624 b,2,2
4164511.0,,1,1
4179201.0,,0,0
4241238.0,,1,1
4242806.0,,0,0
4245861.0,,0,0
4246343.0,,0,0
4253860.0,,0,0
4274816.0,,0,0
5470851.0,,0,0
5471108.0,,0,0
5524229.0,,1,1
5525484.0,,0,0
5529385.0,,1,1
5547424.0,,0,0
5551240.0,Kepler-1626 b,2,2
6527229.0,,0,0
6543192.0,,1,1
6543674.0,,0,0
6548429.0,,0,0
6594945.0,,1,1
6599305.0,,0,0
6600515.0,,0,0
6608090.0,,0,0
2010607.0,,0,0
2015013.0,,0,0
2019199.0,,1,1
2158460.0,,1,1
2163226.0,,0,0
2165352.0,,0,0
2305255.0,,0,0
2305543.0,,0,0
4276114.0,,0,0
4281023.0,,0,0
4281700.0,,0,0
4346339.0,,1,0
4365461.0,,0,0
4366923.0,,0,0
4449752.0,,0,0
4455763.0,,0,0
5563057.0,,0,0
5565261.0,,0,0
5602409.0,,0,0
5603270.0,,0,0
5612111.0,,0,0
5616628.0,,0,0
5623137.0,,0,0
6611779.0,,0,0
6612411.0,,0,0
6612973.0,,0,0
6615600.0,,0,0
6634112.0,,1,0
6635813.0,,0,0
6675757.0,,1,1
6677415.0,,0,0
2309910.0,,0,0
2310993.0,,1,1
2437209.0,,0,0
2437653.0,,1,1
2438406.0,,0,1
2452289.0,,0,0
2555080.0,,1,1
2569488.0,,0,0
4459503.0,,0,0
4464689.0,,0,0
4469825.0,,0,0
4470888.0,,0,0
4471313.0,,1,1
4478142.0,,1,1
4484179.0,,1,0
5623839.0,,0,0
5650420.0,,0,0
5650930.0,,1,1
5653152.0,,0,0
5653163.0,,0,0
5685113.0,,0,0
5697395.0,,1,0
5698524.0,,0,0
6784887.0,,0,0
6805414.0,,1,1
6864891.0,,0,2
6869373.0,,1,1
6875342.0,,1,1
6879183.0,,1,2
7891264.0,,0,2
6880123.0,,0,0
6891512.0,,0,0
2569516.0,,0,0
2570432.0,,0,0
2574543.0,,0,0
2578811.0,,0,0
7897936.0,,0,0
2582800.0,,0,0
2707916.0,,0,0
2708270.0,,0,0
4540508.0,,0,0
4565943.0,,0,0
4566848.0,,1,1
4570555.0,,0,0
4586482.0,,0,0
4647949.0,,0,0
4678873.0,,0,0
4732015.0,,0,0
5709014.0,,0,0
5732636.0,,0,0
5734702.0,,1,0
5779606.0,,0,0
5780194.0,,0,0
5781991.0,,0,0
5784803.0,,0,0
5791713.0,,0,0
6681473.0,,0,0
6688318.0,,0,0
6690523.0,,0,0
6692742.0,,0,0
6695801.0,,0,0
6699562.0,,0,0
6707260.0,,0,0
6718474.0,,0,1
2710101.0,,0,1
2711123.0,,0,0
2833632.0,,0,0
2836076.0,,0,0
2850321.0,,0,0
2861126.0,,0,0
2861298.0,,1,1
2987433.0,,0,0
4732137.0,,0,0
4736439.0,,0,0
4737848.0,,1,1
4740375.0,,0,0
4741777.0,,0,0
4750406.0,,0,0
4750962.0,,1,1
4760478.0,Kepler-1625 b,2,2
5793275.0,,1,1
5794687.0,,0,0
5817712.0,,0,0
5857656.0,,1,1
5858519.0,,0,0
5859725.0,,1,1
5869272.0,,0,0
5905728.0,,0,0
6719052.0,,1,1
6721603.0,,1,1
6756369.0,,1,0
6762188.0,,0,0
6765563.0,,1,1
6766583.0,,0,2
6767337.0,,0,0
6776555.0,,1,1
2992634.0,,1,0
3001955.0,,1,1
3003673.0,,0,0
3101178.0,,1,1
3117115.0,,0,0
3120397.0,,0,2
3222680.0,,0,0
3239171.0,,1,2
4761427.0,,1,1
4769799.0,,0,0
4770798.0,,1,1
4813750.0,,1,2
4814168.0,,0,0
4815612.0,,0,0
4819158.0,,0,0
4833409.0,,1,1
5942112.0,,0,0
5946568.0,,1,1
5949765.0,,0,0
5954894.0,,1,1
5956038.0,,0,0
5963591.0,,0,0
5965629.0,,1,1
6934045.0,,1,1
6939913.0,,1,1
6947062.0,,0,0
6948815.0,,0,0
6952570.0,,0,0
7009548.0,,1,1
7011044.0,,0,1
7013635.0,,0,0
3240049.0,,0,0
3242039.0,,1,0
3245638.0,,0,0
3329985.0,,0,0
3340165.0,,1,1
3341760.0,,0,0
3341982.0,,0,1
3355104.0,,1,1
4840327.0,,0,0
4843751.0,,0,0
4856592.0,,0,0
4863260.0,,0,0
4902673.0,,0,0
4912650.0,,1,1
4914221.0,,1,1
4914399.0,,0,0
5967194.0,,0,0
5980354.0,,0,0
5981058.0,,1,1
5986270.0,,0,0
5989391.0,,0,2
6021840.0,,1,0
6023571.0,,1,1
6025174.0,,1,2
3356156.0,,1,0
3425363.0,,1,1
3428127.0,,1,1
3428359.0,,0,0
3439031.0,,0,0
3441795.0,,1,1
3449540.0,,0,0
3449870.0,,0,0
4915582.0,,1,1
4917357.0,,0,0
4917658.0,,0,0
4918303.0,,1,1
4927738.0,,0,0
4937140.0,,0,0
4940376.0,,1,1
4945035.0,,0,0
6033602.0,,0,0
6034379.0,,1,0
6034834.0,,1,1
6036286.0,,1,1
6038152.0,,1,1
6043490.0,,1,1
6045404.0,,1,1
6047853.0,,0,0
3459529.0,,0,0
3532510.0,,0,0
3540873.0,,1,1
3542117.0,,0,0
3542928.0,,0,1
3545749.0,,0,0
3546821.0,,0,0
3548645.0,,1,1
4946581.0,,0,0
4953262.0,,1,1
4996558.0,,0,0
5006817.0,,0,0
5008775.0,,0,0
5015027.0,,0,0
5016163.0,,0,0
5024476.0,,0,0
6058896.0,,0,0
6062298.0,,0,0
6065010.0,,0,0
6067545.0,,1,1
6115356.0,,1,1
6116605.0,,0,0
6118840.0,,0,0
6129632.0,,0,1
3553900.0,,1,1
3554819.0,,0,0
3555178.0,,0,0
3632330.0,,0,0
3641216.0,,0,0
3644399.0,,0,0
3644649.0,,0,0
5027859.0,,1,1
5032842.0,,0,1
5036052.0,,1,1
5037742.0,,0,0
5039053.0,,0,0
5080565.0,,0,2
5091808.0,,0,0
6139220.0,,0,0
6143819.0,,0,0
6145939.0,,0,0
6149980.0,,0,1
6184894.0,Kepler-1627 b,2,2
6195792.0,,0,0
6197658.0,,1,1
6198670.0,,1,1
3646449.0,,1,1
3646515.0,,0,0
3647097.0,,1,1
3730176.0,,0,0
3748239.0,,1,0
3751118.0,,1,1
3755522.0,,0,0
5094412.0,,1,1
5105886.0,,0,0
5110453.0,,1,1
5113146.0,,0,0
5130563.0,,0,0
5131276.0,,0,0
5166811.0,,1,1
5174677.0,,0,0
6203955.0,,1,1
6205384.0,,0,0
6205405.0,,0,0
6206470.0,,0,0
6263468.0,,0,1
6266866.0,,1,1
6277594.0,,0,0
9002278.0,Kepler-62 f,2,2
6026438.0,Kepler-354 c,2,1
3229150.0,,1,0
11360805.0,,1,1
3757521.0,,1,0
3758499.0,,1,1
3763724.0,,0,0
3834728.0,,1,1
3836450.0,,0,0
3836509.0,,0,0
3836522.0,,0,2
3846515.0,,0,0
5179609.0,,0,0
5181086.0,,0,0
5181299.0,,1,1
5184144.0,,1,1
5192660.0,,0,0
5193813.0,,0,0
5199426.0,,0,0
5211631.0,,0,0
6281127.0,,0,0
6285906.0,,0,1
6287131.0,,0,0
6289459.0,,0,0
6289897.0,,0,0
6290467.0,,0,0
6309307.0,,1,1
6342980.0,,0,0
8753896.0,Kepler-389 c,2,2
4150611.0,,0,0
4150611.0,,0,0
4909707.0,,0,0
7919516.0,,0,0
6850665.0,,0,0
4948730.0,,0,0
3848665.0,,0,0
3848919.0,,0,0
3848948.0,,0,0
3852865.0,,0,0
3854101.0,,0,0
3858926.0,,0,1
3859890.0,,0,1
3863877.0,,1,1
5213005.0,,0,0
5213811.0,,0,0
5255259.0,,1,2
5260419.0,,0,1
5262539.0,,0,0
5263802.0,,0,0
5265982.0,,0,0
5271637.0,,0,0
6346894.0,,1,0
6347434.0,,0,0
6347890.0,,1,0
6350031.0,,1,1
6359881.0,,1,1
6359929.0,,1,1
6363560.0,,0,0
6364064.0,,0,0
11177676.0,Kepler-1454 b,2,2
4936990.0,,0,0
7130418.0,,0,2
12208887.0,,0,0
10711551.0,,0,0
7919867.0,,0,0
11081512.0,,0,0
3865815.0,,1,0
3867593.0,,0,0
3941219.0,,0,0
3953106.0,,0,0
3953212.0,,0,0
3955444.0,,1,1
3962728.0,,0,0
3965326.0,,0,0
9265521.0,,0,0
9268456.0,,0,0
9271739.0,,0,0
9274092.0,,1,1
9274431.0,,0,0
9282853.0,,1,1
9292100.0,,1,1
9300066.0,,1,1
10186761.0,,1,1
10189542.0,,0,1
10191056.0,,0,0
10191449.0,,1,1
10199984.0,,1,1
10201891.0,,0,0
10208477.0,,0,0
10222603.0,,0,1
7581535.0,,0,0
7592339.0,,0,0
7598326.0,,0,0
7599004.0,,0,0
7618231.0,,0,0
7619667.0,,0,0
7625138.0,,1,1
8507073.0,,0,0
8507586.0,,1,1
8509781.0,,0,0
8510197.0,,0,0
8516349.0,,0,0
8525101.0,,1,1
8525286.0,,1,0
8542879.0,,0,1
9304976.0,,1,2
9306677.0,,0,0
9330740.0,,1,0
9334027.0,,1,1
9357578.0,,0,0
9362842.0,,0,0
9363944.0,,1,1
9368524.0,,0,0
10227881.0,,0,0
10266852.0,,0,0
10272858.0,,1,1
10292000.0,,0,0
10319341.0,,0,0
10319834.0,,1,0
10320341.0,,0,0
10339000.0,,1,1
7625143.0,,1,1
7631138.0,,1,1
7658229.0,,0,0
7662502.0,,1,0
7672215.0,,1,1
7674050.0,,0,0
7690782.0,,1,1
7700561.0,,0,0
8546464.0,,0,0
8547213.0,,1,0
8547366.0,,0,0
8547525.0,,0,0
8547537.0,,1,1
8548403.0,,0,0
8548454.0,,1,1
8552607.0,,0,0
9390655.0,,0,2
9391817.0,,1,1
9394762.0,,0,2
9394953.0,,1,1
9397862.0,,1,1
9402670.0,,0,0
9402859.0,,0,0
9407689.0,,0,0
10356840.0,,0,0
10387792.0,,1,1
10394802.0,,1,1
10399137.0,,0,0
10416390.0,,0,0
10419108.0,,0,0
10453009.0,,1,1
10459749.0,,1,1
7701809.0,,0,0
7731281.0,Kepler-1628 b,2,2
7743464.0,,0,0
7747091.0,,1,1
7747197.0,,0,1
7750342.0,,0,0
7751133.0,,0,0
7757620.0,,1,0
8560475.0,,0,0
8561192.0,,0,0
8570210.0,,1,0
8571421.0,,1,1
8574794.0,,1,1
8575061.0,,0,1
8612291.0,,0,0
8613769.0,,1,1
9412267.0,,0,0
9417931.0,,1,1
9418508.0,,0,0
9449320.0,,0,1
9451521.0,,0,0
9455322.0,,0,0
9455526.0,,0,0
9456887.0,,1,1
10470779.0,,1,1
10480952.0,,0,0
10487228.0,,1,1
10519727.0,,1,1
10525077.0,,1,1
10535708.0,,1,1
10547378.0,,0,0
10548411.0,,0,0
7762153.0,,1,0
7762717.0,,0,0
7767781.0,,1,0
7770901.0,,1,1
7800285.0,,0,0
7804128.0,,0,0
7809049.0,,0,0
7811057.0,,0,0
8622875.0,,0,0
8644545.0,,1,1
8644911.0,,1,2
8652997.0,,1,0
8655076.0,,0,0
8656535.0,,1,1
8671707.0,,0,0
8676061.0,,0,0
9457533.0,,0,0
9463329.0,,0,0
9466486.0,,1,0
9472328.0,,1,1
9472341.0,,1,1
9474485.0,,0,0
9475697.0,,1,1
9481235.0,,1,1
10551346.0,,0,0
10552151.0,,1,1
10552263.0,,1,0
10554421.0,,1,0
10556891.0,,0,0
10579570.0,,0,0
10581308.0,,1,1
10591578.0,,0,0
7812990.0,,1,0
7819520.0,,0,0
7829836.0,,1,1
7830953.0,,1,1
7836096.0,,1,1
7837526.0,,0,0
7881464.0,,1,0
7884986.0,,0,0
8677186.0,,0,0
8678345.0,,0,0
8682751.0,,0,0
8715564.0,,0,0
8715589.0,,1,1
8718273.0,,0,0
8737343.0,,0,0
8741367.0,,1,0
9489348.0,,0,0
9517242.0,,0,0
9532603.0,,1,1
9534832.0,,1,1
9536727.0,,1,1
9543302.0,,0,2
9575728.0,,1,1
10799291.0,,0,0
10802364.0,,1,1
10809888.0,,1,1
10813078.0,,1,2
10817600.0,,0,0
10850327.0,,1,1
10855545.0,,1,1
10858504.0,,1,1
7885558.0,,0,0
7888863.0,,1,1
7900450.0,,0,0
7900695.0,,0,0
7900727.0,,0,0
7902719.0,,0,0
7916058.0,,0,0
7917068.0,,1,1
8742270.0,,0,0
8745553.0,Kepler-1633 b,2,2
8747222.0,,0,0
8747910.0,,1,1
8766285.0,,0,0
8807988.0,,1,1
8812360.0,,0,1
8814872.0,,1,1
9579072.0,,0,0
9579606.0,,1,1
9591728.0,,0,0
9594184.0,,0,2
9594992.0,,0,0
9596820.0,,1,1
9598315.0,,0,0
9602595.0,,0,0
10601163.0,,1,2
10616317.0,,0,0
10616656.0,,0,0
10618044.0,,1,1
10656842.0,,1,1
10658177.0,,1,1
10661679.0,,0,0
10663976.0,,1,1
7935997.0,,0,0
7938499.0,,0,0
7941635.0,,0,0
7948619.0,,0,0
7950158.0,,1,0
7967210.0,,0,0
7970194.0,,0,0
7978202.0,Kepler-1630 b,2,2
8823893.0,,0,0
8836224.0,,0,0
8841297.0,,1,1
8868481.0,,1,1
8888745.0,,1,1
8890417.0,,1,0
8891684.0,Kepler-1634 b,2,1
8904714.0,,0,0
9645188.0,,0,0
9659022.0,,1,1
9662475.0,,0,0
9674789.0,,1,1
9705620.0,,0,0
9715631.0,Kepler-1636 b,2,2
9723746.0,,1,1
9724993.0,,0,0
10677763.0,,0,0
10678912.0,,1,0
10685764.0,,1,1
10724569.0,,0,0
10734441.0,,0,0
10737437.0,,1,1
10747162.0,,1,1
10777591.0,Kepler-1637 b,2,2
7979297.0,,1,1
7982917.0,,0,2
8005002.0,,1,1
8007174.0,,1,2
8009811.0,,1,1
8016211.0,,0,0
8016650.0,,1,0
8025718.0,,0,0
8915379.0,,1,1
8935352.0,,0,0
8937555.0,,1,1
8939211.0,,0,0
8939650.0,,0,0
8946267.0,,1,1
8949512.0,,0,0
8955741.0,,0,0
9758615.0,,0,0
9771920.0,,0,0
9775475.0,,0,0
9776907.0,,1,1
9780149.0,,0,0
9786017.0,,0,0
9832379.0,,1,1
9837659.0,,0,0
10865043.0,,1,0
10878117.0,,1,0
10879247.0,,0,0
10879899.0,,1,1
10905641.0,,0,0
10920086.0,,0,0
10933306.0,,1,1
10958972.0,,0,0
8029848.0,,0,0
8035322.0,,0,0
8036863.0,,0,0
8037038.0,Kepler-1631 b,2,2
8040308.0,,1,0
8040457.0,,1,1
8043968.0,,0,0
8044083.0,,1,1
8959240.0,,1,1
8971044.0,,1,0
8975776.0,,0,0
8979500.0,,0,0
9003126.0,,0,0
9008125.0,,0,1
9011877.0,,1,2
9838414.0,,0,0
9838582.0,,1,1
9839030.0,,1,1
9845362.0,,0,1
9845931.0,,0,1
9847239.0,,0,0
9848760.0,,0,0
9850843.0,,0,0
7018210.0,,1,0
7019580.0,,0,0
7022603.0,,0,0
7024045.0,,0,0
7035812.0,,0,0
7038988.0,,0,0
7041972.0,,0,0
7047299.0,,0,0
8075618.0,,0,0
8076215.0,,1,1
8094942.0,,1,1
8099517.0,,1,1
8105398.0,Kepler-1632 b,2,2
8105719.0,,1,1
8106139.0,,0,0
8108437.0,,0,0
9012244.0,,1,0
9016592.0,,0,0
9018021.0,,1,1
9024568.0,,0,0
9026007.0,,1,1
9026248.0,,1,1
9044060.0,,1,0
9047416.0,,1,1
9851638.0,,1,1
9875101.0,,0,0
9881660.0,,1,1
9896438.0,,0,0
9899514.0,,0,0
9899607.0,,0,0
9908486.0,,0,0
9910043.0,,1,1
7101726.0,,1,0
7107567.0,,0,0
7109680.0,,0,0
7115671.0,,0,0
7123580.0,,0,0
7123614.0,,0,0
7125794.0,,1,1
7130612.0,,1,2
8125917.0,,1,1
8129333.0,,1,1
8155368.0,,0,0
8158429.0,,1,2
8179747.0,,0,0
8192427.0,,0,0
8197176.0,,1,1
8197406.0,,1,1
9049550.0,,0,0
9049697.0,,0,0
9073549.0,,1,1
9079671.0,,1,1
9079767.0,,1,1
9087071.0,,0,0
9087853.0,,1,1
9097470.0,,1,1
9911112.0,,0,0
9933600.0,,0,0
9934274.0,,0,0
9935983.0,,1,1
9941136.0,,1,1
9941387.0,,0,0
9941550.0,,0,0
9942658.0,,1,1
7132462.0,,1,1
7138841.0,,0,0
7174911.0,,0,0
7176424.0,,0,0
7184556.0,,0,0
7186436.0,,1,1
7189825.0,,0,0
7191523.0,,1,0
8223445.0,,1,1
8223655.0,,0,0
8229361.0,,0,0
8234889.0,,0,0
8241258.0,,0,0
8241736.0,,0,1
8242350.0,,0,0
8244947.0,,0,0
9101279.0,,0,0
9108058.0,,0,0
9114614.0,,1,1
9116075.0,,0,0
9116510.0,,1,1
9117123.0,,0,0
9118858.0,,0,0
9137257.0,,0,0
9953491.0,,1,1
9954225.0,,0,0
9957659.0,,0,0
9957668.0,,0,0
9962595.0,,1,0
9967398.0,,0,0
9968924.0,,1,1
9993683.0,,1,1
7192680.0,,0,0
7198587.0,,1,1
7203858.0,,0,0
7204233.0,,1,1
7205717.0,,1,1
7206422.0,,1,1
7207081.0,,0,0
7213311.0,,1,1
8255058.0,,0,0
8265239.0,,0,0
8279146.0,,1,1
8288404.0,,0,0
8294683.0,,1,1
8295087.0,,1,1
8300828.0,,0,0
8307489.0,,1,1
9141355.0,Kepler-1635 b,2,2
9142225.0,,0,0
9142334.0,,0,0
9147012.0,,1,1
9147029.0,,1,1
9153246.0,,0,0
9157030.0,,1,1
9157523.0,,1,1
9994381.0,,1,1
10002266.0,,0,0
10004515.0,,0,0
10004772.0,,0,0
10006096.0,,0,0
10007492.0,,0,0
10007916.0,,1,1
10018364.0,,0,0
7255910.0,,0,0
7256460.0,,0,0
7258902.0,,0,0
7282470.0,,1,1
7289139.0,,1,1
7345136.0,,0,1
7352727.0,,0,0
7375100.0,,0,0
8308639.0,,0,0
8313697.0,,0,0
8351919.0,,0,0
8352009.0,,1,0
8352016.0,,0,1
8364969.0,,0,0
8378278.0,,1,1
8380743.0,,0,0
9159461.0,,0,0
9164003.0,,0,0
9166700.0,,1,1
9173014.0,,1,1
9178502.0,,0,0
9178894.0,,1,1
9180282.0,,0,0
9181402.0,,0,0
10023469.0,,0,0
10027861.0,,1,1
10064591.0,,1,0
10074700.0,,0,0
10083325.0,,1,1
10090854.0,,1,1
10096697.0,,0,1
10098540.0,,1,0
7377343.0,,1,1
7383840.0,,1,1
7386200.0,,0,0
7416016.0,,1,1
7416306.0,,1,1
7416646.0,,1,1
7440715.0,,1,1
7456380.0,,0,0
8395870.0,,1,1
8396288.0,,1,1
8414914.0,,0,0
8415353.0,,1,1
8429817.0,,1,1
8432034.0,,0,0
8432249.0,,1,1
8439618.0,,1,1
9209981.0,,1,1
9210738.0,,1,1
9214176.0,,1,1
9216231.0,,0,0
9217583.0,,1,1
9220614.0,,1,1
9224514.0,,1,0
9229807.0,,1,0
10130646.0,,0,0
10132552.0,,0,0
10132908.0,,0,0
10141271.0,,0,0
10146103.0,,1,1
10158715.0,,0,0
10161534.0,,0,0
7458433.0,,0,0
7458743.0,,1,1
7468295.0,,0,0
7516073.0,,0,0
7538450.0,,0,0
7539174.0,,0,0
7539277.0,,1,1
7550875.0,,0,0
8442463.0,,0,0
8474892.0,,0,0
8480642.0,,0,0
8482513.0,,0,0
8487777.0,,0,1
8495232.0,,0,0
8499922.0,,0,0
8505674.0,,0,0
11444772.0,,1,0
11444974.0,,1,1
11446961.0,,1,1
11453930.0,,1,0
11456256.0,,1,1
11457664.0,,1,0
11465658.0,,1,0
11465869.0,,0,0
11493378.0,,1,0
11506938.0,,0,0
11513366.0,,1,1
11513441.0,,0,1
11520114.0,,1,2
11520465.0,,1,1
11559493.0,,1,0
11598638.0,,1,1
11598894.0,,1,1
11599800.0,,0,0
11599937.0,,1,1
11600299.0,,1,0
11601425.0,,1,1
11601633.0,,1,1
11601972.0,,1,1
11603298.0,,0,0
11614808.0,,1,1
11615258.0,,1,1
11615521.0,,1,1
11616434.0,,1,1
11651240.0,,1,1
11652427.0,,1,1
11654039.0,,0,0
11674709.0,,1,1
11716643.0,,1,1
11722217.0,,1,1
11773174.0,,1,0
11803074.0,,1,1
11807906.0,,1,1
11811382.0,,1,1
11818566.0,,1,0
11819396.0,,1,0
11824578.0,,1,1
11860294.0,,1,1
11868941.0,,1,0
11905398.0,,1,2
11910670.0,,1,1
11911929.0,,1,0
11923213.0,,1,1
11924426.0,,0,0
11959893.0,,1,1
11966643.0,,1,0
11968514.0,,0,0
12007270.0,,1,1
12009917.0,,1,0
12020376.0,,1,1
12066767.0,,1,0
12071775.0,,1,1
12102775.0,,1,1
12105086.0,,1,1
12110901.0,,1,0
12121701.0,,1,1
12156805.0,,0,0
12165063.0,,0,0
12168895.0,,1,1
12170767.0,,1,1
12253490.0,,1,1
12257851.0,,0,0
12265150.0,,0,0
12300524.0,,1,1
12349560.0,,1,1
12350136.0,,1,0
10964747.0,,0,0
10967168.0,,1,1
10977671.0,,1,1
10978581.0,,1,1
10979952.0,,1,0
10989620.0,,1,1
10991389.0,,1,1
12401859.0,,1,1
12402588.0,,1,1
12405436.0,,0,0
12417572.0,,0,0
12418418.0,,1,0
12505590.0,,1,1
12506986.0,,1,0
10991431.0,,1,1
11021266.0,,1,1
11021676.0,,1,1
11026582.0,,1,1
11036168.0,,1,1
11037818.0,Kepler-1638 b,2,2
11046723.0,,1,0
11046870.0,,0,0
12554212.0,,1,1
12645262.0,,0,0
12645761.0,,0,0
12690465.0,,1,0
12734110.0,,1,1
12735793.0,,1,1
12736658.0,,0,0
12835139.0,,0,0
11069681.0,,1,0
11072982.0,,1,1
11073238.0,,0,0
11076176.0,,0,0
11080702.0,,1,1
11082795.0,,1,1
11090561.0,,0,0
11090926.0,,1,1
11097752.0,,1,1
11098704.0,,1,0
11100170.0,,1,2
11129145.0,,1,1
11145391.0,,1,1
11145637.0,,1,0
11147785.0,,1,1
11152511.0,,1,1
11176166.0,Kepler-1639 b,2,2
11182213.0,,1,1
11183752.0,,1,1
11191364.0,,1,1
11198419.0,,1,2
11199233.0,,0,0
11251991.0,,1,1
11298442.0,,1,0
11305417.0,,1,1
11338918.0,,0,1
11340218.0,,1,1
11341266.0,,1,1
11341314.0,,0,0
11348610.0,,1,1
11351454.0,,1,0
11355925.0,,1,1
11391512.0,,1,1
11393248.0,,1,1
11393633.0,,1,1
11401845.0,,0,0
11407847.0,,1,1
11414368.0,,1,1
8355178.0,,1,1
8374077.0,,1,1
8494783.0,,1,0
8494783.0,,1,1
8517303.0,,0,0
8590149.0,,1,1
10055126.0,Kepler-311 d,2,1
8590149.0,,1,2
3559935.0,,1,1
9285265.0,Kepler-1491 c,2,2
3559860.0,,1,2
5384713.0,,1,1
6364582.0,,1,1
6525209.0,,0,0
6368175.0,Kepler-1703 c,2,2
5471158.0,,1,0
10407086.0,,1,0
9947653.0,,1,1
6527078.0,,1,1
12416597.0,,1,1
2309587.0,,0,0
2445134.0,,0,0
3241344.0,,0,0
3347485.0,,0,0
2019477.0,,1,1
2161623.0,,0,0
2707097.0,,0,0
2719873.0,,0,0
8158127.0,,1,2
2852810.0,,1,0
2852810.0,,1,1
2852810.0,,1,1
8590780.0,,0,0
8613338.0,,0,0
8646141.0,,0,0
8653134.0,Kepler-1643 b,2,2
8702921.0,,0,0
8822421.0,,1,1
8957954.0,,0,0
8984706.0,,0,0
4247807.0,,0,0
4472818.0,,1,1
8030339.0,Kepler-1534 b,2,2
8037145.0,Kepler-176 e,2,2
5471059.0,,0,0
5471675.0,,0,0
8934103.0,,1,1
9551430.0,,1,0
3530668.0,,0,0
3532985.0,,1,1
10718726.0,,1,1
3831911.0,,0,0
3852258.0,,0,0
3858919.0,,0,0
3869326.0,,0,0
3971315.0,,0,0
2852810.0,,1,1
2997455.0,,0,0
3003991.0,,0,0
3003991.0,,0,0
3229028.0,,0,0
3229028.0,,1,1
3230787.0,,0,0
5956656.0,,1,2
9093086.0,,1,1
9015738.0,,1,1
7954278.0,,1,1
9093086.0,,1,1
9101400.0,,0,0
9119652.0,,0,0
9145861.0,,1,1
9145861.0,,0,0
9153823.0,,1,1
7100673.0,Kepler-1542 d,2,2
7100673.0,Kepler-1542 e,2,2
10089911.0,,1,1
4150496.0,,0,0
3747817.0,,1,1
6129694.0,,0,0
8162789.0,,1,1
9899315.0,,0,0
4037428.0,,0,0
4049124.0,,0,0
4275328.0,,0,0
4753561.0,,0,0
4912991.0,,0,0
5613330.0,,1,1
5036966.0,,0,0
5254230.0,,0,0
3545840.0,,1,1
3634051.0,Kepler-1981 b,2,2
7967517.0,,0,0
3634051.0,,1,1
3761319.0,,0,0
3761319.0,,0,0
3762553.0,,0,0
3965879.0,,0,0
4035675.0,,0,0
9282687.0,,0,0
9289960.0,,0,0
9291629.0,,0,0
9304842.0,,0,0
6975129.0,,1,1
9304923.0,,0,0
9343862.0,,0,0
9389245.0,,1,0
9828127.0,,1,1
5177859.0,,1,2
11081504.0,,1,1
5385410.0,,0,0
3645438.0,Kepler-1600 b,2,1
8110757.0,,1,0
3645438.0,,1,1
8278685.0,,1,1
5511659.0,,1,2
5385139.0,,0,0
5385150.0,,0,0
5385269.0,,0,0
8210370.0,,0,0
5385509.0,,0,0
5385566.0,,0,0
5385773.0,,0,0
5386163.0,,0,0
5470960.0,,0,0
4139254.0,,1,1
4144236.0,,0,0
10141900.0,,1,1
4144236.0,,0,0
4150701.0,,0,0
4255944.0,,1,1
4285087.0,,0,0
4346875.0,,0,0
9394605.0,,0,0
9471755.0,,0,0
9479460.0,,0,0
9549472.0,,0,0
9576197.0,,0,0
8110758.0,,0,0
9579860.0,,0,0
9655711.0,,1,2
5856571.0,,1,1
8222395.0,,1,1
5796186.0,,0,0
5471068.0,,0,0
5471192.0,,0,0
5471217.0,,0,0
5471769.0,,0,0
5471770.0,,0,0
5556804.0,,0,0
5597970.0,,0,0
4459068.0,,0,0
8107150.0,,1,1
4464394.0,,1,0
4547480.0,,0,1
4739229.0,,1,1
4739229.0,,1,1
8620565.0,,1,0
4740676.0,,0,0
4742420.0,,1,1
9655711.0,,1,2
9727765.0,,1,0
9767392.0,,0,0
9774400.0,,0,0
9839081.0,,0,0
9974142.0,,0,1
9974142.0,,1,1
10163066.0,,0,0
9008103.0,,1,1
8780959.0,Kepler-1518 b,2,2
8780959.0,Kepler-1518 c,2,2
7429287.0,,0,0
11296045.0,,1,0
6592335.0,,0,0
5951416.0,,0,0
5769810.0,,1,1
5643492.0,,0,0
5795648.0,,0,0
5961350.0,,0,0
10340423.0,,0,0
5979863.0,,0,0
6117415.0,,0,0
6128027.0,,0,0
6146418.0,,0,0
4742420.0,,1,1
4826439.0,,0,0
4933476.0,,0,0
4990977.0,,0,0
5034333.0,,0,0
5039441.0,,0,0
8231299.0,,0,0
5121173.0,,0,0
5306984.0,,1,0
10198662.0,,1,0
10198662.0,,1,0
4157325.0,,1,1
10200627.0,,1,1
10219361.0,,0,0
10228942.0,,0,0
10341878.0,,0,0
10357831.0,,0,1
8332521.0,,1,1
6150977.0,,0,0
6182019.0,,0,0
6191945.0,,0,0
6209347.0,,0,0
6268722.0,,0,0
6301030.0,,0,0
10480982.0,,0,0
6606934.0,,0,0
8242769.0,,1,1
10964440.0,,1,1
5385548.0,,0,0
5385778.0,,0,0
5428657.0,,1,1
5471617.0,,0,0
5471617.0,,0,0
5629353.0,,1,1
5629353.0,Kepler-1640 b,2,2
10363233.0,,0,0
10385682.0,,0,0
10414727.0,,1,0
10414727.0,,0,0
10483644.0,,0,0
4736569.0,,1,1
10601549.0,,0,0
10614158.0,,0,0
8505215.0,,0,0
10662202.0,,1,1
9008103.0,,1,1
6614926.0,,0,0
6628237.0,,0,0
6694186.0,,0,0
6934587.0,,0,0
7219906.0,,0,0
7257373.0,,0,0
7295570.0,,0,0
7362852.0,,0,0
5629353.0,,1,1
5641294.0,,0,0
5738698.0,,0,0
4078157.0,,1,1
5768927.0,,0,0
5814635.0,,0,0
5816144.0,,1,1
5816144.0,,0,1
10717220.0,Kepler-1644 b,2,2
10728219.0,,0,0
10735988.0,,0,0
8112324.0,,0,0
10971944.0,,0,0
10973583.0,,0,0
10989274.0,Kepler-1645 b,2,2
11099351.0,,0,0
11147460.0,,0,0
10662202.0,,0,0
11607193.0,,0,0
10743597.0,,0,2
4247991.0,Kepler-1185 b,2,2
11968463.0,,1,1
11968463.0,,1,1
11074835.0,,1,1
8042747.0,,0,0
9008737.0,,0,1
7373877.0,,0,0
5792202.0,,1,1
7436177.0,,0,0
7537945.0,,0,0
7624297.0,,0,0
8109692.0,,0,0
7695093.0,,0,0
7749318.0,,0,0
7777397.0,,0,0
5817566.0,,0,0
5952403.0,,0,0
6032730.0,,1,1
6116172.0,,1,0
6116172.0,,1,1
6116172.0,,1,0
4150539.0,,0,0
6182093.0,,0,0
9839821.0,Kepler-1052 c,2,2
11252617.0,,0,0
8245108.0,,0,0
11252617.0,,0,0
11296437.0,,0,0
11296437.0,,1,0
11341164.0,,1,0
11462969.0,,1,1
11462969.0,,1,0
7830321.0,,0,0
7841986.0,,0,0
7877820.0,,0,0
7914906.0,,0,0
5792202.0,,1,1
8019043.0,,0,0
8023317.0,,0,0
8126531.0,,0,0
8121067.0,,0,0
6197038.0,,0,0
6221385.0,Kepler-1641 b,2,1
6221385.0,Kepler-1641 c,2,2
6221385.0,,1,1
6362386.0,,0,0
8260269.0,,0,0
6449358.0,,0,0
6593968.0,,0,1
6674908.0,,0,0
11516930.0,,0,2
11558882.0,,0,0
11656928.0,,1,0
11566064.0,,1,2
8042835.0,,0,0
2853780.0,,0,0
11656928.0,,1,0
11656928.0,,1,1
11673686.0,,0,0
8153568.0,,0,0
8167938.0,,0,0
8167978.0,,0,0
8168581.0,,0,0
8230809.0,,0,0
8364115.0,,0,0
8458207.0,,0,0
7825899.0,,1,1
6946681.0,,1,0
4150624.0,,0,0
6946708.0,,1,1
6967278.0,,0,0
7108433.0,,0,0
7119080.0,,0,1
7129465.0,,0,0
7174617.0,,0,0
11724210.0,,0,0
11775507.0,,1,1
11775507.0,,1,1
11856178.0,,1,1
11867071.0,,0,0
11975363.0,,0,0
12207117.0,,0,0
6768394.0,,1,0
8580438.0,,0,0
8581232.0,,0,0
8655458.0,,0,0
8695779.0,,0,0
8953059.0,,0,0
9048145.0,,0,0
9214712.0,,0,0
9214715.0,,0,0
7190639.0,,0,0
7198881.0,,0,1
7198881.0,,0,0
7422883.0,,0,0
10545066.0,,1,1
7663405.0,,1,1
7464205.0,,0,0
7622059.0,,0,0
12367464.0,,0,0
12470041.0,,0,0
11358389.0,,1,1
5706595.0,,1,1
12885212.0,,1,1
8179286.0,,0,0
3548044.0,,1,0
2581191.0,,0,0
8168187.0,,1,1
9221398.0,,0,0
9411317.0,,0,0
9605514.0,,1,1
9418619.0,,1,1
9532123.0,,0,0
9549471.0,,0,0
9649222.0,,0,0
9664215.0,,0,0
7750740.0,,0,0
7779942.0,,0,0
7835312.0,,1,1
7835312.0,,0,0
7838906.0,,0,0
7908367.0,Kepler-1642 b,2,2
7908367.0,Kepler-1642 c,2,2
7940533.0,,0,0
4142847.0,Kepler-1143 c,2,2
9221517.0,,1,1
11623629.0,,1,1
10730703.0,,1,1
4665571.0,Kepler-1834 c,2,2
6364215.0,,0,0
7047363.0,,0,0
7289317.0,,1,1
9714358.0,,0,0
9851123.0,,0,0
9966115.0,,0,0
10026458.0,,0,0
10139305.0,,0,0
7375348.0,,1,1
1432789.0,,1,2
10288922.0,,0,0
12266636.0,,1,2
7974634.0,,1,1
8182107.0,,1,1
7974634.0,,1,1
7974634.0,,0,0
8043882.0,,0,0
8058507.0,,0,1
8095099.0,,0,0
8163784.0,,1,1
2305866.0,,1,0
12206313.0,Kepler-401 d,2,1
5184911.0,,1,1
6436029.0,,1,1
7767162.0,,1,1
9478990.0,,1,0
10793172.0,,1,1
10122538.0,Kepler-1388 d,2,2
10659313.0,,0,0
10710755.0,,0,0
10727668.0,,0,0
10735519.0,,0,0
8197767.0,,0,0
10935310.0,,0,0
11021252.0,,0,0
11404644.0,,1,0
11408935.0,,0,0
8165617.0,,1,1
8181016.0,,0,0
8197761.0,,0,0
4840513.0,,0,0
8223568.0,,1,1
8223568.0,,1,0
8265156.0,,0,0
8355178.0,,1,1
10122538.0,Kepler-1388 e,2,2
4770174.0,,1,1
9838804.0,,1,1
9020114.0,,1,1
6609270.0,,0,1
7983117.0,,1,2
11125797.0,Kepler-1482 b,2,2
9966219.0,,1,0
11974540.0,,1,0
7219825.0,,1,1
9958962.0,,1,1
11519226.0,,0,0
1718189.0,,1,1
11756821.0,,0,0
11769146.0,,0,0
11812199.0,,0,0
8263187.0,,1,1
11826400.0,,0,0
12010534.0,,0,0
2019477.0,,1,1
7116117.0,,0,0
7868092.0,,0,0
3337061.0,,0,0
9826171.0,,0,0
3936658.0,,0,0
4577484.0,,0,0
4735826.0,Kepler-1972 c,2,2
5005618.0,,0,0
4663658.0,,0,0
10467815.0,,0,0
10847721.0,,0,0
10118942.0,,0,0
9471539.0,,0,0
5482603.0,,0,0
2305819.0,,0,0
9518710.0,,1,1
10284575.0,,0,0
3342952.0,,0,0
10338624.0,,0,0
5307990.0,,0,0
2142501.0,,0,0
2713018.0,,0,0
8413968.0,,0,0
9008103.0,,0,0
4376629.0,,0,0
3958301.0,,0,0
8211605.0,,0,0
11098573.0,,0,2
7289338.0,,1,2
9837586.0,,0,0
6021655.0,,0,2
8308682.0,,0,0
11442793.0,Kepler-90 f,2,2
3344427.0,,0,0
6205481.0,,0,0
4474637.0,,0,0
8435232.0,,0,0
6462874.0,,0,0
8218379.0,,1,1
11450414.0,Kepler-347 d,2,2
5217733.0,,0,0
4150611.0,,0,0
4150611.0,,0,0
5706592.0,,1,1
5716244.0,,0,0
5725851.0,,0,0
5731312.0,,0,0
5735878.0,,0,0
5736461.0,,0,0
5737869.0,,0,1
5771589.0,,0,0
8364232.0,,1,1
6670742.0,,1,1
6672229.0,,0,0
6676725.0,,0,0
6695622.0,,0,0
6695889.0,,0,0
6697716.0,,0,0
6697976.0,,1,0
6698670.0,,0,0
7541746.0,,0,0
7584778.0,,0,0
7588436.0,,0,0
7592529.0,,1,1
7592922.0,,1,1
7597703.0,,0,0
7602351.0,,1,1
7605600.0,,0,0
8312222.0,,0,0
8314801.0,,0,0
8316503.0,,0,0
8330575.0,,0,0
8345358.0,,0,0
8358008.0,,0,0
8362974.0,,1,1
8364119.0,,0,0
9278021.0,,0,0
9284741.0,,0,0
9286728.0,,0,0
9291368.0,,0,0
9291368.0,,0,0
9291748.0,,0,0
9301564.0,,1,1
9304561.0,,0,0
9328852.0,,0,0
10089123.0,,1,1
10091257.0,,0,0
10093664.0,,0,0
10095512.0,,0,0
10098534.0,,0,0
10129482.0,,0,0
10155080.0,,0,0
10156064.0,,0,0
8555967.0,,1,1
11198723.0,,0,0
11199725.0,,0,0
11200773.0,,0,0
11228612.0,,0,0
11232745.0,,0,0
11233911.0,,0,0
11234677.0,,0,0
11235323.0,,0,0
3765917.0,,1,2
3547760.0,,1,1
8652360.0,,0,0
5476671.0,,0,0
11290515.0,,1,0
4919550.0,,0,1
8216763.0,,1,1
6767227.0,,1,1
8094120.0,,0,0
3854496.0,,1,2
3858757.0,,0,2
3858767.0,,0,0
3858884.0,,0,0
3936061.0,,1,1
3938073.0,,0,0
3972391.0,,0,0
3972432.0,,1,1
3973002.0,,0,0
5025217.0,,0,0
5025234.0,,0,0
5025294.0,,0,0
5026187.0,,0,0
5031804.0,,0,0
5031882.0,,0,0
5036516.0,,0,0
5036530.0,,0,0
5781192.0,,0,0
5802285.0,,0,0
5802470.0,,0,0
5807579.0,,0,0
5809372.0,,0,0
5860347.0,,1,1
5871918.0,,0,0
5894825.0,,0,0
8374394.0,,0,0
6706287.0,,0,0
6715997.0,,1,1
6763884.0,,1,1
6766748.0,,0,0
6768616.0,,1,1
6774408.0,,0,0
6778289.0,,0,0
6781047.0,,0,0
6781535.0,,0,0
8440062.0,,0,0
7622072.0,,0,0
7630658.0,,0,0
7631194.0,,0,0
7662209.0,,0,0
7663804.0,,0,0
7668648.0,,0,0
7670485.0,,0,0
7670617.0,,0,0
8367298.0,,0,0
8374499.0,,0,0
8378656.0,,0,0
8378922.0,,0,0
8379547.0,,0,0
8381592.0,,0,0
8382339.0,,0,0
8394475.0,,1,1
8398290.0,,0,0
9328864.0,,0,0
9334490.0,,0,0
9340411.0,,1,1
9344623.0,,0,0
9353182.0,,0,0
9357275.0,,0,0
9357375.0,,0,0
9392702.0,,0,0
9394920.0,,0,0
8524110.0,,0,0
10163067.0,,1,1
10164018.0,,0,0
10189523.0,,0,0
10198109.0,,0,0
10208759.0,,0,0
10214328.0,,0,0
10215422.0,,0,0
10257903.0,,0,0
10258558.0,,0,0
11240948.0,,0,0
11241560.0,,1,1
11244571.0,,1,1
11250867.0,,0,0
11251058.0,,0,0
11282568.0,,1,0
11285625.0,,0,0
11286311.0,,1,1
4732015.0,,0,0
8043638.0,,1,1
11176166.0,,1,1
9214712.0,,0,0
9214715.0,,0,0
7838906.0,,0,0
1026032.0,,0,0
1293379.0,,1,1
3973504.0,,0,0
4042088.0,,0,1
4055092.0,,0,0
4067549.0,,0,0
4069063.0,,0,0
4069213.0,,0,0
4075064.0,,0,0
4076061.0,,1,1
4076952.0,,0,0
5036530.0,,0,0
5036538.0,,0,0
5038469.0,,0,0
5039687.0,,0,0
5042785.0,,0,0
5078879.0,,0,0
5080346.0,,0,0
5080652.0,,0,0
5894972.0,,0,0
5951140.0,,1,1
5952309.0,,0,0
5952457.0,,0,0
5962514.0,,0,0
5962716.0,,0,0
5966732.0,,1,1
5977541.0,,0,0
5977804.0,,0,0
6792124.0,,0,0
6804648.0,,0,0
6806632.0,,0,0
6841577.0,,0,0
6842345.0,,1,1
6852488.0,,0,0
6853172.0,,1,1
6859546.0,,1,1
8460634.0,,0,0
7671594.0,,0,0
7677005.0,,0,0
7687365.0,,1,1
7691527.0,,0,0
7695445.0,,0,0
7700500.0,,1,2
7700578.0,,0,0
7707736.0,,0,0
7733540.0,,0,0
8411947.0,,0,0
8414159.0,,0,0
8414216.0,,0,0
8415863.0,,0,0
8423903.0,,0,0
8429450.0,,0,0
8442795.0,,1,1
8443812.0,,1,1
8445775.0,,0,0
9397900.0,,1,1
9411943.0,,0,0
9412462.0,,0,0
9418994.0,,0,0
9451096.0,,0,0
9458266.0,,1,1
9466042.0,,0,0
9468296.0,,0,0
10264202.0,,0,0
10264293.0,,1,1
10268809.0,,0,0
10274244.0,,0,0
10275887.0,,0,0
10290021.0,,1,1
10290447.0,,0,0
10292465.0,,0,0
10294608.0,,0,0
11287726.0,,0,0
11288492.0,,1,1
11288772.0,,1,1
11295085.0,,0,0
11296724.0,,1,1
11350389.0,,0,0
11356602.0,,0,0
11358392.0,,0,0
1433531.0,,0,0
1717528.0,,0,0
1871483.0,,1,1
2012722.0,,0,0
2013883.0,,0,0
2161949.0,,1,1
2161949.0,,1,2
2162994.0,,0,0
2167444.0,,0,0
4078693.0,,0,0
4142768.0,,0,0
4149684.0,,0,0
4150703.0,,0,0
4157488.0,,0,0
4160669.0,,0,0
4171955.0,,0,0
4174507.0,,0,0
5083138.0,,1,1
5083252.0,,0,0
5087223.0,,1,1
5091075.0,,0,0
5091614.0,,0,0
5092799.0,,1,1
5092799.0,,1,0
5094301.0,,0,0
5983348.0,,0,0
5990753.0,,0,0
6019971.0,,1,1
6029130.0,,0,0
6035335.0,,0,0
6041511.0,,0,0
6042116.0,,0,0
6042663.0,,0,0
6044064.0,,0,0
6859813.0,,0,0
6863840.0,,0,0
6864569.0,,0,0
6864706.0,,1,1
6864859.0,,0,0
6867219.0,,1,1
6877673.0,,0,0
6877871.0,,0,0
6878408.0,,1,1
7741048.0,,0,0
7751562.0,,0,0
7755741.0,,0,0
7755741.0,,1,1
7769072.0,,0,0
7769815.0,,0,0
7777365.0,,0,0
7798259.0,,0,0
8453191.0,,0,0
8453324.0,,0,0
8479107.0,,0,0
8479386.0,,0,0
8488876.0,,0,0
8504570.0,,0,0
8509346.0,,0,0
8517433.0,,0,0
9474222.0,,0,0
9474969.0,,0,0
9480398.0,,1,1
9490342.0,,1,1
9509207.0,,0,0
9513168.0,,1,1
9520700.0,,0,0
9529294.0,,0,0
12116489.0,,1,1
10296163.0,,0,0
10330495.0,,0,0
10332789.0,,0,0
10340228.0,,0,0
10341787.0,,0,0
10342097.0,,0,0
10345862.0,,0,0
10346522.0,,0,0
10352603.0,,0,0
11359305.0,,0,0
11391181.0,,0,0
11401869.0,,0,0
11409698.0,,0,0
11411639.0,,1,1
11455795.0,,0,0
11457191.0,,0,0
11462556.0,,0,0
2283362.0,,1,1
2301068.0,,1,1
2305372.0,,0,0
2306740.0,,0,0
2308957.0,,0,0
2422820.0,,1,1
2437452.0,,0,0
2437804.0,,0,0
2438061.0,,0,0
4180396.0,,0,0
4245897.0,,0,0
4252226.0,,0,0
4261960.0,,0,0
4269252.0,,0,0
4274071.0,,1,2
4281895.0,,0,0
4282390.0,,1,1
5095269.0,,0,0
5097278.0,,0,0
5098757.0,,0,0
5111801.0,,0,0
5112198.0,,0,0
5113809.0,,0,0
5115178.0,,0,0
5115379.0,,0,0
5115688.0,,1,1
6045093.0,,1,1
6046311.0,,0,0
6048106.0,,0,0
6048255.0,,0,0
6057750.0,,1,1
6060580.0,,0,0
6063448.0,,0,0
6066107.0,,0,0
8391983.0,,1,1
6890618.0,,0,0
6925263.0,,0,0
6927629.0,,0,0
6929016.0,,0,0
6936977.0,,0,0
6939670.0,,0,0
6947623.0,,1,2
6947837.0,,0,0
6949550.0,,0,0
7811211.0,,1,1
7812893.0,,1,1
7816680.0,,0,0
7816935.0,,1,1
7838639.0,,0,0
7846730.0,,0,0
7847927.0,,0,0
7868967.0,,1,1
8526387.0,,0,0
8543278.0,,0,0
8552500.0,,0,0
8552540.0,,0,0
8553788.0,,0,0
8553907.0,,0,0
8559796.0,,0,0
8559863.0,,0,0
8489260.0,,1,1
9529856.0,,0,0
9536048.0,,0,0
9540450.0,,0,0
9540675.0,,0,0
9541163.0,,0,0
9541567.0,,0,0
9569866.0,,0,0
9579192.0,,0,0
8540376.0,Kepler-457 d,2,2
10363300.0,,0,0
10388451.0,,1,2
10396708.0,,1,1
10407047.0,,0,0
10407430.0,,0,0
10407464.0,,0,0
10417704.0,,0,0
10420279.0,,0,0
10422852.0,,0,0
11495989.0,,1,1
11499757.0,,0,0
11501774.0,,0,0
11502172.0,,0,0
11502179.0,,0,0
11506235.0,,0,0
11551652.0,,1,1
11560382.0,,0,0
11560431.0,,0,0
2438062.0,,0,0
2438517.0,,0,0
2442084.0,,0,0
2449245.0,,1,1
2450716.0,,0,0
2557350.0,,1,1
2557430.0,,0,0
2568971.0,,0,0
4284147.0,,0,0
4349935.0,,0,0
4352168.0,,0,0
4356621.0,,0,0
4357985.0,,0,0
4367544.0,,0,0
4372410.0,,0,0
4372620.0,,1,1
4372961.0,,0,0
5119143.0,,0,0
5125048.0,,0,0
5126627.0,,0,0
5130890.0,,0,0
5164794.0,,0,0
5171707.0,,1,1
5172274.0,,0,0
5174492.0,,0,0
6068947.0,,0,0
6103049.0,,0,0
6109688.0,,0,0
6111011.0,,1,1
6128141.0,,0,0
6128245.0,,1,1
6131659.0,,0,0
6146838.0,,0,0
6950275.0,,0,2
6953219.0,,0,0
6956176.0,,1,1
6962018.0,,0,0
6965293.0,,0,0
6967430.0,,0,0
7009828.0,,0,0
7025851.0,,0,0
7870250.0,,0,0
7871395.0,,0,0
7885518.0,,0,0
7885570.0,,0,0
7886329.0,,0,0
7902204.0,,1,1
7919653.0,,0,0
7938468.0,,0,0
8560861.0,,0,0
8565900.0,,0,0
8566113.0,,1,1
8569819.0,,0,0
8574270.0,,0,0
8581658.0,,0,0
8590527.0,,0,0
8604993.0,,0,0
8608490.0,,0,0
9579789.0,,0,0
9581498.0,,0,1
9588862.0,,1,1
9592855.0,,0,0
9596064.0,,1,1
9596187.0,,0,0
9596892.0,,1,1
9597095.0,,0,0
10450504.0,,1,1
10454401.0,,0,0
10462826.0,,0,0
10464199.0,,1,1
10468514.0,,0,0
10471113.0,,0,0
10481054.0,,0,0
10486425.0,,0,0
11560447.0,,0,0
11601357.0,,0,1
11602794.0,,1,1
11615481.0,,0,0
11616200.0,,0,0
11616631.0,,0,0
11616663.0,,0,0
11618798.0,,0,0
2570505.0,,0,0
2570767.0,,0,0
2571075.0,,0,0
2576692.0,,0,0
2580872.0,,0,0
2583777.0,,0,0
2693092.0,,0,0
2708156.0,,0,0
2708172.0,,0,0
4375101.0,,0,0
4380283.0,,0,0
4384793.0,,0,0
4445630.0,,0,0
4446411.0,,0,0
4454219.0,,0,0
4456622.0,,0,0
4482738.0,,0,0
4484312.0,,0,0
5174920.0,,0,0
5181455.0,,0,0
5193386.0,,0,0
5193439.0,,1,1
5196851.0,,0,0
5199978.0,,0,0
5211470.0,,0,0
5215508.0,,1,0
6147573.0,,0,0
6152521.0,,0,0
6185717.0,,0,0
6187508.0,,1,1
6205460.0,,0,0
6206751.0,,0,0
6207053.0,,0,0
6209225.0,,1,1
6220470.0,,0,0
7031132.0,,0,0
7031732.0,,0,0
7031767.0,,0,0
7031948.0,,0,0
7031992.0,,0,0
7032117.0,,0,0
7032174.0,,0,0
7032383.0,,0,0
7939761.0,,1,1
7943535.0,,0,0
7947631.0,,0,0
7950775.0,,0,0
7955301.0,,0,0
7960295.0,,0,0
7960547.0,,0,0
7967100.0,,0,0
8610483.0,,0,0
8613446.0,,1,1
8618226.0,,0,0
8621026.0,,0,0
8624860.0,,1,1
8625408.0,,1,1
8686442.0,,1,1
8690001.0,,0,0
8693536.0,,1,1
9597854.0,,0,0
9602431.0,,0,0
9602538.0,,0,0
9630640.0,,0,0
9635520.0,,1,1
9635529.0,,0,0
9637299.0,,0,0
9639106.0,,1,2
9640123.0,,1,1
10490960.0,,0,0
10491031.0,,0,0
10535807.0,,0,0
10535858.0,,0,0
10546063.0,,1,1
10547685.0,,0,0
10549576.0,,0,0
10552700.0,,0,0
11619964.0,,0,0
11650543.0,,1,2
11651105.0,,0,0
11662440.0,,0,0
11671646.0,,1,1
11672354.0,,1,1
11704044.0,,0,0
11706658.0,,0,1
2708445.0,,0,0
2708614.0,,0,0
2711114.0,,0,0
2716979.0,,1,1
2720354.0,,0,0
2834463.0,,1,1
2852560.0,,0,0
2856960.0,,0,0
4484356.0,,0,0
4489844.0,,0,0
4540632.0,,0,0
4544623.0,,0,0
4565985.0,,0,0
4567118.0,,1,1
4569590.0,,0,0
4574310.0,,0,0
4575824.0,,0,0
5216727.0,,0,0
5218014.0,,0,0
5255552.0,,0,0
5263167.0,,1,1
5266937.0,,0,0
5269407.0,,0,0
5271803.0,,0,0
5272571.0,,0,0
6228703.0,,0,0
6231401.0,,0,0
6265961.0,,1,1
6279823.0,,0,0
6283224.0,,0,0
6285094.0,,0,0
6285396.0,,0,0
6285397.0,,0,0
7032968.0,,0,0
7033713.0,,0,0
7033748.0,,0,0
7049486.0,,0,0
7050754.0,,0,0
7090801.0,,0,0
7097571.0,,0,0
7103300.0,,1,1
7970629.0,,0,0
7970760.0,,0,0
7971389.0,,0,0
7976136.0,,0,0
7976435.0,,0,0
7985167.0,,0,0
7987749.0,,0,0
8007675.0,,1,1
8700506.0,,0,0
8701327.0,,0,0
8711548.0,,0,0
8713828.0,,0,0
8719897.0,,0,0
8736245.0,,0,0
8738115.0,,0,0
8739209.0,,0,0
8746310.0,,0,0
9640921.0,,0,0
9640921.0,,0,0
9641031.0,,0,0
9641103.0,,0,0
9644411.0,,0,0
9644683.0,,0,0
9651602.0,,1,1
9652166.0,,0,0
10556578.0,,0,0
10583181.0,,0,0
10586619.0,,1,1
10592163.0,,0,0
10597164.0,,0,0
10601538.0,,0,0
10601579.0,,0,0
10613718.0,,0,0
8557246.0,,0,0
11709022.0,,0,0
11724091.0,,0,0
11757422.0,,0,0
11763910.0,,0,0
11768970.0,,0,0
11773625.0,,1,1
11775530.0,,0,0
11811454.0,,0,0
8560280.0,,0,0
2860594.0,,0,0
2860788.0,,0,0
2969638.0,,0,0
2970670.0,,1,1
2973509.0,,0,0
2994092.0,,1,1
2998124.0,,0,0
3098194.0,,0,0
4578594.0,,0,0
4587448.0,,0,0
4633434.0,,0,0
4661634.0,,0,0
4665989.0,,0,0
4671584.0,,0,0
4678171.0,,0,0
4681152.0,,0,0
4725292.0,,0,0
8297017.0,,1,1
5282656.0,,0,0
5284133.0,,0,0
5285607.0,,0,0
5286786.0,,0,0
5288543.0,,0,0
5294739.0,,0,0
5295206.0,,1,1
5298620.0,,0,0
5300878.0,,0,0
6292732.0,,0,0
6307000.0,,1,1
6311637.0,,0,0
6345758.0,,1,1
6364126.0,,0,0
6364195.0,,0,0
6364200.0,,0,0
6364247.0,,0,0
7105574.0,,0,0
7115200.0,,0,0
7115332.0,,0,0
7115463.0,,0,0
7115597.0,,0,0
7115878.0,,0,0
7116043.0,,0,0
7116226.0,,0,0
8008128.0,,0,0
8009500.0,,0,0
8013289.0,,0,0
8016214.0,,0,0
8016692.0,,1,1
8027902.0,,0,0
8039925.0,,0,0
8042644.0,,1,0
8081389.0,,0,0
8750094.0,,0,0
8758161.0,,0,0
8760760.0,,1,1
8767034.0,,0,0
8773948.0,,0,0
8784288.0,,0,0
8804358.0,,0,0
8807057.0,,1,1
8508493.0,,0,0
9652632.0,,0,0
9655424.0,,0,0
9657636.0,,0,0
9658089.0,,1,0
9665503.0,,0,0
9673173.0,,0,0
9674320.0,,1,1
9693803.0,,1,1
9711751.0,,0,0
10619109.0,,0,0
10646620.0,,0,0
10649230.0,,0,0
10659624.0,,1,1
10661913.0,,0,0
10661976.0,,0,0
10662021.0,,0,0
10665228.0,,1,1
8560927.0,,0,0
11817750.0,,0,0
11825996.0,,1,1
11854636.0,,1,1
11855538.0,,0,0
11858541.0,,0,0
11873166.0,,0,0
11873171.0,,0,0
11904704.0,,1,1
3102024.0,,0,0
3110937.0,,0,0
3115480.0,,0,0
3120320.0,,0,0
3127817.0,,0,0
3228740.0,,0,0
3230206.0,,0,1
3230227.0,,0,0
4729553.0,,0,0
4736208.0,,0,0
4737302.0,,0,0
4739194.0,,0,0
4739565.0,,0,0
4740688.0,,0,0
4753988.0,,0,0
4757331.0,,0,0
5301955.0,,0,0
5306862.0,,0,0
5307574.0,,0,0
5308778.0,,0,0
5310435.0,,0,0
5343976.0,,0,0
5347537.0,,0,0
5347784.0,,0,0
6364294.0,,0,0
6367439.0,,0,0
6367628.0,,0,0
6368222.0,,1,0
6372268.0,,1,0
6384840.0,,0,0
6386784.0,,0,0
6390236.0,,0,0
6421188.0,,0,0
7116236.0,,0,0
7117513.0,,0,0
7117541.0,,0,0
7118545.0,,0,0
7125636.0,,0,0
7128918.0,,0,0
7132015.0,,0,0
7135549.0,,1,0
8088354.0,,0,0
8091197.0,,1,1
8094140.0,,0,0
8094221.0,,0,0
8097825.0,,0,0
8098300.0,,0,0
8098515.0,,0,0
8098960.0,,1,1
8104436.0,,0,0
8815279.0,,1,1
8822585.0,,0,0
8823397.0,,0,0
8841616.0,,0,0
8845221.0,,0,0
8845552.0,,1,1
8848104.0,,0,0
8848115.0,,0,0
8868657.0,,0,0
9726452.0,,1,0
9762514.0,,0,1
9762519.0,,0,0
9777062.0,,0,0
9786821.0,,0,0
9790965.0,,0,0
9790965.0,,1,0
9811915.0,,1,1
9818732.0,,0,0
10665749.0,,1,1
10670112.0,,1,1
10680424.0,,1,1
10685175.0,,0,0
10686876.0,,0,0
10686930.0,,0,0
10711913.0,,0,0
10732401.0,,0,0
11906217.0,,0,0
11913052.0,,0,0
11913071.0,,0,0
11918482.0,,0,0
11922648.0,,0,0
11922782.0,,0,0
11923819.0,,0,0
11959569.0,,0,0
11966557.0,,0,0
5897826.0,,1,1
3240158.0,,1,1
2837111.0,,1,1
3241619.0,,0,0
3241662.0,,0,0
3245000.0,,0,0
3246867.0,,1,2
3247294.0,,0,0
3248332.0,,0,0
3249334.0,,1,1
3323289.0,,0,0
3324069.0,,1,1
4758350.0,,0,0
4758368.0,,0,0
4760959.0,,1,1
4764969.0,,1,0
4768756.0,,0,0
4769824.0,,0,0
4773155.0,,0,0
4830859.0,,1,1
4832273.0,,0,0
5353938.0,,1,1
5359678.0,,0,0
5380812.0,,1,1
5385469.0,,0,0
5385647.0,,0,0
5385667.0,,0,0
5388229.0,,0,0
5389184.0,,0,0
6421483.0,,0,0
6421937.0,,0,0
6423922.0,,1,1
6428942.0,,0,0
6436505.0,,1,1
6437993.0,,0,0
6442246.0,,0,0
6443392.0,,0,0
7137798.0,,0,0
7177553.0,,0,0
7177892.0,,0,0
7185487.0,,0,0
7198648.0,,0,0
7199935.0,,0,0
7200102.0,,0,0
7200225.0,,0,0
8488381.0,,1,1
8111622.0,,0,0
8112013.0,,0,0
8115647.0,,1,1
8120820.0,,1,2
8123170.0,,0,0
8123937.0,,0,0
8128965.0,,0,0
8129189.0,,0,0
8878681.0,,0,0
8879427.0,,0,0
8879915.0,,0,0
8881169.0,,1,1
8890996.0,,0,0
8906676.0,,0,0
8938628.0,,0,0
8940961.0,,0,0
8953278.0,,1,1
9821078.0,,0,0
9821428.0,,1,1
9837013.0,,1,1
9848420.0,,0,0
9850387.0,,0,0
9850912.0,,0,0
9852050.0,,0,0
9873869.0,,0,0
10736223.0,,0,0
10736489.0,Kepler-1974 b,2,0
10743600.0,,0,0
10751908.0,,1,1
10753734.0,,0,0
10794242.0,,0,0
10794405.0,,0,0
10809677.0,,0,0
10812541.0,,1,1
11967004.0,,0,0
11968490.0,,0,0
11970288.0,,0,0
12004679.0,,0,0
12004680.0,,0,0
12004689.0,,0,0
12013615.0,,0,0
12016243.0,,1,1
12022517.0,,0,0
6307521.0,,0,0
7037540.0,,0,0
11129738.0,,1,1
10028792.0,,1,1
4860678.0,,1,1
5531953.0,,1,1
4349442.0,,0,2
7765528.0,,1,1
3327980.0,,0,0
3329643.0,,0,0
3335816.0,,0,0
3337438.0,,0,0
3337548.0,,0,0
3339538.0,,0,0
3341934.0,,0,0
3343866.0,,0,0
4839180.0,,0,0
4840263.0,,0,0
4840818.0,,0,0
4847832.0,,0,0
4851217.0,,0,0
4851338.0,,0,0
4851356.0,,0,0
4862332.0,,0,0
4862625.0,,0,0
5393558.0,,0,0
5397905.0,,0,0
5444392.0,,0,0
5456979.0,,1,1
5460835.0,,0,0
5462901.0,,0,0
5466109.0,,1,1
5471010.0,,0,0
6447326.0,,0,0
6448768.0,,0,0
6449291.0,,0,1
6449552.0,,0,0
6452742.0,,0,0
6464285.0,,0,0
6466939.0,,0,0
6468938.0,,0,0
8429014.0,,0,0
7200301.0,,0,0
7203179.0,,0,0
7203194.0,,0,0
7204073.0,,0,0
7212722.0,,0,0
7217088.0,,1,2
7280953.0,,0,0
7281217.0,,0,0
7281229.0,,0,0
8143170.0,,0,0
8145789.0,,0,0
8145958.0,,1,1
8155584.0,,0,0
8155654.0,,1,1
8158324.0,,0,0
8162376.0,,0,0
8167504.0,,1,1
8953281.0,,0,0
8953426.0,,0,0
8953475.0,,0,0
8957572.0,,0,0
8958811.0,,1,1
8958939.0,,1,1
8958939.0,,1,1
8973000.0,,0,0
9881258.0,,0,0
9899153.0,,0,0
9899193.0,,0,0
9899410.0,,0,0
9899421.0,,0,0
9899577.0,,0,0
9899583.0,,0,0
9906489.0,,0,0
10815677.0,,1,1
10816107.0,,0,0
10843431.0,Kepler-1999 b,2,2
10847907.0,,0,0
10848097.0,,1,1
10849244.0,,0,0
10857589.0,,0,0
10866969.0,,1,1
12022718.0,,0,0
12053823.0,,0,0
12067960.0,,1,1
12071006.0,,0,0
12105785.0,,0,0
12106875.0,,0,0
12157983.0,,0,0
12164751.0,,0,0
12217907.0,,0,0
10028352.0,,0,0
6307083.0,,1,1
7620413.0,,1,1
11705004.0,,1,1
2854181.0,,1,1
5978559.0,,1,1
8838950.0,,1,1
6867555.0,,1,1
12208631.0,,1,1
3346543.0,,1,1
3352751.0,,0,0
3356193.0,,1,1
3427776.0,,0,0
3437739.0,,0,0
3440230.0,,0,0
3441340.0,,0,0
3448323.0,,0,0
4862625.0,,0,0
4863369.0,,0,1
4863753.0,,0,0
4902030.0,,0,0
4908495.0,,0,0
4912589.0,,0,0
4914709.0,,0,2
4914737.0,,0,1
5471141.0,,0,0
5471328.0,,0,0
5471415.0,,0,0
5471480.0,,0,0
5475712.0,,0,0
5479973.0,,0,0
5513822.0,,0,0
5513833.0,,0,0
6471229.0,,0,0
6471230.0,,0,0
6521174.0,,0,1
6521542.0,,0,0
6522353.0,,0,0
6522750.0,,0,0
6523216.0,,0,0
6531485.0,,0,0
6531801.0,,0,0
7281356.0,,0,0
7281399.0,,0,0
7281410.0,,0,0
7281616.0,,0,0
7281699.0,,0,0
7282008.0,,0,0
7285616.0,,0,0
7335514.0,,1,1
8178616.0,,0,0
8180290.0,,1,1
8183389.0,,0,0
8192861.0,,0,0
8193315.0,,0,0
8195877.0,,0,0
8196180.0,,0,0
8210721.0,,0,0
8977176.0,,0,0
9001468.0,,0,0
9005854.0,,0,0
9007918.0,,0,0
9007953.0,,0,0
9024857.0,,0,0
9025739.0,,1,1
9029486.0,,0,0
9906802.0,,0,1
9906841.0,,0,0
9909965.0,,1,1
9913481.0,,0,0
9913798.0,,0,0
9932197.0,,1,0
9934208.0,,0,0
9936698.0,,0,0
10867017.0,,0,0
10909274.0,,0,0
10920813.0,,0,0
10923260.0,,0,0
10924400.0,,0,0
10932270.0,,1,1
10936427.0,,0,0
10937609.0,,0,0
10965963.0,,0,0
12251779.0,,0,0
12268220.0,,0,0
12302391.0,,0,0
12304728.0,,1,1
12306808.0,,0,0
12351927.0,,0,0
12353633.0,,0,0
12353720.0,,0,0
8565912.0,,0,0
7778767.0,,1,2
9026749.0,,1,1
10916600.0,,1,1
6198182.0,,1,1
5695396.0,,1,1
6964929.0,,1,1
2853828.0,,0,0
7008149.0,,0,0
3458919.0,,0,0
3542573.0,,0,0
3543270.0,,0,0
3544678.0,,0,1
3545626.0,,1,0
3547178.0,,1,1
3548622.0,,1,1
3556742.0,,0,0
4917014.0,,0,0
4931073.0,,0,0
4932691.0,,0,0
4939265.0,,1,1
4940201.0,,0,0
4946680.0,,0,0
4947726.0,,0,0
4948863.0,,0,0
8308516.0,,1,1
5529501.0,,0,0
5529560.0,,0,0
5530881.0,,0,0
5534476.0,,0,0
5534702.0,,0,0
5535280.0,,0,0
5552808.0,,1,1
5553624.0,,0,0
5564082.0,,1,0
6543682.0,,0,0
6545018.0,,0,0
6548447.0,,0,0
6551106.0,,1,1
6584167.0,,0,0
6584278.0,,1,1
6590726.0,,1,1
6591789.0,,0,0
6593363.0,,0,0
7336754.0,,0,0
7345335.0,,1,1
7350067.0,Kepler-1646 b,2,2
7362534.0,,0,0
7362632.0,,0,0
7365447.0,,0,0
7366036.0,,0,0
7366065.0,,0,0
8211521.0,,0,0
8227086.0,,1,1
8227464.0,,1,0
8229048.0,,0,0
8231877.0,,0,0
8234477.0,,0,0
8240109.0,,0,0
8240861.0,,0,0
9049010.0,,0,0
9083503.0,,0,0
9085039.0,,1,0
9093566.0,,0,0
9098590.0,,0,0
9098810.0,,0,0
9099773.0,,1,1
9101208.0,,0,0
9943009.0,,1,1
9944201.0,,1,1
9944421.0,,0,0
9945280.0,,0,0
9953736.0,,0,0
9958053.0,,0,0
9959093.0,,1,1
9963009.0,,0,0
8545603.0,,0,0
10976412.0,,0,0
10979716.0,,0,0
10982373.0,,0,0
10987439.0,,0,0
10989032.0,,0,0
10991989.0,,0,0
10992733.0,,0,0
11019739.0,,1,1
12356746.0,,0,0
12356914.0,,0,0
12365000.0,,0,0
12365015.0,,0,0
12367017.0,,0,0
12367310.0,,0,0
12403968.0,,0,0
12418662.0,,0,0
12418816.0,,0,0
8709688.0,,1,1
9959492.0,,0,0
2716801.0,,1,1
3230805.0,,1,1
11810124.0,,1,1
9349757.0,,1,1
3219037.0,,1,1
9117416.0,,1,1
3558803.0,,0,0
3634169.0,,0,0
3644174.0,,0,0
3655326.0,,0,0
3656322.0,,0,0
3656700.0,,0,0
3659940.0,,0,0
3663494.0,,1,1
4949027.0,,0,0
4949214.0,,0,0
4950341.0,,0,0
4950557.0,,0,0
4995716.0,,1,1
5000179.0,,0,0
5017058.0,,0,0
5018787.0,,0,0
8345473.0,,0,0
5597361.0,,1,1
5598639.0,,0,0
5610698.0,,0,0
5616489.0,,0,0
5617510.0,,1,1
5621294.0,,0,0
5621299.0,,0,0
5622250.0,,0,0
5632781.0,,0,0
6594972.0,,0,0
6595662.0,,0,0
6603765.0,,1,1
6606282.0,,0,0
6606669.0,,0,0
6607610.0,,0,0
6610219.0,,0,0
6610433.0,,0,0
7368103.0,,0,0
7369523.0,,0,0
7376982.0,,0,0
7381580.0,,1,1
7381695.0,,0,0
7385387.0,,0,0
7385478.0,,0,0
7421876.0,,0,0
8243263.0,,0,0
8244295.0,,0,0
8248103.0,,1,1
8256882.0,,1,1
8262223.0,,0,0
8265520.0,,0,0
8265990.0,,0,0
8283875.0,,1,1
9119405.0,,0,0
9150870.0,,1,0
9156957.0,,0,0
9159301.0,,0,0
9163674.0,,0,0
9164788.0,,0,0
9172506.0,,0,0
9179531.0,,0,0
9963639.0,,0,0
9965691.0,,0,0
9971475.0,,0,0
10000490.0,,0,0
10002049.0,,1,1
10014702.0,,0,0
10019854.0,,1,1
10020423.0,,0,0
11027270.0,,0,0
11027722.0,,0,0
11029877.0,,0,0
11068630.0,,1,1
11071207.0,,0,0
11073223.0,,0,0
11076279.0,,0,0
11092783.0,,1,1
11124509.0,,0,0
12454800.0,,1,1
12458817.0,,1,1
12470530.0,,0,0
12504353.0,,0,0
12506342.0,,0,0
12519942.0,,1,1
12555616.0,,1,1
12557713.0,,0,0
9730163.0,Kepler-445 d,2,2
2437112.0,,0,0
8719324.0,,0,1
5471690.0,,0,0
7100673.0,,1,1
3937814.0,,1,1
3937814.0,,1,2
4548098.0,,1,1
5078025.0,,0,0
3733638.0,,1,1
3746248.0,,0,0
3748855.0,,1,1
3748855.0,,1,1
3757588.0,,0,0
3764411.0,,0,0
3765692.0,,1,1
3766353.0,,0,0
5019567.0,,0,0
5021432.0,,1,0
5021732.0,,0,0
5022440.0,,0,0
5022900.0,,0,0
5024126.0,,0,0
5024268.0,,0,0
5024372.0,,0,0
5633259.0,,1,0
5647638.0,,0,0
5653126.0,,0,0
5686974.0,,0,0
5696909.0,,0,0
5697628.0,,0,0
5700330.0,,0,0
5702770.0,,1,1
6614748.0,,1,1
6628926.0,,1,1
6629156.0,,0,0
6629588.0,,0,0
6636020.0,,0,2
6664842.0,,1,1
6665064.0,,1,2
6670610.0,,1,1
7431665.0,,0,0
7447895.0,,1,1
7455553.0,,0,0
7456521.0,,0,0
7461314.0,,0,0
7461521.0,,1,1
7499571.0,,0,1
7537660.0,,1,0
7541502.0,,0,0
8285254.0,,0,0
8285970.0,,0,0
8288719.0,,0,0
8294484.0,,0,0
8296467.0,,0,0
8301013.0,,0,0
8302455.0,,0,0
8302473.0,,0,0
8311864.0,Kepler-452 b,2,0
9181340.0,,0,0
9203154.0,,1,1
9205993.0,,0,0
9207508.0,,0,0
9210828.0,,0,0
9221627.0,,1,1
9236858.0,,0,0
9243795.0,,0,0
9266285.0,,0,0
10026136.0,,0,0
10026457.0,,0,0
10031409.0,,0,0
10031526.0,,0,0
10031808.0,,0,0
10053138.0,,1,2
10063044.0,,0,0
10066755.0,,1,1
10070479.0,,1,1
11134079.0,,0,0
11137061.0,,0,0
11144439.0,,0,0
7119481.0,,1,1
11147276.0,,0,0
11154043.0,,0,0
11182260.0,,1,1
11187972.0,,1,1
4548011.0,,0,0
2852941.0,,0,0
8773015.0,,1,1
9883606.0,,1,1
9597729.0,,0,0
9836563.0,,1,1
6508221.0,,1,1
9100953.0,,1,2
3830820.0,,0,0
3831523.0,,0,0
3834364.0,,0,0
3836413.0,,0,0
3836439.0,,0,0
3838004.0,,0,0
3851134.0,,0,0
3851193.0,,0,0
9595956.0,,0,0
9655792.0,,0,0
9970396.0,,0,0
10079420.0,,1,0
10253638.0,,0,0
10267121.0,,0,0
10341777.0,,0,0
10407271.0,,0,0
10471167.0,,0,0
10471174.0,,0,0
10471345.0,,0,0
11296798.0,,0,0
11463950.0,,0,0
11559304.0,,1,1
11621897.0,,0,0
12253534.0,,0,0
12304202.0,,0,0
4735826.0,,1,1
9291039.0,,0,0
10155321.0,,0,0
5003670.0,,1,1
4953173.0,,0,0
8973285.0,,1,1
2861126.0,,1,1
6363560.0,,0,0
7539174.0,,0,0
7935997.0,Kepler-1629 b,2,2
8105398.0,,1,1
10535708.0,,0,0
11453930.0,,0,0
4737267.0,,0,0
5955321.0,,0,0
6182093.0,,0,0
4758350.0,,1,1
4862625.0,,1,1
10621666.0,,0,0
5211470.0,,0,0
6665064.0,,0,0
3123418.0,,0,0
3458687.0,,0,0
3749508.0,,0,0
3955867.0,,0,0
3965201.0,,1,1
4074294.0,,0,0
4380560.0,,0,0
4384652.0,,0,0
7697568.0,,0,2
4483235.0,,0,0
4662363.0,,0,0
4680745.0,,0,0
4851195.0,,0,0
4862924.0,,1,0
5024414.0,,0,0
5177065.0,,0,0
5268955.0,,0,0
5271090.0,,1,1
5444276.0,,1,0
5598645.0,,0,0
5696518.0,,0,0
5878506.0,,1,1
5908086.0,,0,0
6307243.0,,0,0
6350522.0,,0,0
6385302.0,,0,0
6443274.0,,1,1
6508734.0,,0,0
6527050.0,,0,0
5602588.0,,1,1
6590362.0,,0,0
6628740.0,,0,0
6876575.0,,1,1
7031126.0,,0,0
7031208.0,,0,0
7031742.0,,0,0
7032568.0,,0,0
7032687.0,,0,0
7115384.0,,0,0
7116282.0,,0,0
7116859.0,,0,0
7133286.0,,0,0
7186259.0,,0,0
7214090.0,,0,0
7281694.0,,0,0
7362450.0,,0,0
8007262.0,,0,0
8096395.0,,1,1
8106973.0,,0,0
8168509.0,,1,1
10397751.0,,1,1
8258103.0,,0,0
8297319.0,,1,1
8423344.0,,1,0
8444868.0,,1,1
8579684.0,,0,0
8649876.0,,0,0
8682094.0,,1,0
8846809.0,,0,0
8868686.0,,0,0
9025662.0,,0,0
8572936.0,,0,0
9837578.0,,0,0
7821010.0,,0,0
5473556.0,,0,0
6504534.0,,0,0
6307062.0,,0,0
5652983.0,,0,0
9092897.0,,0,0
9246715.0,,0,0
9292130.0,,0,0
9541144.0,,0,0
8677057.0,,1,1
8702537.0,,1,1
8757213.0,,0,0
8880003.0,,0,0
8953296.0,,0,0
8749844.0,,0,0
8962007.0,,0,0
8703491.0,,0,0
9043947.0,,1,1
9079587.0,,0,0
8703506.0,,0,0
8590776.0,,0,0
8761550.0,,0,0
8686761.0,,0,0
8873450.0,Kepler-1975 b,2,1
8880317.0,,1,1
8750503.0,,0,2
8639155.0,,0,0
9021047.0,,0,0
8587439.0,,0,0
8712863.0,,0,0
9079915.0,,0,0
10208894.0,,0,0
10214873.0,,0,1
10253977.0,,1,1
10268714.0,,0,0
10281311.0,,0,0
10341876.0,,0,0
10351947.0,,1,1
10160922.0,,1,1
10198225.0,,1,1
10214341.0,,1,1
10219288.0,,0,0
10226343.0,,0,0
10263598.0,,0,0
10266860.0,,0,0
4763020.0,,0,0
5128966.0,,0,0
5288744.0,,0,1
5305225.0,,0,0
5598216.0,,0,0
5637036.0,,0,0
5647008.0,,0,0
10385708.0,,0,0
10404545.0,,0,0
10425070.0,,0,0
10425070.0,,0,0
10461045.0,,0,0
10493253.0,,0,0
10515564.0,,1,1
10321927.0,,0,0
10321972.0,,1,1
10322797.0,,0,0
10331279.0,,1,1
10338529.0,,0,0
10340212.0,,0,0
10383729.0,,0,0
5709226.0,,0,0
5775090.0,,0,0
5791705.0,,0,0
5802205.0,,1,1
5812648.0,,0,0
5858919.0,,1,1
5872139.0,,0,0
10519701.0,,0,0
10664150.0,,0,0
10735575.0,,0,0
10753394.0,,0,0
10875937.0,,0,0
10907307.0,,1,1
11087662.0,,0,0
10389280.0,,0,0
10397315.0,,0,0
10403228.0,,1,1
10405224.0,,0,0
10405482.0,,0,0
10405546.0,,0,0
10407191.0,,1,0
5955197.0,,1,1
5955427.0,,0,0
5956977.0,,0,0
6043574.0,,0,0
6049470.0,,0,0
6105359.0,,0,1
6114140.0,,1,1
11099109.0,,0,0
11124353.0,,0,0
11338091.0,,1,1
11400356.0,,0,0
11446424.0,,1,1
11449696.0,,0,0
11456839.0,,0,0
10452252.0,,1,1
10462462.0,,0,0
10470882.0,,0,0
10470993.0,,0,0
10471005.0,,0,0
10471055.0,,0,0
10471204.0,,0,0
6119605.0,,0,0
6230649.0,,0,0
6286633.0,,0,0
6451125.0,,0,0
6507334.0,,1,0
6516529.0,,0,0
6521526.0,,0,0
11501492.0,,0,0
11558217.0,,0,0
11649292.0,,0,0
11760931.0,,0,0
11854061.0,,0,0
11868122.0,,0,0
11872364.0,,1,1
10471243.0,,0,0
10471296.0,,0,0
10535886.0,,0,0
10535897.0,,0,0
10535926.0,,0,0
10535991.0,,0,0
10536177.0,,0,0
6600492.0,,0,1
6685403.0,,0,0
6846544.0,,0,0
6848529.0,,0,0
6887321.0,,0,0
6953281.0,,0,0
7020168.0,,0,0
12012872.0,,0,0
12069319.0,,0,0
12121118.0,,0,0
12252732.0,,0,0
12554051.0,,0,0
12554485.0,,1,1
12555140.0,,0,0
10536241.0,,1,2
10614845.0,,0,0
10616829.0,,0,0
10686909.0,,0,0
10730250.0,,0,0
10790401.0,,1,1
10801951.0,,0,0
7049771.0,,0,0
7053328.0,,0,0
7106437.0,,0,0
7117050.0,,0,0
7185710.0,,0,1
7282872.0,,0,0
7340624.0,,0,0
12647110.0,,0,0
12647757.0,,1,1
3629119.0,,1,1
3662635.0,,0,0
3734501.0,,0,2
4169315.0,,0,0
4446859.0,,1,1
9084569.0,,1,1
9087580.0,,1,1
9099607.0,,1,1
10844823.0,,1,1
10862284.0,,0,2
10862759.0,,1,1
10877024.0,,0,0
10920281.0,,1,1
10920420.0,,0,0
11032748.0,,1,1
7622473.0,,0,0
7662744.0,,0,0
7686191.0,,0,0
7690521.0,,0,0
7747835.0,,0,0
7762886.0,,0,0
7811537.0,,0,1
4566999.0,,0,0
4569942.0,,0,0
4572728.0,,1,1
4772095.0,,0,0
4847801.0,,0,0
5026023.0,,0,0
5098334.0,,1,1
9101271.0,,0,0
9118340.0,,0,0
9142714.0,,1,0
9159198.0,,0,0
9210820.0,,1,1
9227215.0,,1,0
9278575.0,,1,0
11098004.0,,0,1
11135119.0,,0,0
11139682.0,,1,1
11145726.0,,0,0
11152950.0,,0,0
11182706.0,,1,1
11294822.0,,1,1
7811537.0,,0,0
7874976.0,,0,0
7888957.0,,0,0
7900114.0,,0,0
7936194.0,,0,0
7959310.0,,0,0
8012732.0,,0,0
5391407.0,,0,0
5468555.0,,0,0
5638699.0,,0,0
5683219.0,,1,1
5871116.0,,0,0
5956171.0,,1,1
6032318.0,,0,0
9347066.0,,0,0
9390228.0,,1,1
9392016.0,,0,0
9429631.0,,0,2
9469494.0,,1,1
9518558.0,,0,0
9521317.0,,1,1
11296205.0,,1,0
11348086.0,,0,0
11350634.0,,1,1
11357185.0,,0,0
11358305.0,,1,1
11392362.0,,1,1
11443757.0,,1,1
8028465.0,,0,0
8129641.0,,0,0
8226720.0,,0,0
8307354.0,,0,0
8439949.0,,1,1
8527297.0,,1,0
8588982.0,,0,0
6182508.0,,0,0
6195669.0,,0,0
6356506.0,,1,1
6583107.0,,0,0
6681618.0,,0,0
6946985.0,,0,0
7106438.0,,0,1
9529148.0,,0,0
9531850.0,,0,0
9541094.0,,0,0
9579753.0,,0,0
9588880.0,,0,0
9592831.0,,0,0
9602658.0,,0,0
11453349.0,,1,1
11560397.0,,0,0
11565903.0,,0,0
11601597.0,,0,0
11612241.0,,0,0
11661803.0,,0,0
11661803.0,,0,0
8608544.0,,0,0
8608544.0,,1,1
8618147.0,,0,0
8630840.0,,0,0
8683144.0,,0,0
8708961.0,,1,1
8740744.0,,0,0
7451315.0,,0,0
7751294.0,,0,0
7832787.0,,1,1
8008913.0,,0,0
8022520.0,,1,1
8108450.0,,0,0
8293631.0,,0,0
9604563.0,,1,1
9639021.0,,0,1
9640649.0,,1,1
9643210.0,,0,1
9650579.0,,1,0
9650762.0,,1,1
9651155.0,,0,0
11709006.0,,0,0
11714107.0,,1,1
11724094.0,,0,0
11774383.0,,0,0
11804952.0,,0,0
11819135.0,,0,0
11904835.0,,1,1
8742735.0,,0,0
8743244.0,,0,0
8743244.0,,0,0
8748435.0,,0,0
8766268.0,,0,0
8808064.0,,0,0
8813404.0,,0,0
8329346.0,,1,1
8637903.0,,1,1
8673511.0,,1,1
8873674.0,,0,0
9011955.0,,1,1
9159288.0,,1,2
9209808.0,,0,0
9656547.0,,0,0
9658192.0,,0,0
9710611.0,,0,0
9710626.0,,0,0
9710792.0,,0,0
9770983.0,,0,1
9777089.0,,0,0
11918793.0,,0,1
11922290.0,,0,0
11966668.0,,0,0
11967872.0,,0,0
12004656.0,,0,0
12008916.0,,0,0
12021943.0,,0,0
8815031.0,,0,0
8821936.0,,0,0
8832676.0,,0,0
8873873.0,,1,1
9075882.0,,0,0
9084832.0,,0,0
9093859.0,,0,0
9239670.0,,0,0
9388557.0,,0,0
9532997.0,,0,0
9536836.0,,0,0
9592621.0,,1,1
10010452.0,,0,0
10226420.0,,0,0
9777990.0,,0,0
9813678.0,,0,0
9826551.0,,0,1
9838537.0,,0,0
9838761.0,,0,0
9839062.0,,0,0
9851983.0,,0,0
12156930.0,,1,1
12266099.0,,1,1
12307496.0,,1,1
12419303.0,,0,0
12453855.0,,0,0
12459808.0,,0,0
12602999.0,,1,1
9114508.0,,0,0
9216810.0,,0,0
9268159.0,,1,1
9340460.0,,0,0
9409493.0,,0,0
9468848.0,,1,1
9649205.0,,0,0
10341781.0,,0,0
10459805.0,,0,0
10471090.0,,0,0
10532751.0,,0,0
10585887.0,,0,0
11867733.0,,0,1
11923074.0,,0,0
9873004.0,,1,2
9899216.0,,0,0
9899256.0,,0,0
9899345.0,,1,0
9899621.0,,0,0
9899623.0,,0,0
9906688.0,,1,1
12644020.0,,0,0
2010152.0,,0,0
2284957.0,,1,1
2712825.0,,0,2
3443582.0,,0,0
3533483.0,,0,0
3663850.0,,1,1
9771576.0,,0,0
9827094.0,,0,0
9837720.0,,0,0
9873604.0,,0,0
9874581.0,,0,0
9899449.0,,0,0
9962731.0,,0,0
12117215.0,,0,0
12168280.0,,1,1
9912977.0,,0,0
9938836.0,,1,1
9941425.0,,0,0
9959368.0,,0,0
9959765.0,,0,0
10011213.0,,1,1
10014875.0,,0,0
3954211.0,,0,0
4056579.0,,0,0
4276445.0,,0,0
4371172.0,,0,0
4557341.0,,0,0
4645492.0,,0,0
4738095.0,,0,0
10023069.0,,0,0
10028127.0,,1,1
10079317.0,,0,0
10079481.0,,0,0
10081899.0,,0,0
10199817.0,,0,0
10205598.0,,0,0
10031643.0,,0,1
10090151.0,,0,0
10128825.0,,1,0
10147276.0,,0,0
10155286.0,,1,1
10156110.0,,0,0
4772028425.0,BD+20 594 b,0,1
4772028425.0,BD+20 594 b,0,1
4772028425.0,BD+20 594 b,0,1
4193804141.0,EPIC 201111557.01,0,1
4193804141.0,EPIC 201111557.01,0,1
907691385.0,EPIC 201126503.01,0,1
3131167942.0,EPIC 201127519.01,0,1
3131167942.0,EPIC 201127519.01,0,1
5524279498.0,EPIC 201147085.01,0,1
5499812939.0,EPIC 201152065.01,0,1
9081782155.0,EPIC 201160662.01,0,1
1669200910.0,EPIC 201164625.01,0,1
665607309.0,EPIC 201166680.01,0,1
4384017993.0,EPIC 201170410.02,0,1
6023363827.0,EPIC 201176672.01,0,1
5804403427.0,EPIC 201180665.01,0,1
3744618985.0,EPIC 201182911.01,0,1
713019878.0,EPIC 201197348.01,0,1
713019878.0,EPIC 201197348.01,0,1
456113926.0,EPIC 201231940.01,0,1
9879053033.0,EPIC 201238110 b,0,1
9879053033.0,EPIC 201238110 b,0,1
2949962475.0,EPIC 201238110.01,0,1
2949962475.0,EPIC 201238110.01,0,1
6364702430.0,EPIC 201238163.01,0,1
3061324158.0,EPIC 201239401.01,0,1
3061324158.0,EPIC 201239401.01,0,1
7494926092.0,EPIC 201247497.01,0,1
7494926092.0,EPIC 201247497.01,0,1
7494926092.0,EPIC 201247497.01,0,1
2271370119.0,EPIC 201257461.01,0,1
2271370119.0,EPIC 201257461.01,0,1
8199412172.0,EPIC 201258341.01,0,1
9926909594.0,EPIC 201259803.01,0,1
8126606394.0,EPIC 201264302.01,0,1
8126606394.0,EPIC 201264302.01,0,1
8126606394.0,EPIC 201264302.01,0,1
1930874422.0,EPIC 201270176.01,0,1
1930874422.0,EPIC 201270176.01,0,1
9379068389.0,EPIC 201270464.01,0,1
489281865.0,EPIC 201274010.01,0,1
5517069393.0,EPIC 201291843.01,0,1
6296468816.0,EPIC 201299088.01,0,1
3325512021.0,EPIC 201324549.01,0,1
3325512021.0,EPIC 201324549.01,0,1
3325512021.0,EPIC 201324549.01,0,1
3325512021.0,EPIC 201324549.01,0,1
3325512021.0,EPIC 201324549.01,0,1
9258507811.0,EPIC 201352100.01,0,1
9258507811.0,EPIC 201352100.01,0,1
7115820923.0,EPIC 201357835.01,0,1
3467400109.0,EPIC 201359834.01,0,0
7415374368.0,EPIC 201366540.01,0,1
4169664575.0,EPIC 201390927.01,0,1
292915471.0,EPIC 201392505.01,0,1
7034036802.0,EPIC 201407812.01,0,1
3641027496.0,EPIC 201427007 b,0,1
2402510473.0,EPIC 201441872.01,0,1
2402510473.0,EPIC 201441872.01,0,1
2402510473.0,EPIC 201441872.01,0,1
1284786588.0,EPIC 201445732.01,0,1
1719874260.0,EPIC 201456770.01,0,1
8262633843.0,EPIC 201488365.01,0,1
7439568403.0,EPIC 201497682 b,0,1
20798615.0,EPIC 201497682.01,0,1
20798615.0,EPIC 201497682.01,0,1
20798615.0,EPIC 201497682.02,0,1
20798615.0,EPIC 201497682.02,0,1
7439568403.0,EPIC 201497682.04,0,1
7468001709.0,EPIC 201512465.01,0,1
7468001709.0,EPIC 201512465.01,0,1
7468001709.0,EPIC 201512465.01,0,1
2472254326.0,EPIC 201515470.01,0,1
6971536991.0,EPIC 201516974.01,0,0
6971536991.0,EPIC 201516974.01,0,1
7685039394.0,EPIC 201521212.01,0,1
7892742536.0,EPIC 201528215.01,0,1
7892742536.0,EPIC 201528215.01,0,1
8803784786.0,EPIC 201534540.01,0,0
6621596654.0,EPIC 201541160.01,0,1
9686159563.0,EPIC 201543531.01,0,1
223321588.0,EPIC 201546136.01,0,1
223321588.0,EPIC 201546136.01,0,1
3352649952.0,EPIC 201556134.01,0,1
4806724287.0,EPIC 201561956.01,0,1
2199014999.0,EPIC 201563164.01,0,1
2715435870.0,EPIC 201565013.01,0,1
2715435870.0,EPIC 201565013.01,0,1
2715435870.0,EPIC 201565013.01,0,1
2715435870.0,EPIC 201565013.01,0,1
2256748529.0,EPIC 201569483.01,0,1
2256748529.0,EPIC 201569483.01,0,1
2532599041.0,EPIC 201577017.01,0,1
148479714.0,EPIC 201577112.01,0,1
148479714.0,EPIC 201577112.01,0,0
3324460632.0,EPIC 201588420.01,0,1
3324460632.0,EPIC 201588420.01,0,1
3767469659.0,EPIC 201595106 b,0,1
3767469659.0,EPIC 201595106 b,0,1
3767469659.0,EPIC 201595106 b,0,1
3767469659.0,EPIC 201595106 b,0,1
7540640079.0,EPIC 201596733.01,0,1
7540640079.0,EPIC 201596733.01,0,1
7540640079.0,EPIC 201596733.01,0,1
9834965243.0,EPIC 201606542.01,0,0
9834965243.0,EPIC 201606542.01,0,1
5619290110.0,EPIC 201615463 c,0,1
2332871266.0,EPIC 201617985.01,0,1
2332871266.0,EPIC 201617985.01,0,1
2332871266.0,EPIC 201617985.01,0,1
2332871266.0,EPIC 201617985.01,0,1
2332871266.0,EPIC 201617985.01,0,1
139145819.0,EPIC 201619647.01,0,1
139145819.0,EPIC 201619647.02,0,1
1245171845.0,EPIC 201626686.01,0,1
1245171845.0,EPIC 201626686.01,0,1
6919346861.0,EPIC 201631267.01,0,0
7904288818.0,EPIC 201635132.01,0,1
4379879023.0,EPIC 201639576.01,0,1
7054119565.0,EPIC 201649426.01,0,1
7054119565.0,EPIC 201649426.01,0,1
5992718583.0,EPIC 201650711.01,0,1
5992718583.0,EPIC 201650711.01,0,1
6857402584.0,EPIC 201650711.02,0,1
5212409762.0,EPIC 201654498.01,0,1
6433471434.0,EPIC 201663879.02,0,1
6497456458.0,EPIC 201666578.01,0,1
7185566365.0,EPIC 201683540.01,0,1
7185566365.0,EPIC 201683540.01,0,1
369089906.0,EPIC 201702477.01,0,1
369089906.0,EPIC 201702477.01,0,1
7407598757.0,EPIC 201705526.01,0,1
8960700707.0,EPIC 201717159.01,0,1
4824547170.0,EPIC 201717274.01,0,1
4824547170.0,EPIC 201717274.01,0,1
4824547170.0,EPIC 201717274.01,0,1
4824547170.0,EPIC 201717274.01,0,1
3254854098.0,EPIC 201720401.01,0,1
83868281.0,EPIC 201729655.01,0,1
2336595100.0,EPIC 201732557.01,0,1
3369278502.0,EPIC 201754305 d,0,1
8355379534.0,EPIC 201757695.02,0,1
4632290383.0,EPIC 201779067.01,0,1
4632290383.0,EPIC 201779067.01,0,1
4632290383.0,EPIC 201779067.01,0,1
4632290383.0,EPIC 201779067.01,0,1
7678120084.0,EPIC 201785059.01,0,1
7678120084.0,EPIC 201785059.01,0,1
7678120084.0,EPIC 201785059.01,0,1
883769804.0,EPIC 201793642.01,0,1
9739884011.0,EPIC 201828749.01,0,1
9739884011.0,EPIC 201828749.01,0,1
9739884011.0,EPIC 201828749.01,0,1
9739884011.0,EPIC 201828749.01,0,1
9739884011.0,EPIC 201828749.01,0,1
5669730032.0,EPIC 201833600 c,0,1
5669730032.0,EPIC 201833600 c,0,1
5161969759.0,EPIC 201837434.01,0,1
883131308.0,EPIC 201841433 b,0,1
883131308.0,EPIC 201841433 b,0,1
883131308.0,EPIC 201841433 b,0,1
4166987577.0,EPIC 201841433.01,0,1
4166987577.0,EPIC 201841433.01,0,1
9309190169.0,EPIC 201846824.01,0,1
8198064110.0,EPIC 201856786.01,0,1
8198064110.0,EPIC 201856786.02,0,1
637950835.0,EPIC 201892470.01,0,1
3471923966.0,EPIC 201896171.01,0,1
3943625170.0,EPIC 201920032.01,0,1
3943625170.0,EPIC 201920032.01,0,1
3943625170.0,EPIC 201920032.01,0,1
3943625170.0,EPIC 201920032.01,0,1
3943625170.0,EPIC 201920032.01,0,1
4431269297.0,EPIC 201920032.02,0,1
6085997628.0,EPIC 201923289.01,0,1
6085997628.0,EPIC 201923289.01,0,0
2228459612.0,EPIC 201925324.01,0,1
8170667963.0,EPIC 201927336.01,0,1
8170667963.0,EPIC 201927336.01,0,1
6429775575.0,EPIC 201928106.01,0,1
1666637940.0,EPIC 202059377.01,0,1
1666637940.0,EPIC 202059377.01,0,1
3615995980.0,EPIC 202060800.01,0,1
5939586649.0,EPIC 202062450.01,0,1
8494062282.0,EPIC 202064253.01,0,1
8001510899.0,EPIC 202065819.01,0,1
8685758187.0,EPIC 202066192.01,0,1
173385045.0,EPIC 202066537.01,0,1
173385045.0,EPIC 202066537.01,0,1
173385045.0,EPIC 202066537.01,0,1
1545009094.0,EPIC 202066811.01,0,1
4437830724.0,EPIC 202071289.01,0,1
4437830724.0,EPIC 202071289.01,0,1
4437830724.0,EPIC 202071289.01,0,1
6806203583.0,EPIC 202071401.01,0,1
6806203583.0,EPIC 202071401.01,0,1
6806203583.0,EPIC 202071401.01,0,1
3043408598.0,EPIC 202071635.01,0,1
2185927365.0,EPIC 202071645.01,0,1
2855837640.0,EPIC 202071725.01,0,0
2305754221.0,EPIC 202072596.01,0,1
9301967924.0,EPIC 202072965.01,0,1
4280693063.0,EPIC 202084970.01,0,1
7231857610.0,EPIC 202085553.01,0,1
5032600743.0,EPIC 202085597.01,0,1
7746590591.0,EPIC 202085698.01,0,1
2358978271.0,EPIC 202085934.01,0,1
2411231092.0,EPIC 202086291.01,0,1
6924496894.0,EPIC 202086968.01,0,1
81483439.0,EPIC 202088212.01,0,1
81483439.0,EPIC 202088212.01,0,1
81483439.0,EPIC 202088212.01,0,1
1194633669.0,EPIC 202089657.01,0,1
1194633669.0,EPIC 202089657.01,0,1
9850381241.0,EPIC 202090152.01,0,1
5602040144.0,EPIC 202090723.01,0,1
7468646375.0,EPIC 202090737.01,0,1
6896380364.0,EPIC 202091388.01,0,1
6896380364.0,EPIC 202091388.01,0,1
6896380364.0,EPIC 202091388.01,0,1
2276547666.0,EPIC 202092480.01,0,1
4109814850.0,EPIC 202092559.01,0,0
1501070404.0,EPIC 202092782.01,0,1
1134177896.0,EPIC 202093020.01,0,1
1134177896.0,EPIC 202093020.01,0,1
9797346648.0,EPIC 202093968.01,0,1
40575.0,EPIC 202094740.01,0,0
40575.0,EPIC 202094740.01,0,0
2411627601.0,EPIC 202126847.01,0,1
3363477306.0,EPIC 202126853.01,0,1
5350499766.0,EPIC 202126884.01,0,1
5350499766.0,EPIC 202126884.01,0,1
9336121969.0,EPIC 202126887.01,0,1
9336121969.0,EPIC 202126887.01,0,1
9336121969.0,EPIC 202126887.01,0,1
7223031010.0,EPIC 202126888.01,0,1
7223031010.0,EPIC 202126888.01,0,1
9459776666.0,EPIC 202137637.01,0,1
3146760647.0,EPIC 202139294.01,0,1
8143143131.0,EPIC 202565282.01,0,1
8143143131.0,EPIC 202565282.01,0,1
9420305971.0,EPIC 202600948.01,0,1
889679298.0,EPIC 202634963.01,0,1
5166205836.0,EPIC 202675839.01,0,1
5166205836.0,EPIC 202675839.01,0,1
5166205836.0,EPIC 202675839.01,0,1
6101201631.0,EPIC 202688980.01,0,1
6101201631.0,EPIC 202688980.01,0,1
3619053148.0,EPIC 202710713.01,0,1
3619053148.0,EPIC 202710713.01,0,1
3619053148.0,EPIC 202710713.01,0,1
7103754146.0,EPIC 202774883.01,0,1
6878925316.0,EPIC 202821899.01,0,1
6878925316.0,EPIC 202821899.01,0,1
6878925316.0,EPIC 202821899.01,0,1
798208522.0,EPIC 202843107.01,0,1
9075858155.0,EPIC 202893157.01,0,1
9838852929.0,EPIC 202963882.01,0,0
7208922666.0,EPIC 202971774.01,0,1
9803625922.0,EPIC 203042994.01,0,1
1266246636.0,EPIC 203070421.01,0,1
6700603572.0,EPIC 203099398.01,0,1
6700603572.0,EPIC 203099398.01,0,1
7242449150.0,EPIC 203139512.01,0,1
7242449150.0,EPIC 203139512.02,0,1
9944307787.0,EPIC 203294831.01,0,1
9944307787.0,EPIC 203294831.01,0,1
9944307787.0,EPIC 203294831.01,0,1
4217845062.0,EPIC 203311200.01,0,1
2286132802.0,EPIC 203476597.01,0,0
2442641207.0,EPIC 203485624.01,0,1
838051574.0,EPIC 203518244.01,0,1
3266026121.0,EPIC 203533312.01,0,1
3740300331.0,EPIC 203560204.01,0,1
4264178788.0,EPIC 203581469.01,0,1
1689667913.0,EPIC 203616858.01,0,1
6591807912.0,EPIC 203623230.01,0,0
2051350023.0,EPIC 203633064.01,0,1
5971774103.0,EPIC 203692610.01,0,1
4853381509.0,EPIC 203710387.01,0,1
4853381509.0,EPIC 203710387.01,0,1
4853381509.0,EPIC 203710387.01,0,1
2814270624.0,EPIC 203753577.01,0,1
2814270624.0,EPIC 203753577.01,0,1
3372535316.0,EPIC 203823381.01,0,1
3372535316.0,EPIC 203823381.01,0,1
3372535316.0,EPIC 203823381.01,0,1
5236377272.0,EPIC 203849738.01,0,1
8631112619.0,EPIC 203867512.01,0,1
8631112619.0,EPIC 203867512.01,0,1
6687137503.0,EPIC 203868608.01,0,1
5747123040.0,EPIC 203914123.01,0,1
342284342.0,EPIC 203925865.01,0,1
6464215921.0,EPIC 203929178.01,0,1
5514156144.0,EPIC 203942067.01,0,1
2009493266.0,EPIC 204043888.01,0,1
2328625851.0,EPIC 204057095.01,0,1
2328625851.0,EPIC 204057095.01,0,0
896816522.0,EPIC 204124270.01,0,1
3829856653.0,EPIC 204128016.01,0,0
568059447.0,EPIC 204143627.01,0,1
5303764114.0,EPIC 204165788.01,0,0
6397960370.0,EPIC 204197636.01,0,1
1879564306.0,EPIC 204276894.01,0,1
8066929704.0,EPIC 204308061.01,0,1
6289760692.0,EPIC 204312847.01,0,1
4347268864.0,EPIC 204322265.01,0,1
5235711661.0,EPIC 204346718.01,0,1
1225874159.0,EPIC 204364515.01,0,0
6767884822.0,EPIC 204432860.01,0,1
5069183906.0,EPIC 204489514.01,0,1
8546116723.0,EPIC 204506777.01,0,1
4380253642.0,EPIC 204529573.01,0,1
5305604684.0,EPIC 204576757.01,0,1
6857856373.0,EPIC 204579445.01,0,1
548775521.0,EPIC 204634789.01,0,1
5090073196.0,EPIC 204649811.01,0,1
5090073196.0,EPIC 204649811.01,0,1
8615563064.0,EPIC 204658292.01,0,1
9042511951.0,EPIC 204676499.01,0,1
3462620467.0,EPIC 204750116.02,0,1
6467312729.0,EPIC 204760247.01,0,0
6241407234.0,EPIC 204763194.01,0,1
6241407234.0,EPIC 204763194.01,0,1
5497752776.0,EPIC 204791347.01,0,1
2891013217.0,EPIC 204873331.01,0,1
2891013217.0,EPIC 204873331.01,0,1
371023580.0,EPIC 204880394.01,0,0
7986956224.0,EPIC 204882444.01,0,1
9465402841.0,EPIC 204884005.01,0,1
9465402841.0,EPIC 204884005.01,0,1
2537646876.0,EPIC 204888276.01,0,1
2537646876.0,EPIC 204888276.01,0,1
2432031668.0,EPIC 204914585.01,0,1
2432031668.0,EPIC 204914585.01,0,1
2053068719.0,EPIC 204990932.01,0,1
182475711.0,EPIC 204991696.01,0,1
5737347040.0,EPIC 205029914.01,0,1
5737347040.0,EPIC 205029914.01,0,1
5737347040.0,EPIC 205029914.01,0,1
5737347040.0,EPIC 205029914.01,0,1
5737347040.0,EPIC 205029914.01,0,1
8430264060.0,EPIC 205040048.01,0,1
8430264060.0,EPIC 205040048.01,0,1
6109500387.0,EPIC 205046529.01,0,1
4032660109.0,EPIC 205047565.01,0,1
1235349006.0,EPIC 205050711.01,0,1
3338132598.0,EPIC 205064326.01,0,1
3338132598.0,EPIC 205064326.01,0,1
3338132598.0,EPIC 205064326.01,0,1
3338132598.0,EPIC 205064326.01,0,1
9956982879.0,EPIC 205084841.01,0,1
9956982879.0,EPIC 205084841.01,0,1
1355176866.0,EPIC 205145448.01,0,1
1355176866.0,EPIC 205145448.01,0,1
1355176866.0,EPIC 205145448.01,0,1
717010499.0,EPIC 205146011.01,0,1
6205178320.0,EPIC 205148699.01,0,1
6205178320.0,EPIC 205148699.01,0,1
6205178320.0,EPIC 205148699.01,0,1
6205178320.0,EPIC 205148699.01,0,1
2436510619.0,EPIC 205152172.01,0,1
2436510619.0,EPIC 205152172.01,0,1
2436510619.0,EPIC 205152172.01,0,1
2436510619.0,EPIC 205152172.01,0,1
26141113.0,EPIC 205170731.01,0,1
3415508795.0,EPIC 205205452.01,0,1
8625658139.0,EPIC 205224877.01,0,1
8138513516.0,EPIC 205242733.01,0,1
8138513516.0,EPIC 205242733.01,0,1
1679169231.0,EPIC 205252523.01,0,1
1581315631.0,EPIC 205377483.01,0,1
3017515505.0,EPIC 205463986.01,0,1
6826263334.0,EPIC 205470347.01,0,1
6350991553.0,EPIC 205483055.01,0,1
5394673370.0,EPIC 205483258.01,0,1
3752488002.0,EPIC 205489894.01,0,1
3752488002.0,EPIC 205489894.01,0,1
7887865375.0,EPIC 205503762.01,0,1
8175862126.0,EPIC 205530323.01,0,1
8175862126.0,EPIC 205530323.02,0,1
369767323.0,EPIC 205570849.01,0,1
7949195338.0,EPIC 205618538.01,0,0
7878398289.0,EPIC 205632508.01,0,1
7063205765.0,EPIC 205652650.01,0,1
689372679.0,EPIC 205703094.01,0,1
689372679.0,EPIC 205703094.02,0,1
689372679.0,EPIC 205703094.03,0,1
2996807445.0,EPIC 205938820.01,0,1
1598725476.0,EPIC 205939498.01,0,1
4760225746.0,EPIC 205943325.01,0,1
6495131481.0,EPIC 205944181.01,0,1
6495131481.0,EPIC 205944181.01,0,1
6495131481.0,EPIC 205944181.01,0,1
6495131481.0,EPIC 205944181.01,0,1
34464915.0,EPIC 205947161.01,0,1
34464915.0,EPIC 205947161.01,0,1
34464915.0,EPIC 205947161.01,0,1
34464915.0,EPIC 205947161.01,0,1
7588069103.0,EPIC 205947214.01,0,0
9162898722.0,EPIC 205950854 c,0,1
9162898722.0,EPIC 205950854 c,0,1
9162898722.0,EPIC 205950854 c,0,1
9310685463.0,EPIC 205951125.01,0,1
7880195862.0,EPIC 205957328.01,0,1
7880195862.0,EPIC 205957328.01,0,1
7880195862.0,EPIC 205957328.01,0,1
8407270256.0,EPIC 205962305.01,0,1
5573888038.0,EPIC 205969319.01,0,1
9218189298.0,EPIC 205976958.01,0,1
9218189298.0,EPIC 205976958.01,0,1
9095003421.0,EPIC 205979483.01,0,1
8527914178.0,EPIC 205981465.01,0,1
6557778270.0,EPIC 205990339.01,0,1
6557778270.0,EPIC 205990339.01,0,1
9730568482.0,EPIC 205996447.01,0,1
7301581481.0,EPIC 205998649.01,0,1
549199042.0,EPIC 205999468.01,0,1
549199042.0,EPIC 205999468.01,0,1
549199042.0,EPIC 205999468.01,0,1
549199042.0,EPIC 205999468.01,0,1
3948879200.0,EPIC 206011849.01,0,1
287510122.0,EPIC 206024342 b,0,1
287510122.0,EPIC 206024342 b,0,1
714746542.0,EPIC 206024342 c,0,1
714746542.0,EPIC 206024342 c,0,1
714746542.0,EPIC 206024342 c,0,1
714746542.0,EPIC 206024342 d,0,1
714746542.0,EPIC 206024342 d,0,1
714746542.0,EPIC 206024342 d,0,1
714746542.0,EPIC 206024342 d,0,1
4865395952.0,EPIC 206028176.01,0,1
4865395952.0,EPIC 206028176.01,0,1
4865395952.0,EPIC 206028176.01,0,1
5451191048.0,EPIC 206029242.01,0,1
9136819078.0,EPIC 206029450.01,0,1
9136819078.0,EPIC 206029450.01,0,1
7646972963.0,EPIC 206031623.01,0,1
938819581.0,EPIC 206032309 b,0,1
8664814418.0,EPIC 206032309.01,0,1
5334610873.0,EPIC 206036749.01,0,1
5334610873.0,EPIC 206036749.01,0,1
1108751339.0,EPIC 206042996 b,0,1
1108751339.0,EPIC 206042996 b,0,1
1108751339.0,EPIC 206042996 b,0,1
5040991382.0,EPIC 206042996 c,0,1
5040991382.0,EPIC 206042996 c,0,1
6156243214.0,EPIC 206047055.01,0,1
7212728461.0,EPIC 206049452.01,0,1
5528831734.0,EPIC 206056433.01,0,1
6637129379.0,EPIC 206061524.01,0,1
6637129379.0,EPIC 206061524.01,0,1
6637129379.0,EPIC 206061524.01,0,1
6637129379.0,EPIC 206061524.01,0,1
6637129379.0,EPIC 206061524.01,0,1
6637129379.0,EPIC 206061524.01,0,1
7321282546.0,EPIC 206065006.01,0,1
5046353871.0,EPIC 206114294.01,0,1
5046353871.0,EPIC 206114294.01,0,1
5046353871.0,EPIC 206114294.01,0,1
7368896307.0,EPIC 206114630.01,0,1
7368896307.0,EPIC 206114630.01,0,1
460275836.0,EPIC 206133795.01,0,1
5758696376.0,EPIC 206135075.01,0,1
622840376.0,EPIC 206135170.01,0,1
7801437045.0,EPIC 206135267.01,0,1
7801437045.0,EPIC 206135267.01,0,1
5948332784.0,EPIC 206135682.04,0,1
3942384743.0,EPIC 206151047.01,0,1
3942384743.0,EPIC 206151047.01,0,1
3942384743.0,EPIC 206151047.01,0,1
181606748.0,EPIC 206152015.01,0,0
9796835680.0,EPIC 206155922.01,0,1
2553943882.0,EPIC 206159027.02,0,1
5094369922.0,EPIC 206169375.01,0,1
5094369922.0,EPIC 206169375.01,0,0
5094369922.0,EPIC 206169375.01,0,1
5094369922.0,EPIC 206169375.01,0,1
9520573486.0,EPIC 206175552.01,0,1
578627561.0,EPIC 206192335.01,0,1
578627561.0,EPIC 206192335.01,0,1
578627561.0,EPIC 206192335.01,0,1
578627561.0,EPIC 206192335.01,0,1
9669048796.0,EPIC 206208956.01,0,1
9569025996.0,EPIC 206215704 b,0,1
9569025996.0,EPIC 206215704 b,0,1
9569025996.0,EPIC 206215704 b,0,1
9345611493.0,EPIC 206215704.01,0,1
9345611493.0,EPIC 206215704.01,0,1
8054165628.0,EPIC 206226146.01,0,1
1773420620.0,EPIC 206260577.01,0,1
736621021.0,EPIC 206262341.01,0,1
8833678636.0,EPIC 206267115.01,0,1
1379144954.0,EPIC 206268084.01,0,1
4988623739.0,EPIC 206298289.01,0,1
4988623739.0,EPIC 206298289.01,0,1
4988623739.0,EPIC 206298289.01,0,1
9867866486.0,EPIC 206311743.01,0,1
3848954601.0,EPIC 206312951.01,0,1
3848954601.0,EPIC 206312951.01,0,1
9080717753.0,EPIC 206315178.01,0,1
9140126907.0,EPIC 206317286 b,0,1
9140126907.0,EPIC 206317286 b,0,1
5269833929.0,EPIC 206317286 c,0,1
5269833929.0,EPIC 206317286 c,0,1
5269833929.0,EPIC 206317286 c,0,1
2367925760.0,EPIC 206329937.01,0,1
189052466.0,EPIC 206344313.01,0,1
5492917833.0,EPIC 206358352.01,0,1
2616576279.0,EPIC 206360885.01,0,1
2616576279.0,EPIC 206360885.02,0,1
9886988531.0,EPIC 206369173.01,0,1
5013789107.0,EPIC 206403979.01,0,1
430759980.0,EPIC 206414361.01,0,1
4472527969.0,EPIC 206417197.01,0,1
4472527969.0,EPIC 206417197.01,0,1
4472527969.0,EPIC 206417197.01,0,1
9968843962.0,EPIC 206439513.01,0,1
9968843962.0,EPIC 206439513.01,0,1
8881599714.0,EPIC 206461841.01,0,1
3914246498.0,EPIC 206468053.01,0,1
3200673.0,EPIC 206476150.01,0,1
5778039437.0,EPIC 206500801.01,0,1
4460901357.0,EPIC 206532093.01,0,1
6476279794.0,EPIC 206535016.01,0,1
6476279794.0,EPIC 206535016.01,0,1
6476279794.0,EPIC 206535016.01,0,1
3563639035.0,EPIC 206543223.01,0,1
3563639035.0,EPIC 206543223.01,0,1
3563639035.0,EPIC 206543223.01,0,1
6094939001.0,EPIC 207389002.01,0,1
7876662953.0,EPIC 207517400.01,0,1
6421828352.0,EPIC 207739861.01,0,1
4543535888.0,EPIC 208445756.01,0,1
8284020250.0,EPIC 208833261.01,0,1
8284020250.0,EPIC 208833261.01,0,1
2843083337.0,EPIC 209036259.01,0,1
3216533338.0,EPIC 209286622.01,0,1
4589579449.0,EPIC 210365511.01,0,1
1402288460.0,EPIC 210371175.01,0,1
1561510194.0,EPIC 210384192.01,0,1
9532838756.0,EPIC 210389383.01,0,1
2638318365.0,EPIC 210394706.01,0,1
2638318365.0,EPIC 210394706.02,0,1
7317311286.0,EPIC 210401157.01,0,1
7317311286.0,EPIC 210401157.01,0,1
4102585882.0,EPIC 210414957.01,0,1
4102585882.0,EPIC 210414957.01,0,0
4102585882.0,EPIC 210414957.01,0,1
346688084.0,EPIC 210418253.01,0,1
4759190519.0,EPIC 210423938.01,0,1
4759190519.0,EPIC 210423938.01,0,1
2670154311.0,EPIC 210463428.01,0,1
2670154311.0,EPIC 210463428.01,0,1
7186937223.0,EPIC 210472483.01,0,1
1006895958.0,EPIC 210495066.01,0,1
7787396479.0,EPIC 210508766.03,0,1
559731367.0,EPIC 210513446.01,0,1
559731367.0,EPIC 210513446.01,0,1
9941225592.0,EPIC 210524811.01,0,1
643693010.0,EPIC 210550063.01,0,1
643693010.0,EPIC 210550063.01,0,1
643693010.0,EPIC 210550063.01,0,0
7782115088.0,EPIC 210559259.01,0,1
7782115088.0,EPIC 210559259.01,0,1
7782115088.0,EPIC 210559259.01,0,1
3599850945.0,EPIC 210564155.01,0,1
3599850945.0,EPIC 210564155.01,0,1
2188959436.0,EPIC 210576234.01,0,1
5423552079.0,EPIC 210598340.01,0,1
5423552079.0,EPIC 210598340.01,0,1
6425619927.0,EPIC 210605073.01,0,0
6425619927.0,EPIC 210605073.01,0,0
5494799973.0,EPIC 210609658.01,0,0
5494799973.0,EPIC 210609658.01,0,1
5342707527.0,EPIC 210625740.01,0,1
5342707527.0,EPIC 210625740.01,0,1
5690395206.0,EPIC 210626797.01,0,1
1785938675.0,EPIC 210629082.01,0,1
2658533704.0,EPIC 210659688.01,0,1
2658533704.0,EPIC 210659688.01,0,1
4716372981.0,EPIC 210659945.01,0,1
9346160821.0,EPIC 210664763.01,0,1
9517996237.0,EPIC 210666756.01,0,1
9517996237.0,EPIC 210666756.01,0,1
6847171356.0,EPIC 210678858.01,0,1
6847171356.0,EPIC 210678858.02,0,1
6847171356.0,EPIC 210678858.03,0,1
9915684806.0,EPIC 210696763.01,0,1
9915684806.0,EPIC 210696763.01,0,1
9915684806.0,EPIC 210696763.02,0,1
9915684806.0,EPIC 210696763.02,0,1
9915684806.0,EPIC 210696763.03,0,1
9915684806.0,EPIC 210696763.03,0,1
2234932412.0,EPIC 210706310.01,0,1
6010671243.0,EPIC 210708830.01,0,1
4821520310.0,EPIC 210736056.01,0,1
4889437611.0,EPIC 210744674.01,0,1
4889437611.0,EPIC 210744674.01,0,1
4889437611.0,EPIC 210744674.01,0,1
5507414301.0,EPIC 210754505.01,0,0
5507414301.0,EPIC 210754505.01,0,0
5507414301.0,EPIC 210754505.01,0,1
5507414301.0,EPIC 210754505.01,0,1
8323990789.0,EPIC 210769880.01,0,1
8323990789.0,EPIC 210769880.01,0,1
3938661254.0,EPIC 210775710.01,0,1
3938661254.0,EPIC 210775710.01,0,1
3938661254.0,EPIC 210775710.01,0,0
6196597438.0,EPIC 210777017.01,0,1
6196597438.0,EPIC 210777017.01,0,1
4216447629.0,EPIC 210789323.01,0,1
3998027937.0,EPIC 210801536.01,0,0
6015398512.0,EPIC 210813978.01,0,1
6015398512.0,EPIC 210813978.01,0,1
5127347597.0,EPIC 210827030.01,0,1
6315218785.0,EPIC 210843708.01,0,0
3960133308.0,EPIC 210852232.01,0,1
3960133308.0,EPIC 210852232.02,0,1
2337899726.0,EPIC 210877025.01,0,1
1690214477.0,EPIC 210903662.01,0,1
1690214477.0,EPIC 210903662.01,0,1
1441609788.0,EPIC 210925707.01,0,0
3768321163.0,EPIC 210933299.01,0,1
8409111082.0,EPIC 210935498.01,0,1
1672136206.0,EPIC 210945680.01,0,1
1672136206.0,EPIC 210945680.01,0,1
5757184221.0,EPIC 210954046.01,0,0
5969883362.0,EPIC 210956385.01,0,1
4480613650.0,EPIC 210958990.01,0,1
2188182307.0,EPIC 210961508.01,0,1
2188182307.0,EPIC 210961508.01,0,1
88625220.0,EPIC 210965800.02,0,1
88625220.0,EPIC 210965800.03,0,1
88625220.0,EPIC 210965800.04,0,1
88625220.0,EPIC 210965800.05,0,1
88625220.0,EPIC 210965800.06,0,1
4947004644.0,EPIC 210967369.01,0,1
3359240771.0,EPIC 211002562.01,0,1
6623117932.0,EPIC 211009047.01,0,0
5009794092.0,EPIC 211058748.01,0,1
9241463689.0,EPIC 211082420.01,0,1
8702934433.0,EPIC 211087003.02,0,1
1446412883.0,EPIC 211093684.01,0,1
6160515821.0,EPIC 211106187.01,0,1
3226226975.0,EPIC 211107835.01,0,1
4833950391.0,EPIC 211133138.01,0,1
5140779569.0,EPIC 211147528.01,0,1
5140779569.0,EPIC 211147528.01,0,1
5140779569.0,EPIC 211147528.01,0,1
5140779569.0,EPIC 211147528.01,0,1
5140779569.0,EPIC 211147528.01,0,1
2678717969.0,EPIC 211158357.01,0,1
1577793200.0,EPIC 211169300.01,0,1
5307020021.0,EPIC 211201576.01,0,1
7126557576.0,EPIC 211305568.01,0,1
7126557576.0,EPIC 211305568.02,0,1
6755233875.0,EPIC 211308899.01,0,1
4829716535.0,EPIC 211309648.01,0,1
4829716535.0,EPIC 211309648.01,0,1
4829716535.0,EPIC 211309648.01,0,1
7290064565.0,EPIC 211315836.01,0,1
7290064565.0,EPIC 211315836.01,0,0
6248015982.0,EPIC 211319779.01,0,1
6248015982.0,EPIC 211319779.01,0,1
991985746.0,EPIC 211321953.01,0,1
5931078609.0,EPIC 211327855.01,0,1
2464286234.0,EPIC 211328748.01,0,1
9762998679.0,EPIC 211333233.01,0,1
796953734.0,EPIC 211335816.01,0,1
796953734.0,EPIC 211335816.01,0,1
7074527231.0,EPIC 211336288.01,0,1
5685425444.0,EPIC 211336616.01,0,0
6194096062.0,EPIC 211342524.01,0,1
6194096062.0,EPIC 211342524.01,0,1
6194096062.0,EPIC 211342524.01,0,1
6194096062.0,EPIC 211342524.01,0,1
490520829.0,EPIC 211357309.01,0,1
490520829.0,EPIC 211357309.01,0,1
490520829.0,EPIC 211357309.01,0,1
303311049.0,EPIC 211365543.01,0,1
364605491.0,EPIC 211372788.01,0,1
5175511369.0,EPIC 211375488.01,0,1
5175511369.0,EPIC 211375488.01,0,1
5544483044.0,EPIC 211383821.01,0,1
5544483044.0,EPIC 211383821.01,0,1
5544483044.0,EPIC 211383821.01,0,1
2486783383.0,EPIC 211390903.01,0,1
7153428566.0,EPIC 211393988.01,0,1
7153428566.0,EPIC 211393988.01,0,1
7153428566.0,EPIC 211393988.01,0,1
1951927195.0,EPIC 211396431.01,0,1
4013803844.0,EPIC 211397774.01,0,1
6385212931.0,EPIC 211397844.01,0,1
3216584817.0,EPIC 211402878.01,0,1
1345522546.0,EPIC 211407755.01,0,1
1345522546.0,EPIC 211407755.01,0,0
4134322592.0,EPIC 211408138.01,0,1
6925968849.0,EPIC 211408558.01,0,1
3068412055.0,EPIC 211409299.01,0,1
2102547979.0,EPIC 211411891.01,0,1
5598214033.0,EPIC 211413463.01,0,1
7524827619.0,EPIC 211418290.01,0,1
7524827619.0,EPIC 211418290.01,0,1
6028859616.0,EPIC 211419451.01,0,1
7950479798.0,EPIC 211422822.01,0,1
2068610016.0,EPIC 211424769.01,0,1
2068610016.0,EPIC 211424769.01,0,1
8213339007.0,EPIC 211425822.01,0,1
5455595680.0,EPIC 211428897.01,0,1
5455595680.0,EPIC 211428897.01,0,1
5455595680.0,EPIC 211428897.01,0,1
5455595680.0,EPIC 211428897.01,0,1
7206321974.0,EPIC 211428897.02,0,1
7206321974.0,EPIC 211428897.02,0,1
7206321974.0,EPIC 211428897.02,0,1
7206321974.0,EPIC 211428897.03,0,1
7206321974.0,EPIC 211428897.03,0,1
7133354184.0,EPIC 211428897.04,0,1
7133354184.0,EPIC 211428897.05,0,1
2727309003.0,EPIC 211429934.01,0,0
9182263878.0,EPIC 211430148.01,0,1
9699849154.0,EPIC 211431013.01,0,1
3329975264.0,EPIC 211432103.01,0,1
3004356638.0,EPIC 211432167.01,0,1
6183130653.0,EPIC 211432176.01,0,1
6072590532.0,EPIC 211432922.01,0,1
7016221889.0,EPIC 211432946.01,0,1
6007992976.0,EPIC 211436313.01,0,1
3026926105.0,EPIC 211436876.01,0,1
595359964.0,EPIC 211438731.01,0,1
6596572614.0,EPIC 211439059.01,0,1
6596572614.0,EPIC 211439059.01,0,1
6596572614.0,EPIC 211439059.01,0,1
6596572614.0,EPIC 211439059.01,0,1
5927196837.0,EPIC 211442571.01,0,1
5927196837.0,EPIC 211442571.02,0,1
4564049232.0,EPIC 211449931.01,0,1
3137738918.0,EPIC 211451776.01,0,1
1966895704.0,EPIC 211452175.01,0,1
9578331464.0,EPIC 211453076.01,0,1
6572413396.0,EPIC 211453223.01,0,1
304903396.0,EPIC 211468153.01,0,1
2028057475.0,EPIC 211469889.01,0,1
4392522676.0,EPIC 211471048.01,0,1
8475117214.0,EPIC 211477347.01,0,1
3206525769.0,EPIC 211480861.01,0,1
3529411779.0,EPIC 211490299.01,0,0
9425348152.0,EPIC 211492384.01,0,0
994585259.0,EPIC 211492449.01,0,1
877137506.0,EPIC 211492541.01,0,0
5044543235.0,EPIC 211493669.01,0,1
9768550982.0,EPIC 211503824.01,0,1
7024980298.0,EPIC 211505089.01,0,1
1057286508.0,EPIC 211506851.01,0,1
5333015800.0,EPIC 211509665.01,0,1
6717577768.0,EPIC 211510580.01,0,1
6311505912.0,EPIC 211516501.01,0,1
5177706730.0,EPIC 211524114.01,0,1
9808154372.0,EPIC 211524558.01,0,1
7188766429.0,EPIC 211526186.01,0,0
6195544551.0,EPIC 211533633.01,0,1
2782080933.0,EPIC 211534342.01,0,1
3316245390.0,EPIC 211535327.01,0,1
6111325010.0,EPIC 211535481.01,0,0
9282488830.0,EPIC 211537087.02,0,1
9282488830.0,EPIC 211537087.03,0,1
8264828028.0,EPIC 211538193.01,0,0
972028857.0,EPIC 211540348.01,0,0
7399885279.0,EPIC 211541590.01,0,1
9251083005.0,EPIC 211543616.01,0,1
303190763.0,EPIC 211544257.01,0,0
8455005644.0,EPIC 211546613.01,0,1
8455005644.0,EPIC 211546613.01,0,1
7937809427.0,EPIC 211551160.01,0,1
5910195897.0,EPIC 211552050.01,0,1
604925984.0,EPIC 211563123.01,0,1
4262999070.0,EPIC 211569704.01,0,0
5917317973.0,EPIC 211572480.01,0,1
3212625883.0,EPIC 211572511.01,0,1
6288201110.0,EPIC 211578235.01,0,1
6288201110.0,EPIC 211578235.01,0,1
9603022174.0,EPIC 211579683.01,0,1
9603022174.0,EPIC 211579683.01,0,1
5354679016.0,EPIC 211586387.01,0,1
5354679016.0,EPIC 211586387.01,0,1
4942661920.0,EPIC 211589784.01,0,1
918244903.0,EPIC 211590050.01,0,1
7335734201.0,EPIC 211600389.01,0,1
3229982166.0,EPIC 211600632.01,0,0
472929565.0,EPIC 211604981.01,0,0
6087159637.0,EPIC 211606790.01,0,1
6087159637.0,EPIC 211606790.01,0,1
1595299624.0,EPIC 211607670.01,0,1
8371166894.0,EPIC 211607804.01,0,1
1735801362.0,EPIC 211611139.01,0,1
4159077754.0,EPIC 211613886.01,0,1
4159077754.0,EPIC 211613886.01,0,1
2304067244.0,EPIC 211616939.01,0,1
615817159.0,EPIC 211619120.01,0,1
1854410085.0,EPIC 211619805.01,0,1
7876146110.0,EPIC 211619879.01,0,1
6096562244.0,EPIC 211620138.01,0,1
1813646897.0,EPIC 211621644.01,0,0
6667315199.0,EPIC 211621961.01,0,0
9196581223.0,EPIC 211625003.01,0,0
5077509787.0,EPIC 211626490.01,0,1
6728516276.0,EPIC 211630537.01,0,1
5261009041.0,EPIC 211631538.01,0,1
6504297403.0,EPIC 211631904.01,0,1
5706603323.0,EPIC 211638401.01,0,1
1825017160.0,EPIC 211638883.01,0,0
9016667171.0,EPIC 211639283.01,0,1
25535035.0,EPIC 211642307.01,0,1
6021106072.0,EPIC 211642882.01,0,1
6021106072.0,EPIC 211642882.01,0,1
6723305312.0,EPIC 211644647.01,0,1
9304919924.0,EPIC 211644764.01,0,1
2843550056.0,EPIC 211645912.01,0,1
2843550056.0,EPIC 211645912.01,0,1
2974154394.0,EPIC 211649214.01,0,1
3677236658.0,EPIC 211651743.01,0,0
631074332.0,EPIC 211662047.01,0,1
7400210938.0,EPIC 211663508.01,0,1
4068273221.0,EPIC 211663688.01,0,1
4586701439.0,EPIC 211664543.01,0,1
5902485322.0,EPIC 211673349.01,0,1
9313577747.0,EPIC 211679060.01,0,1
678574393.0,EPIC 211682423.01,0,1
5380973413.0,EPIC 211685045.01,0,1
5466391515.0,EPIC 211694226.01,0,1
4971150292.0,EPIC 211705502.01,0,1
4971150292.0,EPIC 211705502.01,0,1
4971150292.0,EPIC 211705502.01,0,1
3116158694.0,EPIC 211705654.01,0,1
9771820035.0,EPIC 211710534.01,0,1
3455785942.0,EPIC 211711685.01,0,1
8846753142.0,EPIC 211718105.01,0,1
2006983333.0,EPIC 211718187.01,0,1
7445283418.0,EPIC 211719484.01,0,0
8245376750.0,EPIC 211721325.01,0,1
7126464577.0,EPIC 211724246.01,0,1
7126464577.0,EPIC 211724246.01,0,1
7126464577.0,EPIC 211724246.01,0,1
73481569.0,EPIC 211728689.01,0,1
4421970522.0,EPIC 211731298.01,0,1
4421970522.0,EPIC 211731298.01,0,1
4421970522.0,EPIC 211731298.01,0,1
1392899948.0,EPIC 211732801.01,0,1
5136925141.0,EPIC 211733267.01,0,1
5136925141.0,EPIC 211733267.01,0,1
5136925141.0,EPIC 211733267.01,0,1
5136925141.0,EPIC 211733267.01,0,1
5136925141.0,EPIC 211733267.01,0,1
7100261462.0,EPIC 211736305.01,0,1
1163788355.0,EPIC 211737652.01,0,1
2324811799.0,EPIC 211738534.01,0,1
3659907484.0,EPIC 211741619.01,0,1
4309503105.0,EPIC 211744153.01,0,1
2236913305.0,EPIC 211750072.01,0,1
5198957790.0,EPIC 211754117.01,0,1
5612076565.0,EPIC 211754962.01,0,1
5612076565.0,EPIC 211754962.01,0,1
9627245773.0,EPIC 211759163.01,0,0
5795115683.0,EPIC 211762841.01,0,1
5795115683.0,EPIC 211762841.01,0,1
966493563.0,EPIC 211764271.01,0,1
2327918156.0,EPIC 211764373.01,0,1
3333360277.0,EPIC 211765695.01,0,1
3333360277.0,EPIC 211765695.02,0,1
3270842428.0,EPIC 211768007.01,0,0
3584646066.0,EPIC 211770390.01,0,1
5025167888.0,EPIC 211770867.01,0,1
7625276512.0,EPIC 211783206.01,0,1
7625276512.0,EPIC 211783206.01,0,1
2904343478.0,EPIC 211784767.01,0,1
6484689847.0,EPIC 211788221.01,0,1
5238691016.0,EPIC 211791178.01,0,1
5238691016.0,EPIC 211791178.01,0,1
5238691016.0,EPIC 211791178.01,0,1
9112045903.0,EPIC 211796070.01,0,1
9112045903.0,EPIC 211796070.01,0,1
937273853.0,EPIC 211797637.01,0,1
937273853.0,EPIC 211797637.01,0,1
2648404361.0,EPIC 211799258.01,0,1
2648404361.0,EPIC 211799258.01,0,1
3509475878.0,EPIC 211800191.01,0,1
3509475878.0,EPIC 211800191.01,0,1
3509475878.0,EPIC 211800191.01,0,1
3509475878.0,EPIC 211800191.01,0,1
6620553357.0,EPIC 211804579.01,0,1
6620553357.0,EPIC 211804579.01,0,1
6620553357.0,EPIC 211804579.01,0,1
9630243482.0,EPIC 211807456.01,0,1
5592005143.0,EPIC 211808055.01,0,1
5592005143.0,EPIC 211808055.01,0,1
5083839448.0,EPIC 211809568.01,0,1
2247480488.0,EPIC 211812160.01,0,0
1482628171.0,EPIC 211812935.01,0,1
1482628171.0,EPIC 211812935.01,0,1
1843306516.0,EPIC 211814313.01,0,1
3618362636.0,EPIC 211814733.01,0,0
3618362636.0,EPIC 211814733.01,0,0
3212044587.0,EPIC 211817229.01,0,1
3212044587.0,EPIC 211817229.01,0,1
2094732255.0,EPIC 211822797 b,0,1
2094732255.0,EPIC 211822797 b,0,1
2094732255.0,EPIC 211822797 b,0,1
2094732255.0,EPIC 211822797 b,0,1
2094732255.0,EPIC 211822797 b,0,1
2094732255.0,EPIC 211822797 b,0,1
6466859536.0,EPIC 211822953.01,0,1
3439366546.0,EPIC 211825866.01,0,1
6604009825.0,EPIC 211826814.01,0,1
7279787079.0,EPIC 211828142.01,0,1
9240603792.0,EPIC 211829982.01,0,1
5533917090.0,EPIC 211830293.01,0,1
6284595719.0,EPIC 211831378.01,0,1
6076035591.0,EPIC 211834065.01,0,1
3954587888.0,EPIC 211837343.01,0,1
6523027211.0,EPIC 211838158.01,0,1
3772543350.0,EPIC 211839430.01,0,1
8004934261.0,EPIC 211839462.01,0,1
5966537328.0,EPIC 211841496.01,0,0
5034221026.0,EPIC 211843564.01,0,1
5034221026.0,EPIC 211843564.01,0,1
8677557311.0,EPIC 211852187.01,0,1
9441051041.0,EPIC 211858408.01,0,0
4253463249.0,EPIC 211858489.01,0,0
2622232740.0,EPIC 211859295.01,0,1
2418079499.0,EPIC 211863149.01,0,1
8547661825.0,EPIC 211876245.01,0,1
6862058238.0,EPIC 211885185.01,0,1
3962867776.0,EPIC 211886472.01,0,0
3962867776.0,EPIC 211886472.01,0,1
3962867776.0,EPIC 211886472.01,0,0
3962867776.0,EPIC 211886472.01,0,1
3962867776.0,EPIC 211886472.01,0,0
4529363179.0,EPIC 211892082.01,0,1
7032971009.0,EPIC 211892395.01,0,1
1107564932.0,EPIC 211897272.01,0,1
3333620956.0,EPIC 211897691.01,0,1
3333620956.0,EPIC 211897691.01,0,1
3333620956.0,EPIC 211897691.01,0,1
9362803491.0,EPIC 211901114.01,0,1
9362803491.0,EPIC 211901114.01,0,1
4830798819.0,EPIC 211904310.01,0,0
4261182709.0,EPIC 211906259.01,0,1
5822166517.0,EPIC 211906940.01,0,0
5311613086.0,EPIC 211910237.01,0,1
3545364098.0,EPIC 211913395.01,0,1
2170627008.0,EPIC 211914445.01,0,1
3291674045.0,EPIC 211914718.01,0,1
2349632057.0,EPIC 211914889.01,0,1
7981678059.0,EPIC 211914960.01,0,1
4214179652.0,EPIC 211914998.02,0,1
2292094022.0,EPIC 211915147.01,0,0
6727289862.0,EPIC 211919555.01,0,1
4877189458.0,EPIC 211919842.01,0,1
2434868942.0,EPIC 211920462.01,0,1
3050484324.0,EPIC 211920528.01,0,1
6708843851.0,EPIC 211920604.01,0,1
2137745401.0,EPIC 211920811.01,0,1
9157395546.0,EPIC 211925181.01,0,1
9726892119.0,EPIC 211925595.01,0,1
5896892549.0,EPIC 211928959.01,0,1
3014043799.0,EPIC 211929937.01,0,1
3014043799.0,EPIC 211929937.01,0,1
3014043799.0,EPIC 211929937.01,0,1
3014043799.0,EPIC 211929937.01,0,1
3014043799.0,EPIC 211929937.01,0,1
3014043799.0,EPIC 211929937.01,0,1
3301324402.0,EPIC 211934173.01,0,0
7412455412.0,EPIC 211939692.02,0,1
7412455412.0,EPIC 211939692.04,0,1
5152633798.0,EPIC 211941472.01,0,1
5152633798.0,EPIC 211941472.01,0,1
5152633798.0,EPIC 211941472.01,0,1
5892041008.0,EPIC 211942157.01,0,0
4885014813.0,EPIC 211942755.01,0,1
2230469909.0,EPIC 211945201 b,0,1
2230469909.0,EPIC 211945201 b,0,1
2230469909.0,EPIC 211945201 b,0,1
2230469909.0,EPIC 211945201 b,0,1
2230469909.0,EPIC 211945201 b,0,1
2230469909.0,EPIC 211945201 b,0,1
2230469909.0,EPIC 211945201 b,0,1
2230469909.0,EPIC 211945201 b,0,1
2230469909.0,EPIC 211945201 b,0,1
2230469909.0,EPIC 211945201 b,0,1
2230469909.0,EPIC 211945201 b,0,1
9615220665.0,EPIC 211946007.01,0,1
9615220665.0,EPIC 211946007.01,0,1
9615220665.0,EPIC 211946007.01,0,1
4547670037.0,EPIC 211953244.01,0,1
8575449471.0,EPIC 211955798.01,0,1
3368847780.0,EPIC 211964001.01,0,1
3459110238.0,EPIC 211964025.01,0,1
6144964527.0,EPIC 211964332.01,0,1
8634583038.0,EPIC 211964555.01,0,1
3602884198.0,EPIC 211965883.01,0,1
3602884198.0,EPIC 211965883.01,0,1
3602884198.0,EPIC 211965883.01,0,1
4448226106.0,EPIC 211970234.01,0,1
6952703116.0,EPIC 211972086.01,0,1
8928233569.0,EPIC 211972627.01,0,1
9216805953.0,EPIC 211972681.01,0,1
2210668842.0,EPIC 211972837.01,0,1
2009301857.0,EPIC 211978865.01,0,1
1269971069.0,EPIC 211987231.01,0,1
1269971069.0,EPIC 211987231.01,0,1
4523193809.0,EPIC 211988320.01,0,1
4523193809.0,EPIC 211988320.01,0,1
3989071447.0,EPIC 211993818.01,0,1
3989071447.0,EPIC 211993818.01,0,1
6872466384.0,EPIC 211995325.01,0,1
8447346756.0,EPIC 211995398.01,0,1
8447346756.0,EPIC 211995398.01,0,1
8806871869.0,EPIC 211997641.01,0,1
6287222954.0,EPIC 212002525.01,0,1
7255846503.0,EPIC 212008766.02,0,1
6279360702.0,EPIC 212009150.01,0,1
5967203120.0,EPIC 212009427.01,0,1
5967203120.0,EPIC 212009427.01,0,1
4319793508.0,EPIC 212009702.01,0,0
5630623463.0,EPIC 212010565.01,0,1
4247364593.0,EPIC 212012387.01,0,1
1254955222.0,EPIC 212019055.01,0,0
4015177566.0,EPIC 212020442.01,0,1
911706875.0,EPIC 212024647.01,0,1
6716686336.0,EPIC 212024672.01,0,1
6661794144.0,EPIC 212026226.01,0,1
7479935292.0,EPIC 212033577.01,0,1
2182371090.0,EPIC 212035441.01,0,1
6110668939.0,EPIC 212036875.01,0,1
6110668939.0,EPIC 212036875.01,0,1
6340311154.0,EPIC 212037403.01,0,1
2566512489.0,EPIC 212039539.01,0,1
6271507991.0,EPIC 212040382.01,0,1
6271507991.0,EPIC 212040382.01,0,1
7773018566.0,EPIC 212041206.01,0,1
6515333349.0,EPIC 212041476.01,0,1
5717689018.0,EPIC 212044495.01,0,1
3214834945.0,EPIC 212048046.01,0,1
634739969.0,EPIC 212048503.01,0,1
8036746803.0,EPIC 212052250.01,0,1
1457832183.0,EPIC 212053988.01,0,1
8967387238.0,EPIC 212060710.01,0,1
3464438871.0,EPIC 212060895.01,0,0
9406552580.0,EPIC 212066407.01,0,1
9406552580.0,EPIC 212066407.01,0,1
9406552580.0,EPIC 212066407.01,0,1
7589412656.0,EPIC 212066805.01,0,0
7742669999.0,EPIC 212068493.01,0,1
6299881612.0,EPIC 212069706.01,0,1
9298738253.0,EPIC 212071939.01,0,0
3047092450.0,EPIC 212075294.01,0,0
8630617839.0,EPIC 212075842.01,0,1
8758558339.0,EPIC 212082682.01,0,1
1413432007.0,EPIC 212083250.01,0,0
7241396371.0,EPIC 212083455.01,0,1
8757516049.0,EPIC 212085654.01,0,1
1128307904.0,EPIC 212085740.01,0,1
4999415568.0,EPIC 212086717.01,0,1
4928629978.0,EPIC 212096658.01,0,1
8099263639.0,EPIC 212099230.01,0,1
8099263639.0,EPIC 212099230.01,0,1
8099263639.0,EPIC 212099230.01,0,1
8099263639.0,EPIC 212099230.01,0,1
8099263639.0,EPIC 212099230.01,0,1
7178346228.0,EPIC 212109233.01,0,1
8094623620.0,EPIC 212110007.01,0,1
8094623620.0,EPIC 212110007.01,0,1
9940246192.0,EPIC 212114260.01,0,1
874971657.0,EPIC 212115388.01,0,1
1019540068.0,EPIC 212116340.01,0,0
4012560111.0,EPIC 212117087.01,0,0
3430664296.0,EPIC 212120773.01,0,1
7700386742.0,EPIC 212133517.01,0,1
8990046853.0,EPIC 212136123.01,0,1
8990046853.0,EPIC 212136123.01,0,1
1993341895.0,EPIC 212138198.01,0,1
1993341895.0,EPIC 212138198.01,0,1
1993341895.0,EPIC 212138198.01,0,1
1993341895.0,EPIC 212138198.01,0,1
1646913454.0,EPIC 212141021.01,0,1
1646913454.0,EPIC 212141021.01,0,1
8329784972.0,EPIC 212150006.01,0,0
8329784972.0,EPIC 212150006.01,0,1
8329784972.0,EPIC 212150006.01,0,1
8329784972.0,EPIC 212150006.01,0,1
8329784972.0,EPIC 212150006.01,0,0
6401222177.0,EPIC 212152341.01,0,1
4070260833.0,EPIC 212154158.01,0,0
1746942416.0,EPIC 212159514.01,0,0
5176304392.0,EPIC 212159623.01,0,1
6465705685.0,EPIC 212163353.01,0,1
7974704529.0,EPIC 212171851.01,0,1
3565097826.0,EPIC 212175087.01,0,0
5248334446.0,EPIC 212181307.01,0,1
2040934447.0,EPIC 212181460.01,0,0
621449145.0,EPIC 212182233.01,0,1
2361667217.0,EPIC 212194007.01,0,1
8739895661.0,EPIC 212207194.01,0,1
2799305682.0,EPIC 212207368.01,0,1
9615218128.0,EPIC 212208163.01,0,1
5953422604.0,EPIC 212210390.01,0,1
1931570052.0,EPIC 212214592.01,0,1
1045881330.0,EPIC 212219881.01,0,1
1658530935.0,EPIC 212221986.01,0,1
779310055.0,EPIC 212223307.01,0,1
1097566783.0,EPIC 212225413.01,0,1
1727970344.0,EPIC 212225806.01,0,0
8910520818.0,EPIC 212225986.01,0,1
2103718622.0,EPIC 212227092.01,0,1
6747874837.0,EPIC 212228567.01,0,1
570809000.0,EPIC 212228588.01,0,1
8425226964.0,EPIC 212228994.01,0,1
9780120338.0,EPIC 212270970.01,0,1
9780120338.0,EPIC 212270970.01,0,1
5014879047.0,EPIC 212278644.01,0,1
2063672502.0,EPIC 212283840.01,0,1
4833110666.0,EPIC 212294561.01,0,1
5594581303.0,EPIC 212297394 b,0,1
5594581303.0,EPIC 212297394 b,0,1
5594581303.0,EPIC 212297394 b,0,1
1050312327.0,EPIC 212297394 c,0,1
1050312327.0,EPIC 212297394 c,0,1
1050312327.0,EPIC 212297394 c,0,1
8518902294.0,EPIC 212301649.01,0,1
162705352.0,EPIC 212303338.01,0,1
9372455649.0,EPIC 212304395.01,0,1
3409983063.0,EPIC 212310244.01,0,1
9039982319.0,EPIC 212311834.01,0,1
825901453.0,EPIC 212315941.01,0,1
825901453.0,EPIC 212315941.01,0,1
1552933848.0,EPIC 212315941.02,0,0
5689109827.0,EPIC 212321305.01,0,1
5689109827.0,EPIC 212321305.01,0,0
2525655419.0,EPIC 212328538.01,0,1
2180676757.0,EPIC 212329106.01,0,1
2070964393.0,EPIC 212330265.01,0,1
2070964393.0,EPIC 212330265.01,0,1
7272548531.0,EPIC 212346723.01,0,1
7233961714.0,EPIC 212351026.01,0,1
7233961714.0,EPIC 212351026.01,0,1
5131141026.0,EPIC 212351405.01,0,1
5131141026.0,EPIC 212351405.01,0,1
8719298795.0,EPIC 212351868.01,0,1
5551827728.0,EPIC 212362217.01,0,1
9066435183.0,EPIC 212370106.01,0,1
1352295629.0,EPIC 212380207.01,0,1
1352295629.0,EPIC 212380207.01,0,1
5022101315.0,EPIC 212393193.01,0,1
5022101315.0,EPIC 212393193.02,0,1
395707975.0,EPIC 212396050.01,0,1
7673559475.0,EPIC 212398508.01,0,1
7673559475.0,EPIC 212398508.01,0,1
9081871243.0,EPIC 212406474.01,0,1
7279749566.0,EPIC 212409658.01,0,1
8172371107.0,EPIC 212421673.01,0,1
6408361796.0,EPIC 212421749.01,0,1
2160530211.0,EPIC 212422536.01,0,1
2160530211.0,EPIC 212422536.02,0,1
701529183.0,EPIC 212424622 b,0,1
701529183.0,EPIC 212424622 b,0,1
1092327762.0,EPIC 212424622.01,0,1
1092327762.0,EPIC 212424622.01,0,1
6597214585.0,EPIC 212425103.01,0,1
6597214585.0,EPIC 212425103.01,0,1
6597214585.0,EPIC 212425103.01,0,1
3478698475.0,EPIC 212428509.01,0,1
3298286750.0,EPIC 212432685.01,0,1
3298286750.0,EPIC 212432685.01,0,1
3298286750.0,EPIC 212432685.01,0,1
9159182814.0,EPIC 212434019.01,0,1
6189541546.0,EPIC 212435047.01,0,1
6189541546.0,EPIC 212435047.01,0,1
6189541546.0,EPIC 212435047.01,0,1
6189541546.0,EPIC 212435047.01,0,1
8925547386.0,EPIC 212443457.01,0,1
8925547386.0,EPIC 212443457.01,0,1
8520314355.0,EPIC 212443973.01,0,0
8520314355.0,EPIC 212443973.01,0,1
8863502042.0,EPIC 212451091.01,0,1
7223621819.0,EPIC 212454160.01,0,1
3859061833.0,EPIC 212454422.01,0,1
3859061833.0,EPIC 212454422.01,0,1
4339354709.0,EPIC 212464382.01,0,1
5001435456.0,EPIC 212495601.01,0,1
5001435456.0,EPIC 212495601.01,0,1
3068094494.0,EPIC 212497862.01,0,1
5878772169.0,EPIC 212499835.01,0,1
5878772169.0,EPIC 212499835.01,0,1
3793465191.0,EPIC 212499991 b,0,1
6688496219.0,EPIC 212499991.01,0,1
6688496219.0,EPIC 212499991.01,0,1
3420515054.0,EPIC 212524671.01,0,1
9212831080.0,EPIC 212525174.01,0,1
1750330063.0,EPIC 212525618.01,0,1
3523183.0,EPIC 212529560.01,0,1
3523183.0,EPIC 212529560.01,0,1
1612676345.0,EPIC 212534729.01,0,1
1612676345.0,EPIC 212534729.01,0,1
1612676345.0,EPIC 212534729.01,0,1
5488996803.0,EPIC 212535959.01,0,1
6221391814.0,EPIC 212540985.01,0,1
9420331010.0,EPIC 212555594.02,0,1
2969163087.0,EPIC 212560683.01,0,1
4003191981.0,EPIC 212562715.01,0,1
4003191981.0,EPIC 212562715.01,0,1
4003191981.0,EPIC 212562715.01,0,1
7740527421.0,EPIC 212563850.01,0,1
2238228705.0,EPIC 212569876.01,0,1
7751542456.0,EPIC 212570977.01,0,1
7751542456.0,EPIC 212570977.01,0,1
7751542456.0,EPIC 212570977.01,0,1
2225930034.0,EPIC 212572439.01,0,1
2225930034.0,EPIC 212572439.01,0,1
2225930034.0,EPIC 212572439.01,0,1
8528676557.0,EPIC 212572452.01,0,1
8528676557.0,EPIC 212572452.01,0,1
6170613014.0,EPIC 212577658.01,0,1
6170613014.0,EPIC 212577658.01,0,1
6170613014.0,EPIC 212577658.01,0,1
6170613014.0,EPIC 212577658.01,0,1
6170613014.0,EPIC 212577658.01,0,1
2909323022.0,EPIC 212579164.01,0,1
3230836110.0,EPIC 212579424.01,0,1
7409297650.0,EPIC 212585579.01,0,1
7409297650.0,EPIC 212585579.01,0,1
7409297650.0,EPIC 212585579.01,0,1
165750489.0,EPIC 212586030.01,0,1
165750489.0,EPIC 212586030.01,0,1
165750489.0,EPIC 212586030.01,0,1
165750489.0,EPIC 212586030.01,0,1
6239806548.0,EPIC 212587672 b,0,1
6239806548.0,EPIC 212587672 b,0,1
6239806548.0,EPIC 212587672 b,0,1
5817647603.0,EPIC 212587672 c,0,1
5817647603.0,EPIC 212587672 c,0,1
5817647603.0,EPIC 212587672 c,0,1
5817647603.0,EPIC 212587672 c,0,1
5817647603.0,EPIC 212587672 c,0,1
5817647603.0,EPIC 212587672 c,0,1
1821078937.0,EPIC 212592101.01,0,1
1821078937.0,EPIC 212592101.01,0,1
1470824292.0,EPIC 212601505.01,0,1
1871069258.0,EPIC 212616320.01,0,1
4314108572.0,EPIC 212621075.01,0,1
5207007907.0,EPIC 212622766.01,0,1
2826629283.0,EPIC 212624936 b,0,1
2826629283.0,EPIC 212624936 c,0,1
2826629283.0,EPIC 212624936 c,0,1
5230244245.0,EPIC 212628098.01,0,1
5230244245.0,EPIC 212628098.01,0,1
9229051285.0,EPIC 212634172.01,0,1
9229051285.0,EPIC 212634172.01,0,1
6125052006.0,EPIC 212636654.01,0,1
784783284.0,EPIC 212639319.01,0,0
784783284.0,EPIC 212639319.01,0,1
784783284.0,EPIC 212639319.01,0,1
784783284.0,EPIC 212639319.01,0,1
4339687162.0,EPIC 212645891.01,0,1
4339687162.0,EPIC 212645891.01,0,1
4339687162.0,EPIC 212645891.01,0,1
4339687162.0,EPIC 212645891.01,0,1
961694895.0,EPIC 212646483.01,0,1
961694895.0,EPIC 212646483.01,0,0
8301632579.0,EPIC 212648083.01,0,1
4718028042.0,EPIC 212652418.01,0,1
9443250450.0,EPIC 212661144.01,0,1
9443250450.0,EPIC 212661144.01,0,1
9443250450.0,EPIC 212661144.01,0,1
4922970524.0,EPIC 212679181.01,0,1
4922970524.0,EPIC 212679181.01,0,1
4922970524.0,EPIC 212679181.01,0,1
4922970524.0,EPIC 212679181.01,0,1
7425076944.0,EPIC 212679798.01,0,1
4084629600.0,EPIC 212688722.01,0,1
303482695.0,EPIC 212688920.01,0,1
2801426125.0,EPIC 212690867.01,0,1
2801426125.0,EPIC 212690867.01,0,1
1337027479.0,EPIC 212691727.01,0,1
4859280683.0,EPIC 212703473.01,0,1
4859280683.0,EPIC 212703473.01,0,1
4859280683.0,EPIC 212703473.01,0,1
4859280683.0,EPIC 212703473.01,0,1
4859280683.0,EPIC 212703473.02,0,1
4859280683.0,EPIC 212703473.02,0,1
4859280683.0,EPIC 212703473.02,0,1
8026098793.0,EPIC 212705192.01,0,1
8026098793.0,EPIC 212705192.01,0,1
3784138347.0,EPIC 212712473.01,0,1
2916666608.0,EPIC 212730483.01,0,1
5845222279.0,EPIC 212735133.01,0,1
8757042762.0,EPIC 212737443 b,0,1
8757042762.0,EPIC 212737443 b,0,1
8757042762.0,EPIC 212737443 b,0,1
8757042762.0,EPIC 212737443 c,0,1
2684062190.0,EPIC 212743333.01,0,1
448202674.0,EPIC 212746655.01,0,1
5053472905.0,EPIC 212753343.01,0,1
1136263779.0,EPIC 212757601.01,0,1
1136263779.0,EPIC 212757601.01,0,1
1136263779.0,EPIC 212757601.01,0,1
3408585915.0,EPIC 212771557.01,0,1
2205983511.0,EPIC 212772113.01,0,1
2205983511.0,EPIC 212772113.01,0,1
115982969.0,EPIC 212772313.01,0,1
5441291870.0,EPIC 212773272.01,0,1
5441291870.0,EPIC 212773272.01,0,1
179214798.0,EPIC 212773309.01,0,1
5327263458.0,EPIC 212783902.01,0,0
9868335207.0,EPIC 212796016.01,0,1
8527638250.0,EPIC 212797028.01,0,0
7453215493.0,EPIC 212813907.01,0,1
7453215493.0,EPIC 212813907.01,0,1
1209675615.0,EPIC 212817071.01,0,1
1653107716.0,EPIC 212821706.01,0,1
103808898.0,EPIC 212830737.01,0,1
9142996895.0,EPIC 212833814.01,0,1
6107130979.0,EPIC 212839127.01,0,1
6593092818.0,EPIC 212844216.01,0,1
9172321341.0,EPIC 212865617.01,0,1
8015272854.0,EPIC 212870185.01,0,1
7358495763.0,EPIC 212883391.01,0,1
4241632721.0,EPIC 213123443.01,0,0
9392214629.0,EPIC 213408445.01,0,1
4221468044.0,EPIC 213462890.01,0,1
3190393532.0,EPIC 213546283.01,0,1
3190393532.0,EPIC 213546283.01,0,1
3190393532.0,EPIC 213546283.01,0,1
3190393532.0,EPIC 213546283.01,0,1
7281131965.0,EPIC 213703832.01,0,1
4135266090.0,EPIC 213722591.01,0,1
3751085500.0,EPIC 213748480.01,0,1
2796557179.0,EPIC 213817056.01,0,1
2796557179.0,EPIC 213817056.01,0,1
4511192923.0,EPIC 213840781.01,0,1
7079258991.0,EPIC 213919434.01,0,1
4438211031.0,EPIC 213919915.01,0,0
2982592902.0,EPIC 213920015.01,0,1
9852764253.0,EPIC 213951550.01,0,1
9852764253.0,EPIC 213951550.01,0,1
4003059330.0,EPIC 214173069.02,0,1
7332730142.0,EPIC 214234110.01,0,1
7332730142.0,EPIC 214234110.01,0,1
4256649540.0,EPIC 214254518.01,0,1
4256649540.0,EPIC 214254518.01,0,1
9433789121.0,EPIC 214512594.01,0,1
5961830426.0,EPIC 214522613.01,0,1
4735516415.0,EPIC 214611894.01,0,0
401869439.0,EPIC 214630761.01,0,1
9312179680.0,EPIC 214741009.01,0,1
9312179680.0,EPIC 214741009.01,0,1
8754093441.0,EPIC 214888033.01,0,1
8754093441.0,EPIC 214888033.01,0,1
1163259138.0,EPIC 214912104.01,0,0
5880828185.0,EPIC 214984368.01,0,1
2428984733.0,EPIC 215101303.01,0,1
2428984733.0,EPIC 215101303.01,0,1
537890115.0,EPIC 215125108.01,0,1
1281301494.0,EPIC 215171927.01,0,1
1281301494.0,EPIC 215171927.01,0,1
1281301494.0,EPIC 215171927.02,0,1
1281301494.0,EPIC 215171927.02,0,1
665925292.0,EPIC 215175768.01,0,1
1593799201.0,EPIC 215234145.01,0,1
7965833653.0,EPIC 215353525.01,0,1
7475453060.0,EPIC 215358983.01,0,1
5098269939.0,EPIC 215364084.01,0,1
8553095312.0,EPIC 215381481.01,0,1
9887852488.0,EPIC 215389654.01,0,0
6928893149.0,EPIC 215502661.01,0,1
5303775194.0,EPIC 215525178.01,0,1
9596588588.0,EPIC 215714765.01,0,1
2355526083.0,EPIC 215739094.01,0,1
6992608144.0,EPIC 215816368.01,0,1
6139303189.0,EPIC 215854715.01,0,1
6139303189.0,EPIC 215854715.01,0,1
8009251363.0,EPIC 215938010.01,0,1
8009251363.0,EPIC 215938010.01,0,1
6039765809.0,EPIC 216050437.01,0,1
6039765809.0,EPIC 216050437.01,0,1
3954944275.0,EPIC 216111905.01,0,1
9412410317.0,EPIC 216114172.01,0,1
9412410317.0,EPIC 216114172.01,0,1
301469590.0,EPIC 216166748.01,0,1
301469590.0,EPIC 216166748.01,0,1
7078041652.0,EPIC 216212516.01,0,1
8248241781.0,EPIC 216231580.01,0,1
8248241781.0,EPIC 216231580.01,0,1
8825773939.0,EPIC 216334329.01,0,1
5648198613.0,EPIC 216357880.01,0,1
3719203179.0,EPIC 216363472.01,0,1
8693702146.0,EPIC 216387101.01,0,1
149281660.0,EPIC 216876207.01,0,1
1485336071.0,EPIC 216892056.01,0,1
1485336071.0,EPIC 216892056.01,0,1
611769035.0,EPIC 217084873.01,0,1
611769035.0,EPIC 217084873.02,0,1
1138721906.0,EPIC 217149884.01,0,1
4318265879.0,EPIC 217231249.01,0,1
5533732268.0,EPIC 217393088.01,0,1
5533732268.0,EPIC 217393088.01,0,1
5226836792.0,EPIC 217855533.01,0,1
8853430255.0,EPIC 218170789.01,0,1
8853430255.0,EPIC 218170789.01,0,1
8264711475.0,EPIC 218195416.01,0,1
4255670735.0,EPIC 218300572.01,0,1
6744205204.0,EPIC 218304292.01,0,1
6744205204.0,EPIC 218304292.01,0,1
9840093046.0,EPIC 218332621.01,0,1
6131975740.0,EPIC 218621322.01,0,1
6131975740.0,EPIC 218621322.01,0,1
1374829614.0,EPIC 218695436.01,0,1
575621903.0,EPIC 218701083.01,0,1
575621903.0,EPIC 218701083.01,0,1
6838462172.0,EPIC 218709665.01,0,1
1059538840.0,EPIC 218711655.01,0,1
1675955420.0,EPIC 218874453.01,0,1
1870168408.0,EPIC 218901589.01,0,1
4069263895.0,EPIC 218952024.01,0,1
310305579.0,EPIC 218973982.01,0,1
1490462766.0,EPIC 219111248.01,0,1
2477096697.0,EPIC 219114906.01,0,1
9468533118.0,EPIC 219256848.01,0,1
9468533118.0,EPIC 219256848.01,0,1
4452489117.0,EPIC 219266595.01,0,1
5950082538.0,EPIC 219388192.01,0,1
5950082538.0,EPIC 219388192.01,0,1
5950082538.0,EPIC 219388192.01,0,1
5950082538.0,EPIC 219388192.01,0,1
1651139224.0,EPIC 219420915.01,0,1
1651139224.0,EPIC 219420915.01,0,1
5399379855.0,EPIC 219480273.01,0,1
7092498713.0,EPIC 219610716.01,0,1
9407649726.0,EPIC 219747794.01,0,1
9407649726.0,EPIC 219747794.02,0,1
3300350848.0,EPIC 219760360.01,0,1
4359151248.0,EPIC 220168663.01,0,1
5044846006.0,EPIC 220170303.02,0,1
7680934933.0,EPIC 220173278.01,0,1
5380810340.0,EPIC 220187552.01,0,1
5380810340.0,EPIC 220187552.01,0,1
8594227733.0,EPIC 220192485.01,0,1
8594227733.0,EPIC 220192485.01,0,0
8594227733.0,EPIC 220192485.01,0,1
7677865131.0,EPIC 220198551.01,0,1
7677865131.0,EPIC 220198551.01,0,0
5711989357.0,EPIC 220201207.01,0,1
2354763652.0,EPIC 220204960.01,0,1
6634170218.0,EPIC 220207765.01,0,1
6634170218.0,EPIC 220207765.01,0,1
2608130989.0,EPIC 220209578.01,0,1
2608130989.0,EPIC 220209578.01,0,1
2608130989.0,EPIC 220209578.01,0,1
5682323577.0,EPIC 220228500.01,0,1
5682323577.0,EPIC 220228500.01,0,1
320873182.0,EPIC 220245303.01,0,1
320873182.0,EPIC 220245303.01,0,1
8290981884.0,EPIC 220256496.02,0,1
5925661393.0,EPIC 220258394.01,0,1
2573750292.0,EPIC 220260084.01,0,1
7563870511.0,EPIC 220263105.01,0,1
5411149032.0,EPIC 220267210.01,0,1
8604093173.0,EPIC 220275625.01,0,1
1209916242.0,EPIC 220282718.01,0,0
4400156811.0,EPIC 220287611.01,0,1
9354392988.0,EPIC 220288191.01,0,0
9729010423.0,EPIC 220288594.01,0,1
5758965280.0,EPIC 220290988.01,0,1
7188377931.0,EPIC 220292715.01,0,1
7188377931.0,EPIC 220292715.01,0,1
299745681.0,EPIC 220294712.01,0,1
299745681.0,EPIC 220294712.01,0,1
299745681.0,EPIC 220294712.01,0,1
7204105274.0,EPIC 220299658.01,0,1
7825212905.0,EPIC 220309058.01,0,1
4870374404.0,EPIC 220315508.01,0,1
1878641357.0,EPIC 220316844.01,0,1
5900229449.0,EPIC 220317172.01,0,1
5900229449.0,EPIC 220317172.01,0,1
6258543033.0,EPIC 220322327.01,0,1
7464032952.0,EPIC 220336320.01,0,1
7409473870.0,EPIC 220342163.01,0,1
321558488.0,EPIC 220356827.01,0,1
309489103.0,EPIC 220393791.01,0,1
6212763457.0,EPIC 220395416.01,0,0
1867416730.0,EPIC 220397060.01,0,1
1867416730.0,EPIC 220397060.01,0,1
1867416730.0,EPIC 220397060.01,0,1
5213880722.0,EPIC 220400100.01,0,1
5213880722.0,EPIC 220400100.01,0,1
5213880722.0,EPIC 220400100.02,0,1
4853739066.0,EPIC 220400525.01,0,0
5992126669.0,EPIC 220401029.01,0,1
5294065825.0,EPIC 220410754.01,0,1
5294065825.0,EPIC 220410754.01,0,1
4708240153.0,EPIC 220416518.01,0,1
7659647854.0,EPIC 220431824.01,0,1
9645144011.0,EPIC 220434612.01,0,1
5315104107.0,EPIC 220436189.01,0,1
1610479862.0,EPIC 220436208.01,0,1
1610479862.0,EPIC 220436208.01,0,1
9346080445.0,EPIC 220436943.01,0,1
4214650166.0,EPIC 220443340.01,0,1
9876515993.0,EPIC 220448185.01,0,1
9876515993.0,EPIC 220448185.01,0,1
8658609565.0,EPIC 220466136.01,0,1
3613957065.0,EPIC 220470563.01,0,1
1372986337.0,EPIC 220471100.01,0,1
4872916032.0,EPIC 220477223.01,0,1
7857934677.0,EPIC 220482322.01,0,1
8988361065.0,EPIC 220492298 b,0,1
5140752887.0,EPIC 220492492.01,0,1
9081853627.0,EPIC 220526079.01,0,1
4912651083.0,EPIC 220527374.01,0,1
4748605076.0,EPIC 220542353.01,0,1
985229050.0,EPIC 220554210 c,0,1
985229050.0,EPIC 220554210 c,0,1
985229050.0,EPIC 220554210 c,0,1
587960228.0,EPIC 220555384.01,0,1
587960228.0,EPIC 220555384.01,0,1
587960228.0,EPIC 220555384.01,0,1
4815642542.0,EPIC 220556827.01,0,1
4815642542.0,EPIC 220556827.01,0,1
6568800905.0,EPIC 220565337.01,0,1
383645171.0,EPIC 220565349.01,0,1
383645171.0,EPIC 220565349.01,0,1
7684708145.0,EPIC 220571481.01,0,1
1439367944.0,EPIC 220573228.01,0,1
1439367944.0,EPIC 220573228.01,0,1
1439367944.0,EPIC 220573228.02,0,1
7507863391.0,EPIC 220579319.01,0,1
3231475803.0,EPIC 220598367.02,0,1
5821711548.0,EPIC 220605820.01,0,1
7916557925.0,EPIC 220616148.01,0,1
7916557925.0,EPIC 220616148.01,0,1
7916557925.0,EPIC 220616148.02,0,1
5488325614.0,EPIC 220631484.01,0,1
3598737150.0,EPIC 220639177.01,0,1
8579956418.0,EPIC 220643470.01,0,1
8579956418.0,EPIC 220643470.01,0,1
8762580424.0,EPIC 220644522.01,0,1
495720314.0,EPIC 220648214.01,0,1
1004252463.0,EPIC 220650843.01,0,1
1004252463.0,EPIC 220650843.01,0,1
4661010319.0,EPIC 220657558.01,0,1
6101044111.0,EPIC 220663602.01,0,1
8340665962.0,EPIC 220666631.01,0,1
717841194.0,EPIC 220674823 b,0,1
717841194.0,EPIC 220674823 b,0,1
717841194.0,EPIC 220674823 b,0,1
717841194.0,EPIC 220674823 b,0,1
717841194.0,EPIC 220674823 b,0,1
717841194.0,EPIC 220674823 b,0,1
717841194.0,EPIC 220674823 b,0,1
717841194.0,EPIC 220674823 b,0,1
717841194.0,EPIC 220674823 b,0,1
717841194.0,EPIC 220674823 b,0,1
717841194.0,EPIC 220674823 b,0,1
717841194.0,EPIC 220674823 b,0,1
717841194.0,EPIC 220674823 c,0,1
717841194.0,EPIC 220674823 c,0,1
717841194.0,EPIC 220674823 c,0,1
717841194.0,EPIC 220674823 c,0,1
717841194.0,EPIC 220674823 c,0,1
717841194.0,EPIC 220674823 c,0,1
717841194.0,EPIC 220674823 c,0,1
717841194.0,EPIC 220674823 c,0,1
717841194.0,EPIC 220674823 c,0,1
717841194.0,EPIC 220674823 c,0,1
717841194.0,EPIC 220674823 c,0,1
96396928.0,EPIC 220679255.01,0,1
96396928.0,EPIC 220679255.01,0,1
479062702.0,EPIC 220679255.02,0,1
135966587.0,EPIC 220708327.01,0,1
498496696.0,EPIC 220725183.01,0,1
3499445483.0,EPIC 226042826.01,0,1
7635701987.0,EPIC 228682364.01,0,0
4022749534.0,EPIC 228707509.01,0,1
4022749534.0,EPIC 228707509.01,0,1
6540857473.0,EPIC 228720681.01,0,1
6540857473.0,EPIC 228720681.01,0,1
9503694944.0,EPIC 228724899.01,0,1
8813786270.0,EPIC 228729473.01,0,1
8813786270.0,EPIC 228729473.01,0,1
5851829916.0,EPIC 228734889.01,0,1
3723610983.0,EPIC 228737155.01,0,1
7321428018.0,EPIC 228753871.01,0,1
2761156652.0,EPIC 228758948.01,0,1
92914851.0,EPIC 228784812.01,0,1
5907866730.0,EPIC 228809391.01,0,1
5907866730.0,EPIC 228809391.01,0,1
891781759.0,EPIC 228814754.01,0,2
83314558.0,EPIC 228834632.01,0,1
1998484351.0,EPIC 228836835 b,0,1
1998484351.0,EPIC 228836835 b,0,1
7245341351.0,EPIC 228846243.01,0,1
7414671848.0,EPIC 228872473.01,0,1
9167063309.0,EPIC 228888935.01,0,1
2054333444.0,EPIC 228952747.01,0,1
191921096.0,EPIC 228964773.01,0,1
3852880566.0,EPIC 228974907.01,0,1
210874097.0,EPIC 229004835 b,0,1
210874097.0,EPIC 229004835 b,0,1
210874097.0,EPIC 229004835 b,0,1
210874097.0,EPIC 229004835 b,0,1
5997347595.0,EPIC 229039390.01,0,1
2636695516.0,EPIC 229103251.01,0,1
4941673427.0,EPIC 229133720.01,0,1
4941673427.0,EPIC 229133720.01,0,1
9802250878.0,EPIC 229228348.01,0,1
4523464113.0,EPIC 230517965.01,0,1
7606857965.0,EPIC 236744423.01,0,1
7521498656.0,EPIC 245928102.01,0,1
9079782172.0,EPIC 245944983.01,0,1
9079782172.0,EPIC 245944983.01,0,1
2943750048.0,EPIC 246022853.01,0,1
7885878837.0,EPIC 246030759.01,0,1
2712239339.0,EPIC 246042088.01,0,1
2712239339.0,EPIC 246042088.02,0,1
3474419756.0,EPIC 246048459.01,0,1
4607841531.0,EPIC 246061904.01,0,1
4607841531.0,EPIC 246061904.02,0,1
3112960988.0,EPIC 246067130.01,0,1
7297328575.0,EPIC 246088339.01,0,1
4919230672.0,EPIC 246120353.01,0,1
5157274528.0,EPIC 246163416.01,0,0
5157274528.0,EPIC 246163416.01,0,0
5254147993.0,EPIC 246178445.01,0,1
9242829025.0,EPIC 246260670.01,0,1
4341184173.0,EPIC 246261316.01,0,1
1290349322.0,EPIC 246265680.01,0,1
7277356001.0,EPIC 246270904.01,0,1
1011270116.0,EPIC 246290342.01,0,1
2786402976.0,EPIC 246310303.01,0,1
9784078927.0,EPIC 246313886.01,0,1
1044497899.0,EPIC 246317113.01,0,1
7121436509.0,EPIC 246325464.01,0,1
2434826471.0,EPIC 246331347.01,0,1
2434826471.0,EPIC 246331347.01,0,1
8049943596.0,EPIC 246331418.01,0,1
8049943596.0,EPIC 246331418.02,0,1
9328506658.0,EPIC 246356732.01,0,0
5401081726.0,EPIC 246362870.01,0,1
9880599572.0,EPIC 246366798.01,0,1
5961460669.0,EPIC 246377038.01,0,1
4425217928.0,EPIC 246380972.01,0,1
4246175677.0,EPIC 246405278.01,0,1
1016151737.0,EPIC 246429728.01,0,1
3533430081.0,EPIC 246448041.01,0,1
6417143495.0,EPIC 246711015.01,0,1
6417143495.0,EPIC 246711015.02,0,1
8127756536.0,EPIC 246777408.01,0,1
7000220991.0,EPIC 246851148.01,0,1
5881972874.0,EPIC 246851721 b,0,1
5881972874.0,EPIC 246851721 b,0,1
5881972874.0,EPIC 246851721 b,0,1
7124275384.0,EPIC 246899433.01,0,1
5750653970.0,EPIC 246909566.01,0,1
405124376.0,EPIC 246920193.01,0,1
2889241816.0,EPIC 246947582.01,0,1
768522091.0,EPIC 246987084.01,0,1
3418167367.0,EPIC 247047370.01,0,1
3418167367.0,EPIC 247047370.01,0,1
7478975770.0,EPIC 247063356.01,0,1
8510043037.0,EPIC 247122439.01,0,1
4806993827.0,EPIC 247164043.01,0,1
4806993827.0,EPIC 247164043.01,0,1
2408650993.0,EPIC 247223703.01,0,1
78448754.0,EPIC 247226616.01,0,1
2771302708.0,EPIC 247281516.01,0,1
1897736719.0,EPIC 247396991.01,0,1
6577730238.0,EPIC 247445728.01,0,1
5710943593.0,EPIC 247560727.01,0,1
5710943593.0,EPIC 247560727.02,0,1
1620377135.0,EPIC 247562358.01,0,1
8301790134.0,EPIC 247698108.01,0,1
1907886252.0,EPIC 247708770.01,0,1
5993678832.0,EPIC 247724061.01,0,1
4413465703.0,EPIC 247744801.01,0,1
78079914.0,EPIC 247856284.01,0,1
9892098971.0,EPIC 247874191.01,0,1
3178914655.0,EPIC 247885088.01,0,1
3814793478.0,EPIC 247988033.01,0,1
8591604220.0,EPIC 248018863.01,0,1
3849637303.0,EPIC 248222323.01,0,1
6969178631.0,EPIC 248420036.01,0,1
6876505047.0,EPIC 248526480.01,0,1
5275661285.0,EPIC 248527709.01,0,1
5275661285.0,EPIC 248527709.01,0,1
5275661285.0,EPIC 248527709.02,0,1
8935073087.0,EPIC 248574836.01,0,1
1134801342.0,EPIC 248639411.01,0,1
1134801342.0,EPIC 248639411.01,0,1
599234519.0,EPIC 248740016.01,0,1
4145625396.0,EPIC 248740571.01,0,1
4145625396.0,EPIC 248740571.02,0,1
3351192533.0,EPIC 248740905.01,0,1
8302891803.0,EPIC 248775938.01,0,1
8327235958.0,EPIC 248782482.01,0,1
7882652817.0,EPIC 248827616.01,0,1
6134106945.0,EPIC 248847494 b,0,1
9052869609.0,EPIC 248865761.01,0,1
277854962.0,EPIC 248869142.01,0,1
2087241115.0,EPIC 249217834.01,0,1
2087241115.0,EPIC 249217834.02,0,1
4305731332.0,EPIC 249236972.01,0,1
6689246478.0,EPIC 249239123.01,0,1
1693455253.0,EPIC 249373875.01,0,1
5427721651.0,EPIC 249391469.01,0,1
9217629335.0,EPIC 249401939.01,0,1
153896890.0,EPIC 249418609.01,0,1
1262014546.0,EPIC 249476992.01,0,1
4592769215.0,EPIC 249559552.01,0,1
4592769215.0,EPIC 249559552.02,0,1
5133438189.0,EPIC 249561595.01,0,1
8109652119.0,EPIC 249599275.01,0,1
5024308394.0,EPIC 249649721.01,0,1
7346460448.0,EPIC 249703125.01,0,1
8261770817.0,EPIC 249731291.01,0,1
8261770817.0,EPIC 249731291.02,0,1
9065667256.0,EPIC 249822095.01,0,1
6724526056.0,EPIC 249827330.01,0,1
9985677633.0,EPIC 249828900.01,0,1
6199413976.0,EPIC 249865296.01,0,1
3547422976.0,EPIC 249883770.01,0,1
5490513411.0,EPIC 249893012 b,0,1
5490513411.0,EPIC 249893012 c,0,1
5490513411.0,EPIC 249893012 d,0,1
5226291856.0,EPIC 249901311.01,0,1
9141485604.0,EPIC 249921188.01,0,1
6414412380.0,EPIC 250001426.01,0,1
443417396.0,EPIC 250045116.01,0,1
2413962585.0,EPIC 250099723.01,0,1
2342109013.0,EPIC 250106132.01,0,1
2366237442.0,EPIC 251281013.01,0,1
7571763701.0,EPIC 251286992.01,0,1
4816525089.0,EPIC 251288417.01,0,1
2715480865.0,EPIC 251292508.01,0,1
4345257282.0,EPIC 251292838.01,0,1
1266790386.0,EPIC 251294036.01,0,1
1266790386.0,EPIC 251294036.01,0,1
2716684373.0,EPIC 251304634.01,0,1
5930307104.0,EPIC 251307609.01,0,1
1227075875.0,EPIC 251308775.01,0,1
1499478590.0,EPIC 251314585.01,0,0
847822790.0,EPIC 251315031.01,0,1
3374029629.0,EPIC 251327548.01,0,1
9490219953.0,EPIC 251330444.01,0,1
322039021.0,EPIC 251345848.01,0,1
7412785208.0,EPIC 251345849.01,0,0
3822522173.0,EPIC 251347050.01,0,0
4662528693.0,EPIC 251353301.01,0,0
124148454.0,EPIC 251356484.01,0,1
1951491831.0,EPIC 251356953.01,0,1
8700884340.0,EPIC 251380988.01,0,1
4125483099.0,EPIC 251383916.01,0,1
1268917251.0,EPIC 251390801.01,0,1
8024376048.0,EPIC 251393748.01,0,1
1538029179.0,EPIC 251393916.01,0,1
6518250911.0,EPIC 251394139.01,0,1
5360361746.0,EPIC 251399501.01,0,1
8205399940.0,EPIC 251404897.01,0,1
5805779745.0,EPIC 251411166.01,0,1
1000773390.0,EPIC 251578729.01,0,1
868683492.0,EPIC 251584580.01,0,1
8752291175.0,EPIC 251809286.01,0,1
4198766228.0,EPIC 251809628.01,0,1
8920814761.0,G 9-40 b,0,1
8920814761.0,G 9-40 b,0,1
8920814761.0,G 9-40 b,0,1
8920814761.0,G 9-40 b,0,1
8920814761.0,G 9-40 b,0,1
9469225865.0,GJ 9827 b,0,1
9469225865.0,GJ 9827 b,0,1
9469225865.0,GJ 9827 b,0,1
9469225865.0,GJ 9827 b,0,1
9469225865.0,GJ 9827 b,0,1
9469225865.0,GJ 9827 b,0,1
9469225865.0,GJ 9827 b,0,1
9469225865.0,GJ 9827 b,0,1
9469225865.0,GJ 9827 b,0,1
9469225865.0,GJ 9827 b,0,1
9469225865.0,GJ 9827 c,0,1
9469225865.0,GJ 9827 c,0,1
9469225865.0,GJ 9827 c,0,1
9469225865.0,GJ 9827 c,0,1
9469225865.0,GJ 9827 c,0,1
9469225865.0,GJ 9827 c,0,1
9469225865.0,GJ 9827 c,0,1
9469225865.0,GJ 9827 c,0,1
9469225865.0,GJ 9827 d,0,1
9469225865.0,GJ 9827 d,0,1
9469225865.0,GJ 9827 d,0,1
9469225865.0,GJ 9827 d,0,1
9469225865.0,GJ 9827 d,0,1
9469225865.0,GJ 9827 d,0,1
9469225865.0,GJ 9827 d,0,1
9469225865.0,GJ 9827 d,0,1
1520745744.0,HAT-P-54 b,0,1
1520745744.0,HAT-P-54 b,0,1
1520745744.0,HAT-P-54 b,0,1
1520745744.0,HAT-P-54 b,0,1
1520745744.0,HAT-P-54 b,0,1
1520745744.0,HAT-P-54 b,0,1
1520745744.0,HAT-P-54 b,0,1
1520745744.0,HAT-P-54 b,0,1
1520745744.0,HAT-P-54 b,0,1
1520745744.0,HAT-P-54 b,0,1
2447936641.0,HAT-P-56 b,0,1
2447936641.0,HAT-P-56 b,0,1
2447936641.0,HAT-P-56 b,0,1
2447936641.0,HAT-P-56 b,0,1
2447936641.0,HAT-P-56 b,0,1
2447936641.0,HAT-P-56 b,0,1
2447936641.0,HAT-P-56 b,0,1
2447936641.0,HAT-P-56 b,0,1
2447936641.0,HAT-P-56 b,0,1
2447936641.0,HAT-P-56 b,0,1
2447936641.0,HAT-P-56 b,0,1
2410083427.0,HATS-11 b,0,1
2410083427.0,HATS-11 b,0,1
2410083427.0,HATS-11 b,0,1
2410083427.0,HATS-11 b,0,1
2410083427.0,HATS-11 b,0,1
2410083427.0,HATS-11 b,0,1
2410083427.0,HATS-11 b,0,1
5631501069.0,HATS-12 b,0,1
5631501069.0,HATS-12 b,0,1
5631501069.0,HATS-12 b,0,1
5631501069.0,HATS-12 b,0,1
5631501069.0,HATS-12 b,0,1
5631501069.0,HATS-12 b,0,1
5631501069.0,HATS-12 b,0,1
1094833462.0,HATS-36 b,0,1
1094833462.0,HATS-36 b,0,1
1094833462.0,HATS-36 b,0,1
1094833462.0,HATS-36 b,0,1
1094833462.0,HATS-36 b,0,1
5376229485.0,HATS-9 b,0,1
5376229485.0,HATS-9 b,0,1
5376229485.0,HATS-9 b,0,1
5376229485.0,HATS-9 b,0,1
5376229485.0,HATS-9 b,0,1
5376229485.0,HATS-9 b,0,1
5376229485.0,HATS-9 b,0,1
2424856030.0,HD 106315 b,0,1
2424856030.0,HD 106315 b,0,1
2424856030.0,HD 106315 b,0,1
2424856030.0,HD 106315 b,0,1
2424856030.0,HD 106315 b,0,1
2424856030.0,HD 106315 b,0,1
2424856030.0,HD 106315 b,0,1
2424856030.0,HD 106315 c,0,1
2424856030.0,HD 106315 c,0,1
2424856030.0,HD 106315 c,0,1
2424856030.0,HD 106315 c,0,1
2424856030.0,HD 106315 c,0,1
2424856030.0,HD 106315 c,0,1
2424856030.0,HD 106315 c,0,0
2424856030.0,HD 106315 c,0,0
2424856030.0,HD 106315 c,0,1
2424856030.0,HD 106315 c,0,1
2424856030.0,HD 106315 c,0,1
8350481588.0,HD 137496 b,0,1
8350481588.0,HD 137496 c,0,1
7184353937.0,HD 224018 b,0,1
7184353937.0,HD 224018 c,0,1
7184353937.0,HD 224018 d,0,1
7291478048.0,HD 3167 b,0,0
7291478048.0,HD 3167 b,0,1
7291478048.0,HD 3167 b,0,1
7291478048.0,HD 3167 b,0,1
7291478048.0,HD 3167 b,0,1
7291478048.0,HD 3167 b,0,1
7291478048.0,HD 3167 b,0,1
7291478048.0,HD 3167 b,0,1
7291478048.0,HD 3167 b,0,1
7291478048.0,HD 3167 b,0,1
7291478048.0,HD 3167 b,0,1
7291478048.0,HD 3167 c,0,1
7291478048.0,HD 3167 c,0,1
7291478048.0,HD 3167 c,0,1
7291478048.0,HD 3167 c,0,1
7291478048.0,HD 3167 c,0,1
7291478048.0,HD 3167 c,0,1
7291478048.0,HD 3167 c,0,1
7291478048.0,HD 3167 c,0,1
7291478048.0,HD 3167 c,0,1
7291478048.0,HD 3167 c,0,1
9116863021.0,HD 3167 d,0,1
9116863021.0,HD 3167 d,0,1
9116863021.0,HD 3167 d,0,1
9116863021.0,HD 3167 d,0,1
1121067477.0,HD 3167 e,0,1
1121067477.0,HD 3167 e,0,1
873203960.0,HD 73344 b,0,1
873203960.0,HD 73344 b,0,1
873203960.0,HD 73344 b,0,1
873203960.0,HD 73344 b,0,1
3944347447.0,HD 80653 b,0,0
3944347447.0,HD 80653 b,0,1
3944347447.0,HD 80653 b,0,0
3944347447.0,HD 80653 b,0,1
4819260808.0,HD 89345 b,0,1
4819260808.0,HD 89345 b,0,1
4819260808.0,HD 89345 b,0,1
4819260808.0,HD 89345 b,0,1
4819260808.0,HD 89345 b,0,1
4819260808.0,HD 89345 b,0,1
51176546.0,HIP 116454 b,0,1
51176546.0,HIP 116454 b,0,1
51176546.0,HIP 116454 b,0,1
51176546.0,HIP 116454 b,0,1
51176546.0,HIP 116454 b,0,1
3048150635.0,HIP 41378 b,0,1
3048150635.0,HIP 41378 b,0,1
3048150635.0,HIP 41378 b,0,0
3048150635.0,HIP 41378 b,0,1
3048150635.0,HIP 41378 c,0,1
3048150635.0,HIP 41378 c,0,0
3048150635.0,HIP 41378 c,0,1
3048150635.0,HIP 41378 c,0,1
3048150635.0,HIP 41378 d,0,1
3048150635.0,HIP 41378 d,0,0
3048150635.0,HIP 41378 d,0,0
3048150635.0,HIP 41378 d,0,1
3048150635.0,HIP 41378 d,0,1
3048150635.0,HIP 41378 e,0,1
3048150635.0,HIP 41378 e,0,0
3048150635.0,HIP 41378 f,0,1
3048150635.0,HIP 41378 f,0,1
3048150635.0,HIP 41378 f,0,0
3048150635.0,HIP 41378 f,0,1
4936664455.0,K2-10 b,0,1
4936664455.0,K2-10 b,0,1
4936664455.0,K2-10 b,0,1
4936664455.0,K2-10 b,0,1
4936664455.0,K2-10 b,0,1
4936664455.0,K2-10 b,0,1
4936664455.0,K2-10 b,0,1
4936664455.0,K2-10 b,0,1
804646580.0,K2-100 b,0,1
804646580.0,K2-100 b,0,1
804646580.0,K2-100 b,0,1
804646580.0,K2-100 b,0,1
804646580.0,K2-100 b,0,0
804646580.0,K2-100 b,0,1
804646580.0,K2-100 b,0,1
804646580.0,K2-100 b,0,1
804646580.0,K2-100 b,0,1
804646580.0,K2-100 b,0,1
804646580.0,K2-100 b,0,1
804646580.0,K2-100 b,0,1
2214155456.0,K2-101 b,0,1
2214155456.0,K2-101 b,0,1
2214155456.0,K2-101 b,0,1
2214155456.0,K2-101 b,0,1
2214155456.0,K2-101 b,0,1
2214155456.0,K2-101 b,0,1
2214155456.0,K2-101 b,0,1
4790979231.0,K2-102 b,0,1
4790979231.0,K2-102 b,0,1
3538028859.0,K2-104 b,0,1
3538028859.0,K2-104 b,0,1
3538028859.0,K2-104 b,0,1
3538028859.0,K2-104 b,0,1
3538028859.0,K2-104 b,0,1
3538028859.0,K2-104 b,0,1
3538028859.0,K2-104 b,0,1
3538028859.0,K2-104 b,0,1
4922043404.0,K2-105 b,0,1
4922043404.0,K2-105 b,0,1
4922043404.0,K2-105 b,0,1
4922043404.0,K2-105 b,0,1
4922043404.0,K2-105 b,0,1
4922043404.0,K2-105 b,0,1
4922043404.0,K2-105 b,0,1
4922043404.0,K2-105 b,0,1
4922043404.0,K2-105 b,0,1
4922043404.0,K2-105 b,0,1
4922043404.0,K2-105 b,0,1
7131654297.0,K2-107 b,0,1
7131654297.0,K2-107 b,0,1
7131654297.0,K2-107 b,0,1
7131654297.0,K2-107 b,0,1
7131654297.0,K2-107 b,0,1
7131654297.0,K2-107 b,0,1
6238415483.0,K2-108 b,0,1
6238415483.0,K2-108 b,0,1
6238415483.0,K2-108 b,0,1
6238415483.0,K2-108 b,0,1
6238415483.0,K2-108 b,0,1
6238415483.0,K2-108 b,0,1
6238415483.0,K2-108 b,0,1
6238415483.0,K2-108 b,0,1
6238415483.0,K2-108 b,0,1
1737726176.0,K2-11 b,0,1
1737726176.0,K2-11 b,0,1
1737726176.0,K2-11 b,0,1
1737726176.0,K2-11 b,0,1
9758189257.0,K2-110 b,0,1
9758189257.0,K2-110 b,0,1
9758189257.0,K2-110 b,0,1
9758189257.0,K2-110 b,0,1
9758189257.0,K2-110 b,0,1
9758189257.0,K2-110 b,0,1
9758189257.0,K2-110 b,0,1
9758189257.0,K2-110 b,0,1
9758189257.0,K2-110 b,0,1
65053413.0,K2-111 b,0,1
65053413.0,K2-111 b,0,1
65053413.0,K2-111 b,0,1
65053413.0,K2-111 b,0,1
65053413.0,K2-111 b,0,1
65053413.0,K2-111 b,0,1
65053413.0,K2-111 b,0,1
2409689431.0,K2-111 c,0,1
2409689431.0,K2-111 c,0,1
6309550612.0,K2-113 b,0,1
6309550612.0,K2-113 b,0,1
6309550612.0,K2-113 b,0,1
6309550612.0,K2-113 b,0,1
6309550612.0,K2-113 b,0,1
6309550612.0,K2-113 b,0,1
4839211611.0,K2-114 b,0,1
4839211611.0,K2-114 b,0,1
4839211611.0,K2-114 b,0,1
4839211611.0,K2-114 b,0,1
4839211611.0,K2-114 b,0,1
4839211611.0,K2-114 b,0,1
4839211611.0,K2-114 b,0,1
4839211611.0,K2-114 b,0,1
4839211611.0,K2-114 b,0,1
4839211611.0,K2-114 b,0,1
855115197.0,K2-115 b,0,1
855115197.0,K2-115 b,0,1
855115197.0,K2-115 b,0,1
855115197.0,K2-115 b,0,1
855115197.0,K2-115 b,0,1
855115197.0,K2-115 b,0,1
855115197.0,K2-115 b,0,1
855115197.0,K2-115 b,0,1
855115197.0,K2-115 b,0,1
855115197.0,K2-115 b,0,1
855115197.0,K2-115 b,0,1
6473350041.0,K2-116 b,0,1
6473350041.0,K2-116 b,0,1
6473350041.0,K2-116 b,0,1
6473350041.0,K2-116 b,0,1
5007695592.0,K2-117 b,0,1
5007695592.0,K2-117 b,0,1
5007695592.0,K2-117 b,0,1
5007695592.0,K2-117 b,0,1
5007695592.0,K2-117 b,0,2
5007695592.0,K2-117 b,0,1
5007695592.0,K2-117 b,0,1
5007695592.0,K2-117 b,0,1
5007695592.0,K2-117 c,0,1
5007695592.0,K2-117 c,0,1
5007695592.0,K2-117 c,0,1
5007695592.0,K2-117 c,0,1
5007695592.0,K2-117 c,0,1
8835132566.0,K2-118 b,0,1
8835132566.0,K2-118 b,0,1
1194208982.0,K2-119 b,0,1
1194208982.0,K2-119 b,0,1
1194208982.0,K2-119 b,0,1
1194208982.0,K2-119 b,0,1
1194208982.0,K2-119 b,0,1
1194208982.0,K2-119 b,0,1
92558123.0,K2-12 b,0,1
92558123.0,K2-12 b,0,1
92558123.0,K2-12 b,0,1
92558123.0,K2-12 b,0,1
92558123.0,K2-12 b,0,1
92558123.0,K2-12 b,0,1
6743816960.0,K2-121 b,0,1
6743816960.0,K2-121 b,0,1
6743816960.0,K2-121 b,0,1
6743816960.0,K2-121 b,0,1
6743816960.0,K2-121 b,0,1
6743816960.0,K2-121 b,0,1
6743816960.0,K2-121 b,0,1
6743816960.0,K2-121 b,0,1
6743816960.0,K2-121 b,0,1
6743816960.0,K2-121 b,0,1
6743816960.0,K2-121 b,0,1
6983914799.0,K2-122 b,0,1
6983914799.0,K2-122 b,0,1
6983914799.0,K2-122 b,0,1
6983914799.0,K2-122 b,0,1
6983914799.0,K2-122 b,0,1
6983914799.0,K2-122 b,0,1
6983914799.0,K2-122 b,0,1
6983914799.0,K2-122 b,0,1
2446323665.0,K2-123 b,0,1
2446323665.0,K2-123 b,0,1
2446323665.0,K2-123 b,0,1
2446323665.0,K2-123 b,0,1
2446323665.0,K2-123 b,0,1
2446323665.0,K2-123 b,0,1
2446323665.0,K2-123 b,0,1
2446323665.0,K2-123 b,0,1
1845189476.0,K2-124 b,0,1
1845189476.0,K2-124 b,0,1
1845189476.0,K2-124 b,0,1
1845189476.0,K2-124 b,0,1
1845189476.0,K2-124 b,0,1
1845189476.0,K2-124 b,0,1
1845189476.0,K2-124 b,0,1
8277821819.0,K2-125 b,0,1
6819596687.0,K2-126 b,0,1
6819596687.0,K2-126 b,0,1
6819596687.0,K2-126 b,0,1
6819596687.0,K2-126 b,0,1
6819596687.0,K2-126 b,0,1
6819596687.0,K2-126 b,0,1
6819596687.0,K2-126 b,0,1
5130162548.0,K2-127 b,0,1
5130162548.0,K2-127 b,0,1
5130162548.0,K2-127 b,0,1
5130162548.0,K2-127 b,0,1
5130162548.0,K2-127 b,0,1
5130162548.0,K2-127 b,0,1
606670204.0,K2-128 b,0,1
606670204.0,K2-128 b,0,1
606670204.0,K2-128 b,0,1
3763431129.0,K2-129 b,0,1
3763431129.0,K2-129 b,0,1
1387640917.0,K2-13 b,0,1
1387640917.0,K2-13 b,0,1
1387640917.0,K2-13 b,0,1
249446345.0,K2-130 b,0,1
249446345.0,K2-130 b,0,1
249446345.0,K2-130 b,0,1
534577114.0,K2-131 b,0,1
534577114.0,K2-131 b,0,1
534577114.0,K2-131 b,0,1
534577114.0,K2-131 b,0,1
534577114.0,K2-131 b,0,1
534577114.0,K2-131 b,0,1
534577114.0,K2-131 b,0,1
4717213925.0,K2-132 b,0,1
4717213925.0,K2-132 b,0,1
4717213925.0,K2-132 b,0,1
4717213925.0,K2-132 b,0,1
4717213925.0,K2-132 b,0,1
8648604660.0,K2-133 b,0,1
8648604660.0,K2-133 b,0,1
8648604660.0,K2-133 c,0,1
8648604660.0,K2-133 c,0,1
8648604660.0,K2-133 d,0,1
8648604660.0,K2-133 d,0,1
8648604660.0,K2-133 d,0,1
1558390628.0,K2-133 e,0,1
997948572.0,K2-136 b,0,1
997948572.0,K2-136 b,0,1
997948572.0,K2-136 b,0,1
997948572.0,K2-136 c,0,1
997948572.0,K2-136 c,0,1
997948572.0,K2-136 c,0,1
997948572.0,K2-136 c,0,1
997948572.0,K2-136 c,0,1
997948572.0,K2-136 c,0,1
997948572.0,K2-136 d,0,1
997948572.0,K2-136 d,0,1
997948572.0,K2-136 d,0,1
4127883163.0,K2-137 b,0,1
4127883163.0,K2-137 b,0,1
7446249190.0,K2-138 b,0,1
7446249190.0,K2-138 b,0,1
7446249190.0,K2-138 b,0,1
7446249190.0,K2-138 c,0,1
7446249190.0,K2-138 c,0,1
7446249190.0,K2-138 c,0,1
7446249190.0,K2-138 d,0,1
7446249190.0,K2-138 d,0,1
7446249190.0,K2-138 d,0,1
7446249190.0,K2-138 e,0,1
7446249190.0,K2-138 e,0,1
7446249190.0,K2-138 e,0,1
7446249190.0,K2-138 e,0,1
7446249190.0,K2-138 f,0,1
7446249190.0,K2-138 f,0,1
7446249190.0,K2-138 f,0,1
8505449882.0,K2-138 g,0,1
8505449882.0,K2-138 g,0,1
4100105111.0,K2-139 b,0,1
4100105111.0,K2-139 b,0,1
4100105111.0,K2-139 b,0,1
4100105111.0,K2-139 b,0,1
4100105111.0,K2-139 b,0,1
992006577.0,K2-14 b,0,1
992006577.0,K2-14 b,0,1
992006577.0,K2-14 b,0,1
992006577.0,K2-14 b,0,1
992006577.0,K2-14 b,0,1
8869917698.0,K2-140 b,0,1
8869917698.0,K2-140 b,0,1
8869917698.0,K2-140 b,0,1
8869917698.0,K2-140 b,0,1
8869917698.0,K2-140 b,0,1
2543446765.0,K2-141 b,0,1
2543446765.0,K2-141 b,0,1
2543446765.0,K2-141 b,0,1
2543446765.0,K2-141 b,0,1
2543446765.0,K2-141 b,0,1
2543446765.0,K2-141 c,0,1
2543446765.0,K2-141 c,0,1
5986511.0,K2-146 b,0,1
5986511.0,K2-146 b,0,1
5986511.0,K2-146 b,0,1
5986511.0,K2-146 b,0,1
5986511.0,K2-146 b,0,1
5986511.0,K2-146 b,0,1
5986511.0,K2-146 b,0,1
5986511.0,K2-146 b,0,2
5986511.0,K2-146 b,0,1
2748910541.0,K2-146 c,0,1
2748910541.0,K2-146 c,0,1
3547479045.0,K2-147 b,0,1
3547479045.0,K2-147 b,0,1
3547479045.0,K2-147 b,0,1
3547479045.0,K2-147 b,0,1
8112427127.0,K2-148 b,0,1
8112427127.0,K2-148 b,0,1
8112427127.0,K2-148 c,0,1
8112427127.0,K2-148 c,0,1
8112427127.0,K2-148 d,0,1
8112427127.0,K2-148 d,0,1
8955806023.0,K2-149 b,0,1
3783694211.0,K2-15 b,0,1
3783694211.0,K2-15 b,0,1
3783694211.0,K2-15 b,0,1
3783694211.0,K2-15 b,0,1
5380676941.0,K2-150 b,0,1
5380676941.0,K2-150 b,0,1
3511544526.0,K2-151 b,0,1
3511544526.0,K2-151 b,0,1
3511544526.0,K2-151 b,0,1
3511544526.0,K2-151 b,0,1
7131200575.0,K2-152 b,0,1
7131200575.0,K2-152 b,0,1
5731546219.0,K2-153 b,0,1
5731546219.0,K2-153 b,0,1
8373029990.0,K2-154 b,0,1
8373029990.0,K2-154 b,0,1
8373029990.0,K2-154 c,0,1
8373029990.0,K2-154 c,0,1
8484057725.0,K2-155 b,0,1
8484057725.0,K2-155 b,0,1
8484057725.0,K2-155 c,0,1
8484057725.0,K2-155 c,0,1
8484057725.0,K2-155 c,0,1
8484057725.0,K2-155 c,0,1
8484057725.0,K2-155 d,0,1
8484057725.0,K2-155 d,0,1
5698998414.0,K2-156 b,0,1
5698998414.0,K2-156 b,0,1
5698998414.0,K2-156 b,0,1
8099219186.0,K2-157 b,0,1
8099219186.0,K2-157 b,0,1
8099219186.0,K2-157 b,0,1
6916538706.0,K2-158 b,0,1
6916538706.0,K2-158 b,0,1
6916538706.0,K2-158 c,0,1
5952966333.0,K2-159 b,0,1
5952966333.0,K2-159 b,0,1
5589841099.0,K2-16 b,0,1
5589841099.0,K2-16 b,0,1
5589841099.0,K2-16 b,0,1
5589841099.0,K2-16 b,0,1
5589841099.0,K2-16 b,0,1
5589841099.0,K2-16 c,0,1
5589841099.0,K2-16 c,0,1
5589841099.0,K2-16 c,0,1
5589841099.0,K2-16 c,0,1
5589841099.0,K2-16 c,0,1
7591817808.0,K2-160 b,0,1
2468384391.0,K2-161 b,0,1
5206197930.0,K2-162 b,0,1
5206197930.0,K2-162 b,0,1
4803822734.0,K2-163 b,0,1
8483833486.0,K2-164 b,0,1
8483833486.0,K2-164 b,0,1
8483833486.0,K2-164 b,0,1
8351378962.0,K2-165 b,0,1
8351378962.0,K2-165 c,0,1
8351378962.0,K2-165 d,0,1
8351378962.0,K2-165 d,0,1
4286103182.0,K2-166 b,0,1
4286103182.0,K2-166 b,0,1
8980034374.0,K2-167 b,0,1
8980034374.0,K2-167 b,0,1
8980034374.0,K2-167 b,0,1
8980034374.0,K2-167 b,0,1
8980034374.0,K2-167 b,0,1
8980034374.0,K2-167 b,0,1
8980034374.0,K2-167 b,0,1
4930220630.0,K2-168 b,0,1
4930220630.0,K2-168 b,0,1
4930220630.0,K2-168 b,0,1
4930220630.0,K2-168 b,0,1
8195399694.0,K2-169 b,0,1
8195399694.0,K2-169 b,0,1
8195399694.0,K2-169 b,0,1
3292022755.0,K2-17 b,0,1
3292022755.0,K2-17 b,0,1
3292022755.0,K2-17 b,0,1
3292022755.0,K2-17 b,0,1
3292022755.0,K2-17 b,0,1
3292022755.0,K2-17 b,0,1
2967895751.0,K2-170 b,0,1
2967895751.0,K2-170 b,0,1
2967895751.0,K2-170 b,0,1
2967895751.0,K2-170 c,0,1
2967895751.0,K2-170 c,0,1
2967895751.0,K2-170 c,0,1
6525107881.0,K2-171 b,0,1
6525107881.0,K2-171 b,0,1
6525107881.0,K2-171 b,0,1
3922300631.0,K2-172 b,0,1
3922300631.0,K2-172 b,0,1
3922300631.0,K2-172 b,0,1
3922300631.0,K2-172 c,0,1
3922300631.0,K2-172 c,0,1
3922300631.0,K2-172 c,0,1
3922300631.0,K2-172 c,0,1
3034221692.0,K2-173 b,0,1
3034221692.0,K2-173 b,0,1
1712798138.0,K2-174 b,0,1
1712798138.0,K2-174 b,0,1
1712798138.0,K2-174 b,0,1
1712798138.0,K2-174 b,0,1
1712798138.0,K2-174 b,0,1
1712798138.0,K2-174 b,0,1
1712798138.0,K2-174 b,0,1
3981752424.0,K2-175 b,0,1
8126032637.0,K2-176 b,0,1
8126032637.0,K2-176 b,0,1
5756458729.0,K2-177 b,0,1
6054329417.0,K2-178 b,0,1
6054329417.0,K2-178 b,0,1
6054329417.0,K2-178 b,0,1
7361317189.0,K2-179 b,0,1
7361317189.0,K2-179 b,0,1
7361317189.0,K2-179 b,0,1
9279867045.0,K2-18 b,0,1
9279867045.0,K2-18 b,0,1
9279867045.0,K2-18 b,0,1
9279867045.0,K2-18 b,0,1
9279867045.0,K2-18 b,0,1
9279867045.0,K2-18 b,0,1
9279867045.0,K2-18 b,0,1
9279867045.0,K2-18 b,0,1
9279867045.0,K2-18 b,0,1
9279867045.0,K2-18 b,0,1
9279867045.0,K2-18 b,0,1
8822705948.0,K2-18 c,0,1
9221461882.0,K2-180 b,0,1
9221461882.0,K2-180 b,0,1
9221461882.0,K2-180 b,0,1
9221461882.0,K2-180 b,0,1
9221461882.0,K2-180 b,0,1
9221461882.0,K2-180 b,0,1
9221461882.0,K2-180 b,0,1
9221461882.0,K2-180 b,0,1
9221461882.0,K2-180 b,0,1
9221461882.0,K2-180 b,0,1
1935334101.0,K2-181 b,0,1
1935334101.0,K2-181 b,0,1
1935334101.0,K2-181 b,0,1
1935334101.0,K2-181 b,0,1
1935334101.0,K2-181 b,0,1
1935334101.0,K2-181 b,0,1
1935334101.0,K2-181 b,0,1
1935334101.0,K2-181 b,0,1
6530393635.0,K2-182 b,0,1
6530393635.0,K2-182 b,0,1
6530393635.0,K2-182 b,0,1
6530393635.0,K2-182 b,0,1
6530393635.0,K2-182 b,0,1
6530393635.0,K2-182 b,0,1
6530393635.0,K2-182 b,0,1
6530393635.0,K2-182 b,0,1
6530393635.0,K2-182 b,0,1
6530393635.0,K2-182 b,0,1
4309629755.0,K2-183 b,0,1
4309629755.0,K2-183 b,0,1
4309629755.0,K2-183 b,0,1
4309629755.0,K2-183 c,0,1
4309629755.0,K2-183 c,0,1
4309629755.0,K2-183 c,0,1
4309629755.0,K2-183 c,0,1
4309629755.0,K2-183 c,0,1
4309629755.0,K2-183 c,0,1
4309629755.0,K2-183 c,0,1
4309629755.0,K2-183 d,0,1
4309629755.0,K2-183 d,0,1
4309629755.0,K2-183 d,0,0
4309629755.0,K2-183 d,0,1
4309629755.0,K2-183 d,0,1
9670801928.0,K2-184 b,0,1
9670801928.0,K2-184 b,0,1
9670801928.0,K2-184 b,0,1
9670801928.0,K2-184 b,0,1
9670801928.0,K2-184 b,0,1
9670801928.0,K2-184 b,0,1
9670801928.0,K2-184 b,0,1
1076201827.0,K2-185 b,0,1
1076201827.0,K2-185 b,0,1
1076201827.0,K2-185 b,0,1
1076201827.0,K2-185 c,0,1
1076201827.0,K2-185 c,0,0
1076201827.0,K2-185 c,0,1
8449115840.0,K2-186 b,0,1
8449115840.0,K2-186 b,0,1
6032127598.0,K2-187 b,0,1
6032127598.0,K2-187 b,0,1
6032127598.0,K2-187 b,0,1
6032127598.0,K2-187 b,0,1
6032127598.0,K2-187 c,0,1
6032127598.0,K2-187 c,0,1
6032127598.0,K2-187 c,0,1
6032127598.0,K2-187 c,0,1
6032127598.0,K2-187 c,0,1
6032127598.0,K2-187 d,0,1
6032127598.0,K2-187 d,0,1
6032127598.0,K2-187 d,0,1
6032127598.0,K2-187 d,0,1
6032127598.0,K2-187 d,0,1
6032127598.0,K2-187 d,0,1
6032127598.0,K2-187 d,0,1
6032127598.0,K2-187 e,0,1
6032127598.0,K2-187 e,0,1
6032127598.0,K2-187 e,0,1
6032127598.0,K2-187 e,0,1
6032127598.0,K2-187 e,0,1
816398231.0,K2-188 b,0,1
816398231.0,K2-188 b,0,1
816398231.0,K2-188 c,0,1
816398231.0,K2-188 c,0,1
816398231.0,K2-188 c,0,1
816398231.0,K2-188 c,0,1
816398231.0,K2-188 c,0,1
816398231.0,K2-188 c,0,1
816398231.0,K2-188 c,0,1
3800487965.0,K2-189 b,0,1
3800487965.0,K2-189 b,0,1
3800487965.0,K2-189 b,0,1
3800487965.0,K2-189 b,0,1
3800487965.0,K2-189 c,0,1
3800487965.0,K2-189 c,0,1
3800487965.0,K2-189 c,0,1
3800487965.0,K2-189 c,0,1
3800487965.0,K2-189 c,0,1
3800487965.0,K2-189 c,0,1
3800487965.0,K2-189 c,0,1
890090678.0,K2-19 b,0,1
890090678.0,K2-19 b,0,1
890090678.0,K2-19 b,0,1
890090678.0,K2-19 b,0,1
890090678.0,K2-19 b,0,1
890090678.0,K2-19 b,0,1
890090678.0,K2-19 b,0,1
890090678.0,K2-19 b,0,1
890090678.0,K2-19 b,0,1
890090678.0,K2-19 b,0,1
890090678.0,K2-19 b,0,1
890090678.0,K2-19 b,0,1
890090678.0,K2-19 b,0,1
890090678.0,K2-19 b,0,1
890090678.0,K2-19 b,0,1
890090678.0,K2-19 b,0,1
890090678.0,K2-19 c,0,1
890090678.0,K2-19 c,0,1
890090678.0,K2-19 c,0,1
890090678.0,K2-19 c,0,1
890090678.0,K2-19 c,0,1
890090678.0,K2-19 c,0,1
890090678.0,K2-19 c,0,1
890090678.0,K2-19 c,0,1
890090678.0,K2-19 c,0,1
890090678.0,K2-19 c,0,1
890090678.0,K2-19 c,0,1
890090678.0,K2-19 c,0,1
890090678.0,K2-19 c,0,1
9936088601.0,K2-19 d,0,1
9936088601.0,K2-19 d,0,1
9936088601.0,K2-19 d,0,1
9936088601.0,K2-19 d,0,1
9936088601.0,K2-19 d,0,1
9936088601.0,K2-19 d,0,1
9936088601.0,K2-19 d,0,1
9038888405.0,K2-190 b,0,1
9038888405.0,K2-190 b,0,1
9038888405.0,K2-190 b,0,1
9038888405.0,K2-190 c,0,1
1739124066.0,K2-191 b,0,1
1739124066.0,K2-191 b,0,1
1739124066.0,K2-191 b,0,1
1739124066.0,K2-191 b,0,1
9420331010.0,K2-192 b,0,1
9420331010.0,K2-192 b,0,1
9420331010.0,K2-192 b,0,1
9420331010.0,K2-192 b,0,1
6187669194.0,K2-193 b,0,1
6187669194.0,K2-193 b,0,1
6187669194.0,K2-193 b,0,1
6187669194.0,K2-193 b,0,1
6187669194.0,K2-193 b,0,1
1932433314.0,K2-194 b,0,1
1932433314.0,K2-194 b,0,1
1932433314.0,K2-194 b,0,1
9175324846.0,K2-195 b,0,1
9175324846.0,K2-195 b,0,1
9175324846.0,K2-195 b,0,1
9175324846.0,K2-195 b,0,1
9175324846.0,K2-195 b,0,1
9175324846.0,K2-195 c,0,1
9175324846.0,K2-195 c,0,1
9213743847.0,K2-196 b,0,1
8169491733.0,K2-197 b,0,1
8169491733.0,K2-197 b,0,1
8169491733.0,K2-197 b,0,1
8169491733.0,K2-197 b,0,1
8169491733.0,K2-197 b,0,1
821116379.0,K2-198 b,0,1
821116379.0,K2-198 b,0,1
821116379.0,K2-198 b,0,1
821116379.0,K2-198 b,0,1
821116379.0,K2-198 b,0,1
7992811104.0,K2-198 c,0,1
7992811104.0,K2-198 c,0,1
7992811104.0,K2-198 d,0,1
7992811104.0,K2-198 d,0,1
7992811104.0,K2-198 d,0,1
7992811104.0,K2-198 d,0,1
4986276987.0,K2-199 b,0,1
4986276987.0,K2-199 b,0,1
4986276987.0,K2-199 b,0,1
4986276987.0,K2-199 b,0,1
4986276987.0,K2-199 b,0,1
4986276987.0,K2-199 b,0,1
4986276987.0,K2-199 b,0,1
4986276987.0,K2-199 c,0,1
4986276987.0,K2-199 c,0,1
4986276987.0,K2-199 c,0,1
4986276987.0,K2-199 c,0,1
4986276987.0,K2-199 c,0,1
4986276987.0,K2-199 c,0,1
4986276987.0,K2-199 c,0,1
4986276987.0,K2-199 c,0,1
9939750326.0,K2-200 b,0,1
9939750326.0,K2-200 b,0,1
9939750326.0,K2-200 b,0,1
4638761108.0,K2-201 b,0,1
4638761108.0,K2-201 b,0,1
4638761108.0,K2-201 c,0,1
4638761108.0,K2-201 c,0,1
3773080786.0,K2-2016-BLG-0005L b,0,1
3773080786.0,K2-2016-BLG-0005L b,0,1
3805099169.0,K2-202 b,0,1
3805099169.0,K2-202 b,0,1
9320853893.0,K2-203 b,0,1
9320853893.0,K2-203 b,0,1
9320853893.0,K2-203 b,0,1
3975297307.0,K2-204 b,0,1
3975297307.0,K2-204 b,0,1
3975297307.0,K2-204 b,0,1
3382092571.0,K2-205 b,0,1
3382092571.0,K2-205 b,0,1
9947103157.0,K2-206 b,0,1
4567776049.0,K2-207 b,0,1
4567776049.0,K2-207 b,0,1
7428019471.0,K2-208 b,0,1
7428019471.0,K2-208 b,0,1
7428019471.0,K2-208 b,0,1
7513145133.0,K2-209 b,0,1
9165950706.0,K2-21 b,0,1
9165950706.0,K2-21 b,0,1
9165950706.0,K2-21 b,0,1
9165950706.0,K2-21 b,0,1
9165950706.0,K2-21 b,0,1
9165950706.0,K2-21 c,0,1
9165950706.0,K2-21 c,0,1
9165950706.0,K2-21 c,0,1
9165950706.0,K2-21 c,0,1
9165950706.0,K2-21 c,0,1
9165950706.0,K2-21 c,0,1
8159411114.0,K2-210 b,0,1
8159411114.0,K2-210 b,0,1
4331213433.0,K2-211 b,0,1
4331213433.0,K2-211 b,0,1
4331213433.0,K2-211 b,0,1
4331213433.0,K2-211 b,0,1
6394428359.0,K2-212 b,0,1
6394428359.0,K2-212 b,0,1
6394428359.0,K2-212 b,0,1
6394428359.0,K2-212 b,0,1
6394428359.0,K2-212 b,0,1
6394428359.0,K2-212 b,0,1
1196569149.0,K2-213 b,0,1
908637149.0,K2-214 b,0,1
908637149.0,K2-214 b,0,1
908637149.0,K2-214 b,0,1
908637149.0,K2-214 b,0,1
908637149.0,K2-214 b,0,1
9548729422.0,K2-215 b,0,1
9548729422.0,K2-215 b,0,1
9409492739.0,K2-216 b,0,1
9409492739.0,K2-216 b,0,1
9409492739.0,K2-216 b,0,1
9409492739.0,K2-216 b,0,1
9409492739.0,K2-216 b,0,1
9409492739.0,K2-216 b,0,1
9409492739.0,K2-216 b,0,1
5070070082.0,K2-217 b,0,1
5070070082.0,K2-217 b,0,1
7352282842.0,K2-218 b,0,1
7352282842.0,K2-218 b,0,1
1747298547.0,K2-219 b,0,1
1747298547.0,K2-219 b,0,1
1747298547.0,K2-219 c,0,1
1747298547.0,K2-219 c,0,1
1747298547.0,K2-219 d,0,1
1747298547.0,K2-219 d,0,1
1422031133.0,K2-22 b,0,1
1422031133.0,K2-22 b,0,1
1422031133.0,K2-22 b,0,1
1422031133.0,K2-22 b,0,1
1422031133.0,K2-22 b,0,2
1422031133.0,K2-22 b,0,1
1422031133.0,K2-22 b,0,1
3795108078.0,K2-220 b,0,1
3795108078.0,K2-220 b,0,1
3795108078.0,K2-220 b,0,1
3795108078.0,K2-220 b,0,1
3795108078.0,K2-220 b,0,1
7538645865.0,K2-221 b,0,1
7538645865.0,K2-221 b,0,1
1296664853.0,K2-222 b,0,1
1296664853.0,K2-222 b,0,1
1296664853.0,K2-222 b,0,1
1296664853.0,K2-222 b,0,1
1296664853.0,K2-222 b,0,1
1296664853.0,K2-222 b,0,1
7605140656.0,K2-223 b,0,1
7605140656.0,K2-223 b,0,1
7605140656.0,K2-223 b,0,1
7605140656.0,K2-223 c,0,1
7605140656.0,K2-223 c,0,1
7605140656.0,K2-223 c,0,1
987923692.0,K2-224 b,0,1
987923692.0,K2-224 b,0,1
987923692.0,K2-224 c,0,1
987923692.0,K2-224 c,0,1
3603660881.0,K2-225 b,0,1
3603660881.0,K2-225 b,0,1
3603660881.0,K2-225 b,0,1
6874283130.0,K2-226 b,0,1
6874283130.0,K2-226 b,0,1
6874283130.0,K2-226 b,0,1
1325156373.0,K2-227 b,0,1
9101992845.0,K2-228 b,0,1
9101992845.0,K2-228 b,0,1
9960713644.0,K2-229 b,0,1
9960713644.0,K2-229 b,0,1
9960713644.0,K2-229 b,0,1
9960713644.0,K2-229 b,0,1
9960713644.0,K2-229 b,0,0
9960713644.0,K2-229 b,0,1
9960713644.0,K2-229 c,0,1
9960713644.0,K2-229 c,0,1
9960713644.0,K2-229 c,0,1
9960713644.0,K2-229 c,0,1
9960713644.0,K2-229 d,0,1
6027347941.0,K2-230 b,0,1
6027347941.0,K2-230 b,0,1
8991814057.0,K2-231 b,0,1
8991814057.0,K2-231 b,0,1
9192064003.0,K2-232 b,0,1
9192064003.0,K2-232 b,0,1
9192064003.0,K2-232 b,0,1
9192064003.0,K2-232 b,0,1
1313789222.0,K2-233 b,0,1
1313789222.0,K2-233 b,0,1
1313789222.0,K2-233 b,0,1
1313789222.0,K2-233 c,0,1
1313789222.0,K2-233 c,0,1
1313789222.0,K2-233 c,0,1
1313789222.0,K2-233 d,0,1
1313789222.0,K2-233 d,0,1
1313789222.0,K2-233 d,0,1
1313789222.0,K2-233 d,0,1
2241851557.0,K2-237 b,0,1
2241851557.0,K2-237 b,0,1
2241851557.0,K2-237 b,0,1
2241851557.0,K2-237 b,0,1
2241851557.0,K2-237 b,0,1
2241851557.0,K2-237 b,0,1
2241851557.0,K2-237 b,0,0
2241851557.0,K2-237 b,0,1
2241851557.0,K2-237 b,0,0
5986458699.0,K2-238 b,0,1
5986458699.0,K2-238 b,0,1
5986458699.0,K2-238 b,0,1
9860265033.0,K2-239 b,0,1
9860265033.0,K2-239 c,0,1
9860265033.0,K2-239 d,0,1
5192260250.0,K2-24 b,0,1
5192260250.0,K2-24 b,0,1
5192260250.0,K2-24 b,0,1
5192260250.0,K2-24 b,0,1
5192260250.0,K2-24 b,0,1
5192260250.0,K2-24 b,0,1
5192260250.0,K2-24 b,0,1
5192260250.0,K2-24 b,0,1
5192260250.0,K2-24 b,0,1
5192260250.0,K2-24 c,0,1
5192260250.0,K2-24 c,0,1
5192260250.0,K2-24 c,0,1
5192260250.0,K2-24 c,0,1
5192260250.0,K2-24 c,0,1
5192260250.0,K2-24 c,0,1
5192260250.0,K2-24 c,0,1
5192260250.0,K2-24 c,0,1
714534595.0,K2-240 b,0,1
714534595.0,K2-240 c,0,1
3130974769.0,K2-241 b,0,1
9044387559.0,K2-242 b,0,1
665607309.0,K2-243 b,0,1
665607309.0,K2-243 c,0,0
1350143629.0,K2-244 b,0,1
1350143629.0,K2-244 b,0,1
9664724854.0,K2-245 b,0,1
9664724854.0,K2-245 b,0,1
2389630971.0,K2-246 b,0,1
5836087245.0,K2-247 b,0,1
5836087245.0,K2-247 c,0,1
890694039.0,K2-248 b,0,1
4940805817.0,K2-249 b,0,1
2547613497.0,K2-25 b,0,1
2547613497.0,K2-25 b,0,1
2547613497.0,K2-25 b,0,1
2547613497.0,K2-25 b,0,1
2547613497.0,K2-25 b,0,1
2547613497.0,K2-25 b,0,1
2776143640.0,K2-250 b,0,1
2776143640.0,K2-250 b,0,1
1229051061.0,K2-251 b,0,1
3111784051.0,K2-252 b,0,1
8329780692.0,K2-253 b,0,1
8329780692.0,K2-253 b,0,1
6374719752.0,K2-254 b,0,1
6374719752.0,K2-254 c,0,1
7927149903.0,K2-255 b,0,1
4991700654.0,K2-256 b,0,1
4948596581.0,K2-257 b,0,1
2933010655.0,K2-258 b,0,1
6727854349.0,K2-259 b,0,1
6727854349.0,K2-259 b,0,1
6446836004.0,K2-26 b,0,1
6446836004.0,K2-26 b,0,1
6446836004.0,K2-26 b,0,1
6446836004.0,K2-26 b,0,1
6446836004.0,K2-26 b,0,1
4685947835.0,K2-260 b,0,1
4685947835.0,K2-260 b,0,1
4685947835.0,K2-260 b,0,1
4685947835.0,K2-260 b,0,0
4685947835.0,K2-260 b,0,1
4685947835.0,K2-260 b,0,1
4239230324.0,K2-261 b,0,1
4239230324.0,K2-261 b,0,1
4239230324.0,K2-261 b,0,1
4239230324.0,K2-261 b,0,1
4239230324.0,K2-261 b,0,1
4239230324.0,K2-261 b,0,1
4239230324.0,K2-261 b,0,1
4239230324.0,K2-261 b,0,1
4239230324.0,K2-261 b,0,1
4239230324.0,K2-261 b,0,1
9036889071.0,K2-263 b,0,1
9036889071.0,K2-263 b,0,1
9036889071.0,K2-263 b,0,1
9036889071.0,K2-263 b,0,1
8632107517.0,K2-264 b,0,1
8632107517.0,K2-264 b,0,1
8632107517.0,K2-264 c,0,1
8632107517.0,K2-264 c,0,1
9596773021.0,K2-265 b,0,1
9596773021.0,K2-265 b,0,1
9596773021.0,K2-265 b,0,1
9596773021.0,K2-265 b,0,1
9596773021.0,K2-265 b,0,1
9596773021.0,K2-265 b,0,1
9596773021.0,K2-265 b,0,1
9596773021.0,K2-265 b,0,1
5780874550.0,K2-266 b,0,1
5780874550.0,K2-266 c,0,1
5780874550.0,K2-266 d,0,1
5780874550.0,K2-266 d,0,1
5780874550.0,K2-266 d,0,1
5780874550.0,K2-266 e,0,1
5780874550.0,K2-266 e,0,1
1496007323.0,K2-268 b,0,1
1496007323.0,K2-268 b,0,1
1496007323.0,K2-268 b,0,1
1496007323.0,K2-268 c,0,1
1496007323.0,K2-268 c,0,1
1496007323.0,K2-268 c,0,1
1496007323.0,K2-268 c,0,1
1496007323.0,K2-268 c,0,1
1496007323.0,K2-268 c,0,1
1496007323.0,K2-268 c,0,1
6359105666.0,K2-268 d,0,1
6359105666.0,K2-268 d,0,1
6359105666.0,K2-268 e,0,1
6359105666.0,K2-268 e,0,1
6359105666.0,K2-268 f,0,1
6359105666.0,K2-268 f,0,1
8119551622.0,K2-269 b,0,1
8119551622.0,K2-269 b,0,1
8119551622.0,K2-269 b,0,1
8119551622.0,K2-269 b,0,1
1069635980.0,K2-27 b,0,1
1069635980.0,K2-27 b,0,1
1069635980.0,K2-27 b,0,1
1069635980.0,K2-27 b,0,1
1069635980.0,K2-27 b,0,1
1069635980.0,K2-27 b,0,1
1069635980.0,K2-27 b,0,1
1069635980.0,K2-27 b,0,1
1069635980.0,K2-27 b,0,1
1069635980.0,K2-27 b,0,1
6148506475.0,K2-270 b,0,1
6148506475.0,K2-270 b,0,1
6148506475.0,K2-270 b,0,1
6148506475.0,K2-270 c,0,1
6148506475.0,K2-270 c,0,1
6148506475.0,K2-270 c,0,1
6148506475.0,K2-270 c,0,1
6148506475.0,K2-270 c,0,1
6148506475.0,K2-270 c,0,1
7703840683.0,K2-271 b,0,1
7703840683.0,K2-271 b,0,1
7703840683.0,K2-271 b,0,1
7703840683.0,K2-271 b,0,1
7703840683.0,K2-271 b,0,1
7703840683.0,K2-271 b,0,1
3969984877.0,K2-272 b,0,1
3969984877.0,K2-272 b,0,1
3969984877.0,K2-272 b,0,1
3969984877.0,K2-272 b,0,1
3969984877.0,K2-272 b,0,1
3969984877.0,K2-272 b,0,1
3969984877.0,K2-272 b,0,1
8622724706.0,K2-273 b,0,1
8622724706.0,K2-273 b,0,1
8622724706.0,K2-273 b,0,1
8622724706.0,K2-273 b,0,1
8622724706.0,K2-273 b,0,1
8622724706.0,K2-273 b,0,1
8622724706.0,K2-273 b,0,1
8622724706.0,K2-273 b,0,1
4600095343.0,K2-274 b,0,1
4600095343.0,K2-274 b,0,1
4600095343.0,K2-274 b,0,1
4600095343.0,K2-274 b,0,1
4600095343.0,K2-274 b,0,1
4600095343.0,K2-274 b,0,1
4600095343.0,K2-274 b,0,1
4600095343.0,K2-274 b,0,1
6711281544.0,K2-275 b,0,1
6711281544.0,K2-275 b,0,1
6711281544.0,K2-275 b,0,1
6711281544.0,K2-275 b,0,1
6711281544.0,K2-275 b,0,1
6711281544.0,K2-275 b,0,1
6711281544.0,K2-275 b,0,1
6711281544.0,K2-275 b,0,1
6711281544.0,K2-275 c,0,1
6711281544.0,K2-275 c,0,1
6711281544.0,K2-275 c,0,1
6711281544.0,K2-275 c,0,1
6711281544.0,K2-275 c,0,1
6711281544.0,K2-275 c,0,1
2160856147.0,K2-276 b,0,1
2160856147.0,K2-276 b,0,1
2160856147.0,K2-276 b,0,1
2160856147.0,K2-276 b,0,1
1210122171.0,K2-277 b,0,1
1210122171.0,K2-277 b,0,1
1210122171.0,K2-277 b,0,1
1210122171.0,K2-277 b,0,1
1210122171.0,K2-277 b,0,1
1210122171.0,K2-277 b,0,1
1210122171.0,K2-277 b,0,1
1210122171.0,K2-277 b,0,1
1210122171.0,K2-277 b,0,1
1262007248.0,K2-278 b,0,1
1262007248.0,K2-278 b,0,1
1262007248.0,K2-278 b,0,1
1262007248.0,K2-278 b,0,1
2235158637.0,K2-279 b,0,1
2235158637.0,K2-279 b,0,1
2235158637.0,K2-279 b,0,1
2235158637.0,K2-279 b,0,1
3194115556.0,K2-28 b,0,1
3194115556.0,K2-28 b,0,1
3194115556.0,K2-28 b,0,1
3194115556.0,K2-28 b,0,1
3194115556.0,K2-28 b,0,1
3194115556.0,K2-28 b,0,1
3194115556.0,K2-28 b,0,1
5807815755.0,K2-280 b,0,1
5807815755.0,K2-280 b,0,1
5807815755.0,K2-280 b,0,1
5807815755.0,K2-280 b,0,1
5807815755.0,K2-280 b,0,1
5807815755.0,K2-280 b,0,1
102980328.0,K2-281 b,0,1
102980328.0,K2-281 b,0,1
102980328.0,K2-281 b,0,1
618072550.0,K2-282 b,0,1
618072550.0,K2-282 b,0,1
618072550.0,K2-282 b,0,1
618072550.0,K2-282 b,0,1
1182508583.0,K2-283 b,0,1
1182508583.0,K2-283 b,0,1
1182508583.0,K2-283 b,0,1
4860130163.0,K2-284 b,0,1
4860130163.0,K2-284 b,0,1
4860130163.0,K2-284 b,0,1
8276019285.0,K2-285 b,0,1
8276019285.0,K2-285 b,0,1
8276019285.0,K2-285 c,0,1
8276019285.0,K2-285 c,0,1
8276019285.0,K2-285 d,0,1
8276019285.0,K2-285 e,0,1
7414754652.0,K2-286 b,0,1
5179921943.0,K2-287 b,0,1
5179921943.0,K2-287 b,0,1
274006490.0,K2-288 B b,0,1
274006490.0,K2-288 B b,0,1
4445930821.0,K2-289 b,0,1
4445930821.0,K2-289 b,0,1
4445930821.0,K2-289 b,0,1
4445930821.0,K2-289 b,0,1
7341379519.0,K2-29 b,0,1
7341379519.0,K2-29 b,0,1
7341379519.0,K2-29 b,0,1
7341379519.0,K2-29 b,0,1
7341379519.0,K2-29 b,0,1
7341379519.0,K2-29 b,0,1
7341379519.0,K2-29 b,0,1
7341379519.0,K2-29 b,0,1
7341379519.0,K2-29 b,0,1
7531981769.0,K2-290 b,0,1
7531981769.0,K2-290 c,0,1
3930221149.0,K2-291 b,0,1
3930221149.0,K2-291 b,0,1
3930221149.0,K2-291 b,0,1
3930221149.0,K2-291 b,0,1
2198861284.0,K2-292 b,0,1
7726914815.0,K2-293 b,0,1
1306821498.0,K2-294 b,0,1
7941886147.0,K2-295 b,0,1
7941886147.0,K2-295 b,0,1
7941886147.0,K2-295 b,0,1
7941886147.0,K2-295 b,0,1
7941886147.0,K2-295 b,0,1
6659168964.0,K2-3 b,0,1
6659168964.0,K2-3 b,0,1
6659168964.0,K2-3 b,0,1
6659168964.0,K2-3 b,0,1
6659168964.0,K2-3 b,0,1
6659168964.0,K2-3 b,0,1
6659168964.0,K2-3 b,0,1
6659168964.0,K2-3 b,0,1
6659168964.0,K2-3 b,0,1
6659168964.0,K2-3 b,0,1
6659168964.0,K2-3 b,0,1
6659168964.0,K2-3 b,0,1
6659168964.0,K2-3 b,0,1
6659168964.0,K2-3 b,0,1
6659168964.0,K2-3 b,0,1
6659168964.0,K2-3 b,0,1
6659168964.0,K2-3 c,0,1
6659168964.0,K2-3 c,0,1
6659168964.0,K2-3 c,0,1
6659168964.0,K2-3 c,0,1
6659168964.0,K2-3 c,0,1
6659168964.0,K2-3 c,0,1
6659168964.0,K2-3 c,0,1
6659168964.0,K2-3 c,0,1
6659168964.0,K2-3 c,0,1
6659168964.0,K2-3 c,0,1
6659168964.0,K2-3 c,0,1
6659168964.0,K2-3 c,0,1
6659168964.0,K2-3 c,0,1
6659168964.0,K2-3 c,0,1
6659168964.0,K2-3 d,0,1
6659168964.0,K2-3 d,0,1
6659168964.0,K2-3 d,0,1
6659168964.0,K2-3 d,0,1
6659168964.0,K2-3 d,0,0
6659168964.0,K2-3 d,0,1
6659168964.0,K2-3 d,0,1
6659168964.0,K2-3 d,0,1
6659168964.0,K2-3 d,0,1
6659168964.0,K2-3 d,0,1
6659168964.0,K2-3 d,0,1
6659168964.0,K2-3 d,0,1
6659168964.0,K2-3 d,0,1
6659168964.0,K2-3 d,0,1
295601762.0,K2-30 b,0,1
295601762.0,K2-30 b,0,1
295601762.0,K2-30 b,0,1
295601762.0,K2-30 b,0,1
295601762.0,K2-30 b,0,1
295601762.0,K2-30 b,0,1
295601762.0,K2-30 b,0,1
295601762.0,K2-30 b,0,1
295601762.0,K2-30 b,0,1
295601762.0,K2-30 b,0,1
3552738465.0,K2-308 b,0,1
3552738465.0,K2-308 b,0,1
4366969625.0,K2-31 b,0,1
4366969625.0,K2-31 b,0,1
4366969625.0,K2-31 b,0,1
4366969625.0,K2-31 b,0,1
4366969625.0,K2-31 b,0,1
4366969625.0,K2-31 b,0,1
4366969625.0,K2-31 b,0,1
4366969625.0,K2-31 b,0,1
9152655184.0,K2-312 c,0,1
6509637015.0,K2-315 b,0,1
2439542748.0,K2-316 b,0,1
2439542748.0,K2-316 c,0,1
2316768314.0,K2-317 b,0,1
8039168570.0,K2-318 b,0,1
6433471434.0,K2-319 b,0,1
4563822727.0,K2-32 b,0,1
4563822727.0,K2-32 b,0,1
4563822727.0,K2-32 b,0,1
4563822727.0,K2-32 b,0,1
4563822727.0,K2-32 b,0,1
4563822727.0,K2-32 b,0,1
4563822727.0,K2-32 b,0,1
4563822727.0,K2-32 b,0,1
4563822727.0,K2-32 b,0,1
4563822727.0,K2-32 b,0,1
4563822727.0,K2-32 b,0,1
4563822727.0,K2-32 b,0,1
4563822727.0,K2-32 c,0,1
4563822727.0,K2-32 c,0,1
4563822727.0,K2-32 c,0,1
4563822727.0,K2-32 c,0,1
4563822727.0,K2-32 c,0,1
4563822727.0,K2-32 c,0,1
4563822727.0,K2-32 c,0,1
4563822727.0,K2-32 c,0,1
4563822727.0,K2-32 c,0,1
4563822727.0,K2-32 c,0,1
4563822727.0,K2-32 d,0,1
4563822727.0,K2-32 d,0,1
4563822727.0,K2-32 d,0,1
4563822727.0,K2-32 d,0,1
4563822727.0,K2-32 d,0,1
4563822727.0,K2-32 d,0,1
4563822727.0,K2-32 d,0,1
4563822727.0,K2-32 d,0,1
4563822727.0,K2-32 d,0,1
4563822727.0,K2-32 d,0,1
3386201674.0,K2-32 e,0,1
3386201674.0,K2-32 e,0,1
3386201674.0,K2-32 e,0,1
5944274087.0,K2-320 b,0,1
9258133360.0,K2-321 b,0,1
9258133360.0,K2-321 b,0,1
9258133360.0,K2-321 b,0,1
7531991375.0,K2-322 b,0,1
6483070849.0,K2-323 b,0,1
9214768779.0,K2-324 b,0,1
9299799074.0,K2-325 b,0,1
1170999689.0,K2-326 b,0,1
3007200911.0,K2-329 b,0,1
3007200911.0,K2-329 b,0,1
1793958889.0,K2-33 b,0,1
1793958889.0,K2-33 b,0,1
1793958889.0,K2-33 b,0,1
1793958889.0,K2-33 b,0,1
1793958889.0,K2-33 b,0,1
2016749082.0,K2-330 b,0,1
2016749082.0,K2-330 b,0,1
2016749082.0,K2-330 b,0,1
2016749082.0,K2-330 b,0,1
2016749082.0,K2-330 b,0,1
2016749082.0,K2-330 b,0,1
619807155.0,K2-331 b,0,1
619807155.0,K2-331 c,0,1
619807155.0,K2-331 c,0,1
4469899405.0,K2-332 b,0,1
4469899405.0,K2-332 b,0,1
4469899405.0,K2-332 b,0,1
4574534351.0,K2-333 b,0,1
4574534351.0,K2-333 b,0,1
4574534351.0,K2-333 b,0,1
4574534351.0,K2-333 b,0,1
4530598605.0,K2-334 b,0,1
4530598605.0,K2-334 b,0,1
4530598605.0,K2-334 b,0,1
4530598605.0,K2-334 b,0,1
8573586116.0,K2-335 b,0,1
8573586116.0,K2-335 b,0,1
8573586116.0,K2-335 b,0,1
8573586116.0,K2-335 b,0,1
2346218977.0,K2-336 b,0,1
2346218977.0,K2-336 b,0,1
2346218977.0,K2-336 b,0,1
2346218977.0,K2-336 b,0,1
4949244344.0,K2-337 b,0,1
4949244344.0,K2-337 b,0,1
4949244344.0,K2-337 b,0,1
4949244344.0,K2-337 b,0,1
390914880.0,K2-338 b,0,1
390914880.0,K2-338 b,0,1
390914880.0,K2-338 b,0,1
4204917607.0,K2-339 b,0,1
4204917607.0,K2-339 b,0,1
65750709.0,K2-34 b,0,1
65750709.0,K2-34 b,0,1
65750709.0,K2-34 b,0,1
65750709.0,K2-34 b,0,1
65750709.0,K2-34 b,0,1
65750709.0,K2-34 b,0,1
65750709.0,K2-34 b,0,1
65750709.0,K2-34 b,0,1
65750709.0,K2-34 b,0,1
65750709.0,K2-34 b,0,1
65750709.0,K2-34 b,0,1
65750709.0,K2-34 b,0,1
65750709.0,K2-34 b,0,1
65750709.0,K2-34 b,0,1
8384857055.0,K2-340 b,0,1
8384857055.0,K2-340 b,0,1
8384857055.0,K2-340 b,0,1
5992910645.0,K2-341 b,0,1
5992910645.0,K2-341 b,0,1
5992910645.0,K2-341 b,0,1
5650950704.0,K2-342 b,0,1
5650950704.0,K2-342 b,0,1
7037544685.0,K2-343 b,0,1
7037544685.0,K2-343 b,0,1
7037544685.0,K2-343 c,0,1
7037544685.0,K2-343 c,0,1
7037544685.0,K2-343 c,0,1
9740251597.0,K2-344 b,0,1
9740251597.0,K2-344 b,0,1
9740251597.0,K2-344 b,0,1
7458257754.0,K2-345 b,0,1
7458257754.0,K2-345 b,0,1
7458257754.0,K2-345 b,0,1
3556290725.0,K2-346 b,0,1
3556290725.0,K2-346 b,0,1
3556290725.0,K2-346 b,0,1
3556290725.0,K2-346 b,0,1
3556290725.0,K2-346 b,0,1
919601057.0,K2-347 b,0,1
919601057.0,K2-347 b,0,1
919601057.0,K2-347 b,0,1
2672445926.0,K2-348 b,0,1
2672445926.0,K2-348 b,0,1
2672445926.0,K2-348 b,0,1
2672445926.0,K2-348 c,0,1
2672445926.0,K2-348 c,0,1
9192526611.0,K2-349 b,0,1
9192526611.0,K2-349 b,0,1
9192526611.0,K2-349 b,0,1
6009434826.0,K2-35 b,0,1
6009434826.0,K2-35 b,0,1
6009434826.0,K2-35 b,0,1
6009434826.0,K2-35 b,0,1
6009434826.0,K2-35 b,0,1
6009434826.0,K2-35 c,0,1
6009434826.0,K2-35 c,0,1
6009434826.0,K2-35 c,0,1
6009434826.0,K2-35 c,0,1
6009434826.0,K2-35 c,0,1
6009434826.0,K2-35 c,0,1
6009434826.0,K2-35 c,0,1
7316316571.0,K2-350 b,0,1
5882138529.0,K2-350 c,0,1
5882138529.0,K2-350 c,0,1
5882138529.0,K2-350 c,0,1
5876146260.0,K2-351 b,0,1
5876146260.0,K2-351 b,0,1
5876146260.0,K2-351 b,0,1
5876146260.0,K2-351 b,0,1
3962963489.0,K2-352 b,0,1
3962963489.0,K2-352 c,0,1
3962963489.0,K2-352 c,0,1
3962963489.0,K2-352 d,0,1
3962963489.0,K2-352 d,0,1
4695318659.0,K2-354 b,0,1
4695318659.0,K2-354 b,0,1
3486508654.0,K2-355 b,0,1
2285272334.0,K2-356 b,0,1
8752132012.0,K2-357 b,0,1
3086087624.0,K2-358 b,0,1
5817177389.0,K2-36 b,0,1
5817177389.0,K2-36 b,0,1
5817177389.0,K2-36 b,0,1
5817177389.0,K2-36 b,0,1
5817177389.0,K2-36 b,0,1
5817177389.0,K2-36 b,0,1
5817177389.0,K2-36 b,0,1
5817177389.0,K2-36 b,0,1
5817177389.0,K2-36 c,0,1
5817177389.0,K2-36 c,0,1
5817177389.0,K2-36 c,0,1
5817177389.0,K2-36 c,0,1
5817177389.0,K2-36 c,0,1
5817177389.0,K2-36 c,0,1
5817177389.0,K2-36 c,0,1
5817177389.0,K2-36 c,0,1
5817177389.0,K2-36 c,0,1
4222477618.0,K2-360 c,0,1
7329395950.0,K2-365 b,0,1
7329395950.0,K2-365 b,0,1
7329395950.0,K2-365 b,0,1
7329395950.0,K2-365 b,0,1
7329395950.0,K2-365 b,0,1
6648680139.0,K2-366 b,0,1
6648680139.0,K2-366 b,0,1
6648680139.0,K2-366 b,0,1
7615561748.0,K2-367 b,0,1
7615561748.0,K2-367 b,0,1
7615561748.0,K2-367 b,0,1
5391100063.0,K2-368 b,0,1
5391100063.0,K2-368 b,0,1
5391100063.0,K2-368 b,0,1
5391100063.0,K2-368 c,0,1
5391100063.0,K2-368 c,0,1
5391100063.0,K2-368 d,0,1
5391100063.0,K2-368 d,0,1
7201909018.0,K2-369 b,0,1
7201909018.0,K2-369 b,0,1
7201909018.0,K2-369 b,0,1
7201909018.0,K2-369 b,0,1
2922773964.0,K2-37 b,0,1
2922773964.0,K2-37 b,0,1
2922773964.0,K2-37 b,0,1
2922773964.0,K2-37 b,0,1
2922773964.0,K2-37 b,0,1
2922773964.0,K2-37 b,0,1
2922773964.0,K2-37 c,0,1
2922773964.0,K2-37 c,0,1
2922773964.0,K2-37 c,0,1
2922773964.0,K2-37 c,0,1
2922773964.0,K2-37 c,0,1
2922773964.0,K2-37 c,0,1
2922773964.0,K2-37 c,0,1
2922773964.0,K2-37 d,0,1
2922773964.0,K2-37 d,0,1
2922773964.0,K2-37 d,0,1
2922773964.0,K2-37 d,0,1
2922773964.0,K2-37 d,0,1
2922773964.0,K2-37 d,0,1
5165817204.0,K2-370 b,0,1
5165817204.0,K2-370 b,0,1
5165817204.0,K2-370 b,0,1
4523186786.0,K2-371 b,0,1
4523186786.0,K2-371 b,0,1
4523186786.0,K2-371 b,0,1
4523186786.0,K2-371 b,0,1
4523186786.0,K2-371 b,0,1
4523186786.0,K2-371 b,0,1
3797347569.0,K2-372 b,0,1
3797347569.0,K2-372 b,0,1
3797347569.0,K2-372 b,0,1
3797347569.0,K2-372 b,0,1
3717151090.0,K2-373 b,0,1
3717151090.0,K2-373 b,0,1
3899780330.0,K2-374 b,0,1
3899780330.0,K2-374 b,0,1
3899780330.0,K2-374 c,0,1
3899780330.0,K2-374 c,0,1
886479788.0,K2-375 b,0,1
886479788.0,K2-375 b,0,1
886479788.0,K2-375 b,0,1
886479788.0,K2-375 b,0,1
2216612946.0,K2-376 b,0,1
2216612946.0,K2-376 b,0,1
6511937422.0,K2-377 b,0,1
6511937422.0,K2-377 b,0,1
6511937422.0,K2-377 b,0,1
8181171070.0,K2-378 b,0,1
8181171070.0,K2-378 b,0,1
8181171070.0,K2-378 b,0,1
6448880844.0,K2-379 b,0,1
6448880844.0,K2-379 b,0,1
1550095831.0,K2-38 b,0,1
1550095831.0,K2-38 b,0,1
1550095831.0,K2-38 b,0,1
1550095831.0,K2-38 b,0,1
1550095831.0,K2-38 b,0,1
1550095831.0,K2-38 b,0,1
1550095831.0,K2-38 b,0,1
1550095831.0,K2-38 c,0,1
1550095831.0,K2-38 c,0,1
1550095831.0,K2-38 c,0,1
1550095831.0,K2-38 c,0,1
1550095831.0,K2-38 c,0,1
1550095831.0,K2-38 c,0,1
2528340451.0,K2-380 b,0,1
2528340451.0,K2-380 b,0,1
9179057249.0,K2-381 b,0,1
9179057249.0,K2-381 b,0,1
9179057249.0,K2-381 b,0,1
9179057249.0,K2-381 c,0,1
9179057249.0,K2-381 c,0,1
9179057249.0,K2-381 c,0,1
9179057249.0,K2-381 c,0,1
9179057249.0,K2-381 c,0,1
9179057249.0,K2-381 d,0,1
9179057249.0,K2-381 d,0,1
9179057249.0,K2-381 d,0,1
8638511349.0,K2-382 b,0,1
8638511349.0,K2-382 b,0,1
8638511349.0,K2-382 b,0,1
7960067342.0,K2-383 b,0,1
7960067342.0,K2-383 b,0,1
7960067342.0,K2-383 b,0,1
7606781429.0,K2-384 b,0,1
7606781429.0,K2-384 c,0,1
7606781429.0,K2-384 c,0,1
7606781429.0,K2-384 d,0,1
7606781429.0,K2-384 d,0,1
7606781429.0,K2-384 e,0,1
7606781429.0,K2-384 e,0,1
7606781429.0,K2-384 f,0,1
7606781429.0,K2-384 f,0,1
7606781429.0,K2-384 f,0,1
5555838434.0,K2-385 b,0,1
5555838434.0,K2-385 b,0,1
3566491857.0,K2-386 b,0,1
3566491857.0,K2-386 b,0,1
3566491857.0,K2-386 b,0,1
7343796040.0,K2-387 b,0,1
7343796040.0,K2-387 b,0,1
7343796040.0,K2-387 b,0,1
8149369406.0,K2-388 b,0,1
8149369406.0,K2-388 b,0,1
8149369406.0,K2-388 b,0,1
8149369406.0,K2-388 b,0,1
8713670985.0,K2-389 b,0,1
8713670985.0,K2-389 b,0,1
8713670985.0,K2-389 b,0,1
8713670985.0,K2-389 c,0,1
8713670985.0,K2-389 c,0,1
849760916.0,K2-39 b,0,1
849760916.0,K2-39 b,0,1
849760916.0,K2-39 b,0,1
849760916.0,K2-39 b,0,1
849760916.0,K2-39 b,0,1
849760916.0,K2-39 b,0,1
849760916.0,K2-39 b,0,1
849760916.0,K2-39 b,0,1
3945768918.0,K2-390 b,0,1
3945768918.0,K2-390 b,0,1
3945768918.0,K2-390 b,0,1
2417674376.0,K2-391 b,0,1
2417674376.0,K2-391 b,0,1
2305659649.0,K2-392 b,0,1
2305659649.0,K2-392 b,0,1
4782457920.0,K2-393 b,0,1
4782457920.0,K2-393 b,0,1
1328009244.0,K2-394 b,0,1
1328009244.0,K2-394 b,0,1
1328009244.0,K2-394 b,0,1
2233667373.0,K2-395 b,0,1
2233667373.0,K2-395 b,0,1
2233667373.0,K2-395 c,0,1
2233667373.0,K2-395 c,0,1
9239317664.0,K2-396 b,0,1
9239317664.0,K2-396 b,0,1
9239317664.0,K2-396 c,0,1
9071322934.0,K2-397 b,0,1
9071322934.0,K2-397 b,0,1
3791461651.0,K2-398 b,0,1
3791461651.0,K2-398 b,0,1
3791461651.0,K2-398 c,0,1
3791461651.0,K2-398 c,0,1
4675128036.0,K2-399 b,0,1
4675128036.0,K2-399 b,0,0
4675128036.0,K2-399 b,0,1
4157153535.0,K2-4 b,0,1
4157153535.0,K2-4 b,0,1
4157153535.0,K2-4 b,0,1
4157153535.0,K2-4 b,0,1
4157153535.0,K2-4 b,0,1
4157153535.0,K2-4 b,0,1
2439476432.0,K2-400 b,0,1
2439476432.0,K2-400 b,0,1
7373214326.0,K2-401 b,0,1
7373214326.0,K2-401 b,0,1
2069895532.0,K2-402 b,0,1
2069895532.0,K2-402 b,0,1
3690050607.0,K2-403 b,0,1
3690050607.0,K2-403 b,0,1
3690050607.0,K2-403 b,0,1
6648408412.0,K2-404 b,0,1
6648408412.0,K2-404 b,0,1
4716064935.0,K2-405 b,0,1
4716064935.0,K2-405 b,0,1
4716064935.0,K2-405 b,0,1
7819289384.0,K2-406 b,0,1
7819289384.0,K2-406 b,0,1
3762086750.0,K2-407 b,0,1
3762086750.0,K2-407 b,0,1
3762086750.0,K2-407 c,0,1
3762086750.0,K2-407 c,0,1
4478923874.0,K2-408 b,0,1
4478923874.0,K2-408 b,0,1
4147003318.0,K2-409 b,0,1
4147003318.0,K2-409 b,0,1
7466353319.0,K2-411 b,0,1
8969971520.0,K2-412 b,0,1
5809765617.0,K2-413 b,0,1
5809765617.0,K2-413 c,0,1
9195663360.0,K2-414 b,0,1
9195663360.0,K2-414 c,0,1
3210017507.0,K2-415 b,0,1
3210017507.0,K2-415 b,0,1
1287875679.0,K2-416 b,0,1
9351814621.0,K2-417 b,0,1
2753725492.0,K2-419 A b,0,1
2753725492.0,K2-419 A b,0,1
2753725492.0,K2-419 A b,0,1
2753725492.0,K2-419 A b,0,1
2753725492.0,K2-419 A b,0,1
2753725492.0,K2-419 A b,0,1
3340094135.0,K2-42 b,0,1
3340094135.0,K2-42 b,0,1
3340094135.0,K2-42 b,0,1
4098476879.0,K2-43 b,0,1
4098476879.0,K2-43 b,0,1
4098476879.0,K2-43 b,0,1
4098476879.0,K2-43 b,0,1
4098476879.0,K2-43 b,0,1
4098476879.0,K2-43 b,0,1
3385319284.0,K2-43 c,0,1
3385319284.0,K2-43 c,0,1
8560037029.0,K2-44 b,0,1
8560037029.0,K2-44 b,0,1
8560037029.0,K2-44 b,0,1
8560037029.0,K2-44 b,0,1
8560037029.0,K2-44 b,0,1
8560037029.0,K2-44 b,0,1
7629341400.0,K2-45 b,0,1
7629341400.0,K2-45 b,0,1
7629341400.0,K2-45 b,0,1
7629341400.0,K2-45 b,0,1
7629341400.0,K2-45 b,0,1
7925515407.0,K2-46 b,0,0
7925515407.0,K2-46 b,0,1
7925515407.0,K2-46 b,0,1
7925515407.0,K2-46 b,0,1
7925515407.0,K2-46 b,0,1
4968171408.0,K2-47 b,0,1
4968171408.0,K2-47 b,0,1
4968171408.0,K2-47 b,0,1
9621703931.0,K2-48 b,0,1
9621703931.0,K2-48 b,0,1
9621703931.0,K2-48 b,0,1
6978077640.0,K2-49 b,0,1
6978077640.0,K2-49 b,0,1
6978077640.0,K2-49 b,0,1
5717767649.0,K2-5 b,0,1
5717767649.0,K2-5 b,0,1
5717767649.0,K2-5 b,0,1
5717767649.0,K2-5 b,0,1
5717767649.0,K2-5 b,0,1
5717767649.0,K2-5 c,0,1
5717767649.0,K2-5 c,0,1
5717767649.0,K2-5 c,0,1
5717767649.0,K2-5 c,0,1
3194540631.0,K2-50 b,0,1
3194540631.0,K2-50 b,0,1
3194540631.0,K2-50 b,0,1
2889977428.0,K2-51 b,0,1
2889977428.0,K2-51 b,0,1
2889977428.0,K2-51 b,0,1
2889977428.0,K2-51 b,0,1
2318054975.0,K2-52 b,0,1
2318054975.0,K2-52 b,0,1
2318054975.0,K2-52 b,0,1
2318054975.0,K2-52 b,0,1
4152488472.0,K2-53 b,0,1
4152488472.0,K2-53 b,0,1
4152488472.0,K2-53 b,0,1
4152488472.0,K2-53 b,0,1
4152488472.0,K2-53 b,0,1
3110016248.0,K2-54 b,0,1
3110016248.0,K2-54 b,0,1
8754297627.0,K2-55 b,0,1
8754297627.0,K2-55 b,0,1
8754297627.0,K2-55 b,0,1
8754297627.0,K2-55 b,0,1
8754297627.0,K2-55 b,0,1
8754297627.0,K2-55 b,0,1
8754297627.0,K2-55 b,0,1
8754297627.0,K2-55 b,0,1
8754297627.0,K2-55 b,0,1
8420051057.0,K2-57 b,0,1
8420051057.0,K2-57 b,0,1
8420051057.0,K2-57 b,0,1
8420051057.0,K2-57 b,0,1
9915590326.0,K2-58 b,0,1
9915590326.0,K2-58 b,0,1
9915590326.0,K2-58 b,0,1
9915590326.0,K2-58 b,0,1
9915590326.0,K2-58 b,0,1
9915590326.0,K2-58 c,0,1
9915590326.0,K2-58 c,0,1
9915590326.0,K2-58 c,0,1
9915590326.0,K2-58 c,0,1
9915590326.0,K2-58 d,0,1
9915590326.0,K2-58 d,0,1
9915590326.0,K2-58 d,0,1
9915590326.0,K2-58 d,0,1
3078175494.0,K2-59 b,0,1
3078175494.0,K2-59 b,0,1
3078175494.0,K2-59 b,0,1
3078175494.0,K2-59 c,0,1
3078175494.0,K2-59 c,0,1
3078175494.0,K2-59 c,0,1
9298686248.0,K2-6 b,0,1
9298686248.0,K2-6 b,0,1
9298686248.0,K2-6 b,0,1
9298686248.0,K2-6 b,0,1
9298686248.0,K2-6 b,0,1
4206373913.0,K2-60 b,0,1
4206373913.0,K2-60 b,0,1
4206373913.0,K2-60 b,0,1
4206373913.0,K2-60 b,0,1
4206373913.0,K2-60 b,0,1
4206373913.0,K2-60 b,0,1
4206373913.0,K2-60 b,0,1
5648376203.0,K2-61 b,0,1
5648376203.0,K2-61 b,0,1
5648376203.0,K2-61 b,0,1
5648376203.0,K2-61 b,0,1
5648376203.0,K2-61 b,0,1
5648376203.0,K2-61 b,0,1
5561328140.0,K2-62 b,0,1
5561328140.0,K2-62 b,0,1
5561328140.0,K2-62 b,0,1
5561328140.0,K2-62 b,0,1
5561328140.0,K2-62 b,0,1
5561328140.0,K2-62 b,0,1
5561328140.0,K2-62 c,0,1
5561328140.0,K2-62 c,0,1
5561328140.0,K2-62 c,0,1
5561328140.0,K2-62 c,0,1
5561328140.0,K2-62 c,0,1
8222762342.0,K2-63 b,0,1
8222762342.0,K2-63 b,0,1
8222762342.0,K2-63 b,0,1
8222762342.0,K2-63 c,0,1
8222762342.0,K2-63 c,0,1
8222762342.0,K2-63 c,0,1
6930782519.0,K2-64 b,0,1
6930782519.0,K2-64 b,0,1
6930782519.0,K2-64 b,0,1
6930782519.0,K2-64 b,0,1
6854193827.0,K2-65 b,0,1
6854193827.0,K2-65 b,0,1
6854193827.0,K2-65 b,0,1
6854193827.0,K2-65 b,0,1
6854193827.0,K2-65 b,0,1
1538531771.0,K2-66 b,0,1
1538531771.0,K2-66 b,0,1
1538531771.0,K2-66 b,0,1
1538531771.0,K2-66 b,0,1
3447219910.0,K2-67 b,0,0
3447219910.0,K2-67 b,0,1
3447219910.0,K2-67 b,0,0
3447219910.0,K2-67 b,0,1
3447219910.0,K2-67 b,0,0
9451258963.0,K2-68 b,0,1
9451258963.0,K2-68 b,0,1
9451258963.0,K2-68 b,0,1
9451258963.0,K2-68 b,0,1
8206755365.0,K2-69 b,0,1
8206755365.0,K2-69 b,0,1
8206755365.0,K2-69 b,0,1
9123316412.0,K2-7 b,0,1
9123316412.0,K2-7 b,0,1
9123316412.0,K2-7 b,0,1
9123316412.0,K2-7 b,0,1
9106918742.0,K2-70 b,0,1
9106918742.0,K2-70 b,0,1
9106918742.0,K2-70 b,0,1
9106918742.0,K2-70 b,0,1
9106918742.0,K2-70 b,0,1
7367540743.0,K2-71 b,0,1
7367540743.0,K2-71 b,0,1
1846738231.0,K2-72 b,0,1
1846738231.0,K2-72 b,0,1
1846738231.0,K2-72 b,0,1
1846738231.0,K2-72 c,0,1
1846738231.0,K2-72 c,0,1
1846738231.0,K2-72 d,0,1
1846738231.0,K2-72 d,0,1
1846738231.0,K2-72 e,0,1
1846738231.0,K2-72 e,0,1
5392359649.0,K2-73 b,0,1
5392359649.0,K2-73 b,0,1
5392359649.0,K2-73 b,0,1
5392359649.0,K2-73 b,0,1
5392359649.0,K2-73 b,0,1
5392359649.0,K2-73 b,0,1
5392359649.0,K2-73 b,0,1
8225895393.0,K2-74 b,0,1
8225895393.0,K2-74 b,0,1
8225895393.0,K2-74 b,0,1
8225895393.0,K2-74 b,0,1
6629431838.0,K2-75 b,0,1
6629431838.0,K2-75 b,0,1
6629431838.0,K2-75 b,0,1
6629431838.0,K2-75 b,0,1
6629431838.0,K2-75 c,0,1
6629431838.0,K2-75 c,0,1
6629431838.0,K2-75 c,0,1
6629431838.0,K2-75 c,0,1
1082884184.0,K2-76 b,0,1
1082884184.0,K2-76 b,0,1
1082884184.0,K2-76 b,0,0
1082884184.0,K2-76 b,0,1
1082884184.0,K2-76 b,0,1
2028744027.0,K2-77 b,0,1
2028744027.0,K2-77 b,0,1
2028744027.0,K2-77 b,0,1
2028744027.0,K2-77 b,0,1
2028744027.0,K2-77 b,0,1
2028744027.0,K2-77 b,0,1
2028744027.0,K2-77 b,0,1
1221690600.0,K2-78 b,0,1
1221690600.0,K2-78 b,0,1
8289740702.0,K2-79 b,0,1
8289740702.0,K2-79 b,0,1
8289740702.0,K2-79 b,0,1
8289740702.0,K2-79 b,0,1
8289740702.0,K2-79 b,0,1
8289740702.0,K2-79 b,0,1
8289740702.0,K2-79 b,0,1
6265837434.0,K2-8 b,0,1
6265837434.0,K2-8 b,0,1
6265837434.0,K2-8 b,0,1
6265837434.0,K2-8 b,0,1
6265837434.0,K2-8 b,0,1
6265837434.0,K2-8 b,0,1
5334267890.0,K2-8 c,0,1
5334267890.0,K2-8 c,0,1
5334267890.0,K2-8 c,0,1
5334267890.0,K2-8 c,0,1
5334267890.0,K2-8 c,0,1
808479867.0,K2-80 b,0,1
808479867.0,K2-80 b,0,1
808479867.0,K2-80 b,0,1
808479867.0,K2-80 c,0,1
808479867.0,K2-80 c,0,1
808479867.0,K2-80 c,0,1
7439727574.0,K2-80 d,0,1
7439727574.0,K2-80 d,0,1
9369418345.0,K2-81 b,0,1
9369418345.0,K2-81 b,0,1
9369418345.0,K2-81 b,0,1
9369418345.0,K2-81 b,0,1
1139301680.0,K2-82 b,0,1
6785206981.0,K2-83 b,0,1
6785206981.0,K2-83 b,0,1
6785206981.0,K2-83 b,0,1
6785206981.0,K2-83 c,0,1
6785206981.0,K2-83 c,0,1
6785206981.0,K2-83 c,0,1
6785206981.0,K2-83 c,0,1
5748089182.0,K2-84 b,0,1
5748089182.0,K2-84 b,0,1
5748089182.0,K2-84 c,0,1
5748089182.0,K2-84 c,0,1
8525090231.0,K2-85 b,0,1
8525090231.0,K2-85 b,0,2
8525090231.0,K2-85 b,0,1
8525090231.0,K2-85 b,0,1
8525090231.0,K2-85 b,0,1
8525090231.0,K2-85 b,0,1
8525090231.0,K2-85 b,0,1
8525090231.0,K2-85 b,0,1
6860852812.0,K2-86 b,0,1
6860852812.0,K2-86 b,0,1
6860852812.0,K2-86 b,0,1
6929463275.0,K2-87 b,0,1
6929463275.0,K2-87 b,0,1
6929463275.0,K2-87 b,0,1
6929463275.0,K2-87 b,0,1
7862482201.0,K2-88 b,0,1
7862482201.0,K2-88 b,0,1
7862482201.0,K2-88 b,0,1
8983743616.0,K2-89 b,0,1
8983743616.0,K2-89 b,0,1
8983743616.0,K2-89 b,0,1
2992665479.0,K2-9 b,0,1
2992665479.0,K2-9 b,0,1
2992665479.0,K2-9 b,0,1
2992665479.0,K2-9 b,0,1
2992665479.0,K2-9 b,0,1
8751644261.0,K2-90 b,0,1
8751644261.0,K2-90 b,0,1
8751644261.0,K2-90 b,0,1
8751644261.0,K2-90 b,0,1
8751644261.0,K2-90 b,0,1
8751644261.0,K2-90 c,0,1
8751644261.0,K2-90 c,0,1
8751644261.0,K2-90 c,0,1
6495881767.0,K2-91 b,0,1
6495881767.0,K2-91 b,0,1
6495881767.0,K2-91 b,0,1
6495881767.0,K2-91 b,0,1
5919563350.0,K2-92 b,0,1
3169177448.0,K2-95 b,0,1
3169177448.0,K2-95 b,0,1
3169177448.0,K2-95 b,0,1
3169177448.0,K2-95 b,0,1
3169177448.0,K2-95 b,0,1
3169177448.0,K2-95 b,0,1
3169177448.0,K2-95 b,0,1
3169177448.0,K2-95 b,0,1
2091984614.0,K2-97 b,0,1
2091984614.0,K2-97 b,0,1
2091984614.0,K2-97 b,0,1
2091984614.0,K2-97 b,0,1
2091984614.0,K2-97 b,0,1
2091984614.0,K2-97 b,0,1
2091984614.0,K2-97 b,0,1
2091984614.0,K2-97 b,0,1
2091984614.0,K2-97 b,0,1
3269522182.0,K2-98 b,0,1
3269522182.0,K2-98 b,0,1
3269522182.0,K2-98 b,0,1
3269522182.0,K2-98 b,0,1
3269522182.0,K2-98 b,0,1
3269522182.0,K2-98 b,0,1
3269522182.0,K2-98 b,0,1
3269522182.0,K2-98 b,0,1
3269522182.0,K2-98 b,0,1
3269522182.0,K2-98 b,0,1
3726770035.0,K2-99 b,0,0
3726770035.0,K2-99 b,0,1
3726770035.0,K2-99 b,0,1
3726770035.0,K2-99 b,0,1
3726770035.0,K2-99 b,0,1
3726770035.0,K2-99 b,0,1
3726770035.0,K2-99 b,0,0
3726770035.0,K2-99 b,0,1
5678561310.0,Qatar-2 b,0,1
5678561310.0,Qatar-2 b,0,1
5678561310.0,Qatar-2 b,0,1
5678561310.0,Qatar-2 b,0,1
5678561310.0,Qatar-2 b,0,1
5678561310.0,Qatar-2 b,0,1
5678561310.0,Qatar-2 b,0,0
5678561310.0,Qatar-2 b,0,1
5678561310.0,Qatar-2 b,0,1
5678561310.0,Qatar-2 b,0,1
5678561310.0,Qatar-2 b,0,1
9637338928.0,TRAPPIST-1 b,0,1
9637338928.0,TRAPPIST-1 b,0,1
9637338928.0,TRAPPIST-1 b,0,1
9637338928.0,TRAPPIST-1 b,0,1
9637338928.0,TRAPPIST-1 b,0,1
9637338928.0,TRAPPIST-1 b,0,1
9637338928.0,TRAPPIST-1 b,0,1
9637338928.0,TRAPPIST-1 c,0,1
9637338928.0,TRAPPIST-1 c,0,1
9637338928.0,TRAPPIST-1 c,0,1
9637338928.0,TRAPPIST-1 c,0,1
9637338928.0,TRAPPIST-1 c,0,1
9637338928.0,TRAPPIST-1 d,0,1
9637338928.0,TRAPPIST-1 d,0,1
9637338928.0,TRAPPIST-1 d,0,1
242903921.0,TRAPPIST-1 e,0,1
242903921.0,TRAPPIST-1 e,0,1
242903921.0,TRAPPIST-1 e,0,1
242903921.0,TRAPPIST-1 e,0,1
242903921.0,TRAPPIST-1 f,0,1
242903921.0,TRAPPIST-1 f,0,1
242903921.0,TRAPPIST-1 f,0,1
242903921.0,TRAPPIST-1 f,0,1
242903921.0,TRAPPIST-1 g,0,1
242903921.0,TRAPPIST-1 g,0,1
242903921.0,TRAPPIST-1 g,0,1
242903921.0,TRAPPIST-1 h,0,1
242903921.0,TRAPPIST-1 h,0,1
242903921.0,TRAPPIST-1 h,0,1
242903921.0,TRAPPIST-1 h,0,1
5407300664.0,V1298 Tau b,0,1
5407300664.0,V1298 Tau b,0,1
5407300664.0,V1298 Tau b,0,1
5407300664.0,V1298 Tau b,0,1
5407300664.0,V1298 Tau b,0,1
5407300664.0,V1298 Tau c,0,1
5407300664.0,V1298 Tau c,0,1
5407300664.0,V1298 Tau c,0,1
5407300664.0,V1298 Tau c,0,1
5407300664.0,V1298 Tau d,0,1
5407300664.0,V1298 Tau d,0,1
5407300664.0,V1298 Tau d,0,1
5407300664.0,V1298 Tau e,0,1
5407300664.0,V1298 Tau e,0,1
5407300664.0,V1298 Tau e,0,0
5407300664.0,V1298 Tau e,0,1
1621475613.0,WASP-107 b,0,1
1621475613.0,WASP-107 b,0,1
1621475613.0,WASP-107 b,0,1
1621475613.0,WASP-107 b,0,1
1621475613.0,WASP-107 b,0,1
1621475613.0,WASP-107 b,0,1
1621475613.0,WASP-107 b,0,1
1621475613.0,WASP-107 b,0,1
1621475613.0,WASP-107 b,0,1
1621475613.0,WASP-107 b,0,1
5203632495.0,WASP-107 c,0,1
5203632495.0,WASP-107 c,0,1
5203632495.0,WASP-107 c,0,1
471872468.0,WASP-118 b,0,0
471872468.0,WASP-118 b,0,1
471872468.0,WASP-118 b,0,1
471872468.0,WASP-118 b,0,1
471872468.0,WASP-118 b,0,1
471872468.0,WASP-118 b,0,1
483718530.0,WASP-151 b,0,1
483718530.0,WASP-151 b,0,1
483718530.0,WASP-151 b,0,1
483718530.0,WASP-151 b,0,1
5917224966.0,WASP-28 b,0,1
5917224966.0,WASP-28 b,0,1
5917224966.0,WASP-28 b,0,1
5917224966.0,WASP-28 b,0,1
5917224966.0,WASP-28 b,0,1
5917224966.0,WASP-28 b,0,1
5917224966.0,WASP-28 b,0,1
5917224966.0,WASP-28 b,0,1
9240029126.0,WASP-47 b,0,1
9240029126.0,WASP-47 b,0,1
9240029126.0,WASP-47 b,0,1
9240029126.0,WASP-47 b,0,1
9240029126.0,WASP-47 b,0,1
9240029126.0,WASP-47 b,0,1
9240029126.0,WASP-47 b,0,1
9240029126.0,WASP-47 b,0,1
9240029126.0,WASP-47 b,0,1
9240029126.0,WASP-47 b,0,1
9240029126.0,WASP-47 b,0,1
9240029126.0,WASP-47 b,0,1
9240029126.0,WASP-47 b,0,1
9240029126.0,WASP-47 b,0,1
9240029126.0,WASP-47 b,0,1
9240029126.0,WASP-47 b,0,1
9240029126.0,WASP-47 b,0,1
9240029126.0,WASP-47 b,0,1
9240029126.0,WASP-47 b,0,1
9055106677.0,WASP-47 c,0,1
9055106677.0,WASP-47 c,0,1
9055106677.0,WASP-47 c,0,1
9055106677.0,WASP-47 c,0,1
9055106677.0,WASP-47 c,0,1
9055106677.0,WASP-47 c,0,1
9055106677.0,WASP-47 c,0,1
9055106677.0,WASP-47 d,0,1
9055106677.0,WASP-47 d,0,1
9055106677.0,WASP-47 d,0,1
9055106677.0,WASP-47 d,0,1
9055106677.0,WASP-47 d,0,1
9055106677.0,WASP-47 d,0,1
9055106677.0,WASP-47 d,0,1
9055106677.0,WASP-47 d,0,1
9055106677.0,WASP-47 d,0,1
9055106677.0,WASP-47 d,0,1
9055106677.0,WASP-47 d,0,1
9055106677.0,WASP-47 e,0,1
9055106677.0,WASP-47 e,0,1
9055106677.0,WASP-47 e,0,1
9055106677.0,WASP-47 e,0,1
9055106677.0,WASP-47 e,0,1
9055106677.0,WASP-47 e,0,1
9055106677.0,WASP-47 e,0,1
9055106677.0,WASP-47 e,0,0
9055106677.0,WASP-47 e,0,1
9055106677.0,WASP-47 e,0,1
9055106677.0,WASP-47 e,0,1
9055106677.0,WASP-47 e,0,1
9055106677.0,WASP-47 e,0,1
8336135044.0,WASP-55 b,0,1
8336135044.0,WASP-55 b,0,1
8336135044.0,WASP-55 b,0,1
8336135044.0,WASP-55 b,0,1
8336135044.0,WASP-55 b,0,1
8336135044.0,WASP-55 b,0,1
8336135044.0,WASP-55 b,0,1
8336135044.0,WASP-55 b,0,1
8336135044.0,WASP-55 b,0,1
8336135044.0,WASP-55 b,0,1
8336135044.0,WASP-55 b,0,1
8336135044.0,WASP-55 b,0,1
622771724.0,WASP-75 b,0,1
622771724.0,WASP-75 b,0,1
622771724.0,WASP-75 b,0,1
622771724.0,WASP-75 b,0,1
622771724.0,WASP-75 b,0,1
622771724.0,WASP-75 b,0,1
622771724.0,WASP-75 b,0,1
622771724.0,WASP-75 b,0,1
622771724.0,WASP-75 b,0,1
622771724.0,WASP-75 b,0,1
2278983289.0,Wolf 503 b,0,1
2278983289.0,Wolf 503 b,0,1
2278983289.0,Wolf 503 b,0,1
1000.01,TOI 1000.01,0,0
1001.01,TOI 1001.01,1,0
1002.01,TOI 1002.01,0,0
1003.01,TOI 1003.01,0,0
1004.01,TOI 1004.01,0,0
1005.01,TOI 1005.01,0,1
1006.01,TOI 1006.01,0,1
1007.01,TOI 1007.01,1,1
1008.01,TOI 1008.01,0,0
1009.01,TOI 1009.01,1,0
101.01,TOI 101.01,1,1
1010.01,TOI 1010.01,0,0
1011.01,TOI 1011.01,1,1
1012.01,TOI 1012.01,0,3
1013.01,TOI 1013.01,0,0
1014.01,TOI 1014.01,0,0
1015.01,TOI 1015.01,0,0
1016.01,TOI 1016.01,0,0
1017.01,TOI 1017.01,0,0
1018.01,TOI 1018.01,0,0
1019.01,TOI 1019.01,1,1
102.01,TOI 102.01,1,1
1020.01,TOI 1020.01,0,0
1021.01,TOI 1021.01,0,1
1022.01,TOI 1022.01,0,0
1023.01,TOI 1023.01,0,0
1024.01,TOI 1024.01,0,0
1025.01,TOI 1025.01,1,0
1026.01,TOI 1026.01,0,0
1027.01,TOI 1027.01,1,1
1027.02,TOI 1027.02,1,1
1027.03,TOI 1027.03,1,1
1028.01,TOI 1028.01,0,0
1029.01,TOI 1029.01,0,3
103.01,TOI 103.01,1,1
1030.01,TOI 1030.01,0,0
1031.01,TOI 1031.01,0,0
1032.01,TOI 1032.01,1,1
1033.01,TOI 1033.01,0,1
1034.01,TOI 1034.01,0,0
1035.01,TOI 1035.01,1,1
1036.01,TOI 1036.01,1,1
1037.01,TOI 1037.01,0,0
1038.01,TOI 1038.01,0,0
1039.01,TOI 1039.01,0,0
104.01,TOI 104.01,1,1
1040.01,TOI 1040.01,0,0
1041.01,TOI 1041.01,0,0
1042.01,TOI 1042.01,1,0
1043.01,TOI 1043.01,0,0
1044.01,TOI 1044.01,1,0
1045.01,TOI 1045.01,0,1
1046.01,TOI 1046.01,0,0
1047.01,TOI 1047.01,0,0
1048.01,TOI 1048.01,0,0
1049.01,TOI 1049.01,1,1
105.01,TOI 105.01,1,1
1050.01,TOI 1050.01,1,1
1051.01,TOI 1051.01,0,3
1052.01,TOI 1052.01,2,2
1053.01,TOI 1053.01,0,1
1054.01,TOI 1054.01,2,2
1055.01,TOI 1055.01,2,2
1056.01,TOI 1056.01,1,1
1057.01,TOI 1057.01,1,2
1058.01,TOI 1058.01,1,1
1059.01,TOI 1059.01,1,1
106.01,TOI 106.01,1,1
1060.01,TOI 1060.01,0,1
1061.01,TOI 1061.01,0,1
1062.01,TOI 1062.01,2,2
1063.01,TOI 1063.01,1,1
1064.01,TOI 1064.01,2,2
1064.02,TOI 1064.02,2,2
1065.01,TOI 1065.01,1,1
1066.01,TOI 1066.01,1,1
1067.01,TOI 1067.01,1,1
1068.01,TOI 1068.01,1,1
1069.01,TOI 1069.01,1,1
107.01,TOI 107.01,1,1
1070.01,TOI 1070.01,0,0
1071.01,TOI 1071.01,1,1
1072.01,TOI 1072.01,0,0
1073.01,TOI 1073.01,2,2
1074.01,TOI 1074.01,1,1
1075.01,TOI 1075.01,2,2
1076.01,TOI 1076.01,1,1
1077.01,TOI 1077.01,1,1
1078.01,TOI 1078.01,2,2
1079.01,TOI 1079.01,1,1
108.01,TOI 108.01,1,1
1080.01,TOI 1080.01,1,1
1081.01,TOI 1081.01,1,1
1082.01,TOI 1082.01,1,1
1083.01,TOI 1083.01,1,1
1084.01,TOI 1084.01,1,1
1085.01,TOI 1085.01,0,1
1086.01,TOI 1086.01,1,1
1087.01,TOI 1087.01,0,0
1088.01,TOI 1088.01,0,3
1089.01,TOI 1089.01,0,0
109.01,TOI 109.01,1,1
1090.01,TOI 1090.01,0,0
1091.01,TOI 1091.01,1,1
1092.01,TOI 1092.01,0,0
1093.01,TOI 1093.01,0,0
1094.01,TOI 1094.01,0,3
1095.01,TOI 1095.01,1,1
1096.01,TOI 1096.01,0,0
1097.01,TOI 1097.01,2,1
1097.02,TOI 1097.02,2,2
1098.01,TOI 1098.01,2,2
1099.01,TOI 1099.01,2,2
110.01,TOI 110.01,1,1
1100.01,TOI 1100.01,0,1
1101.01,TOI 1101.01,0,0
1102.01,TOI 1102.01,0,1
1103.01,TOI 1103.01,1,0
1104.01,TOI 1104.01,0,0
1105.01,TOI 1105.01,1,1
1106.01,TOI 1106.01,1,1
1107.01,TOI 1107.01,2,2
1108.01,TOI 1108.01,0,1
1109.01,TOI 1109.01,0,0
111.01,TOI 111.01,1,1
1110.01,TOI 1110.01,0,0
1111.01,TOI 1111.01,0,0
1112.01,TOI 1112.01,0,0
1113.01,TOI 1113.01,0,1
1114.01,TOI 1114.01,0,0
1115.01,TOI 1115.01,0,1
1116.01,TOI 1116.01,1,2
1117.01,TOI 1117.01,1,1
1118.01,TOI 1118.01,0,0
1119.01,TOI 1119.01,0,3
112.01,TOI 112.01,1,1
1120.01,TOI 1120.01,0,0
1121.01,TOI 1121.01,0,1
1122.01,TOI 1122.01,0,1
1123.01,TOI 1123.01,0,1
1124.01,TOI 1124.01,0,3
1125.01,TOI 1125.01,1,1
1126.01,TOI 1126.01,0,0
1127.01,TOI 1127.01,0,0
1128.01,TOI 1128.01,0,0
1129.01,TOI 1129.01,0,0
113.01,TOI 113.01,1,1
1130.01,TOI 1130.01,2,1
1130.02,TOI 1130.02,2,2
1131.01,TOI 1131.01,1,1
1132.01,TOI 1132.01,0,0
1133.01,TOI 1133.01,0,0
1134.01,TOI 1134.01,0,0
1135.01,TOI 1135.01,2,1
1136.01,TOI 1136.01,2,2
1136.02,TOI 1136.02,2,2
1136.03,TOI 1136.03,2,2
1136.04,TOI 1136.04,2,2
1137.01,TOI 1137.01,1,0
1138.01,TOI 1138.01,0,0
1139.01,TOI 1139.01,1,1
114.01,TOI 114.01,1,1
1140.01,TOI 1140.01,0,1
1141.01,TOI 1141.01,0,0
1142.01,TOI 1142.01,0,0
1143.01,TOI 1143.01,0,0
1144.01,TOI 1144.01,1,1
1145.01,TOI 1145.01,0,0
1146.01,TOI 1146.01,0,0
1147.01,TOI 1147.01,0,0
1148.01,TOI 1148.01,1,1
1149.01,TOI 1149.01,0,0
115.01,TOI 115.01,1,1
1150.01,TOI 1150.01,1,1
1151.01,TOI 1151.01,1,1
1152.01,TOI 1152.01,0,0
1153.01,TOI 1153.01,0,3
1154.01,TOI 1154.01,1,1
1155.01,TOI 1155.01,0,0
1156.01,TOI 1156.01,0,0
1157.01,TOI 1157.01,0,0
1158.01,TOI 1158.01,0,0
1159.01,TOI 1159.01,0,1
116.01,TOI 116.01,1,1
1160.01,TOI 1160.01,0,0
1161.01,TOI 1161.01,1,0
1162.01,TOI 1162.01,1,0
1163.01,TOI 1163.01,1,0
1164.01,TOI 1164.01,0,0
1165.01,TOI 1165.01,1,1
1166.01,TOI 1166.01,0,0
1167.01,TOI 1167.01,0,1
1168.01,TOI 1168.01,0,0
1169.01,TOI 1169.01,1,1
117.01,TOI 117.01,1,1
1170.01,TOI 1170.01,0,0
1171.01,TOI 1171.01,0,0
1172.01,TOI 1172.01,0,0
1173.01,TOI 1173.01,2,1
1174.01,TOI 1174.01,2,2
1175.01,TOI 1175.01,0,0
1176.01,TOI 1176.01,1,1
1177.01,TOI 1177.01,0,0
1178.01,TOI 1178.01,0,0
1179.01,TOI 1179.01,0,3
118.01,TOI 118.01,2,1
1180.01,TOI 1180.01,2,1
1181.01,TOI 1181.01,2,2
1182.01,TOI 1182.01,0,0
1183.01,TOI 1183.01,0,1
1184.01,TOI 1184.01,2,1
1185.01,TOI 1185.01,0,0
1186.01,TOI 1186.01,0,0
1187.01,TOI 1187.01,1,1
1188.01,TOI 1188.01,0,1
1189.01,TOI 1189.01,1,1
119.01,TOI 119.01,1,1
119.02,TOI 119.02,1,1
1190.01,TOI 1190.01,0,3
1191.01,TOI 1191.01,0,0
1192.01,TOI 1192.01,0,0
1193.01,TOI 1193.01,0,1
1194.01,TOI 1194.01,2,1
1195.01,TOI 1195.01,0,1
1196.01,TOI 1196.01,1,1
1197.01,TOI 1197.01,1,1
1198.01,TOI 1198.01,1,1
1199.01,TOI 1199.01,2,1
120.01,TOI 120.01,2,1
1200.01,TOI 1200.01,0,0
1201.01,TOI 1201.01,2,2
1203.01,TOI 1203.01,2,2
1204.01,TOI 1204.01,1,1
1205.01,TOI 1205.01,1,1
1206.01,TOI 1206.01,0,0
1207.01,TOI 1207.01,1,1
1208.01,TOI 1208.01,1,2
1208.02,TOI 1208.02,1,1
1208.03,TOI 1208.03,1,1
1209.01,TOI 1209.01,1,2
121.01,TOI 121.01,0,1
1210.01,TOI 1210.01,0,2
1211.01,TOI 1211.01,1,1
1212.01,TOI 1212.01,1,2
1213.01,TOI 1213.01,0,1
1214.01,TOI 1214.01,1,1
1215.01,TOI 1215.01,1,1
1216.01,TOI 1216.01,1,1
1217.01,TOI 1217.01,1,1
1218.01,TOI 1218.01,1,1
1219.01,TOI 1219.01,1,1
122.01,TOI 122.01,2,2
1220.01,TOI 1220.01,0,3
1221.01,TOI 1221.01,2,2
1222.01,TOI 1222.01,1,2
1223.01,TOI 1223.01,0,0
1224.01,TOI 1224.01,2,2
1224.02,TOI 1224.02,2,2
1225.01,TOI 1225.01,1,1
1225.02,TOI 1225.02,1,1
1226.01,TOI 1226.01,1,1
1227.01,TOI 1227.01,2,2
1228.01,TOI 1228.01,2,2
1229.01,TOI 1229.01,0,3
123.01,TOI 123.01,2,2
1230.01,TOI 1230.01,2,2
1231.01,TOI 1231.01,2,1
1232.01,TOI 1232.01,1,1
1233.01,TOI 1233.01,2,2
1233.02,TOI 1233.02,2,2
1233.03,TOI 1233.03,2,2
1233.04,TOI 1233.04,2,2
1234.01,TOI 1234.01,0,0
1235.01,TOI 1235.01,2,2
1236.01,TOI 1236.01,1,1
1237.01,TOI 1237.01,1,1
1237.02,TOI 1237.02,1,2
1238.01,TOI 1238.01,2,1
1238.02,TOI 1238.02,2,2
1239.01,TOI 1239.01,2,2
124.01,TOI 124.01,0,3
1240.01,TOI 1240.01,1,1
1241.01,TOI 1241.01,1,1
1242.01,TOI 1242.01,1,1
1243.01,TOI 1243.01,1,1
1244.01,TOI 1244.01,2,2
1245.01,TOI 1245.01,1,1
1246.01,TOI 1246.01,2,2
1246.02,TOI 1246.02,2,2
1246.03,TOI 1246.03,2,2
1246.04,TOI 1246.04,2,2
1247.01,TOI 1247.01,2,2
1248.01,TOI 1248.01,2,2
1249.01,TOI 1249.01,2,2
125.01,TOI 125.01,2,2
125.02,TOI 125.02,2,2
125.03,TOI 125.03,2,2
1250.01,TOI 1250.01,0,3
1251.01,TOI 1251.01,0,1
1252.01,TOI 1252.01,1,1
1253.01,TOI 1253.01,0,0
1254.01,TOI 1254.01,0,3
1255.01,TOI 1255.01,2,2
1256.01,TOI 1256.01,0,0
1257.01,TOI 1257.01,1,1
1258.01,TOI 1258.01,1,2
1259.01,TOI 1259.01,2,1
126.01,TOI 126.01,1,1
1260.01,TOI 1260.01,2,1
1260.02,TOI 1260.02,2,2
1260.03,TOI 1260.03,2,2
1261.01,TOI 1261.01,1,1
1262.01,TOI 1262.01,1,1
1263.01,TOI 1263.01,1,1
1264.01,TOI 1264.01,1,1
1265.01,TOI 1265.01,1,1
1266.01,TOI 1266.01,2,2
1266.02,TOI 1266.02,2,2
1267.01,TOI 1267.01,1,1
1268.01,TOI 1268.01,2,2
1269.01,TOI 1269.01,2,2
1269.02,TOI 1269.02,1,1
127.01,TOI 127.01,2,2
1270.01,TOI 1270.01,0,0
1271.01,TOI 1271.01,1,1
1272.01,TOI 1272.01,2,1
1273.01,TOI 1273.01,2,1
1274.01,TOI 1274.01,1,1
1275.01,TOI 1275.01,0,3
1276.01,TOI 1276.01,0,3
1277.02,TOI 1277.02,1,1
1278.01,TOI 1278.01,2,2
1279.01,TOI 1279.01,2,2
128.01,TOI 128.01,2,2
1280.01,TOI 1280.01,1,1
1281.01,TOI 1281.01,1,2
1282.01,TOI 1282.01,1,1
1283.01,TOI 1283.01,1,1
1284.01,TOI 1284.01,0,1
1285.01,TOI 1285.01,0,0
1286.01,TOI 1286.01,0,3
1287.01,TOI 1287.01,1,2
1288.01,TOI 1288.01,2,2
1289.01,TOI 1289.01,0,0
129.01,TOI 129.01,2,2
1290.01,TOI 1290.01,1,1
1291.01,TOI 1291.01,1,1
1292.01,TOI 1292.01,0,1
1293.01,TOI 1293.01,1,1
1294.01,TOI 1294.01,2,1
1295.01,TOI 1295.01,2,1
1296.01,TOI 1296.01,2,2
1297.01,TOI 1297.01,0,1
1298.01,TOI 1298.01,2,1
1299.01,TOI 1299.01,0,0
130.01,TOI 130.01,2,2
1300.01,TOI 1300.01,1,1
1301.01,TOI 1301.01,2,2
1302.01,TOI 1302.01,1,1
1303.01,TOI 1303.01,0,0
1304.01,TOI 1304.01,0,1
1305.01,TOI 1305.01,0,0
1306.01,TOI 1306.01,0,0
1307.01,TOI 1307.01,0,1
1308.01,TOI 1308.01,0,0
1309.01,TOI 1309.01,0,0
131.01,TOI 131.01,0,3
1310.01,TOI 1310.01,0,1
1311.01,TOI 1311.01,0,3
1312.01,TOI 1312.01,0,1
1313.01,TOI 1313.01,0,0
1314.01,TOI 1314.01,0,0
1315.01,TOI 1315.01,0,0
1316.01,TOI 1316.01,0,0
1317.01,TOI 1317.01,0,0
1318.01,TOI 1318.01,1,0
1319.01,TOI 1319.01,0,0
132.01,TOI 132.01,2,2
1320.01,TOI 1320.01,1,0
1321.01,TOI 1321.01,0,1
1322.01,TOI 1322.01,0,1
1323.01,TOI 1323.01,0,0
1324.01,TOI 1324.01,0,0
1325.01,TOI 1325.01,0,0
1326.01,TOI 1326.01,0,0
1327.01,TOI 1327.01,0,0
1328.01,TOI 1328.01,0,0
1329.01,TOI 1329.01,0,1
133.01,TOI 133.01,1,1
1330.01,TOI 1330.01,0,0
1331.01,TOI 1331.01,0,0
1332.01,TOI 1332.01,0,0
1333.01,TOI 1333.01,2,2
1334.01,TOI 1334.01,0,0
1335.01,TOI 1335.01,0,0
1336.01,TOI 1336.01,0,1
1337.01,TOI 1337.01,1,1
1338.01,TOI 1338.01,2,2
1339.01,TOI 1339.01,2,1
1339.02,TOI 1339.02,2,2
1339.03,TOI 1339.03,2,2
134.01,TOI 134.01,2,2
1340.01,TOI 1340.01,0,0
1341.01,TOI 1341.01,0,0
1342.01,TOI 1342.01,0,0
1343.01,TOI 1343.01,0,0
1344.01,TOI 1344.01,0,0
1345.01,TOI 1345.01,1,1
1346.01,TOI 1346.01,2,2
1346.02,TOI 1346.02,2,1
1347.01,TOI 1347.01,2,2
1347.02,TOI 1347.02,2,2
1348.01,TOI 1348.01,0,0
1349.01,TOI 1349.01,0,3
135.01,TOI 135.01,2,2
1350.01,TOI 1350.01,1,1
1351.01,TOI 1351.01,0,3
1352.01,TOI 1352.01,0,1
1353.01,TOI 1353.01,0,0
1354.01,TOI 1354.01,0,0
1355.01,TOI 1355.01,1,1
1356.01,TOI 1356.01,1,0
1357.01,TOI 1357.01,0,0
1358.01,TOI 1358.01,0,0
1359.01,TOI 1359.01,0,0
136.01,TOI 136.01,2,1
1360.01,TOI 1360.01,0,0
1361.01,TOI 1361.01,1,1
1362.01,TOI 1362.01,1,1
1363.01,TOI 1363.01,0,1
1364.01,TOI 1364.01,1,0
1365.01,TOI 1365.01,0,0
1366.01,TOI 1366.01,0,0
1367.01,TOI 1367.01,0,0
1368.01,TOI 1368.01,0,0
1369.01,TOI 1369.01,0,0
137.01,TOI 137.01,0,3
1370.01,TOI 1370.01,0,0
1371.01,TOI 1371.01,0,0
1372.01,TOI 1372.01,0,0
1373.01,TOI 1373.01,1,1
1374.01,TOI 1374.01,0,0
1375.01,TOI 1375.01,0,0
1376.01,TOI 1376.01,0,0
1377.01,TOI 1377.01,0,0
1378.01,TOI 1378.01,0,0
1379.01,TOI 1379.01,0,3
138.01,TOI 138.01,0,1
1380.01,TOI 1380.01,0,0
1381.01,TOI 1381.01,1,1
1382.01,TOI 1382.01,0,3
1383.01,TOI 1383.01,0,0
1384.01,TOI 1384.01,0,0
1385.01,TOI 1385.01,0,0
1386.01,TOI 1386.01,2,2
1387.01,TOI 1387.01,0,0
1388.01,TOI 1388.01,1,1
1389.01,TOI 1389.01,1,1
139.01,TOI 139.01,2,1
1390.01,TOI 1390.01,0,0
1391.01,TOI 1391.01,0,0
1392.01,TOI 1392.01,0,0
1393.01,TOI 1393.01,0,0
1394.01,TOI 1394.01,0,0
1395.01,TOI 1395.01,0,0
1396.01,TOI 1396.01,0,0
1397.01,TOI 1397.01,0,0
1398.01,TOI 1398.01,0,3
1399.01,TOI 1399.01,0,0
140.01,TOI 140.01,0,3
1400.01,TOI 1400.01,0,0
1401.01,TOI 1401.01,0,0
1402.01,TOI 1402.01,0,0
1403.01,TOI 1403.01,0,0
1404.01,TOI 1404.01,1,1
1404.02,TOI 1404.02,1,1
1405.01,TOI 1405.01,0,0
1406.01,TOI 1406.01,2,2
1407.01,TOI 1407.01,1,2
1408.01,TOI 1408.01,2,2
1408.02,TOI 1408.02,1,1
1409.01,TOI 1409.01,0,1
141.01,TOI 141.01,2,2
1410.01,TOI 1410.01,2,2
1411.01,TOI 1411.01,2,2
1412.01,TOI 1412.01,0,1
1413.01,TOI 1413.01,1,1
1414.01,TOI 1414.01,0,1
1415.01,TOI 1415.01,1,1
1416.01,TOI 1416.01,2,2
1417.01,TOI 1417.01,2,2
1418.01,TOI 1418.01,0,3
1419.01,TOI 1419.01,1,1
142.01,TOI 142.01,1,1
1420.01,TOI 1420.01,2,1
1421.01,TOI 1421.01,0,0
1422.01,TOI 1422.01,2,2
1423.01,TOI 1423.01,0,0
1424.01,TOI 1424.01,1,1
1425.01,TOI 1425.01,0,3
1426.01,TOI 1426.01,0,1
1427.01,TOI 1427.01,0,0
1428.01,TOI 1428.01,0,0
1429.01,TOI 1429.01,0,0
143.01,TOI 143.01,1,1
1430.01,TOI 1430.01,2,2
1431.01,TOI 1431.01,2,1
1432.01,TOI 1432.01,1,1
1433.01,TOI 1433.01,0,3
1434.01,TOI 1434.01,1,1
1435.01,TOI 1435.01,1,1
1436.01,TOI 1436.01,1,1
1437.01,TOI 1437.01,2,2
1438.01,TOI 1438.01,2,2
1438.02,TOI 1438.02,2,2
1439.01,TOI 1439.01,2,2
144.01,TOI 144.01,2,2
1440.01,TOI 1440.01,1,1
1440.02,TOI 1440.02,1,1
1441.01,TOI 1441.01,1,1
1442.01,TOI 1442.01,2,2
1443.01,TOI 1443.01,2,2
1444.01,TOI 1444.01,2,1
1445.01,TOI 1445.01,1,1
1445.02,TOI 1445.02,1,1
1446.01,TOI 1446.01,1,2
1446.02,TOI 1446.02,1,2
1447.01,TOI 1447.01,0,3
1448.01,TOI 1448.01,2,2
1449.02,TOI 1449.02,1,1
145.01,TOI 145.01,1,1
1450.01,TOI 1450.01,2,2
1451.01,TOI 1451.01,2,1
1452.01,TOI 1452.01,2,2
1453.01,TOI 1453.01,2,2
1453.02,TOI 1453.02,2,2
1454.01,TOI 1454.01,1,1
1455.01,TOI 1455.01,0,1
1456.01,TOI 1456.01,2,1
1457.01,TOI 1457.01,0,0
1458.01,TOI 1458.01,1,1
1459.01,TOI 1459.01,0,2
146.01,TOI 146.01,0,0
1460.01,TOI 1460.01,0,1
1461.01,TOI 1461.01,0,3
1462.01,TOI 1462.01,2,2
1463.01,TOI 1463.01,1,1
1464.01,TOI 1464.01,1,1
1465.01,TOI 1465.01,1,1
1466.01,TOI 1466.01,1,1
1467.01,TOI 1467.01,2,2
1468.01,TOI 1468.01,2,2
1468.02,TOI 1468.02,2,2
1469.01,TOI 1469.01,1,1
1469.02,TOI 1469.02,1,1
147.01,TOI 147.01,0,0
1470.01,TOI 1470.01,2,2
1471.01,TOI 1471.01,2,2
1471.02,TOI 1471.02,2,2
1472.01,TOI 1472.01,2,1
1473.01,TOI 1473.01,2,2
1474.01,TOI 1474.01,0,0
1475.01,TOI 1475.01,1,1
1476.01,TOI 1476.01,1,1
1477.01,TOI 1477.01,1,1
1478.01,TOI 1478.01,2,1
1479.01,TOI 1479.01,0,0
148.01,TOI 148.01,2,1
1480.01,TOI 1480.01,0,0
1481.01,TOI 1481.01,0,0
1482.01,TOI 1482.01,1,1
1483.01,TOI 1483.01,0,0
1484.01,TOI 1484.01,0,0
1485.01,TOI 1485.01,0,1
1486.01,TOI 1486.01,0,0
1487.01,TOI 1487.01,0,1
1488.01,TOI 1488.01,0,3
1489.01,TOI 1489.01,0,0
149.01,TOI 149.01,1,0
1490.01,TOI 1490.01,0,1
1491.01,TOI 1491.01,1,1
1492.01,TOI 1492.01,0,0
1493.01,TOI 1493.01,2,1
1494.01,TOI 1494.01,2,1
1495.01,TOI 1495.01,0,0
1496.01,TOI 1496.01,0,0
1497.01,TOI 1497.01,0,0
1498.01,TOI 1498.01,0,0
1499.01,TOI 1499.01,0,1
150.01,TOI 150.01,2,2
1500.01,TOI 1500.01,0,0
1501.01,TOI 1501.01,0,0
1502.01,TOI 1502.01,0,0
1503.01,TOI 1503.01,0,0
1504.01,TOI 1504.01,0,0
1505.01,TOI 1505.01,0,0
1506.01,TOI 1506.01,0,0
1507.01,TOI 1507.01,0,0
1508.01,TOI 1508.01,0,0
1509.01,TOI 1509.01,0,0
151.01,TOI 151.01,0,0
1510.01,TOI 1510.01,0,0
1511.01,TOI 1511.01,0,0
1512.01,TOI 1512.01,0,0
1513.01,TOI 1513.01,0,0
1514.01,TOI 1514.01,0,0
1515.01,TOI 1515.01,0,0
1516.01,TOI 1516.01,2,1
1517.01,TOI 1517.01,0,0
1518.01,TOI 1518.01,2,2
1519.01,TOI 1519.01,0,0
152.01,TOI 152.01,0,1
1520.01,TOI 1520.01,0,0
1521.01,TOI 1521.01,0,1
1522.01,TOI 1522.01,0,0
1523.01,TOI 1523.01,0,0
1524.01,TOI 1524.01,0,0
1525.01,TOI 1525.01,0,0
1526.01,TOI 1526.01,0,0
1527.01,TOI 1527.01,1,1
1528.01,TOI 1528.01,0,0
1529.01,TOI 1529.01,0,0
153.01,TOI 153.01,0,1
1530.01,TOI 1530.01,0,0
1531.01,TOI 1531.01,0,0
1532.01,TOI 1532.01,1,1
1533.01,TOI 1533.01,1,1
1533.02,TOI 1533.02,1,1
1534.01,TOI 1534.01,0,0
1535.01,TOI 1535.01,0,0
1536.01,TOI 1536.01,0,0
1537.01,TOI 1537.01,1,1
1538.01,TOI 1538.01,1,1
1539.01,TOI 1539.01,0,0
154.01,TOI 154.01,0,0
1540.01,TOI 1540.01,0,0
1541.01,TOI 1541.01,0,1
1542.01,TOI 1542.01,0,0
1543.01,TOI 1543.01,0,0
1544.01,TOI 1544.01,1,0
1545.01,TOI 1545.01,0,0
1546.01,TOI 1546.01,1,1
1547.01,TOI 1547.01,0,0
1548.01,TOI 1548.01,0,3
1549.01,TOI 1549.01,0,0
155.01,TOI 155.01,1,1
1550.01,TOI 1550.01,0,0
1551.01,TOI 1551.01,1,1
1552.01,TOI 1552.01,0,0
1553.01,TOI 1553.01,0,3
1554.01,TOI 1554.01,1,1
1555.01,TOI 1555.01,0,0
1556.01,TOI 1556.01,0,0
1557.01,TOI 1557.01,0,0
1558.01,TOI 1558.01,0,0
1559.01,TOI 1559.01,1,1
156.01,TOI 156.01,0,0
1560.01,TOI 1560.01,1,1
1561.01,TOI 1561.01,0,0
1562.01,TOI 1562.01,0,0
1563.01,TOI 1563.01,1,1
1564.01,TOI 1564.01,0,3
1565.01,TOI 1565.01,1,1
1566.01,TOI 1566.01,0,0
1568.01,TOI 1568.01,0,0
1569.01,TOI 1569.01,0,0
157.01,TOI 157.01,2,1
1570.01,TOI 1570.01,0,0
1571.01,TOI 1571.01,0,0
1572.01,TOI 1572.01,0,0
1573.01,TOI 1573.01,1,1
1575.01,TOI 1575.01,0,0
1576.01,TOI 1576.01,0,0
1577.01,TOI 1577.01,0,0
1578.01,TOI 1578.01,0,0
1579.01,TOI 1579.01,0,0
158.01,TOI 158.01,0,0
1580.01,TOI 1580.01,1,1
1582.01,TOI 1582.01,0,0
1583.01,TOI 1583.01,0,0
1584.01,TOI 1584.01,0,0
1585.01,TOI 1585.01,0,0
1586.01,TOI 1586.01,1,0
1587.01,TOI 1587.01,0,0
1588.01,TOI 1588.01,1,1
1589.01,TOI 1589.01,0,0
159.01,TOI 159.01,1,1
1590.01,TOI 1590.01,0,0
1592.01,TOI 1592.01,0,1
1593.01,TOI 1593.01,0,0
1594.01,TOI 1594.01,0,0
1595.01,TOI 1595.01,0,0
1596.01,TOI 1596.01,0,0
1597.01,TOI 1597.01,0,0
1598.01,TOI 1598.01,1,1
1599.01,TOI 1599.01,1,1
160.01,TOI 160.01,0,1
1600.01,TOI 1600.01,0,0
1601.01,TOI 1601.01,2,1
1602.01,TOI 1602.01,0,3
1603.01,TOI 1603.01,1,1
1604.01,TOI 1604.01,0,0
1605.01,TOI 1605.01,2,2
1606.01,TOI 1606.01,0,1
1607.01,TOI 1607.01,0,0
1608.01,TOI 1608.01,0,0
1609.01,TOI 1609.01,0,3
161.01,TOI 161.01,1,1
1610.01,TOI 1610.01,1,1
1611.01,TOI 1611.01,2,2
1612.01,TOI 1612.01,1,1
1613.01,TOI 1613.01,0,1
1614.01,TOI 1614.01,0,0
1615.01,TOI 1615.01,0,0
1616.01,TOI 1616.01,1,1
1617.01,TOI 1617.01,0,0
1618.01,TOI 1618.01,0,0
1619.01,TOI 1619.01,0,0
162.01,TOI 162.01,0,3
1620.01,TOI 1620.01,1,1
1621.01,TOI 1621.01,1,1
1622.01,TOI 1622.01,0,0
1623.01,TOI 1623.01,0,1
1624.01,TOI 1624.01,0,0
1625.01,TOI 1625.01,0,0
1626.01,TOI 1626.01,1,1
1627.01,TOI 1627.01,1,1
1628.01,TOI 1628.01,1,1
1629.01,TOI 1629.01,1,1
163.01,TOI 163.01,2,2
1630.01,TOI 1630.01,2,1
1631.01,TOI 1631.01,0,3
1632.01,TOI 1632.01,0,0
1633.01,TOI 1633.01,0,3
1634.01,TOI 1634.01,2,2
1635.01,TOI 1635.01,0,0
1636.01,TOI 1636.01,0,0
1637.01,TOI 1637.01,0,1
1638.01,TOI 1638.01,1,1
1639.01,TOI 1639.01,0,0
164.01,TOI 164.01,0,1
1640.01,TOI 1640.01,2,2
1641.01,TOI 1641.01,1,1
1642.01,TOI 1642.01,0,3
1643.01,TOI 1643.01,1,1
1644.01,TOI 1644.01,0,1
1645.01,TOI 1645.01,0,1
1646.01,TOI 1646.01,0,3
1647.01,TOI 1647.01,0,0
1648.01,TOI 1648.01,1,1
1649.01,TOI 1649.01,0,0
165.01,TOI 165.01,0,1
1650.01,TOI 1650.01,0,0
1651.01,TOI 1651.01,1,1
1652.01,TOI 1652.01,0,0
1653.01,TOI 1653.01,1,1
1654.01,TOI 1654.01,1,0
1655.01,TOI 1655.01,1,1
1656.01,TOI 1656.01,0,3
1657.01,TOI 1657.01,0,0
1658.01,TOI 1658.01,0,0
1659.01,TOI 1659.01,2,2
1659.02,TOI 1659.02,1,1
166.01,TOI 166.01,1,1
1660.01,TOI 1660.01,0,0
1661.01,TOI 1661.01,0,0
1662.01,TOI 1662.01,0,1
1663.01,TOI 1663.01,0,0
1664.01,TOI 1664.01,1,1
1665.01,TOI 1665.01,0,0
1666.01,TOI 1666.01,0,0
1667.01,TOI 1667.01,0,0
1668.01,TOI 1668.01,0,0
1669.01,TOI 1669.01,2,2
167.01,TOI 167.01,1,1
1670.01,TOI 1670.01,2,2
1670.02,TOI 1670.02,2,2
1670.03,TOI 1670.03,1,1
1671.01,TOI 1671.01,0,1
1672.01,TOI 1672.01,0,0
1673.01,TOI 1673.01,0,0
1674.01,TOI 1674.01,0,0
1675.01,TOI 1675.01,1,1
1676.01,TOI 1676.01,1,1
1677.01,TOI 1677.01,1,1
1678.01,TOI 1678.01,0,0
1679.01,TOI 1679.01,0,0
168.01,TOI 168.01,1,1
1680.01,TOI 1680.01,2,2
1681.01,TOI 1681.01,1,1
1682.01,TOI 1682.01,1,1
1683.01,TOI 1683.01,2,2
1684.01,TOI 1684.01,1,1
1685.01,TOI 1685.01,2,2
1686.01,TOI 1686.01,1,1
1687.01,TOI 1687.01,1,1
1688.01,TOI 1688.01,0,0
1689.01,TOI 1689.01,0,3
169.01,TOI 169.01,2,2
1690.01,TOI 1690.01,2,0
1691.01,TOI 1691.01,2,2
1692.01,TOI 1692.01,1,1
1692.02,TOI 1692.02,1,1
1693.01,TOI 1693.01,2,2
1694.01,TOI 1694.01,2,2
1695.01,TOI 1695.01,2,2
1696.01,TOI 1696.01,2,2
1697.01,TOI 1697.01,1,1
1698.01,TOI 1698.01,1,1
1699.01,TOI 1699.01,1,2
170.01,TOI 170.01,1,1
1700.01,TOI 1700.01,0,0
1701.01,TOI 1701.01,1,1
1702.01,TOI 1702.01,0,0
1703.01,TOI 1703.01,1,1
1704.01,TOI 1704.01,0,0
1705.01,TOI 1705.01,0,1
1706.01,TOI 1706.01,1,1
1706.02,TOI 1706.02,1,1
1707.01,TOI 1707.01,0,0
1708.01,TOI 1708.01,0,3
1709.01,TOI 1709.01,1,1
171.01,TOI 171.01,1,1
171.02,TOI 171.02,0,0
1710.01,TOI 1710.01,2,1
1711.01,TOI 1711.01,0,1
1712.01,TOI 1712.01,0,1
1713.01,TOI 1713.01,1,1
1714.01,TOI 1714.01,1,1
1715.01,TOI 1715.01,0,0
1716.01,TOI 1716.01,2,2
1717.01,TOI 1717.01,1,1
1718.01,TOI 1718.01,1,1
1719.01,TOI 1719.01,1,1
172.01,TOI 172.01,2,1
1720.01,TOI 1720.01,1,1
1721.01,TOI 1721.01,1,1
1722.01,TOI 1722.01,1,1
1723.01,TOI 1723.01,2,2
1724.01,TOI 1724.01,0,1
1725.01,TOI 1725.01,1,1
1726.01,TOI 1726.01,2,2
1726.02,TOI 1726.02,2,2
1727.01,TOI 1727.01,1,1
1728.01,TOI 1728.01,2,2
1729.01,TOI 1729.01,0,0
173.01,TOI 173.01,1,1
173.02,TOI 173.02,1,2
1730.01,TOI 1730.01,1,1
1730.02,TOI 1730.02,1,1
1730.03,TOI 1730.03,1,1
1731.01,TOI 1731.01,1,1
1732.01,TOI 1732.01,1,1
1733.01,TOI 1733.01,0,1
1734.01,TOI 1734.01,1,2
1735.01,TOI 1735.01,1,1
1736.01,TOI 1736.01,2,2
1737.01,TOI 1737.01,1,1
1738.01,TOI 1738.01,1,1
1739.01,TOI 1739.01,2,2
174.01,TOI 174.01,2,2
174.02,TOI 174.02,2,2
174.03,TOI 174.03,2,2
174.04,TOI 174.04,2,2
174.05,TOI 174.05,2,2
1740.01,TOI 1740.01,1,2
1741.01,TOI 1741.01,1,1
1742.01,TOI 1742.01,2,2
1743.01,TOI 1743.01,2,2
1744.01,TOI 1744.01,2,2
1745.01,TOI 1745.01,1,1
1746.01,TOI 1746.01,1,2
1746.02,TOI 1746.02,1,1
1747.01,TOI 1747.01,1,1
1748.01,TOI 1748.01,1,2
1749.01,TOI 1749.01,2,2
1749.02,TOI 1749.02,2,2
1749.03,TOI 1749.03,1,2
175.01,TOI 175.01,2,2
175.02,TOI 175.02,2,2
175.03,TOI 175.03,2,2
1750.01,TOI 1750.01,1,1
1751.01,TOI 1751.01,2,2
1752.01,TOI 1752.01,1,1
1752.02,TOI 1752.02,1,2
1753.01,TOI 1753.01,2,2
1754.01,TOI 1754.01,1,1
1755.01,TOI 1755.01,0,3
1756.01,TOI 1756.01,1,2
1757.01,TOI 1757.01,1,1
1757.02,TOI 1757.02,1,1
1758.01,TOI 1758.01,2,2
1759.01,TOI 1759.01,2,1
176.01,TOI 176.01,0,0
1760.01,TOI 1760.01,0,0
1761.01,TOI 1761.01,1,1
1762.01,TOI 1762.01,1,1
1763.01,TOI 1763.01,1,1
1764.01,TOI 1764.01,1,1
1765.01,TOI 1765.01,1,1
1766.01,TOI 1766.01,1,1
1767.01,TOI 1767.01,1,1
1768.01,TOI 1768.01,2,2
1769.01,TOI 1769.01,0,3
177.01,TOI 177.01,2,2
1770.01,TOI 1770.01,0,0
1771.01,TOI 1771.01,1,1
1772.01,TOI 1772.01,2,2
1773.01,TOI 1773.01,1,2
1774.01,TOI 1774.01,2,2
1775.01,TOI 1775.01,2,2
1776.01,TOI 1776.01,2,2
1777.01,TOI 1777.01,2,1
1778.01,TOI 1778.01,2,2
1779.01,TOI 1779.01,1,1
178.01,TOI 178.01,2,2
178.02,TOI 178.02,2,1
178.03,TOI 178.03,2,2
178.04,TOI 178.04,1,1
178.05,TOI 178.05,1,1
1780.01,TOI 1780.01,1,1
1781.01,TOI 1781.01,1,1
1782.01,TOI 1782.01,2,2
1782.02,TOI 1782.02,2,2
1782.03,TOI 1782.03,1,1
1783.01,TOI 1783.01,1,1
1784.01,TOI 1784.01,0,3
1785.01,TOI 1785.01,1,1
1786.01,TOI 1786.01,0,0
1787.01,TOI 1787.01,1,1
1788.01,TOI 1788.01,0,1
1789.01,TOI 1789.01,2,2
179.01,TOI 179.01,2,2
1790.01,TOI 1790.01,0,3
1791.01,TOI 1791.01,0,3
1792.01,TOI 1792.01,1,1
1793.01,TOI 1793.01,2,2
1794.01,TOI 1794.01,2,2
1795.01,TOI 1795.01,0,0
1796.01,TOI 1796.01,1,1
1797.01,TOI 1797.01,2,2
1797.02,TOI 1797.02,2,0
1798.01,TOI 1798.01,2,2
1798.02,TOI 1798.02,2,2
1799.01,TOI 1799.01,2,2
180.01,TOI 180.01,0,3
1800.01,TOI 1800.01,1,1
1801.01,TOI 1801.01,2,2
1802.01,TOI 1802.01,1,1
1803.01,TOI 1803.01,1,1
1803.02,TOI 1803.02,1,1
1804.01,TOI 1804.01,1,2
1805.01,TOI 1805.01,1,1
1806.01,TOI 1806.01,2,3
1806.02,TOI 1806.02,1,2
1806.03,TOI 1806.03,1,1
1807.01,TOI 1807.01,2,2
1808.01,TOI 1808.01,0,0
1809.01,TOI 1809.01,1,1
181.01,TOI 181.01,2,2
1810.01,TOI 1810.01,1,1
1811.01,TOI 1811.01,2,2
1812.02,TOI 1812.02,1,1
1812.03,TOI 1812.03,1,1
1813.01,TOI 1813.01,0,0
1814.01,TOI 1814.01,1,1
1815.01,TOI 1815.01,0,0
1816.01,TOI 1816.01,0,1
1817.01,TOI 1817.01,1,1
1818.01,TOI 1818.01,1,1
1819.01,TOI 1819.01,0,3
182.01,TOI 182.01,0,3
1820.01,TOI 1820.01,2,1
1821.01,TOI 1821.01,1,1
1822.01,TOI 1822.01,0,1
1823.01,TOI 1823.01,2,2
1824.01,TOI 1824.01,2,2
1825.01,TOI 1825.01,1,1
1826.01,TOI 1826.01,2,1
1827.01,TOI 1827.01,2,2
1828.01,TOI 1828.01,2,1
1829.01,TOI 1829.01,1,1
183.01,TOI 183.01,0,0
1830.01,TOI 1830.01,0,1
1831.01,TOI 1831.01,0,3
1832.01,TOI 1832.01,1,1
1833.01,TOI 1833.01,1,1
1834.01,TOI 1834.01,0,3
1835.01,TOI 1835.01,1,1
1836.01,TOI 1836.01,2,2
1836.02,TOI 1836.02,0,0
1837.01,TOI 1837.01,0,3
1838.01,TOI 1838.01,1,1
1839.01,TOI 1839.01,1,1
184.01,TOI 184.01,0,0
1840.01,TOI 1840.01,1,1
1841.01,TOI 1841.01,1,1
1842.01,TOI 1842.01,2,1
1843.01,TOI 1843.01,0,1
1844.01,TOI 1844.01,1,1
1845.01,TOI 1845.01,1,1
1846.01,TOI 1846.01,2,2
1847.01,TOI 1847.01,1,1
1847.02,TOI 1847.02,1,1
1848.01,TOI 1848.01,0,1
1849.01,TOI 1849.01,0,1
185.01,TOI 185.01,1,1
1850.01,TOI 1850.01,0,3
1851.01,TOI 1851.01,0,3
1852.01,TOI 1852.01,1,1
1853.01,TOI 1853.01,2,2
1854.01,TOI 1854.01,1,1
1855.01,TOI 1855.01,2,2
1856.01,TOI 1856.01,0,0
1857.01,TOI 1857.01,0,3
1858.01,TOI 1858.01,1,1
1859.01,TOI 1859.01,2,2
186.01,TOI 186.01,2,2
186.02,TOI 186.02,2,2
1860.01,TOI 1860.01,2,2
1861.01,TOI 1861.01,1,1
1862.01,TOI 1862.01,2,1
1863.01,TOI 1863.01,0,0
1864.01,TOI 1864.01,1,1
1865.01,TOI 1865.01,0,3
1866.01,TOI 1866.01,1,1
1867.01,TOI 1867.01,0,0
1868.01,TOI 1868.01,1,1
1869.01,TOI 1869.01,1,1
187.01,TOI 187.01,0,3
1870.01,TOI 1870.01,1,1
1871.01,TOI 1871.01,0,0
1872.01,TOI 1872.01,1,1
1873.01,TOI 1873.01,1,1
1873.02,TOI 1873.02,1,1
1873.03,TOI 1873.03,1,2
1874.01,TOI 1874.01,0,3
1875.01,TOI 1875.01,1,1
1876.01,TOI 1876.01,1,1
1877.01,TOI 1877.01,0,1
1878.01,TOI 1878.01,1,1
1879.01,TOI 1879.01,1,1
188.01,TOI 188.01,0,3
1880.01,TOI 1880.01,1,1
1881.01,TOI 1881.01,0,0
1882.01,TOI 1882.01,1,1
1883.01,TOI 1883.01,2,2
1884.01,TOI 1884.01,1,1
1885.01,TOI 1885.01,2,1
1886.01,TOI 1886.01,1,1
1887.01,TOI 1887.01,1,1
1888.01,TOI 1888.01,0,0
1889.01,TOI 1889.01,0,1
189.01,TOI 189.01,0,3
1890.01,TOI 1890.01,1,1
1891.01,TOI 1891.01,0,3
1892.01,TOI 1892.01,1,1
1894.01,TOI 1894.01,1,1
1895.01,TOI 1895.01,1,1
1897.01,TOI 1897.01,0,0
1897.02,TOI 1897.02,0,0
1898.01,TOI 1898.01,2,2
1899.01,TOI 1899.01,2,2
190.01,TOI 190.01,1,1
1900.01,TOI 1900.01,1,1
1901.01,TOI 1901.01,1,1
1902.01,TOI 1902.01,1,1
1903.01,TOI 1903.01,1,1
1904.01,TOI 1904.01,1,1
1905.01,TOI 1905.01,1,1
1906.01,TOI 1906.01,1,1
1907.01,TOI 1907.01,1,1
1908.01,TOI 1908.01,1,1
1909.01,TOI 1909.01,1,1
191.01,TOI 191.01,1,1
1910.01,TOI 1910.01,1,1
1911.01,TOI 1911.01,1,1
1912.01,TOI 1912.01,1,1
1913.01,TOI 1913.01,1,1
1914.01,TOI 1914.01,1,1
1915.01,TOI 1915.01,1,1
1916.01,TOI 1916.01,1,1
1917.01,TOI 1917.01,1,1
1918.01,TOI 1918.01,0,1
1919.01,TOI 1919.01,1,1
192.01,TOI 192.01,1,1
1920.01,TOI 1920.01,1,1
1921.01,TOI 1921.01,1,1
1922.01,TOI 1922.01,1,1
1923.01,TOI 1923.01,1,1
1924.01,TOI 1924.01,1,1
1925.01,TOI 1925.01,1,1
1926.01,TOI 1926.01,1,1
1927.01,TOI 1927.01,1,1
1928.01,TOI 1928.01,1,1
1929.01,TOI 1929.01,1,1
193.01,TOI 193.01,2,2
1930.01,TOI 1930.01,1,1
1931.01,TOI 1931.01,1,1
1932.01,TOI 1932.01,1,1
1933.01,TOI 1933.01,1,1
1934.01,TOI 1934.01,1,1
1935.01,TOI 1935.01,1,1
1936.01,TOI 1936.01,1,1
1937.01,TOI 1937.01,2,2
1938.01,TOI 1938.01,0,3
1939.01,TOI 1939.01,0,0
194.01,TOI 194.01,1,1
1940.01,TOI 1940.01,1,1
1941.01,TOI 1941.01,0,0
1942.01,TOI 1942.01,0,0
1943.01,TOI 1943.01,1,1
1944.01,TOI 1944.01,0,0
1945.01,TOI 1945.01,0,0
1946.01,TOI 1946.01,0,0
1947.01,TOI 1947.01,0,1
1948.01,TOI 1948.01,0,2
1949.01,TOI 1949.01,1,1
195.01,TOI 195.01,1,1
1950.01,TOI 1950.01,0,0
1951.01,TOI 1951.01,1,1
1952.01,TOI 1952.01,0,1
1953.01,TOI 1953.01,0,0
1954.01,TOI 1954.01,1,1
1955.01,TOI 1955.01,0,0
1956.01,TOI 1956.01,0,0
1957.01,TOI 1957.01,0,1
1958.01,TOI 1958.01,1,0
1959.01,TOI 1959.01,0,0
196.01,TOI 196.01,1,1
1960.01,TOI 1960.01,1,1
1961.01,TOI 1961.01,1,1
1962.01,TOI 1962.01,0,0
1963.01,TOI 1963.01,0,0
1964.01,TOI 1964.01,1,1
1965.01,TOI 1965.01,0,0
1966.01,TOI 1966.01,1,1
1967.01,TOI 1967.01,0,1
1968.01,TOI 1968.01,0,1
1969.01,TOI 1969.01,0,0
197.01,TOI 197.01,2,2
1970.01,TOI 1970.01,1,1
1971.01,TOI 1971.01,0,1
1972.01,TOI 1972.01,1,1
1973.01,TOI 1973.01,1,1
1974.01,TOI 1974.01,0,1
1975.01,TOI 1975.01,0,1
1976.01,TOI 1976.01,0,0
1977.01,TOI 1977.01,0,0
1978.01,TOI 1978.01,0,0
1979.01,TOI 1979.01,0,0
198.01,TOI 198.01,2,2
1980.01,TOI 1980.01,0,0
1981.01,TOI 1981.01,1,0
1982.01,TOI 1982.01,1,1
1983.01,TOI 1983.01,0,0
1984.01,TOI 1984.01,0,0
1985.01,TOI 1985.01,0,0
1986.01,TOI 1986.01,0,1
1987.01,TOI 1987.01,0,3
1988.01,TOI 1988.01,0,0
1989.01,TOI 1989.01,0,0
199.01,TOI 199.01,2,2
1990.01,TOI 1990.01,0,1
1991.01,TOI 1991.01,0,0
1992.01,TOI 1992.01,0,0
1993.01,TOI 1993.01,0,0
1994.01,TOI 1994.01,2,2
1995.01,TOI 1995.01,1,1
1996.01,TOI 1996.01,0,1
1997.01,TOI 1997.01,1,1
1998.01,TOI 1998.01,0,0
1999.01,TOI 1999.01,0,3
200.01,TOI 200.01,2,1
2000.01,TOI 2000.01,2,1
2000.02,TOI 2000.02,2,2
2001.01,TOI 2001.01,1,1
2002.01,TOI 2002.01,0,0
2004.01,TOI 2004.01,0,0
2005.01,TOI 2005.01,1,1
2006.01,TOI 2006.01,0,1
2008.01,TOI 2008.01,0,1
2009.01,TOI 2009.01,1,1
201.01,TOI 201.01,2,2
201.02,TOI 201.02,1,1
2010.01,TOI 2010.01,2,1
2011.01,TOI 2011.01,1,1
2011.02,TOI 2011.02,1,1
2012.01,TOI 2012.01,1,1
2013.01,TOI 2013.01,2,2
2014.01,TOI 2014.01,1,1
2015.01,TOI 2015.01,2,1
2016.01,TOI 2016.01,1,1
2016.02,TOI 2016.02,1,1
2016.03,TOI 2016.03,1,1
2017.01,TOI 2017.01,0,1
2018.01,TOI 2018.01,2,2
2019.01,TOI 2019.01,2,2
202.01,TOI 202.01,1,1
2020.01,TOI 2020.01,1,1
2021.01,TOI 2021.01,1,1
2022.01,TOI 2022.01,0,0
2023.01,TOI 2023.01,0,3
2024.01,TOI 2024.01,1,1
2025.01,TOI 2025.01,2,1
2026.01,TOI 2026.01,1,1
2027.01,TOI 2027.01,0,0
2028.01,TOI 2028.01,0,0
2029.01,TOI 2029.01,0,0
203.01,TOI 203.01,0,3
2030.01,TOI 2030.01,0,3
2031.01,TOI 2031.01,1,1
2032.01,TOI 2032.01,0,1
2033.01,TOI 2033.01,1,1
2034.01,TOI 2034.01,0,0
2035.01,TOI 2035.01,1,1
2036.01,TOI 2036.01,1,1
2037.01,TOI 2037.01,1,1
2037.02,TOI 2037.02,1,1
2038.01,TOI 2038.01,0,3
2039.01,TOI 2039.01,1,1
204.01,TOI 204.01,1,2
2040.01,TOI 2040.01,1,1
2041.01,TOI 2041.01,0,0
2042.01,TOI 2042.01,0,1
2043.01,TOI 2043.01,1,1
2044.01,TOI 2044.01,0,0
2045.01,TOI 2045.01,1,1
2046.01,TOI 2046.01,2,1
2047.01,TOI 2047.01,0,1
2048.01,TOI 2048.01,2,2
2049.01,TOI 2049.01,1,1
205.01,TOI 205.01,1,1
2050.01,TOI 2050.01,1,1
2051.01,TOI 2051.01,1,1
2052.01,TOI 2052.01,0,1
2053.01,TOI 2053.01,0,0
2054.01,TOI 2054.01,0,0
2055.01,TOI 2055.01,0,0
2056.01,TOI 2056.01,0,3
2057.01,TOI 2057.01,1,1
2058.01,TOI 2058.01,0,0
2059.01,TOI 2059.01,0,0
206.01,TOI 206.01,2,2
2060.01,TOI 2060.01,0,0
2061.01,TOI 2061.01,0,0
2062.01,TOI 2062.01,0,1
2063.01,TOI 2063.01,1,1
2064.01,TOI 2064.01,1,1
2066.01,TOI 2066.01,0,0
2067.01,TOI 2067.01,1,1
2068.01,TOI 2068.01,2,2
2069.01,TOI 2069.01,1,1
207.01,TOI 207.01,0,0
2070.01,TOI 2070.01,1,1
2071.01,TOI 2071.01,1,2
2072.01,TOI 2072.01,1,1
2073.01,TOI 2073.01,1,2
2074.01,TOI 2074.01,1,1
2075.01,TOI 2075.01,1,1
2076.01,TOI 2076.01,2,2
2076.02,TOI 2076.02,2,2
2076.03,TOI 2076.03,2,2
2077.01,TOI 2077.01,1,1
2078.01,TOI 2078.01,0,3
2079.01,TOI 2079.01,1,2
2079.02,TOI 2079.02,1,1
208.01,TOI 208.01,1,2
2080.01,TOI 2080.01,1,2
2081.01,TOI 2081.01,2,2
2081.02,TOI 2081.02,1,1
2082.01,TOI 2082.01,1,1
2083.01,TOI 2083.01,1,1
2084.01,TOI 2084.01,2,2
2084.02,TOI 2084.02,0,2
2086.01,TOI 2086.01,1,1
2086.02,TOI 2086.02,1,1
2088.01,TOI 2088.01,2,2
2089.01,TOI 2089.01,1,1
209.01,TOI 209.01,0,3
2090.01,TOI 2090.01,1,1
2091.01,TOI 2091.01,1,1
2092.01,TOI 2092.01,1,1
2093.01,TOI 2093.01,1,1
2094.01,TOI 2094.01,1,1
2095.01,TOI 2095.01,2,2
2095.02,TOI 2095.02,2,2
2096.01,TOI 2096.01,2,2
2096.02,TOI 2096.02,2,2
2097.01,TOI 2097.01,0,1
2099.01,TOI 2099.01,0,1
210.01,TOI 210.01,1,1
2100.01,TOI 2100.01,1,2
2101.01,TOI 2101.01,1,1
2102.01,TOI 2102.01,1,2
2103.01,TOI 2103.01,1,1
2103.02,TOI 2103.02,1,1
2104.01,TOI 2104.01,1,1
2104.02,TOI 2104.02,1,1
2104.03,TOI 2104.03,1,1
2104.04,TOI 2104.04,1,1
2104.05,TOI 2104.05,1,1
2105.01,TOI 2105.01,1,1
2106.01,TOI 2106.01,0,1
2107.01,TOI 2107.01,2,2
2108.01,TOI 2108.01,0,3
2109.01,TOI 2109.01,2,2
211.01,TOI 211.01,0,3
2110.01,TOI 2110.01,0,3
2111.01,TOI 2111.01,0,1
2112.01,TOI 2112.01,1,1
2112.02,TOI 2112.02,1,1
2113.01,TOI 2113.01,0,1
2114.01,TOI 2114.01,1,1
2115.01,TOI 2115.01,0,0
2116.01,TOI 2116.01,0,1
2117.01,TOI 2117.01,0,0
2118.01,TOI 2118.01,0,0
2119.01,TOI 2119.01,2,2
212.01,TOI 212.01,0,0
2120.01,TOI 2120.01,2,2
2121.01,TOI 2121.01,0,1
2122.01,TOI 2122.01,1,1
2123.01,TOI 2123.01,1,1
2124.01,TOI 2124.01,1,1
2125.01,TOI 2125.01,1,1
2126.01,TOI 2126.01,1,1
2127.01,TOI 2127.01,1,1
2128.01,TOI 2128.01,2,2
2129.01,TOI 2129.01,1,1
213.01,TOI 213.01,1,1
213.02,TOI 213.02,1,2
2130.01,TOI 2130.01,1,1
2131.01,TOI 2131.01,1,1
2132.01,TOI 2132.01,1,1
2133.01,TOI 2133.01,1,1
2134.01,TOI 2134.01,2,1
2134.02,TOI 2134.02,2,2
2135.01,TOI 2135.01,1,1
2136.01,TOI 2136.01,2,2
2137.01,TOI 2137.01,0,0
2138.01,TOI 2138.01,0,0
2139.01,TOI 2139.01,1,1
214.01,TOI 214.01,1,2
214.02,TOI 214.02,1,1
2140.01,TOI 2140.01,1,1
2141.01,TOI 2141.01,2,2
2142.01,TOI 2142.01,1,1
2143.01,TOI 2143.01,1,1
2144.01,TOI 2144.01,1,2
2145.01,TOI 2145.01,2,2
2146.01,TOI 2146.01,0,1
2147.01,TOI 2147.01,1,1
2148.01,TOI 2148.01,0,1
2149.01,TOI 2149.01,1,1
215.01,TOI 215.01,1,1
2150.01,TOI 2150.01,0,0
2151.01,TOI 2151.01,0,0
2152.01,TOI 2152.01,2,1
2153.01,TOI 2153.01,0,0
2154.01,TOI 2154.01,2,2
2155.01,TOI 2155.01,2,1
2156.01,TOI 2156.01,0,0
2157.01,TOI 2157.01,0,0
2158.01,TOI 2158.01,2,1
2159.01,TOI 2159.01,0,1
216.01,TOI 216.01,2,1
216.02,TOI 216.02,2,1
2160.01,TOI 2160.01,1,1
2161.01,TOI 2161.01,0,1
2162.01,TOI 2162.01,0,0
2163.01,TOI 2163.01,1,1
2164.01,TOI 2164.01,0,0
2165.01,TOI 2165.01,0,3
2166.01,TOI 2166.01,1,1
2167.01,TOI 2167.01,0,0
2168.01,TOI 2168.01,0,0
2169.01,TOI 2169.01,1,1
217.01,TOI 217.01,0,0
2170.01,TOI 2170.01,1,1
2171.01,TOI 2171.01,0,1
2172.01,TOI 2172.01,0,0
2173.01,TOI 2173.01,0,0
2174.01,TOI 2174.01,1,1
2175.01,TOI 2175.01,1,1
2176.01,TOI 2176.01,1,1
2177.01,TOI 2177.01,1,1
2178.01,TOI 2178.01,1,1
2179.01,TOI 2179.01,2,1
218.01,TOI 218.01,1,1
218.02,TOI 218.02,1,2
2180.01,TOI 2180.01,2,2
2181.01,TOI 2181.01,1,1
2182.01,TOI 2182.01,1,1
2183.01,TOI 2183.01,1,0
2184.01,TOI 2184.01,2,1
2185.01,TOI 2185.01,1,1
2186.01,TOI 2186.01,1,1
2187.01,TOI 2187.01,1,1
2188.01,TOI 2188.01,1,1
2189.01,TOI 2189.01,1,1
219.01,TOI 219.01,0,0
2190.01,TOI 2190.01,1,1
2191.01,TOI 2191.01,1,1
2192.01,TOI 2192.01,1,1
2193.01,TOI 2193.01,2,1
2194.01,TOI 2194.01,2,2
2195.01,TOI 2195.01,1,1
2196.01,TOI 2196.01,2,2
2197.01,TOI 2197.01,1,1
2198.01,TOI 2198.01,1,1
2199.01,TOI 2199.01,1,1
220.01,TOI 220.01,2,2
2200.01,TOI 2200.01,1,1
2201.01,TOI 2201.01,1,1
2202.01,TOI 2202.01,2,2
2203.01,TOI 2203.01,0,3
2204.01,TOI 2204.01,1,1
2205.01,TOI 2205.01,0,1
2206.01,TOI 2206.01,1,1
2207.01,TOI 2207.01,2,1
2208.01,TOI 2208.01,1,1
2209.01,TOI 2209.01,1,1
221.01,TOI 221.01,0,1
2210.01,TOI 2210.01,1,1
2211.01,TOI 2211.01,2,2
2212.01,TOI 2212.01,1,1
2213.01,TOI 2213.01,1,1
2214.01,TOI 2214.01,1,0
2215.01,TOI 2215.01,2,2
2216.01,TOI 2216.01,1,1
2217.01,TOI 2217.01,1,1
2218.01,TOI 2218.01,0,3
2219.01,TOI 2219.01,1,1
2220.01,TOI 2220.01,1,1
2221.01,TOI 2221.01,2,2
2222.01,TOI 2222.01,1,1
2223.01,TOI 2223.01,1,1
2224.01,TOI 2224.01,1,1
2225.01,TOI 2225.01,1,1
2226.01,TOI 2226.01,1,1
2227.01,TOI 2227.01,0,3
2227.02,TOI 2227.02,0,3
2228.01,TOI 2228.01,0,1
2229.01,TOI 2229.01,1,1
223.01,TOI 223.01,0,3
2230.01,TOI 2230.01,0,0
2231.01,TOI 2231.01,0,3
2232.01,TOI 2232.01,1,0
2233.01,TOI 2233.01,0,1
2234.01,TOI 2234.01,0,3
2235.01,TOI 2235.01,0,3
2236.01,TOI 2236.01,2,1
2237.01,TOI 2237.01,0,0
2238.01,TOI 2238.01,1,1
2239.01,TOI 2239.01,0,1
224.01,TOI 224.01,0,3
2240.01,TOI 2240.01,0,0
2241.01,TOI 2241.01,1,1
2242.01,TOI 2242.01,1,1
2243.01,TOI 2243.01,0,0
2244.01,TOI 2244.01,1,1
2245.01,TOI 2245.01,1,1
2246.01,TOI 2246.01,0,0
2247.01,TOI 2247.01,0,1
2248.01,TOI 2248.01,1,1
2249.01,TOI 2249.01,0,0
2250.01,TOI 2250.01,0,0
2251.01,TOI 2251.01,1,1
2252.01,TOI 2252.01,1,0
2253.01,TOI 2253.01,0,2
2254.01,TOI 2254.01,1,1
2255.01,TOI 2255.01,1,1
2256.01,TOI 2256.01,1,2
2257.01,TOI 2257.01,2,2
2258.01,TOI 2258.01,0,1
2259.01,TOI 2259.01,1,1
2260.01,TOI 2260.01,2,2
2261.01,TOI 2261.01,1,1
2262.01,TOI 2262.01,1,0
2264.01,TOI 2264.01,1,2
2265.01,TOI 2265.01,1,1
2266.01,TOI 2266.01,2,2
2267.01,TOI 2267.01,2,2
2267.02,TOI 2267.02,1,1
2267.03,TOI 2267.03,2,1
2268.01,TOI 2268.01,1,1
2269.01,TOI 2269.01,0,3
2269.02,TOI 2269.02,1,1
2269.03,TOI 2269.03,1,2
2271.01,TOI 2271.01,0,3
2272.01,TOI 2272.01,0,3
2273.01,TOI 2273.01,1,1
2274.01,TOI 2274.01,2,2
2274.02,TOI 2274.02,1,1
2275.01,TOI 2275.01,1,1
2276.01,TOI 2276.01,1,1
2278.01,TOI 2278.01,1,2
2279.01,TOI 2279.01,1,1
228.01,TOI 228.01,1,1
2280.01,TOI 2280.01,1,1
2281.01,TOI 2281.01,1,1
2282.01,TOI 2282.01,1,1
2283.01,TOI 2283.01,0,3
2284.01,TOI 2284.01,0,2
2285.01,TOI 2285.01,2,2
2286.01,TOI 2286.01,1,1
2287.01,TOI 2287.01,1,2
2288.01,TOI 2288.01,1,1
2289.01,TOI 2289.01,1,2
229.01,TOI 229.01,1,1
2290.01,TOI 2290.01,1,1
2291.01,TOI 2291.01,1,2
2292.01,TOI 2292.01,1,1
2293.01,TOI 2293.01,1,1
2294.01,TOI 2294.01,1,1
2295.01,TOI 2295.01,1,1
2296.01,TOI 2296.01,1,1
2297.01,TOI 2297.01,1,1
2299.01,TOI 2299.01,0,3
230.01,TOI 230.01,0,1
2300.01,TOI 2300.01,1,1
2300.02,TOI 2300.02,1,1
2301.01,TOI 2301.01,1,1
2302.01,TOI 2302.01,0,3
2303.01,TOI 2303.01,0,0
2304.01,TOI 2304.01,1,1
2305.01,TOI 2305.01,0,3
2306.01,TOI 2306.01,1,1
2307.01,TOI 2307.01,1,1
2308.01,TOI 2308.01,1,1
2309.01,TOI 2309.01,1,1
231.01,TOI 231.01,1,1
2310.01,TOI 2310.01,1,1
2311.01,TOI 2311.01,0,3
2312.01,TOI 2312.01,1,0
2313.01,TOI 2313.01,1,0
2314.01,TOI 2314.01,1,1
2315.01,TOI 2315.01,0,3
2316.01,TOI 2316.01,0,0
2319.02,TOI 2319.02,1,2
232.01,TOI 232.01,1,1
2321.01,TOI 2321.01,1,1
2322.01,TOI 2322.01,2,2
2322.02,TOI 2322.02,2,2
2323.01,TOI 2323.01,0,0
2324.01,TOI 2324.01,1,1
2325.01,TOI 2325.01,0,3
2326.01,TOI 2326.01,1,0
2327.01,TOI 2327.01,1,2
2328.01,TOI 2328.01,2,1
2329.01,TOI 2329.01,1,1
233.01,TOI 233.01,1,1
233.02,TOI 233.02,1,1
2330.01,TOI 2330.01,1,1
2331.01,TOI 2331.01,1,1
2332.01,TOI 2332.01,1,1
2333.01,TOI 2333.01,1,1
2334.01,TOI 2334.01,1,1
2335.01,TOI 2335.01,0,3
2336.01,TOI 2336.01,2,2
2337.01,TOI 2337.01,2,2
2338.01,TOI 2338.01,2,2
2339.01,TOI 2339.01,1,1
234.01,TOI 234.01,1,1
2340.01,TOI 2340.01,0,0
2341.01,TOI 2341.01,0,0
2342.01,TOI 2342.01,0,1
2343.01,TOI 2343.01,1,1
2344.01,TOI 2344.01,1,1
2345.01,TOI 2345.01,1,1
2345.02,TOI 2345.02,1,2
2346.01,TOI 2346.01,1,1
2347.01,TOI 2347.01,0,0
2348.01,TOI 2348.01,1,1
2349.01,TOI 2349.01,0,3
235.01,TOI 235.01,1,1
2350.01,TOI 2350.01,1,1
2350.02,TOI 2350.02,1,1
2351.01,TOI 2351.01,0,3
2352.01,TOI 2352.01,1,1
2353.01,TOI 2353.01,1,1
2354.01,TOI 2354.01,0,0
2355.01,TOI 2355.01,1,1
2356.01,TOI 2356.01,1,1
2357.01,TOI 2357.01,1,1
2358.01,TOI 2358.01,0,0
2359.01,TOI 2359.01,1,1
236.01,TOI 236.01,0,0
2360.01,TOI 2360.01,0,0
2361.01,TOI 2361.01,1,1
2362.01,TOI 2362.01,1,1
2363.01,TOI 2363.01,1,1
2364.01,TOI 2364.01,2,1
2365.01,TOI 2365.01,0,0
2366.01,TOI 2366.01,0,3
2367.01,TOI 2367.01,1,1
2368.01,TOI 2368.01,2,1
2369.01,TOI 2369.01,1,1
237.01,TOI 237.01,2,2
2370.01,TOI 2370.01,1,1
2371.01,TOI 2371.01,1,1
2372.01,TOI 2372.01,0,0
2373.01,TOI 2373.01,2,1
2374.01,TOI 2374.01,2,2
2375.01,TOI 2375.01,1,1
2376.01,TOI 2376.01,1,1
2377.01,TOI 2377.01,0,3
2378.01,TOI 2378.01,1,1
2379.01,TOI 2379.01,2,2
238.01,TOI 238.01,2,2
2380.01,TOI 2380.01,1,1
2381.01,TOI 2381.01,1,1
2382.01,TOI 2382.01,1,1
2383.01,TOI 2383.01,0,3
2384.01,TOI 2384.01,2,2
2385.01,TOI 2385.01,1,1
2386.01,TOI 2386.01,1,1
2387.01,TOI 2387.01,0,3
2388.01,TOI 2388.01,1,0
2389.01,TOI 2389.01,1,1
239.01,TOI 239.01,1,1
2390.01,TOI 2390.01,1,1
2391.01,TOI 2391.01,1,1
2392.01,TOI 2392.01,1,1
2392.02,TOI 2392.02,1,1
2392.03,TOI 2392.03,1,1
2393.01,TOI 2393.01,1,1
2394.01,TOI 2394.01,1,1
2395.01,TOI 2395.01,1,1
2396.01,TOI 2396.01,0,3
2397.01,TOI 2397.01,1,1
2398.01,TOI 2398.01,1,1
2399.01,TOI 2399.01,1,1
240.01,TOI 240.01,1,1
2400.01,TOI 2400.01,0,0
2401.01,TOI 2401.01,1,1
2402.01,TOI 2402.01,1,1
2403.01,TOI 2403.01,1,1
2404.01,TOI 2404.01,1,1
2404.02,TOI 2404.02,0,2
2404.03,TOI 2404.03,0,0
2405.01,TOI 2405.01,1,1
2406.01,TOI 2406.01,2,2
2407.01,TOI 2407.01,2,2
2408.01,TOI 2408.01,1,1
2409.01,TOI 2409.01,0,3
241.01,TOI 241.01,1,1
2410.01,TOI 2410.01,0,3
2411.01,TOI 2411.01,2,2
2412.01,TOI 2412.01,0,1
2413.01,TOI 2413.01,0,0
2414.01,TOI 2414.01,1,1
2415.01,TOI 2415.01,1,0
2416.01,TOI 2416.01,2,1
2417.01,TOI 2417.01,0,0
2418.01,TOI 2418.01,0,1
2419.01,TOI 2419.01,1,1
242.01,TOI 242.01,0,0
2420.01,TOI 2420.01,2,1
2421.01,TOI 2421.01,2,1
2422.01,TOI 2422.01,0,0
2424.01,TOI 2424.01,0,0
2425.01,TOI 2425.01,1,1
2426.01,TOI 2426.01,1,1
2427.01,TOI 2427.01,2,1
2428.01,TOI 2428.01,0,1
2429.01,TOI 2429.01,1,2
243.01,TOI 243.01,0,3
2430.01,TOI 2430.01,1,1
2431.01,TOI 2431.01,2,2
2432.01,TOI 2432.01,1,1
2434.01,TOI 2434.01,0,3
2437.01,TOI 2437.01,1,1
2438.01,TOI 2438.01,0,0
2439.01,TOI 2439.01,1,1
244.01,TOI 244.01,2,2
2440.01,TOI 2440.01,0,3
2441.01,TOI 2441.01,1,1
2441.02,TOI 2441.02,1,1
2442.01,TOI 2442.01,0,0
2443.01,TOI 2443.01,2,1
2444.01,TOI 2444.01,0,3
2445.01,TOI 2445.01,2,2
2446.01,TOI 2446.01,1,1
2448.01,TOI 2448.01,0,0
2448.02,TOI 2448.02,1,1
2449.01,TOI 2449.01,2,1
245.01,TOI 245.01,1,1
2450.01,TOI 2450.01,1,1
2451.01,TOI 2451.01,0,0
2452.01,TOI 2452.01,0,0
2453.01,TOI 2453.01,1,2
2454.01,TOI 2454.01,1,1
2455.01,TOI 2455.01,1,1
2457.01,TOI 2457.01,1,1
2458.01,TOI 2458.01,2,2
2459.01,TOI 2459.01,2,1
246.01,TOI 246.01,1,1
2460.01,TOI 2460.01,0,0
2461.01,TOI 2461.01,1,1
2462.01,TOI 2462.01,1,1
2463.01,TOI 2463.01,1,1
2464.01,TOI 2464.01,1,1
2465.01,TOI 2465.01,1,1
2466.01,TOI 2466.01,1,1
2467.01,TOI 2467.01,1,1
2468.01,TOI 2468.01,0,0
2469.01,TOI 2469.01,0,0
247.01,TOI 247.01,1,1
2470.01,TOI 2470.01,1,1
2471.01,TOI 2471.01,1,0
2473.01,TOI 2473.01,1,1
2474.01,TOI 2474.01,1,1
2475.01,TOI 2475.01,0,1
2476.01,TOI 2476.01,0,0
2477.01,TOI 2477.01,1,1
2478.01,TOI 2478.01,1,1
2479.01,TOI 2479.01,1,1
248.01,TOI 248.01,1,1
2480.01,TOI 2480.01,0,0
2481.01,TOI 2481.01,1,1
2482.01,TOI 2482.01,1,1
2483.01,TOI 2483.01,0,0
2484.01,TOI 2484.01,1,1
2485.01,TOI 2485.01,2,2
2486.01,TOI 2486.01,1,1
2487.01,TOI 2487.01,1,1
2488.01,TOI 2488.01,1,1
2489.01,TOI 2489.01,0,3
249.01,TOI 249.01,1,1
2491.01,TOI 2491.01,0,3
2492.01,TOI 2492.01,0,1
2494.01,TOI 2494.01,1,1
2494.02,TOI 2494.02,1,1
2495.01,TOI 2495.01,1,1
2496.01,TOI 2496.01,1,1
2497.01,TOI 2497.01,2,1
2498.01,TOI 2498.01,2,2
2499.01,TOI 2499.01,0,1
250.01,TOI 250.01,1,1
2500.01,TOI 2500.01,1,1
2501.01,TOI 2501.01,1,1
2502.01,TOI 2502.01,1,1
2503.01,TOI 2503.01,1,1
2504.01,TOI 2504.01,1,1
2505.01,TOI 2505.01,1,1
2506.01,TOI 2506.01,0,2
2507.01,TOI 2507.01,1,1
2508.01,TOI 2508.01,1,0
2509.01,TOI 2509.01,0,0
251.01,TOI 251.01,2,2
2510.01,TOI 2510.01,0,1
2511.01,TOI 2511.01,0,0
2512.01,TOI 2512.01,1,1
2513.01,TOI 2513.01,1,1
2514.01,TOI 2514.01,1,1
2515.01,TOI 2515.01,1,1
2516.01,TOI 2516.01,0,1
2517.01,TOI 2517.01,0,0
2518.01,TOI 2518.01,1,1
2519.01,TOI 2519.01,1,1
252.01,TOI 252.01,0,1
2520.01,TOI 2520.01,1,1
2521.01,TOI 2521.01,0,3
2522.01,TOI 2522.01,1,1
2523.01,TOI 2523.01,1,1
2524.01,TOI 2524.01,2,1
2525.01,TOI 2525.01,2,2
2525.02,TOI 2525.02,2,2
2526.01,TOI 2526.01,1,1
2527.01,TOI 2527.01,1,1
2528.01,TOI 2528.01,1,1
253.01,TOI 253.01,1,1
2531.01,TOI 2531.01,1,1
2532.01,TOI 2532.01,1,1
2533.01,TOI 2533.01,1,1
2535.01,TOI 2535.01,1,1
2536.01,TOI 2536.01,1,1
2537.01,TOI 2537.01,2,2
2538.01,TOI 2538.01,1,1
2539.01,TOI 2539.01,1,0
254.01,TOI 254.01,0,3
2540.01,TOI 2540.01,1,1
2540.02,TOI 2540.02,0,3
2541.01,TOI 2541.01,1,1
2542.01,TOI 2542.01,1,1
2543.01,TOI 2543.01,2,2
2544.01,TOI 2544.01,0,1
2545.01,TOI 2545.01,2,2
2546.01,TOI 2546.01,0,3
2547.01,TOI 2547.01,1,1
2548.01,TOI 2548.01,1,1
2548.02,TOI 2548.02,2,2
2549.01,TOI 2549.01,1,0
255.01,TOI 255.01,1,1
2550.01,TOI 2550.01,0,1
2551.01,TOI 2551.01,1,1
2552.01,TOI 2552.01,1,1
2553.01,TOI 2553.01,1,1
2554.01,TOI 2554.01,0,0
2555.01,TOI 2555.01,0,0
2556.01,TOI 2556.01,0,1
2557.01,TOI 2557.01,1,1
2558.01,TOI 2558.01,1,1
2559.01,TOI 2559.01,1,1
256.01,TOI 256.01,1,1
256.02,TOI 256.02,1,1
2560.01,TOI 2560.01,1,1
2561.01,TOI 2561.01,1,1
2562.01,TOI 2562.01,1,1
2563.01,TOI 2563.01,1,1
2564.01,TOI 2564.01,1,1
2565.01,TOI 2565.01,1,1
2566.01,TOI 2566.01,1,1
2567.01,TOI 2567.01,2,1
2568.01,TOI 2568.01,1,1
2569.01,TOI 2569.01,1,1
257.01,TOI 257.01,2,2
2570.01,TOI 2570.01,2,1
2571.01,TOI 2571.01,0,1
2572.01,TOI 2572.01,1,1
2573.01,TOI 2573.01,1,1
2574.01,TOI 2574.01,1,1
2575.01,TOI 2575.01,1,1
2576.01,TOI 2576.01,1,1
2577.01,TOI 2577.01,1,1
2578.01,TOI 2578.01,1,1
2579.01,TOI 2579.01,1,1
258.01,TOI 258.01,0,0
2580.01,TOI 2580.01,2,1
2581.01,TOI 2581.01,1,1
2582.01,TOI 2582.01,1,1
2583.01,TOI 2583.01,2,1
2584.01,TOI 2584.01,1,1
2585.01,TOI 2585.01,0,0
2586.01,TOI 2586.01,1,1
2587.01,TOI 2587.01,2,1
2588.01,TOI 2588.01,1,1
2589.01,TOI 2589.01,2,2
259.01,TOI 259.01,1,1
2590.01,TOI 2590.01,1,1
2591.01,TOI 2591.01,0,0
2592.01,TOI 2592.01,1,0
2593.01,TOI 2593.01,1,1
2594.01,TOI 2594.01,1,1
2595.01,TOI 2595.01,0,3
2596.01,TOI 2596.01,0,3
2597.01,TOI 2597.01,1,1
2598.01,TOI 2598.01,0,0
2599.01,TOI 2599.01,1,1
260.01,TOI 260.01,2,2
2600.01,TOI 2600.01,1,1
2601.01,TOI 2601.01,1,1
2602.01,TOI 2602.01,0,3
2603.01,TOI 2603.01,1,1
2604.01,TOI 2604.01,1,1
2605.01,TOI 2605.01,0,1
2606.01,TOI 2606.01,1,1
2607.01,TOI 2607.01,0,3
2608.01,TOI 2608.01,1,1
2609.01,TOI 2609.01,0,3
261.01,TOI 261.01,2,2
261.02,TOI 261.02,2,2
2610.01,TOI 2610.01,0,0
2611.01,TOI 2611.01,0,0
2612.01,TOI 2612.01,1,0
2613.01,TOI 2613.01,1,0
2614.01,TOI 2614.01,1,1
2615.01,TOI 2615.01,1,1
2616.01,TOI 2616.01,1,1
2617.01,TOI 2617.01,1,1
2618.01,TOI 2618.01,1,1
2619.01,TOI 2619.01,1,1
262.01,TOI 262.01,2,2
2620.01,TOI 2620.01,1,1
2621.01,TOI 2621.01,1,1
2622.01,TOI 2622.01,1,1
2623.01,TOI 2623.01,0,0
2624.01,TOI 2624.01,1,1
2625.01,TOI 2625.01,1,0
2626.01,TOI 2626.01,1,1
2627.01,TOI 2627.01,1,1
2628.01,TOI 2628.01,1,1
2629.01,TOI 2629.01,1,1
263.01,TOI 263.01,2,0
2630.01,TOI 2630.01,1,1
2631.01,TOI 2631.01,1,1
2632.01,TOI 2632.01,0,0
2633.01,TOI 2633.01,1,1
2635.01,TOI 2635.01,1,1
2636.01,TOI 2636.01,1,1
2637.01,TOI 2637.01,0,0
2638.01,TOI 2638.01,1,1
2639.01,TOI 2639.01,1,1
264.01,TOI 264.01,1,1
2640.01,TOI 2640.01,1,1
2641.01,TOI 2641.01,2,2
2642.01,TOI 2642.01,1,1
2643.01,TOI 2643.01,1,1
2644.01,TOI 2644.01,0,1
2645.01,TOI 2645.01,1,1
2646.01,TOI 2646.01,0,3
2647.01,TOI 2647.01,1,1
2648.01,TOI 2648.01,1,1
2649.01,TOI 2649.01,1,1
265.01,TOI 265.01,1,1
2650.01,TOI 2650.01,1,1
2651.01,TOI 2651.01,0,0
2652.01,TOI 2652.01,1,0
2653.01,TOI 2653.01,0,0
2654.01,TOI 2654.01,1,1
2655.01,TOI 2655.01,1,1
2656.01,TOI 2656.01,1,1
2657.01,TOI 2657.01,1,1
2658.01,TOI 2658.01,1,1
2659.01,TOI 2659.01,1,1
266.01,TOI 266.01,2,2
266.02,TOI 266.02,2,2
2660.01,TOI 2660.01,1,1
2661.01,TOI 2661.01,1,1
2662.01,TOI 2662.01,1,1
2663.01,TOI 2663.01,0,3
2664.01,TOI 2664.01,0,0
2665.01,TOI 2665.01,1,1
2667.01,TOI 2667.01,0,0
2668.01,TOI 2668.01,1,1
2669.01,TOI 2669.01,2,2
267.01,TOI 267.01,1,1
2670.01,TOI 2670.01,1,1
2671.01,TOI 2671.01,0,0
2672.01,TOI 2672.01,0,3
2673.01,TOI 2673.01,1,1
2674.01,TOI 2674.01,0,3
2675.01,TOI 2675.01,0,1
2676.01,TOI 2676.01,1,1
2677.01,TOI 2677.01,1,1
2678.01,TOI 2678.01,1,1
2679.01,TOI 2679.01,1,1
268.01,TOI 268.01,1,1
2680.01,TOI 2680.01,0,0
2681.01,TOI 2681.01,1,1
2682.01,TOI 2682.01,1,1
2683.01,TOI 2683.01,1,1
2684.01,TOI 2684.01,1,1
2685.01,TOI 2685.01,1,1
2686.01,TOI 2686.01,1,1
2687.01,TOI 2687.01,1,1
2688.01,TOI 2688.01,1,1
2689.01,TOI 2689.01,1,1
269.01,TOI 269.01,2,2
2690.01,TOI 2690.01,1,3
2691.01,TOI 2691.01,1,1
2692.01,TOI 2692.01,1,1
2693.01,TOI 2693.01,1,1
2694.01,TOI 2694.01,0,0
2695.01,TOI 2695.01,0,3
2696.01,TOI 2696.01,1,1
2697.01,TOI 2697.01,1,1
2698.01,TOI 2698.01,1,1
2699.01,TOI 2699.01,1,1
270.01,TOI 270.01,2,2
270.02,TOI 270.02,2,2
270.03,TOI 270.03,2,2
2700.01,TOI 2700.01,1,1
2701.01,TOI 2701.01,1,1
2702.01,TOI 2702.01,1,1
2703.01,TOI 2703.01,1,1
2704.01,TOI 2704.01,1,1
2705.01,TOI 2705.01,1,1
2706.01,TOI 2706.01,1,1
2707.01,TOI 2707.01,1,1
2708.01,TOI 2708.01,0,1
2709.01,TOI 2709.01,1,1
271.01,TOI 271.01,0,3
2710.01,TOI 2710.01,1,0
2711.01,TOI 2711.01,1,1
2712.01,TOI 2712.01,1,0
2713.01,TOI 2713.01,0,0
2714.01,TOI 2714.01,2,2
2715.01,TOI 2715.01,1,1
2716.01,TOI 2716.01,1,1
2717.01,TOI 2717.01,0,0
2718.01,TOI 2718.01,1,1
2719.01,TOI 2719.01,2,1
272.01,TOI 272.01,1,1
2720.01,TOI 2720.01,1,1
2721.01,TOI 2721.01,1,1
2722.01,TOI 2722.01,1,1
2723.01,TOI 2723.01,1,1
2724.01,TOI 2724.01,1,1
2725.01,TOI 2725.01,0,3
2726.01,TOI 2726.01,1,1
2727.01,TOI 2727.01,1,1
2728.01,TOI 2728.01,1,1
2729.01,TOI 2729.01,1,1
273.01,TOI 273.01,0,0
2730.01,TOI 2730.01,1,1
2731.01,TOI 2731.01,1,1
2732.01,TOI 2732.01,0,0
2733.01,TOI 2733.01,1,1
2734.01,TOI 2734.01,1,1
2735.01,TOI 2735.01,1,1
2736.01,TOI 2736.01,0,1
2737.01,TOI 2737.01,1,1
2738.01,TOI 2738.01,1,3
2739.01,TOI 2739.01,1,1
274.01,TOI 274.01,0,0
2740.01,TOI 2740.01,0,3
2741.01,TOI 2741.01,1,1
2742.01,TOI 2742.01,1,0
2743.01,TOI 2743.01,0,1
2744.01,TOI 2744.01,0,0
2745.01,TOI 2745.01,0,1
2746.01,TOI 2746.01,1,1
2747.01,TOI 2747.01,0,3
2748.01,TOI 2748.01,1,1
2749.01,TOI 2749.01,1,1
275.01,TOI 275.01,0,3
2750.01,TOI 2750.01,1,0
2751.01,TOI 2751.01,1,1
2752.01,TOI 2752.01,1,1
2753.01,TOI 2753.01,1,1
2754.01,TOI 2754.01,0,0
2755.01,TOI 2755.01,1,1
2756.01,TOI 2756.01,0,1
2757.01,TOI 2757.01,1,1
2758.01,TOI 2758.01,1,1
2759.01,TOI 2759.01,0,0
276.01,TOI 276.01,0,0
2760.01,TOI 2760.01,0,0
2761.01,TOI 2761.01,1,1
2762.01,TOI 2762.01,0,1
2763.01,TOI 2763.01,1,0
2764.01,TOI 2764.01,1,1
2765.01,TOI 2765.01,1,1
2766.01,TOI 2766.01,0,1
2767.01,TOI 2767.01,1,1
2768.01,TOI 2768.01,2,2
2769.01,TOI 2769.01,1,1
277.01,TOI 277.01,2,2
2770.01,TOI 2770.01,1,1
2771.01,TOI 2771.01,0,1
2772.01,TOI 2772.01,1,0
2773.01,TOI 2773.01,0,1
2774.01,TOI 2774.01,1,1
2775.01,TOI 2775.01,0,0
2776.01,TOI 2776.01,1,1
2777.01,TOI 2777.01,1,1
2778.01,TOI 2778.01,1,1
2779.01,TOI 2779.01,0,1
278.01,TOI 278.01,1,1
2780.01,TOI 2780.01,1,1
2781.01,TOI 2781.01,1,1
2782.01,TOI 2782.01,1,0
2783.01,TOI 2783.01,1,0
2784.01,TOI 2784.01,0,0
2785.01,TOI 2785.01,1,1
2786.01,TOI 2786.01,1,1
2787.01,TOI 2787.01,1,1
2788.01,TOI 2788.01,1,1
2789.01,TOI 2789.01,0,1
279.01,TOI 279.01,1,1
2790.01,TOI 2790.01,1,1
2791.01,TOI 2791.01,1,1
2792.01,TOI 2792.01,1,1
2793.01,TOI 2793.01,1,1
2794.01,TOI 2794.01,1,1
2795.01,TOI 2795.01,1,1
2796.01,TOI 2796.01,2,1
2797.01,TOI 2797.01,1,1
2798.01,TOI 2798.01,1,1
2799.01,TOI 2799.01,1,1
280.01,TOI 280.01,1,1
2800.01,TOI 2800.01,1,1
2801.01,TOI 2801.01,1,1
2802.01,TOI 2802.01,1,1
2803.01,TOI 2803.01,2,2
2804.01,TOI 2804.01,1,1
2805.01,TOI 2805.01,0,0
2806.01,TOI 2806.01,1,1
2807.01,TOI 2807.01,1,1
2808.01,TOI 2808.01,1,2
2809.01,TOI 2809.01,1,1
281.01,TOI 281.01,1,1
2810.01,TOI 2810.01,1,1
2811.01,TOI 2811.01,0,0
2812.01,TOI 2812.01,0,1
2813.01,TOI 2813.01,1,1
2814.01,TOI 2814.01,1,1
2815.01,TOI 2815.01,1,1
2816.01,TOI 2816.01,0,0
2817.01,TOI 2817.01,1,1
2818.01,TOI 2818.01,2,2
2819.01,TOI 2819.01,0,3
282.01,TOI 282.01,2,2
282.02,TOI 282.02,0,3
282.03,TOI 282.03,2,2
282.04,TOI 282.04,2,2
2820.01,TOI 2820.01,1,1
2821.01,TOI 2821.01,1,1
2822.01,TOI 2822.01,1,1
2823.01,TOI 2823.01,1,0
2824.01,TOI 2824.01,1,1
2825.01,TOI 2825.01,1,1
2826.01,TOI 2826.01,1,0
2827.01,TOI 2827.01,1,1
2828.01,TOI 2828.01,0,0
2829.01,TOI 2829.01,0,0
283.01,TOI 283.01,1,2
2830.01,TOI 2830.01,0,2
2831.01,TOI 2831.01,1,1
2832.01,TOI 2832.01,1,1
2833.01,TOI 2833.01,1,3
2833.02,TOI 2833.02,1,0
2834.01,TOI 2834.01,1,1
2835.01,TOI 2835.01,0,1
2836.01,TOI 2836.01,1,1
2837.01,TOI 2837.01,0,0
2838.01,TOI 2838.01,0,1
2839.01,TOI 2839.01,0,0
284.01,TOI 284.01,0,0
2840.01,TOI 2840.01,1,1
2841.01,TOI 2841.01,1,1
2842.01,TOI 2842.01,2,1
2843.01,TOI 2843.01,1,1
2844.01,TOI 2844.01,2,1
2845.01,TOI 2845.01,0,0
2846.01,TOI 2846.01,1,1
2847.01,TOI 2847.01,1,1
2848.01,TOI 2848.01,0,0
2849.01,TOI 2849.01,1,1
285.01,TOI 285.01,1,1
2850.01,TOI 2850.01,1,1
2851.01,TOI 2851.01,1,1
2852.01,TOI 2852.01,1,1
2853.01,TOI 2853.01,1,1
2854.01,TOI 2854.01,1,1
2855.01,TOI 2855.01,0,1
2856.01,TOI 2856.01,0,0
2857.01,TOI 2857.01,0,0
2858.01,TOI 2858.01,1,1
2859.01,TOI 2859.01,1,1
286.01,TOI 286.01,2,2
286.02,TOI 286.02,2,2
2860.01,TOI 2860.01,1,1
2861.01,TOI 2861.01,1,1
2862.01,TOI 2862.01,1,1
2863.01,TOI 2863.01,0,1
2864.01,TOI 2864.01,1,0
2865.01,TOI 2865.01,1,1
2866.01,TOI 2866.01,1,1
2867.01,TOI 2867.01,1,1
2868.01,TOI 2868.01,1,1
2869.01,TOI 2869.01,1,0
287.01,TOI 287.01,1,1
2870.01,TOI 2870.01,1,1
2871.01,TOI 2871.01,0,0
2872.01,TOI 2872.01,0,1
2873.01,TOI 2873.01,1,0
2874.01,TOI 2874.01,0,1
2875.01,TOI 2875.01,1,1
2876.01,TOI 2876.01,1,1
2877.01,TOI 2877.01,1,1
2878.01,TOI 2878.01,0,0
2879.01,TOI 2879.01,0,1
288.01,TOI 288.01,1,1
2880.01,TOI 2880.01,1,1
2881.01,TOI 2881.01,1,1
2882.01,TOI 2882.01,1,1
2883.01,TOI 2883.01,1,0
2884.01,TOI 2884.01,1,1
2885.01,TOI 2885.01,1,1
2886.01,TOI 2886.01,1,1
2887.01,TOI 2887.01,1,1
2888.01,TOI 2888.01,1,1
2889.01,TOI 2889.01,1,0
2890.01,TOI 2890.01,1,1
2891.01,TOI 2891.01,1,1
2892.01,TOI 2892.01,1,1
2893.01,TOI 2893.01,1,1
2894.01,TOI 2894.01,1,1
2895.01,TOI 2895.01,1,1
2896.01,TOI 2896.01,1,1
2897.01,TOI 2897.01,1,1
2898.01,TOI 2898.01,1,1
2899.01,TOI 2899.01,1,1
290.01,TOI 290.01,0,0
2900.01,TOI 2900.01,1,0
2901.01,TOI 2901.01,1,1
2902.01,TOI 2902.01,0,1
2903.01,TOI 2903.01,1,1
2904.01,TOI 2904.01,1,1
2905.01,TOI 2905.01,1,1
2906.01,TOI 2906.01,1,1
2907.01,TOI 2907.01,1,0
2908.01,TOI 2908.01,1,1
2909.01,TOI 2909.01,1,1
291.01,TOI 291.01,0,0
2910.01,TOI 2910.01,1,0
2911.01,TOI 2911.01,1,1
2912.01,TOI 2912.01,1,1
2913.01,TOI 2913.01,1,1
2914.01,TOI 2914.01,1,1
2915.01,TOI 2915.01,1,1
2916.01,TOI 2916.01,1,1
2917.01,TOI 2917.01,1,1
2918.01,TOI 2918.01,1,1
2919.01,TOI 2919.01,1,1
292.01,TOI 292.01,1,1
2920.01,TOI 2920.01,1,1
2921.01,TOI 2921.01,1,1
2922.01,TOI 2922.01,1,1
2923.01,TOI 2923.01,1,1
2924.01,TOI 2924.01,1,1
2925.01,TOI 2925.01,1,1
2926.01,TOI 2926.01,1,1
2927.01,TOI 2927.01,1,1
2928.01,TOI 2928.01,1,1
2929.01,TOI 2929.01,1,1
293.01,TOI 293.01,0,3
2930.01,TOI 2930.01,1,1
2931.01,TOI 2931.01,1,1
2932.01,TOI 2932.01,1,1
2933.01,TOI 2933.01,0,0
2934.01,TOI 2934.01,1,1
2935.01,TOI 2935.01,1,1
2936.01,TOI 2936.01,0,0
2937.01,TOI 2937.01,1,1
2938.01,TOI 2938.01,1,1
2939.01,TOI 2939.01,1,1
294.01,TOI 294.01,2,1
2940.01,TOI 2940.01,1,1
2941.01,TOI 2941.01,0,3
2942.01,TOI 2942.01,1,1
2943.01,TOI 2943.01,1,3
2944.01,TOI 2944.01,1,1
2945.01,TOI 2945.01,1,1
2946.01,TOI 2946.01,1,1
2947.01,TOI 2947.01,0,0
2948.01,TOI 2948.01,1,1
2949.01,TOI 2949.01,1,1
295.01,TOI 295.01,1,1
2950.01,TOI 2950.01,1,1
2951.01,TOI 2951.01,1,0
2952.01,TOI 2952.01,1,1
2953.01,TOI 2953.01,1,0
2954.01,TOI 2954.01,1,0
2955.01,TOI 2955.01,1,1
2956.01,TOI 2956.01,1,1
2957.01,TOI 2957.01,1,0
2958.01,TOI 2958.01,0,0
2959.01,TOI 2959.01,0,0
296.01,TOI 296.01,1,1
2960.01,TOI 2960.01,1,1
2961.01,TOI 2961.01,1,1
2962.01,TOI 2962.01,1,1
2963.01,TOI 2963.01,0,0
2964.01,TOI 2964.01,1,1
2965.01,TOI 2965.01,1,1
2966.01,TOI 2966.01,1,1
2967.01,TOI 2967.01,0,0
2968.01,TOI 2968.01,1,0
2969.01,TOI 2969.01,1,1
297.01,TOI 297.01,1,1
2970.01,TOI 2970.01,1,0
2971.01,TOI 2971.01,1,1
2972.01,TOI 2972.01,1,1
2973.01,TOI 2973.01,1,0
2974.01,TOI 2974.01,1,1
2975.01,TOI 2975.01,1,3
2976.01,TOI 2976.01,1,1
2977.01,TOI 2977.01,2,1
2978.01,TOI 2978.01,1,1
2979.01,TOI 2979.01,1,0
298.01,TOI 298.01,0,3
2980.01,TOI 2980.01,1,1
2981.01,TOI 2981.01,2,2
2982.01,TOI 2982.01,1,1
2983.01,TOI 2983.01,1,1
2984.01,TOI 2984.01,0,1
2985.01,TOI 2985.01,1,1
2986.01,TOI 2986.01,1,1
2987.01,TOI 2987.01,0,0
2988.01,TOI 2988.01,1,1
2989.01,TOI 2989.01,1,1
299.01,TOI 299.01,1,1
2990.01,TOI 2990.01,1,1
2991.01,TOI 2991.01,1,1
2992.01,TOI 2992.01,1,1
2993.01,TOI 2993.01,1,0
2994.01,TOI 2994.01,1,0
2995.01,TOI 2995.01,1,1
2996.01,TOI 2996.01,1,1
2997.01,TOI 2997.01,1,1
2998.01,TOI 2998.01,1,0
2999.01,TOI 2999.01,0,1
300.01,TOI 300.01,0,0
3000.01,TOI 3000.01,1,1
3001.01,TOI 3001.01,0,0
3002.01,TOI 3002.01,1,3
3003.01,TOI 3003.01,1,1
3004.01,TOI 3004.01,0,1
3005.01,TOI 3005.01,0,0
3006.01,TOI 3006.01,1,3
3007.01,TOI 3007.01,1,1
3008.01,TOI 3008.01,0,1
3009.01,TOI 3009.01,1,1
301.01,TOI 301.01,1,1
3010.01,TOI 3010.01,1,1
3011.01,TOI 3011.01,1,0
3012.01,TOI 3012.01,1,0
3013.01,TOI 3013.01,1,1
3014.01,TOI 3014.01,1,0
3015.01,TOI 3015.01,1,1
3016.01,TOI 3016.01,1,1
3017.01,TOI 3017.01,1,1
3018.01,TOI 3018.01,0,1
3019.01,TOI 3019.01,1,1
302.01,TOI 302.01,1,1
3020.01,TOI 3020.01,1,1
3021.01,TOI 3021.01,1,1
3022.01,TOI 3022.01,1,1
3023.01,TOI 3023.01,2,1
3024.01,TOI 3024.01,1,1
3025.01,TOI 3025.01,1,1
3026.01,TOI 3026.01,1,1
3027.01,TOI 3027.01,1,1
3028.01,TOI 3028.01,1,0
3029.01,TOI 3029.01,1,0
303.01,TOI 303.01,1,1
3030.01,TOI 3030.01,1,0
3031.01,TOI 3031.01,1,1
3032.01,TOI 3032.01,1,1
3033.01,TOI 3033.01,0,3
3034.01,TOI 3034.01,1,0
3035.01,TOI 3035.01,1,3
3036.01,TOI 3036.01,0,0
3037.01,TOI 3037.01,1,1
3038.01,TOI 3038.01,1,1
3039.01,TOI 3039.01,1,1
304.01,TOI 304.01,0,0
3040.01,TOI 3040.01,1,1
3041.01,TOI 3041.01,1,1
3042.01,TOI 3042.01,1,0
3043.01,TOI 3043.01,1,1
3044.01,TOI 3044.01,0,0
3045.01,TOI 3045.01,1,1
3046.01,TOI 3046.01,1,1
3047.01,TOI 3047.01,1,1
3048.01,TOI 3048.01,1,0
3049.01,TOI 3049.01,0,0
305.01,TOI 305.01,1,1
3050.01,TOI 3050.01,1,1
3051.01,TOI 3051.01,1,1
3052.01,TOI 3052.01,1,1
3053.01,TOI 3053.01,1,1
3054.01,TOI 3054.01,1,1
3055.01,TOI 3055.01,1,0
3056.01,TOI 3056.01,1,1
3057.01,TOI 3057.01,0,3
3058.01,TOI 3058.01,1,0
3059.01,TOI 3059.01,0,0
306.01,TOI 306.01,1,1
3060.01,TOI 3060.01,0,0
3061.01,TOI 3061.01,1,0
3062.01,TOI 3062.01,1,1
3063.01,TOI 3063.01,1,0
3064.01,TOI 3064.01,1,1
3065.01,TOI 3065.01,1,1
3066.01,TOI 3066.01,1,1
3067.01,TOI 3067.01,0,3
3068.01,TOI 3068.01,1,0
3069.01,TOI 3069.01,1,1
307.01,TOI 307.01,1,1
3070.01,TOI 3070.01,1,1
3071.01,TOI 3071.01,2,0
3072.01,TOI 3072.01,1,1
3073.01,TOI 3073.01,1,1
3074.01,TOI 3074.01,1,0
3075.01,TOI 3075.01,1,1
3076.01,TOI 3076.01,1,0
3077.01,TOI 3077.01,1,1
3078.01,TOI 3078.01,1,1
3079.01,TOI 3079.01,1,0
308.01,TOI 308.01,0,1
3080.01,TOI 3080.01,1,1
3081.01,TOI 3081.01,1,1
3082.01,TOI 3082.01,2,2
3083.01,TOI 3083.01,1,1
3084.01,TOI 3084.01,1,1
3085.01,TOI 3085.01,0,0
3086.01,TOI 3086.01,1,1
3087.01,TOI 3087.01,1,0
3088.01,TOI 3088.01,1,0
3089.01,TOI 3089.01,1,1
309.01,TOI 309.01,1,1
3090.01,TOI 3090.01,1,1
3091.01,TOI 3091.01,1,1
3092.01,TOI 3092.01,1,1
3093.01,TOI 3093.01,1,1
3094.01,TOI 3094.01,1,1
3095.01,TOI 3095.01,1,1
3096.01,TOI 3096.01,1,3
3097.01,TOI 3097.01,1,3
3098.01,TOI 3098.01,1,1
3099.01,TOI 3099.01,1,1
310.01,TOI 310.01,1,1
3100.01,TOI 3100.01,1,1
3101.01,TOI 3101.01,1,1
3102.01,TOI 3102.01,1,0
3103.01,TOI 3103.01,1,1
3104.01,TOI 3104.01,1,1
3105.01,TOI 3105.01,1,1
3106.01,TOI 3106.01,1,1
3107.01,TOI 3107.01,1,1
3108.01,TOI 3108.01,1,1
3109.01,TOI 3109.01,0,0
311.01,TOI 311.01,0,3
3110.01,TOI 3110.01,0,0
3111.01,TOI 3111.01,1,1
3112.01,TOI 3112.01,1,1
3113.01,TOI 3113.01,1,0
3114.01,TOI 3114.01,1,1
3115.01,TOI 3115.01,1,1
3116.01,TOI 3116.01,1,1
3117.01,TOI 3117.01,1,1
3118.01,TOI 3118.01,1,1
3119.01,TOI 3119.01,1,1
312.01,TOI 312.01,0,3
3120.01,TOI 3120.01,1,1
3121.01,TOI 3121.01,1,1
3122.01,TOI 3122.01,0,0
3123.01,TOI 3123.01,0,3
3124.01,TOI 3124.01,1,1
3125.01,TOI 3125.01,1,1
3126.01,TOI 3126.01,1,1
3127.01,TOI 3127.01,0,3
3128.01,TOI 3128.01,1,1
3129.01,TOI 3129.01,1,1
313.01,TOI 313.01,0,0
3130.01,TOI 3130.01,1,0
3131.01,TOI 3131.01,1,1
3132.01,TOI 3132.01,1,1
3133.01,TOI 3133.01,1,1
3134.01,TOI 3134.01,1,1
3135.01,TOI 3135.01,1,1
3136.01,TOI 3136.01,1,1
3137.01,TOI 3137.01,1,0
3138.01,TOI 3138.01,1,1
3139.01,TOI 3139.01,1,1
314.01,TOI 314.01,1,1
3140.01,TOI 3140.01,1,0
3141.01,TOI 3141.01,1,1
3142.01,TOI 3142.01,1,0
3143.01,TOI 3143.01,1,0
3144.01,TOI 3144.01,1,1
3145.01,TOI 3145.01,1,1
3146.01,TOI 3146.01,0,1
3147.01,TOI 3147.01,1,0
3148.01,TOI 3148.01,1,1
3149.01,TOI 3149.01,1,0
315.01,TOI 315.01,0,1
3150.01,TOI 3150.01,1,1
3151.01,TOI 3151.01,1,1
3152.01,TOI 3152.01,1,1
3153.01,TOI 3153.01,0,0
3154.01,TOI 3154.01,1,1
3155.01,TOI 3155.01,0,3
3156.01,TOI 3156.01,0,3
3157.01,TOI 3157.01,1,0
3158.01,TOI 3158.01,1,1
3159.01,TOI 3159.01,1,1
316.01,TOI 316.01,0,0
3160.01,TOI 3160.01,1,1
3161.01,TOI 3161.01,1,1
3162.01,TOI 3162.01,1,1
3163.01,TOI 3163.01,1,1
3164.01,TOI 3164.01,0,1
3165.01,TOI 3165.01,1,1
3166.01,TOI 3166.01,1,0
3167.01,TOI 3167.01,1,1
3168.01,TOI 3168.01,1,1
3169.01,TOI 3169.01,1,1
317.01,TOI 317.01,1,1
3170.01,TOI 3170.01,1,0
3171.01,TOI 3171.01,1,0
3172.01,TOI 3172.01,1,1
3173.01,TOI 3173.01,1,1
3174.01,TOI 3174.01,0,1
3175.01,TOI 3175.01,1,0
3176.01,TOI 3176.01,1,1
3177.01,TOI 3177.01,1,1
3178.01,TOI 3178.01,1,0
3179.01,TOI 3179.01,1,1
318.01,TOI 318.01,1,1
3180.01,TOI 3180.01,1,1
3181.01,TOI 3181.01,0,1
3182.01,TOI 3182.01,1,1
3183.01,TOI 3183.01,1,1
3184.01,TOI 3184.01,1,1
3185.01,TOI 3185.01,1,1
3186.01,TOI 3186.01,1,1
3187.01,TOI 3187.01,1,1
3188.01,TOI 3188.01,1,1
3189.01,TOI 3189.01,0,1
319.01,TOI 319.01,0,0
3190.01,TOI 3190.01,1,1
3191.01,TOI 3191.01,1,1
3192.01,TOI 3192.01,1,1
3193.01,TOI 3193.01,1,0
3194.01,TOI 3194.01,1,1
3195.01,TOI 3195.01,1,1
3196.01,TOI 3196.01,1,1
3197.01,TOI 3197.01,1,0
3198.01,TOI 3198.01,1,1
3199.01,TOI 3199.01,1,1
320.01,TOI 320.01,0,0
3200.01,TOI 3200.01,1,1
3201.01,TOI 3201.01,1,0
3202.01,TOI 3202.01,1,1
3203.01,TOI 3203.01,1,1
3204.01,TOI 3204.01,1,0
3205.01,TOI 3205.01,0,0
3206.01,TOI 3206.01,1,1
3207.01,TOI 3207.01,1,0
3208.01,TOI 3208.01,1,1
3209.01,TOI 3209.01,1,0
321.01,TOI 321.01,0,0
3210.01,TOI 3210.01,1,1
3211.01,TOI 3211.01,1,1
3212.01,TOI 3212.01,1,1
3213.01,TOI 3213.01,0,0
3214.01,TOI 3214.01,1,1
3215.01,TOI 3215.01,1,3
3216.01,TOI 3216.01,0,0
3217.01,TOI 3217.01,0,1
3218.01,TOI 3218.01,2,1
3219.01,TOI 3219.01,1,1
322.01,TOI 322.01,1,1
3220.01,TOI 3220.01,0,0
3221.01,TOI 3221.01,0,0
3222.01,TOI 3222.01,1,1
3223.01,TOI 3223.01,1,0
3224.01,TOI 3224.01,1,1
3225.01,TOI 3225.01,1,1
3226.01,TOI 3226.01,1,1
3227.01,TOI 3227.01,1,1
3228.01,TOI 3228.01,1,1
3229.01,TOI 3229.01,1,1
323.01,TOI 323.01,1,1
3230.01,TOI 3230.01,1,1
3231.01,TOI 3231.01,1,1
3232.01,TOI 3232.01,1,1
3233.01,TOI 3233.01,0,3
3234.01,TOI 3234.01,1,0
3235.01,TOI 3235.01,2,2
3236.01,TOI 3236.01,0,1
3237.01,TOI 3237.01,1,1
3238.01,TOI 3238.01,1,0
3239.01,TOI 3239.01,1,1
324.01,TOI 324.01,1,1
3240.01,TOI 3240.01,1,1
3241.01,TOI 3241.01,1,1
3242.01,TOI 3242.01,1,1
3243.01,TOI 3243.01,1,1
3244.01,TOI 3244.01,1,1
3245.01,TOI 3245.01,1,1
3246.01,TOI 3246.01,1,1
3247.01,TOI 3247.01,1,1
3248.01,TOI 3248.01,1,1
3249.01,TOI 3249.01,1,1
325.01,TOI 325.01,1,1
3250.01,TOI 3250.01,1,1
3251.01,TOI 3251.01,1,1
3252.01,TOI 3252.01,1,1
3253.01,TOI 3253.01,0,1
3254.01,TOI 3254.01,1,0
3255.01,TOI 3255.01,1,1
3256.01,TOI 3256.01,1,1
3257.01,TOI 3257.01,0,0
3258.01,TOI 3258.01,1,0
3259.01,TOI 3259.01,1,1
326.01,TOI 326.01,0,3
3260.01,TOI 3260.01,1,1
3261.01,TOI 3261.01,2,2
3262.01,TOI 3262.01,1,1
3263.01,TOI 3263.01,1,1
3264.01,TOI 3264.01,1,1
3265.01,TOI 3265.01,1,1
3266.01,TOI 3266.01,1,1
3267.01,TOI 3267.01,1,1
3268.01,TOI 3268.01,1,1
3269.01,TOI 3269.01,1,1
327.01,TOI 327.01,1,1
3270.01,TOI 3270.01,1,1
3271.01,TOI 3271.01,1,1
3272.01,TOI 3272.01,1,1
3273.01,TOI 3273.01,1,1
3274.01,TOI 3274.01,1,1
3275.01,TOI 3275.01,1,0
3276.01,TOI 3276.01,1,1
3277.01,TOI 3277.01,1,1
3278.01,TOI 3278.01,1,1
3279.01,TOI 3279.01,1,1
328.01,TOI 328.01,1,1
3280.01,TOI 3280.01,1,1
3281.01,TOI 3281.01,1,1
3282.01,TOI 3282.01,0,3
3283.01,TOI 3283.01,1,1
3284.01,TOI 3284.01,1,1
3285.01,TOI 3285.01,1,1
3286.01,TOI 3286.01,1,1
3287.01,TOI 3287.01,1,1
3288.01,TOI 3288.01,1,1
3289.01,TOI 3289.01,1,1
329.01,TOI 329.01,2,1
3290.01,TOI 3290.01,0,1
3291.01,TOI 3291.01,1,1
3292.01,TOI 3292.01,1,1
3293.01,TOI 3293.01,1,1
3294.01,TOI 3294.01,1,1
3295.01,TOI 3295.01,1,1
3296.01,TOI 3296.01,1,1
3297.01,TOI 3297.01,1,1
3298.01,TOI 3298.01,1,1
3299.01,TOI 3299.01,1,1
330.01,TOI 330.01,1,1
3300.01,TOI 3300.01,1,1
3301.01,TOI 3301.01,1,1
3302.01,TOI 3302.01,1,1
3303.01,TOI 3303.01,1,1
3304.01,TOI 3304.01,1,1
3305.01,TOI 3305.01,1,1
3306.01,TOI 3306.01,0,1
3307.01,TOI 3307.01,1,1
3308.01,TOI 3308.01,0,0
3309.01,TOI 3309.01,1,1
331.01,TOI 331.01,0,0
3310.01,TOI 3310.01,1,1
3311.01,TOI 3311.01,0,1
3312.01,TOI 3312.01,1,0
3313.01,TOI 3313.01,0,0
3314.01,TOI 3314.01,1,1
3315.01,TOI 3315.01,1,1
3316.01,TOI 3316.01,1,1
3317.01,TOI 3317.01,1,1
3318.01,TOI 3318.01,1,1
3319.01,TOI 3319.01,0,0
332.01,TOI 332.01,2,2
3320.01,TOI 3320.01,1,1
3321.01,TOI 3321.01,2,2
3322.01,TOI 3322.01,1,1
3323.01,TOI 3323.01,0,0
3324.01,TOI 3324.01,1,1
3325.01,TOI 3325.01,1,1
3326.01,TOI 3326.01,1,1
3327.01,TOI 3327.01,1,1
3328.01,TOI 3328.01,1,1
3329.01,TOI 3329.01,1,1
333.01,TOI 333.01,1,2
3330.01,TOI 3330.01,1,1
3331.01,TOI 3331.01,2,2
3332.01,TOI 3332.01,0,0
3333.01,TOI 3333.01,1,0
3334.01,TOI 3334.01,1,1
3335.01,TOI 3335.01,1,1
3336.01,TOI 3336.01,1,3
3337.01,TOI 3337.01,1,1
3338.01,TOI 3338.01,1,1
3339.01,TOI 3339.01,1,0
334.01,TOI 334.01,0,3
3340.01,TOI 3340.01,0,0
3341.01,TOI 3341.01,1,1
3342.01,TOI 3342.01,1,1
3343.01,TOI 3343.01,0,1
3344.01,TOI 3344.01,1,1
3345.01,TOI 3345.01,1,1
3346.01,TOI 3346.01,1,1
3347.01,TOI 3347.01,0,0
3348.01,TOI 3348.01,1,0
3349.01,TOI 3349.01,0,3
335.01,TOI 335.01,0,0
3350.01,TOI 3350.01,1,1
3351.01,TOI 3351.01,1,1
3352.01,TOI 3352.01,1,1
3353.01,TOI 3353.01,2,1
3353.02,TOI 3353.02,1,1
3354.01,TOI 3354.01,1,1
3355.01,TOI 3355.01,1,1
3356.01,TOI 3356.01,1,1
3357.01,TOI 3357.01,0,0
3358.01,TOI 3358.01,0,1
3359.01,TOI 3359.01,1,1
336.01,TOI 336.01,0,0
3360.01,TOI 3360.01,0,0
3361.01,TOI 3361.01,0,3
3362.01,TOI 3362.01,2,1
3363.01,TOI 3363.01,1,0
3364.01,TOI 3364.01,2,2
3365.01,TOI 3365.01,1,1
3366.01,TOI 3366.01,1,1
3367.01,TOI 3367.01,1,1
3368.01,TOI 3368.01,1,1
3369.01,TOI 3369.01,0,0
337.01,TOI 337.01,0,0
3370.01,TOI 3370.01,1,1
3371.01,TOI 3371.01,1,1
3372.01,TOI 3372.01,0,0
3373.01,TOI 3373.01,1,1
3374.01,TOI 3374.01,1,1
3375.01,TOI 3375.01,0,0
3376.01,TOI 3376.01,1,1
3377.01,TOI 3377.01,0,0
3378.01,TOI 3378.01,1,1
3379.01,TOI 3379.01,0,0
338.01,TOI 338.01,1,1
3380.01,TOI 3380.01,0,1
3381.01,TOI 3381.01,0,0
3382.01,TOI 3382.01,1,1
3383.01,TOI 3383.01,1,1
3384.01,TOI 3384.01,1,1
3385.01,TOI 3385.01,0,0
3386.01,TOI 3386.01,1,1
3387.01,TOI 3387.01,1,0
3388.01,TOI 3388.01,0,0
3389.01,TOI 3389.01,0,0
339.01,TOI 339.01,0,0
3390.01,TOI 3390.01,0,3
3391.01,TOI 3391.01,1,1
3392.01,TOI 3392.01,0,3
3393.01,TOI 3393.01,1,1
3394.01,TOI 3394.01,1,1
3395.01,TOI 3395.01,1,1
3396.01,TOI 3396.01,1,1
3397.01,TOI 3397.01,1,1
3398.01,TOI 3398.01,1,1
3399.01,TOI 3399.01,0,0
340.01,TOI 340.01,1,0
3400.01,TOI 3400.01,1,1
3401.01,TOI 3401.01,1,1
3402.01,TOI 3402.01,0,0
3403.01,TOI 3403.01,1,1
3404.01,TOI 3404.01,1,1
3405.01,TOI 3405.01,1,1
3406.01,TOI 3406.01,1,1
3407.01,TOI 3407.01,1,1
3408.01,TOI 3408.01,0,1
3409.01,TOI 3409.01,1,1
341.01,TOI 341.01,1,1
3410.01,TOI 3410.01,1,0
3411.01,TOI 3411.01,1,0
3412.01,TOI 3412.01,1,1
3413.01,TOI 3413.01,1,1
3414.01,TOI 3414.01,1,1
3415.01,TOI 3415.01,1,1
3416.01,TOI 3416.01,1,1
3417.01,TOI 3417.01,1,1
3418.01,TOI 3418.01,1,0
3419.01,TOI 3419.01,1,0
342.01,TOI 342.01,0,1
3420.01,TOI 3420.01,0,0
3421.01,TOI 3421.01,1,1
3422.01,TOI 3422.01,1,1
3423.01,TOI 3423.01,0,0
3424.01,TOI 3424.01,0,0
3425.01,TOI 3425.01,1,0
3426.01,TOI 3426.01,1,1
3427.01,TOI 3427.01,1,1
3428.01,TOI 3428.01,1,0
3429.01,TOI 3429.01,1,1
343.01,TOI 343.01,1,1
3430.01,TOI 3430.01,0,1
3431.01,TOI 3431.01,1,1
3432.01,TOI 3432.01,1,1
3433.01,TOI 3433.01,1,1
3434.01,TOI 3434.01,1,1
3435.01,TOI 3435.01,0,0
3436.01,TOI 3436.01,0,0
3437.01,TOI 3437.01,1,1
3438.01,TOI 3438.01,1,1
3439.01,TOI 3439.01,1,1
344.01,TOI 344.01,1,1
3440.01,TOI 3440.01,0,0
3441.01,TOI 3441.01,1,1
3442.01,TOI 3442.01,1,1
3443.01,TOI 3443.01,1,1
3444.01,TOI 3444.01,1,1
3445.01,TOI 3445.01,1,1
3446.01,TOI 3446.01,1,0
3447.01,TOI 3447.01,1,1
3448.01,TOI 3448.01,1,0
3449.01,TOI 3449.01,1,1
345.01,TOI 345.01,1,1
3450.01,TOI 3450.01,1,0
3451.01,TOI 3451.01,1,1
3452.01,TOI 3452.01,1,1
3453.01,TOI 3453.01,1,1
3454.01,TOI 3454.01,1,1
3455.01,TOI 3455.01,0,3
3456.01,TOI 3456.01,1,1
3457.01,TOI 3457.01,1,1
3458.01,TOI 3458.01,1,1
3459.01,TOI 3459.01,1,1
346.01,TOI 346.01,1,0
3460.01,TOI 3460.01,1,1
3461.01,TOI 3461.01,1,1
3462.01,TOI 3462.01,1,1
3463.01,TOI 3463.01,1,0
3464.01,TOI 3464.01,1,1
3465.01,TOI 3465.01,1,0
3466.01,TOI 3466.01,0,0
3467.01,TOI 3467.01,0,0
3468.01,TOI 3468.01,0,1
3469.01,TOI 3469.01,1,1
347.01,TOI 347.01,1,1
3470.01,TOI 3470.01,1,1
3471.01,TOI 3471.01,1,1
3472.01,TOI 3472.01,0,0
3473.01,TOI 3473.01,1,1
3474.01,TOI 3474.01,1,1
3475.01,TOI 3475.01,1,1
3476.01,TOI 3476.01,1,1
3477.01,TOI 3477.01,1,1
3478.01,TOI 3478.01,1,1
3479.01,TOI 3479.01,1,1
348.01,TOI 348.01,1,1
3480.01,TOI 3480.01,1,0
3481.01,TOI 3481.01,1,1
3482.01,TOI 3482.01,0,0
3483.01,TOI 3483.01,1,1
3484.01,TOI 3484.01,1,1
3485.01,TOI 3485.01,1,1
3485.02,TOI 3485.02,1,1
3486.01,TOI 3486.01,1,1
3487.01,TOI 3487.01,0,3
3488.01,TOI 3488.01,1,1
3489.01,TOI 3489.01,1,1
349.01,TOI 349.01,0,0
3490.01,TOI 3490.01,1,1
3491.01,TOI 3491.01,1,0
3492.01,TOI 3492.01,1,1
3493.01,TOI 3493.01,1,1
3494.01,TOI 3494.01,1,2
3495.01,TOI 3495.01,1,1
3496.01,TOI 3496.01,1,0
3497.01,TOI 3497.01,1,1
3498.01,TOI 3498.01,1,1
3499.01,TOI 3499.01,1,1
350.01,TOI 350.01,0,3
3500.01,TOI 3500.01,1,1
3501.01,TOI 3501.01,0,3
3502.01,TOI 3502.01,1,1
3503.01,TOI 3503.01,1,1
3504.01,TOI 3504.01,0,1
3505.01,TOI 3505.01,1,1
3506.01,TOI 3506.01,1,1
3507.01,TOI 3507.01,0,0
3508.01,TOI 3508.01,0,0
3509.01,TOI 3509.01,1,1
351.01,TOI 351.01,1,1
3510.01,TOI 3510.01,1,1
3511.01,TOI 3511.01,0,3
3512.01,TOI 3512.01,0,0
3513.01,TOI 3513.01,1,1
3514.01,TOI 3514.01,1,1
3515.01,TOI 3515.01,1,1
3516.01,TOI 3516.01,1,1
3517.01,TOI 3517.01,1,1
3518.01,TOI 3518.01,1,1
3519.01,TOI 3519.01,1,1
352.01,TOI 352.01,0,3
3520.01,TOI 3520.01,1,1
3521.01,TOI 3521.01,1,1
3522.01,TOI 3522.01,1,1
3523.01,TOI 3523.01,1,1
3524.01,TOI 3524.01,0,1
3525.01,TOI 3525.01,0,1
3526.01,TOI 3526.01,0,0
3527.01,TOI 3527.01,1,1
3528.01,TOI 3528.01,0,0
3529.01,TOI 3529.01,1,1
353.01,TOI 353.01,1,0
3530.01,TOI 3530.01,0,0
3531.01,TOI 3531.01,0,3
3532.01,TOI 3532.01,1,0
3533.01,TOI 3533.01,1,1
3534.01,TOI 3534.01,1,1
3535.01,TOI 3535.01,1,0
3536.01,TOI 3536.01,0,0
3537.01,TOI 3537.01,0,1
3538.01,TOI 3538.01,1,1
3539.01,TOI 3539.01,1,1
354.01,TOI 354.01,0,3
3540.01,TOI 3540.01,2,2
3541.01,TOI 3541.01,0,0
3542.01,TOI 3542.01,0,1
3543.01,TOI 3543.01,1,1
3544.01,TOI 3544.01,1,1
3545.01,TOI 3545.01,1,1
3546.01,TOI 3546.01,1,1
3547.01,TOI 3547.01,1,1
3548.01,TOI 3548.01,0,0
3549.01,TOI 3549.01,0,1
355.01,TOI 355.01,0,1
3550.01,TOI 3550.01,1,1
3551.01,TOI 3551.01,1,1
3552.01,TOI 3552.01,1,1
3553.01,TOI 3553.01,1,1
3554.01,TOI 3554.01,1,0
3555.01,TOI 3555.01,1,1
3556.01,TOI 3556.01,0,1
3557.01,TOI 3557.01,0,0
3558.01,TOI 3558.01,1,1
3559.01,TOI 3559.01,1,1
356.01,TOI 356.01,1,1
3560.01,TOI 3560.01,1,0
3561.01,TOI 3561.01,0,1
3562.01,TOI 3562.01,0,0
3563.01,TOI 3563.01,1,1
3564.01,TOI 3564.01,1,1
3565.01,TOI 3565.01,0,1
3566.01,TOI 3566.01,0,0
3567.01,TOI 3567.01,1,1
3568.01,TOI 3568.01,2,2
3569.01,TOI 3569.01,1,1
357.01,TOI 357.01,0,0
3570.01,TOI 3570.01,1,1
3571.01,TOI 3571.01,1,1
3572.01,TOI 3572.01,0,0
3573.01,TOI 3573.01,1,1
3574.01,TOI 3574.01,1,1
3575.01,TOI 3575.01,1,1
3576.01,TOI 3576.01,1,1
3577.01,TOI 3577.01,2,1
3578.01,TOI 3578.01,0,0
3579.01,TOI 3579.01,0,0
358.01,TOI 358.01,1,1
3580.01,TOI 3580.01,0,0
3581.01,TOI 3581.01,0,0
3582.01,TOI 3582.01,1,1
3583.01,TOI 3583.01,1,0
3584.01,TOI 3584.01,1,0
3585.01,TOI 3585.01,1,1
3586.01,TOI 3586.01,1,1
3587.01,TOI 3587.01,1,1
3588.01,TOI 3588.01,1,1
3589.01,TOI 3589.01,1,1
359.01,TOI 359.01,1,1
3590.01,TOI 3590.01,0,3
3591.01,TOI 3591.01,1,1
3592.01,TOI 3592.01,1,1
3593.01,TOI 3593.01,1,1
3594.01,TOI 3594.01,1,1
3595.01,TOI 3595.01,1,1
3596.01,TOI 3596.01,1,1
3597.01,TOI 3597.01,1,1
3598.01,TOI 3598.01,1,3
3599.01,TOI 3599.01,1,1
360.01,TOI 360.01,0,0
3600.01,TOI 3600.01,1,1
3601.01,TOI 3601.01,1,1
3602.01,TOI 3602.01,1,1
3603.01,TOI 3603.01,1,1
3604.01,TOI 3604.01,1,0
3605.01,TOI 3605.01,1,1
3606.01,TOI 3606.01,1,1
3607.01,TOI 3607.01,1,3
3608.01,TOI 3608.01,0,1
3609.01,TOI 3609.01,1,1
361.01,TOI 361.01,0,3
3610.01,TOI 3610.01,0,0
3611.01,TOI 3611.01,1,1
3612.01,TOI 3612.01,1,1
3613.01,TOI 3613.01,1,1
3614.01,TOI 3614.01,0,0
3615.01,TOI 3615.01,1,1
3616.01,TOI 3616.01,1,1
3617.01,TOI 3617.01,1,1
3618.01,TOI 3618.01,1,1
3619.01,TOI 3619.01,1,1
362.01,TOI 362.01,1,1
3620.01,TOI 3620.01,1,1
3621.01,TOI 3621.01,0,0
3622.01,TOI 3622.01,1,1
3623.01,TOI 3623.01,1,1
3624.01,TOI 3624.01,1,1
3625.01,TOI 3625.01,1,1
3626.01,TOI 3626.01,0,0
3627.01,TOI 3627.01,0,0
3628.01,TOI 3628.01,1,1
3629.01,TOI 3629.01,2,2
363.01,TOI 363.01,0,3
3630.01,TOI 3630.01,1,1
3631.01,TOI 3631.01,0,0
3632.01,TOI 3632.01,1,1
3633.01,TOI 3633.01,1,1
3634.01,TOI 3634.01,0,1
3635.01,TOI 3635.01,1,1
3636.01,TOI 3636.01,1,1
3637.01,TOI 3637.01,1,0
3638.01,TOI 3638.01,1,1
3639.01,TOI 3639.01,1,1
364.01,TOI 364.01,1,1
3640.01,TOI 3640.01,1,1
3641.01,TOI 3641.01,1,1
3642.01,TOI 3642.01,1,1
3643.01,TOI 3643.01,0,0
3644.01,TOI 3644.01,1,1
3645.01,TOI 3645.01,1,1
3646.01,TOI 3646.01,1,1
3647.01,TOI 3647.01,1,0
3648.01,TOI 3648.01,1,1
3649.01,TOI 3649.01,1,1
365.01,TOI 365.01,0,3
3650.01,TOI 3650.01,1,1
3651.01,TOI 3651.01,1,1
3652.01,TOI 3652.01,1,1
3653.01,TOI 3653.01,1,1
3654.01,TOI 3654.01,1,1
3655.01,TOI 3655.01,0,0
3656.01,TOI 3656.01,1,1
3657.01,TOI 3657.01,1,1
3658.01,TOI 3658.01,0,0
3659.01,TOI 3659.01,0,0
366.01,TOI 366.01,1,1
3660.01,TOI 3660.01,1,1
3661.01,TOI 3661.01,1,0
3662.01,TOI 3662.01,1,1
3663.01,TOI 3663.01,0,1
3664.01,TOI 3664.01,1,1
3665.01,TOI 3665.01,1,1
3666.01,TOI 3666.01,1,1
3667.01,TOI 3667.01,1,1
3668.01,TOI 3668.01,1,1
3669.01,TOI 3669.01,1,1
367.01,TOI 367.01,0,0
3670.01,TOI 3670.01,1,1
3671.01,TOI 3671.01,1,1
3672.01,TOI 3672.01,0,0
3673.01,TOI 3673.01,1,1
3674.01,TOI 3674.01,1,1
3675.01,TOI 3675.01,1,1
3676.01,TOI 3676.01,1,1
3677.01,TOI 3677.01,0,1
3678.01,TOI 3678.01,0,1
3679.01,TOI 3679.01,1,1
368.01,TOI 368.01,0,1
3680.01,TOI 3680.01,0,3
3681.01,TOI 3681.01,1,1
3682.01,TOI 3682.01,1,1
3683.01,TOI 3683.01,1,1
3684.01,TOI 3684.01,0,1
3685.01,TOI 3685.01,1,1
3686.01,TOI 3686.01,1,1
3687.01,TOI 3687.01,1,0
3688.01,TOI 3688.01,2,2
3689.01,TOI 3689.01,1,1
369.01,TOI 369.01,1,3
3690.01,TOI 3690.01,1,1
3691.01,TOI 3691.01,1,1
3692.01,TOI 3692.01,1,0
3693.01,TOI 3693.01,2,2
3694.01,TOI 3694.01,1,1
3695.01,TOI 3695.01,0,3
3696.01,TOI 3696.01,1,1
3697.01,TOI 3697.01,0,3
3698.01,TOI 3698.01,1,1
3699.01,TOI 3699.01,1,1
370.01,TOI 370.01,1,1
3700.01,TOI 3700.01,1,1
3701.01,TOI 3701.01,1,1
3702.01,TOI 3702.01,1,1
3703.01,TOI 3703.01,1,1
3704.01,TOI 3704.01,1,1
3705.01,TOI 3705.01,1,1
3706.01,TOI 3706.01,1,1
3707.01,TOI 3707.01,1,1
3708.01,TOI 3708.01,1,1
3709.01,TOI 3709.01,1,2
371.01,TOI 371.01,1,1
3710.01,TOI 3710.01,1,1
3711.01,TOI 3711.01,1,1
3712.01,TOI 3712.01,1,1
3713.01,TOI 3713.01,1,1
3714.01,TOI 3714.01,2,2
3715.01,TOI 3715.01,1,1
3716.01,TOI 3716.01,1,0
3717.01,TOI 3717.01,0,3
3718.01,TOI 3718.01,1,1
3719.01,TOI 3719.01,1,1
372.01,TOI 372.01,0,3
3720.01,TOI 3720.01,1,1
3721.01,TOI 3721.01,1,1
3722.01,TOI 3722.01,1,1
3723.01,TOI 3723.01,1,1
3725.01,TOI 3725.01,0,1
3726.01,TOI 3726.01,1,1
3727.01,TOI 3727.01,1,1
3728.01,TOI 3728.01,0,0
3729.01,TOI 3729.01,1,1
373.01,TOI 373.01,0,0
3730.01,TOI 3730.01,1,0
3731.01,TOI 3731.01,0,1
3732.01,TOI 3732.01,1,1
3733.01,TOI 3733.01,0,0
3734.01,TOI 3734.01,1,0
3735.01,TOI 3735.01,1,1
3736.01,TOI 3736.01,1,1
3737.01,TOI 3737.01,1,1
3738.01,TOI 3738.01,1,1
3739.01,TOI 3739.01,1,1
374.01,TOI 374.01,1,1
3740.01,TOI 3740.01,0,0
3741.01,TOI 3741.01,1,1
3742.01,TOI 3742.01,0,0
3743.01,TOI 3743.01,1,0
3744.01,TOI 3744.01,1,1
3745.01,TOI 3745.01,1,1
3746.01,TOI 3746.01,0,0
3747.01,TOI 3747.01,1,1
3748.01,TOI 3748.01,1,1
3749.01,TOI 3749.01,1,1
375.01,TOI 375.01,1,1
3750.01,TOI 3750.01,1,1
3751.01,TOI 3751.01,1,1
3752.01,TOI 3752.01,1,0
3753.01,TOI 3753.01,0,1
3754.01,TOI 3754.01,1,1
3755.01,TOI 3755.01,2,1
3756.01,TOI 3756.01,0,1
3757.01,TOI 3757.01,2,1
3758.01,TOI 3758.01,1,1
3759.01,TOI 3759.01,0,0
376.01,TOI 376.01,1,1
3760.01,TOI 3760.01,0,0
3761.01,TOI 3761.01,1,0
3762.01,TOI 3762.01,1,1
3763.01,TOI 3763.01,1,1
3764.01,TOI 3764.01,1,1
3765.01,TOI 3765.01,1,1
3766.01,TOI 3766.01,1,1
3767.01,TOI 3767.01,1,1
3768.01,TOI 3768.01,1,1
3769.01,TOI 3769.01,1,1
377.01,TOI 377.01,0,0
3770.01,TOI 3770.01,1,1
3771.01,TOI 3771.01,1,1
3772.01,TOI 3772.01,1,1
3773.01,TOI 3773.01,1,1
3774.01,TOI 3774.01,1,3
3775.01,TOI 3775.01,1,1
3776.01,TOI 3776.01,0,3
3777.01,TOI 3777.01,1,1
3778.01,TOI 3778.01,1,1
3779.01,TOI 3779.01,1,0
378.01,TOI 378.01,0,1
3780.01,TOI 3780.01,1,1
3781.01,TOI 3781.01,0,1
3782.01,TOI 3782.01,0,3
3783.01,TOI 3783.01,1,1
3784.01,TOI 3784.01,1,1
3785.01,TOI 3785.01,2,2
3786.01,TOI 3786.01,0,3
3787.01,TOI 3787.01,1,1
3788.01,TOI 3788.01,1,1
3789.01,TOI 3789.01,1,1
379.01,TOI 379.01,0,0
3790.01,TOI 3790.01,0,1
3791.01,TOI 3791.01,1,1
3792.01,TOI 3792.01,0,3
3793.01,TOI 3793.01,1,1
3794.01,TOI 3794.01,0,3
3795.01,TOI 3795.01,0,0
3796.01,TOI 3796.01,0,0
3797.01,TOI 3797.01,1,1
3798.01,TOI 3798.01,1,1
3799.01,TOI 3799.01,0,1
380.01,TOI 380.01,1,1
3800.01,TOI 3800.01,1,1
3801.01,TOI 3801.01,1,1
3802.01,TOI 3802.01,1,1
3803.01,TOI 3803.01,1,1
3804.01,TOI 3804.01,1,1
3805.01,TOI 3805.01,1,1
3806.01,TOI 3806.01,0,3
3807.01,TOI 3807.01,2,1
3808.01,TOI 3808.01,0,1
3809.01,TOI 3809.01,1,1
381.01,TOI 381.01,0,0
3810.01,TOI 3810.01,0,0
3811.01,TOI 3811.01,1,1
3812.01,TOI 3812.01,1,1
3813.01,TOI 3813.01,1,1
3814.01,TOI 3814.01,1,1
3815.01,TOI 3815.01,1,1
3816.01,TOI 3816.01,1,3
3817.01,TOI 3817.01,1,1
3818.01,TOI 3818.01,1,1
3819.01,TOI 3819.01,2,1
382.01,TOI 382.01,0,0
3820.01,TOI 3820.01,1,1
3821.01,TOI 3821.01,1,1
3822.01,TOI 3822.01,1,1
3823.01,TOI 3823.01,0,3
3824.01,TOI 3824.01,0,1
3825.01,TOI 3825.01,0,1
3826.01,TOI 3826.01,0,3
3827.01,TOI 3827.01,0,1
3828.01,TOI 3828.01,1,2
3829.01,TOI 3829.01,1,1
383.01,TOI 383.01,0,1
3830.01,TOI 3830.01,1,1
3831.01,TOI 3831.01,1,0
3832.01,TOI 3832.01,1,1
3833.01,TOI 3833.01,0,3
3834.01,TOI 3834.01,1,1
3835.01,TOI 3835.01,1,1
3836.01,TOI 3836.01,1,0
3837.01,TOI 3837.01,2,1
3838.01,TOI 3838.01,0,3
3839.01,TOI 3839.01,1,1
384.01,TOI 384.01,0,0
3840.01,TOI 3840.01,1,1
3841.01,TOI 3841.01,1,1
3842.01,TOI 3842.01,1,1
3843.01,TOI 3843.01,0,2
3844.01,TOI 3844.01,0,3
3845.01,TOI 3845.01,0,1
3846.01,TOI 3846.01,1,1
3847.01,TOI 3847.01,1,1
3848.01,TOI 3848.01,1,1
3849.01,TOI 3849.01,1,1
385.01,TOI 385.01,0,0
3850.01,TOI 3850.01,1,1
3851.01,TOI 3851.01,1,1
3852.01,TOI 3852.01,1,1
3853.01,TOI 3853.01,1,1
3854.01,TOI 3854.01,1,1
3855.01,TOI 3855.01,1,1
3856.01,TOI 3856.01,1,1
3857.01,TOI 3857.01,1,1
3858.01,TOI 3858.01,1,1
3859.01,TOI 3859.01,0,3
386.01,TOI 386.01,1,1
3860.01,TOI 3860.01,1,1
3861.01,TOI 3861.01,1,1
3862.01,TOI 3862.01,1,1
3863.01,TOI 3863.01,1,1
3864.01,TOI 3864.01,0,0
3865.01,TOI 3865.01,1,1
3866.01,TOI 3866.01,1,1
3867.01,TOI 3867.01,1,1
3868.01,TOI 3868.01,1,1
3869.01,TOI 3869.01,0,3
387.01,TOI 387.01,0,1
3870.01,TOI 3870.01,1,1
3871.01,TOI 3871.01,1,1
3872.01,TOI 3872.01,1,1
3873.01,TOI 3873.01,1,1
3874.01,TOI 3874.01,1,1
3875.01,TOI 3875.01,1,1
3876.01,TOI 3876.01,1,1
3877.01,TOI 3877.01,1,1
3878.01,TOI 3878.01,1,1
3879.01,TOI 3879.01,1,1
388.01,TOI 388.01,1,1
3880.01,TOI 3880.01,1,1
3881.01,TOI 3881.01,1,1
3882.01,TOI 3882.01,0,1
3883.01,TOI 3883.01,0,1
3884.01,TOI 3884.01,2,2
3885.01,TOI 3885.01,0,1
3886.01,TOI 3886.01,1,0
3887.01,TOI 3887.01,1,1
3888.01,TOI 3888.01,1,1
3889.01,TOI 3889.01,1,1
389.01,TOI 389.01,0,0
3890.01,TOI 3890.01,0,0
3891.01,TOI 3891.01,1,1
3892.01,TOI 3892.01,1,1
3893.01,TOI 3893.01,1,1
3894.01,TOI 3894.01,2,2
3895.01,TOI 3895.01,1,1
3896.01,TOI 3896.01,1,1
3897.01,TOI 3897.01,1,1
3898.01,TOI 3898.01,1,1
3899.01,TOI 3899.01,1,1
390.01,TOI 390.01,0,0
3900.01,TOI 3900.01,1,1
3901.01,TOI 3901.01,1,1
3902.01,TOI 3902.01,1,1
3903.01,TOI 3903.01,1,1
3904.01,TOI 3904.01,0,3
3905.01,TOI 3905.01,1,1
3906.01,TOI 3906.01,0,3
3907.01,TOI 3907.01,1,1
3908.01,TOI 3908.01,0,3
3909.01,TOI 3909.01,1,1
391.01,TOI 391.01,1,1
3910.01,TOI 3910.01,1,1
3911.01,TOI 3911.01,1,1
3912.01,TOI 3912.01,2,2
3913.01,TOI 3913.01,1,1
3914.01,TOI 3914.01,0,1
3915.01,TOI 3915.01,1,1
3916.01,TOI 3916.01,1,1
3917.01,TOI 3917.01,0,3
3918.01,TOI 3918.01,1,1
3919.01,TOI 3919.01,2,1
392.01,TOI 392.01,0,1
3920.01,TOI 3920.01,0,3
3921.01,TOI 3921.01,0,0
3922.01,TOI 3922.01,1,1
3923.01,TOI 3923.01,1,1
3924.01,TOI 3924.01,0,0
3925.01,TOI 3925.01,0,0
3926.01,TOI 3926.01,1,1
3927.01,TOI 3927.01,1,1
3928.01,TOI 3928.01,1,1
3929.01,TOI 3929.01,1,1
393.01,TOI 393.01,0,2
3930.01,TOI 3930.01,1,0
3931.01,TOI 3931.01,1,1
3932.01,TOI 3932.01,0,1
3933.01,TOI 3933.01,1,1
3934.01,TOI 3934.01,1,1
3935.01,TOI 3935.01,1,0
3936.01,TOI 3936.01,1,0
3937.01,TOI 3937.01,1,1
3938.01,TOI 3938.01,0,1
3939.01,TOI 3939.01,1,1
394.01,TOI 394.01,0,3
3940.01,TOI 3940.01,1,1
3941.01,TOI 3941.01,1,1
3942.01,TOI 3942.01,1,1
3943.01,TOI 3943.01,1,1
3944.01,TOI 3944.01,1,1
3945.01,TOI 3945.01,1,1
3946.01,TOI 3946.01,1,1
3947.01,TOI 3947.01,1,1
3948.01,TOI 3948.01,0,0
3949.01,TOI 3949.01,1,1
395.01,TOI 395.01,0,0
3950.01,TOI 3950.01,1,1
3951.01,TOI 3951.01,1,1
3952.01,TOI 3952.01,1,1
3953.01,TOI 3953.01,1,1
3954.01,TOI 3954.01,1,1
3955.01,TOI 3955.01,1,1
3956.01,TOI 3956.01,1,1
3957.01,TOI 3957.01,0,0
3958.01,TOI 3958.01,1,1
3959.01,TOI 3959.01,1,1
396.01,TOI 396.01,2,2
396.02,TOI 396.02,2,2
396.03,TOI 396.03,2,2
3960.01,TOI 3960.01,1,1
3961.01,TOI 3961.01,1,0
3962.01,TOI 3962.01,1,1
3963.01,TOI 3963.01,1,1
3964.01,TOI 3964.01,0,0
3965.01,TOI 3965.01,1,1
3966.01,TOI 3966.01,0,1
3967.01,TOI 3967.01,1,1
3968.01,TOI 3968.01,0,1
3969.01,TOI 3969.01,1,0
397.01,TOI 397.01,0,0
3970.01,TOI 3970.01,1,1
3971.01,TOI 3971.01,1,0
3972.01,TOI 3972.01,1,1
3973.01,TOI 3973.01,1,0
3974.01,TOI 3974.01,1,1
3975.01,TOI 3975.01,0,0
3976.01,TOI 3976.01,2,1
3977.01,TOI 3977.01,1,1
3978.01,TOI 3978.01,1,1
3979.01,TOI 3979.01,0,0
398.01,TOI 398.01,1,1
3980.01,TOI 3980.01,1,1
3981.01,TOI 3981.01,0,0
3982.01,TOI 3982.01,1,1
3983.01,TOI 3983.01,0,1
3984.01,TOI 3984.01,2,2
3985.01,TOI 3985.01,0,0
3986.01,TOI 3986.01,0,0
3987.01,TOI 3987.01,0,0
3988.01,TOI 3988.01,1,1
3989.01,TOI 3989.01,0,0
399.01,TOI 399.01,0,0
3990.01,TOI 3990.01,0,0
3991.01,TOI 3991.01,1,0
3992.01,TOI 3992.01,1,1
3993.01,TOI 3993.01,1,1
3994.01,TOI 3994.01,0,0
3995.01,TOI 3995.01,0,0
3996.01,TOI 3996.01,0,0
3997.01,TOI 3997.01,1,1
3998.01,TOI 3998.01,1,1
3999.01,TOI 3999.01,0,1
400.01,TOI 400.01,1,1
4000.01,TOI 4000.01,1,1
4001.01,TOI 4001.01,1,1
4002.01,TOI 4002.01,0,1
4003.01,TOI 4003.01,1,1
4004.01,TOI 4004.01,1,1
4005.01,TOI 4005.01,0,0
4006.01,TOI 4006.01,0,0
4007.01,TOI 4007.01,1,1
4008.01,TOI 4008.01,0,0
4009.01,TOI 4009.01,1,1
401.01,TOI 401.01,0,0
4010.01,TOI 4010.01,2,1
4010.02,TOI 4010.02,2,2
4010.03,TOI 4010.03,2,2
4011.01,TOI 4011.01,1,1
4012.01,TOI 4012.01,1,1
4013.01,TOI 4013.01,1,1
4014.01,TOI 4014.01,1,1
4015.01,TOI 4015.01,1,1
4016.01,TOI 4016.01,1,1
4016.02,TOI 4016.02,1,1
4017.01,TOI 4017.01,1,1
4018.01,TOI 4018.01,1,1
4019.01,TOI 4019.01,0,0
402.01,TOI 402.01,2,2
402.02,TOI 402.02,2,2
4020.01,TOI 4020.01,0,0
4021.01,TOI 4021.01,1,1
4022.01,TOI 4022.01,1,3
4023.01,TOI 4023.01,1,1
4024.01,TOI 4024.01,1,1
4025.01,TOI 4025.01,1,1
4026.01,TOI 4026.01,1,0
4027.01,TOI 4027.01,1,1
4028.01,TOI 4028.01,1,1
4029.01,TOI 4029.01,1,1
403.01,TOI 403.01,1,1
4030.01,TOI 4030.01,1,1
4031.01,TOI 4031.01,1,1
4032.01,TOI 4032.01,0,1
4033.01,TOI 4033.01,1,2
4034.01,TOI 4034.01,1,1
4035.01,TOI 4035.01,1,0
4036.01,TOI 4036.01,0,0
4037.01,TOI 4037.01,0,0
4038.01,TOI 4038.01,1,1
4039.01,TOI 4039.01,1,1
404.01,TOI 404.01,1,1
4040.01,TOI 4040.01,1,1
4041.01,TOI 4041.01,1,1
4042.01,TOI 4042.01,1,1
4043.01,TOI 4043.01,1,1
4044.01,TOI 4044.01,0,0
4045.01,TOI 4045.01,1,1
4046.01,TOI 4046.01,1,1
4047.01,TOI 4047.01,1,1
4048.01,TOI 4048.01,0,1
4049.01,TOI 4049.01,1,1
405.01,TOI 405.01,0,0
4050.01,TOI 4050.01,1,1
4051.01,TOI 4051.01,1,1
4052.01,TOI 4052.01,0,0
4053.01,TOI 4053.01,0,1
4054.01,TOI 4054.01,1,1
4055.01,TOI 4055.01,1,1
4056.01,TOI 4056.01,1,1
4057.01,TOI 4057.01,1,1
4058.01,TOI 4058.01,1,1
4059.01,TOI 4059.01,1,1
406.01,TOI 406.01,2,2
406.02,TOI 406.02,2,2
4060.01,TOI 4060.01,1,1
4061.01,TOI 4061.01,0,1
4062.01,TOI 4062.01,1,1
4063.01,TOI 4063.01,0,3
4064.01,TOI 4064.01,1,1
4065.01,TOI 4065.01,1,1
4066.01,TOI 4066.01,1,1
4067.01,TOI 4067.01,0,1
4068.01,TOI 4068.01,0,0
4069.01,TOI 4069.01,1,1
407.01,TOI 407.01,0,3
4070.01,TOI 4070.01,1,1
4071.01,TOI 4071.01,1,1
4072.01,TOI 4072.01,1,0
4073.01,TOI 4073.01,1,1
4074.01,TOI 4074.01,1,1
4075.01,TOI 4075.01,1,0
4076.01,TOI 4076.01,1,1
4077.01,TOI 4077.01,1,1
4078.01,TOI 4078.01,1,0
4079.01,TOI 4079.01,1,1
408.01,TOI 408.01,0,0
4080.01,TOI 4080.01,1,1
4081.01,TOI 4081.01,1,1
4082.01,TOI 4082.01,1,1
4083.01,TOI 4083.01,0,0
4084.01,TOI 4084.01,1,1
4085.01,TOI 4085.01,1,1
4086.01,TOI 4086.01,1,1
4087.01,TOI 4087.01,2,1
4088.01,TOI 4088.01,1,1
4089.01,TOI 4089.01,1,1
409.01,TOI 409.01,0,0
4090.01,TOI 4090.01,1,1
4091.01,TOI 4091.01,0,0
4092.01,TOI 4092.01,1,1
4093.01,TOI 4093.01,1,1
4093.02,TOI 4093.02,1,1
4094.01,TOI 4094.01,1,2
4095.01,TOI 4095.01,1,1
4096.01,TOI 4096.01,1,1
4097.01,TOI 4097.01,1,1
4098.01,TOI 4098.01,1,1
4099.01,TOI 4099.01,1,1
410.01,TOI 410.01,0,0
4100.01,TOI 4100.01,1,0
4101.01,TOI 4101.01,1,1
4102.01,TOI 4102.01,0,1
4103.01,TOI 4103.01,1,1
4104.01,TOI 4104.01,1,1
4105.01,TOI 4105.01,1,1
4106.01,TOI 4106.01,0,1
4107.01,TOI 4107.01,1,1
4108.01,TOI 4108.01,1,1
4109.01,TOI 4109.01,1,1
411.01,TOI 411.01,2,2
411.02,TOI 411.02,2,2
4110.01,TOI 4110.01,0,0
4111.01,TOI 4111.01,1,1
4112.01,TOI 4112.01,0,1
4113.01,TOI 4113.01,1,2
4114.01,TOI 4114.01,1,1
4115.01,TOI 4115.01,1,1
4116.01,TOI 4116.01,0,1
4117.01,TOI 4117.01,1,1
4118.01,TOI 4118.01,1,1
4119.01,TOI 4119.01,1,1
412.01,TOI 412.01,0,0
4120.01,TOI 4120.01,1,1
4121.01,TOI 4121.01,1,1
4122.01,TOI 4122.01,0,3
4123.01,TOI 4123.01,1,1
4124.01,TOI 4124.01,1,1
4125.01,TOI 4125.01,1,1
4126.01,TOI 4126.01,0,1
4127.01,TOI 4127.01,2,2
4128.01,TOI 4128.01,1,1
4129.01,TOI 4129.01,1,1
413.01,TOI 413.01,1,1
4130.01,TOI 4130.01,0,1
4131.01,TOI 4131.01,1,1
4132.01,TOI 4132.01,1,1
4133.01,TOI 4133.01,1,1
4134.01,TOI 4134.01,0,0
4135.01,TOI 4135.01,0,0
4136.01,TOI 4136.01,1,1
4137.01,TOI 4137.01,2,1
4138.01,TOI 4138.01,2,2
4139.01,TOI 4139.01,0,1
414.01,TOI 414.01,0,0
4140.01,TOI 4140.01,1,1
4141.01,TOI 4141.01,1,1
4142.01,TOI 4142.01,1,1
4143.01,TOI 4143.01,0,0
4144.01,TOI 4144.01,1,1
4145.01,TOI 4145.01,2,1
4146.01,TOI 4146.01,0,3
4147.01,TOI 4147.01,1,1
4148.01,TOI 4148.01,0,1
4149.01,TOI 4149.01,1,1
415.01,TOI 415.01,1,1
4150.01,TOI 4150.01,1,1
4151.01,TOI 4151.01,1,1
4152.01,TOI 4152.01,1,0
4153.01,TOI 4153.01,2,2
4154.01,TOI 4154.01,1,1
4155.01,TOI 4155.01,2,1
4156.01,TOI 4156.01,1,1
4156.02,TOI 4156.02,1,1
4157.01,TOI 4157.01,0,0
4158.01,TOI 4158.01,1,1
4159.01,TOI 4159.01,0,3
416.01,TOI 416.01,0,1
4160.01,TOI 4160.01,1,1
4161.01,TOI 4161.01,1,1
4162.01,TOI 4162.01,1,1
4163.01,TOI 4163.01,1,1
4164.01,TOI 4164.01,1,1
4165.01,TOI 4165.01,1,1
4166.01,TOI 4166.01,1,1
4167.01,TOI 4167.01,0,1
4168.01,TOI 4168.01,1,1
4169.01,TOI 4169.01,1,1
417.01,TOI 417.01,0,1
4170.01,TOI 4170.01,1,1
4171.01,TOI 4171.01,1,1
4172.01,TOI 4172.01,1,1
4173.01,TOI 4173.01,1,1
4174.01,TOI 4174.01,1,1
4175.01,TOI 4175.01,1,1
4176.01,TOI 4176.01,0,1
4177.01,TOI 4177.01,0,1
4178.01,TOI 4178.01,0,0
4179.01,TOI 4179.01,1,0
418.01,TOI 418.01,1,1
4180.01,TOI 4180.01,0,3
4181.01,TOI 4181.01,0,0
4182.01,TOI 4182.01,1,1
4183.01,TOI 4183.01,1,1
4184.01,TOI 4184.01,2,2
4185.01,TOI 4185.01,1,1
4186.01,TOI 4186.01,1,1
4187.01,TOI 4187.01,1,1
4188.01,TOI 4188.01,0,0
4189.01,TOI 4189.01,1,2
419.01,TOI 419.01,0,0
4190.01,TOI 4190.01,1,2
4191.01,TOI 4191.01,1,1
4192.01,TOI 4192.01,1,1
4193.01,TOI 4193.01,1,1
4194.01,TOI 4194.01,0,3
4195.01,TOI 4195.01,1,1
4196.01,TOI 4196.01,1,1
4197.01,TOI 4197.01,1,1
4198.01,TOI 4198.01,1,1
4199.01,TOI 4199.01,1,1
420.01,TOI 420.01,0,0
4200.01,TOI 4200.01,1,0
4201.01,TOI 4201.01,2,2
4202.01,TOI 4202.01,1,0
4203.01,TOI 4203.01,1,0
4204.01,TOI 4204.01,1,1
4205.01,TOI 4205.01,1,1
4206.01,TOI 4206.01,1,1
4207.01,TOI 4207.01,0,0
4208.01,TOI 4208.01,1,0
4209.01,TOI 4209.01,1,1
421.01,TOI 421.01,2,2
421.02,TOI 421.02,2,2
4210.01,TOI 4210.01,0,3
4211.01,TOI 4211.01,1,0
4212.01,TOI 4212.01,0,0
4213.01,TOI 4213.01,0,3
4214.01,TOI 4214.01,1,1
4215.01,TOI 4215.01,1,1
4216.01,TOI 4216.01,0,0
4217.01,TOI 4217.01,0,0
4218.01,TOI 4218.01,1,1
4219.01,TOI 4219.01,0,0
422.01,TOI 422.01,0,3
4220.01,TOI 4220.01,1,0
4221.01,TOI 4221.01,1,1
4222.01,TOI 4222.01,0,0
4223.01,TOI 4223.01,1,1
4224.01,TOI 4224.01,1,1
4225.01,TOI 4225.01,0,0
4226.01,TOI 4226.01,1,1
4227.01,TOI 4227.01,1,1
4228.01,TOI 4228.01,1,1
4229.01,TOI 4229.01,0,0
423.01,TOI 423.01,1,1
4230.01,TOI 4230.01,1,0
4231.01,TOI 4231.01,1,1
4232.01,TOI 4232.01,0,1
4233.01,TOI 4233.01,0,1
4234.01,TOI 4234.01,1,1
4235.01,TOI 4235.01,0,1
4236.01,TOI 4236.01,1,1
4237.01,TOI 4237.01,1,0
4238.01,TOI 4238.01,1,1
4239.01,TOI 4239.01,1,1
424.01,TOI 424.01,0,0
4240.01,TOI 4240.01,1,1
4241.01,TOI 4241.01,1,1
4242.01,TOI 4242.01,1,1
4243.01,TOI 4243.01,1,0
4244.01,TOI 4244.01,1,1
4245.01,TOI 4245.01,1,1
4246.01,TOI 4246.01,1,1
4247.01,TOI 4247.01,1,0
4248.01,TOI 4248.01,1,1
4249.01,TOI 4249.01,1,0
425.01,TOI 425.01,0,1
4250.01,TOI 4250.01,1,1
4251.01,TOI 4251.01,0,1
4252.01,TOI 4252.01,1,1
4253.01,TOI 4253.01,1,0
4254.01,TOI 4254.01,1,1
4255.01,TOI 4255.01,0,0
4256.01,TOI 4256.01,0,0
4257.01,TOI 4257.01,0,1
4258.01,TOI 4258.01,0,0
4259.01,TOI 4259.01,1,1
426.01,TOI 426.01,1,1
4260.01,TOI 4260.01,1,1
4261.01,TOI 4261.01,0,0
4262.01,TOI 4262.01,1,1
4263.01,TOI 4263.01,0,0
4264.01,TOI 4264.01,1,1
4265.01,TOI 4265.01,0,0
4266.01,TOI 4266.01,1,1
4267.01,TOI 4267.01,0,1
4268.01,TOI 4268.01,0,0
4269.01,TOI 4269.01,1,1
427.01,TOI 427.01,0,3
4270.01,TOI 4270.01,2,1
4271.01,TOI 4271.01,1,0
4272.01,TOI 4272.01,1,1
4273.01,TOI 4273.01,1,1
4274.01,TOI 4274.01,1,3
4275.01,TOI 4275.01,0,0
4276.01,TOI 4276.01,1,1
4277.01,TOI 4277.01,1,1
4278.01,TOI 4278.01,1,1
4279.01,TOI 4279.01,0,0
428.01,TOI 428.01,0,3
4280.01,TOI 4280.01,1,1
4281.01,TOI 4281.01,0,0
4282.01,TOI 4282.01,1,1
4283.01,TOI 4283.01,1,1
4284.01,TOI 4284.01,1,1
4285.01,TOI 4285.01,0,3
4286.01,TOI 4286.01,1,1
4287.01,TOI 4287.01,1,1
4288.01,TOI 4288.01,1,1
4289.01,TOI 4289.01,1,1
4290.01,TOI 4290.01,1,1
4291.01,TOI 4291.01,1,1
4292.01,TOI 4292.01,0,0
4293.01,TOI 4293.01,1,1
4294.01,TOI 4294.01,1,1
4295.01,TOI 4295.01,1,1
4296.01,TOI 4296.01,1,1
4297.01,TOI 4297.01,1,1
4298.01,TOI 4298.01,1,1
4299.01,TOI 4299.01,1,1
430.01,TOI 430.01,0,0
4300.01,TOI 4300.01,0,0
4301.01,TOI 4301.01,1,1
4302.01,TOI 4302.01,1,2
4303.01,TOI 4303.01,1,1
4304.01,TOI 4304.01,1,1
4304.03,TOI 4304.03,1,1
4305.01,TOI 4305.01,1,1
4305.02,TOI 4305.02,1,1
4306.01,TOI 4306.01,2,2
4307.01,TOI 4307.01,1,1
4307.02,TOI 4307.02,1,1
4308.01,TOI 4308.01,2,1
431.01,TOI 431.01,2,2
431.02,TOI 431.02,2,2
4310.01,TOI 4310.01,1,1
4311.01,TOI 4311.01,1,1
4311.02,TOI 4311.02,1,1
4312.01,TOI 4312.01,0,3
4313.01,TOI 4313.01,1,1
4314.01,TOI 4314.01,0,1
4315.01,TOI 4315.01,1,1
4316.01,TOI 4316.01,1,1
4317.01,TOI 4317.01,1,1
4318.01,TOI 4318.01,1,1
432.01,TOI 432.01,0,0
4320.01,TOI 4320.01,2,2
4320.02,TOI 4320.02,0,3
4322.01,TOI 4322.01,1,2
4323.01,TOI 4323.01,0,3
4323.02,TOI 4323.02,0,3
4324.01,TOI 4324.01,1,1
4325.01,TOI 4325.01,1,2
4326.01,TOI 4326.01,1,1
4327.01,TOI 4327.01,1,1
4328.01,TOI 4328.01,1,1
4329.01,TOI 4329.01,2,2
433.01,TOI 433.01,0,0
4330.01,TOI 4330.01,0,0
4331.01,TOI 4331.01,1,0
4332.01,TOI 4332.01,0,0
4333.01,TOI 4333.01,1,1
4334.01,TOI 4334.01,1,1
4335.01,TOI 4335.01,0,0
4336.01,TOI 4336.01,2,2
4337.01,TOI 4337.01,0,0
4338.01,TOI 4338.01,0,3
4339.01,TOI 4339.01,0,0
434.01,TOI 434.01,1,1
4340.01,TOI 4340.01,1,1
4341.01,TOI 4341.01,0,3
4342.01,TOI 4342.01,2,2
4342.02,TOI 4342.02,2,2
4343.01,TOI 4343.01,1,1
4344.01,TOI 4344.01,1,1
4345.01,TOI 4345.01,1,1
4346.01,TOI 4346.01,0,0
4347.01,TOI 4347.01,1,1
4348.01,TOI 4348.01,1,1
4349.01,TOI 4349.01,1,1
435.01,TOI 435.01,1,1
4350.01,TOI 4350.01,1,2
4351.01,TOI 4351.01,1,2
4352.01,TOI 4352.01,1,1
4353.01,TOI 4353.01,1,1
4354.01,TOI 4354.01,1,2
4356.01,TOI 4356.01,1,1
4357.01,TOI 4357.01,0,0
4358.01,TOI 4358.01,1,2
4359.01,TOI 4359.01,0,0
436.01,TOI 436.01,0,1
4360.01,TOI 4360.01,1,1
4361.01,TOI 4361.01,1,1
4362.01,TOI 4362.01,1,1
4363.01,TOI 4363.01,1,1
4364.01,TOI 4364.01,1,1
4365.01,TOI 4365.01,1,1
4366.01,TOI 4366.01,1,1
4367.01,TOI 4367.01,1,1
4368.01,TOI 4368.01,0,0
4369.01,TOI 4369.01,1,1
437.01,TOI 437.01,1,1
4370.01,TOI 4370.01,1,0
4371.01,TOI 4371.01,1,1
4372.01,TOI 4372.01,1,1
4373.01,TOI 4373.01,1,1
4374.01,TOI 4374.01,1,1
4375.01,TOI 4375.01,0,0
4376.01,TOI 4376.01,1,1
4377.01,TOI 4377.01,2,2
4378.01,TOI 4378.01,1,0
4379.01,TOI 4379.01,2,1
438.01,TOI 438.01,1,1
4380.01,TOI 4380.01,1,0
4381.01,TOI 4381.01,1,1
4382.01,TOI 4382.01,1,1
4383.01,TOI 4383.01,0,1
4384.01,TOI 4384.01,1,1
4385.01,TOI 4385.01,1,1
4386.01,TOI 4386.01,1,1
4387.01,TOI 4387.01,1,1
4388.01,TOI 4388.01,1,1
4389.01,TOI 4389.01,0,3
439.01,TOI 439.01,1,1
4390.01,TOI 4390.01,1,1
4391.01,TOI 4391.01,1,0
4392.01,TOI 4392.01,1,1
4393.01,TOI 4393.01,1,1
4394.01,TOI 4394.01,0,0
4395.01,TOI 4395.01,1,1
4396.01,TOI 4396.01,0,1
4397.01,TOI 4397.01,0,0
4398.01,TOI 4398.01,0,0
4399.01,TOI 4399.01,2,2
440.01,TOI 440.01,0,0
4400.01,TOI 4400.01,1,1
4401.01,TOI 4401.01,1,2
4402.01,TOI 4402.01,1,2
4403.01,TOI 4403.01,1,2
4404.01,TOI 4404.01,1,1
4405.01,TOI 4405.01,1,1
4405.02,TOI 4405.02,1,0
4406.01,TOI 4406.01,2,2
4407.01,TOI 4407.01,1,1
4408.01,TOI 4408.01,1,1
4409.01,TOI 4409.01,1,1
441.01,TOI 441.01,0,0
4410.01,TOI 4410.01,1,2
4411.01,TOI 4411.01,1,1
4412.01,TOI 4412.01,0,0
4413.01,TOI 4413.01,1,2
4414.01,TOI 4414.01,0,0
4415.01,TOI 4415.01,0,0
4416.01,TOI 4416.01,1,1
4417.01,TOI 4417.01,1,1
4418.01,TOI 4418.01,1,1
4418.02,TOI 4418.02,1,1
4419.01,TOI 4419.01,1,1
442.01,TOI 442.01,2,2
4420.01,TOI 4420.01,1,1
4421.01,TOI 4421.01,0,2
4422.01,TOI 4422.01,1,1
4423.01,TOI 4423.01,0,0
4424.01,TOI 4424.01,1,2
4425.01,TOI 4425.01,1,1
4426.01,TOI 4426.01,1,1
4427.01,TOI 4427.01,1,1
4428.01,TOI 4428.01,1,1
4429.01,TOI 4429.01,1,1
443.01,TOI 443.01,1,1
4430.01,TOI 4430.01,1,1
4431.01,TOI 4431.01,1,1
4432.01,TOI 4432.01,1,1
4433.01,TOI 4433.01,0,0
4434.01,TOI 4434.01,1,1
4435.01,TOI 4435.01,1,1
4436.01,TOI 4436.01,1,1
4437.01,TOI 4437.01,1,1
4438.01,TOI 4438.01,2,2
4439.01,TOI 4439.01,1,1
444.01,TOI 444.01,2,2
4440.01,TOI 4440.01,1,1
4441.01,TOI 4441.01,1,1
4442.01,TOI 4442.01,1,1
4443.01,TOI 4443.01,2,0
4443.02,TOI 4443.02,1,2
4444.01,TOI 4444.01,1,1
4445.01,TOI 4445.01,1,1
4446.01,TOI 4446.01,1,1
4447.01,TOI 4447.01,1,1
4448.01,TOI 4448.01,1,0
4449.01,TOI 4449.01,1,1
445.01,TOI 445.01,1,1
4450.01,TOI 4450.01,1,1
4451.01,TOI 4451.01,1,1
4452.01,TOI 4452.01,1,1
4453.01,TOI 4453.01,0,0
4454.01,TOI 4454.01,1,1
4455.01,TOI 4455.01,1,1
4456.01,TOI 4456.01,1,1
4457.01,TOI 4457.01,1,1
4458.01,TOI 4458.01,1,1
4459.01,TOI 4459.01,1,1
446.01,TOI 446.01,0,3
4460.01,TOI 4460.01,1,1
4461.01,TOI 4461.01,0,0
4462.01,TOI 4462.01,2,2
4463.01,TOI 4463.01,2,2
4464.01,TOI 4464.01,1,1
4466.01,TOI 4466.01,1,1
4467.01,TOI 4467.01,1,1
4468.01,TOI 4468.01,1,1
4468.02,TOI 4468.02,1,2
4469.01,TOI 4469.01,1,1
447.01,TOI 447.01,0,3
4470.01,TOI 4470.01,1,1
4471.01,TOI 4471.01,1,1
4472.01,TOI 4472.01,1,1
4473.01,TOI 4473.01,1,1
4474.01,TOI 4474.01,1,1
4475.01,TOI 4475.01,1,1
4476.01,TOI 4476.01,1,1
4477.01,TOI 4477.01,0,0
4478.01,TOI 4478.01,1,1
4479.01,TOI 4479.01,2,2
448.01,TOI 448.01,2,2
4480.01,TOI 4480.01,1,1
4481.01,TOI 4481.01,2,2
4482.01,TOI 4482.01,1,1
4483.01,TOI 4483.01,1,1
4484.01,TOI 4484.01,1,1
4485.01,TOI 4485.01,1,1
4486.01,TOI 4486.01,1,1
4487.01,TOI 4487.01,1,1
4488.01,TOI 4488.01,1,1
4489.01,TOI 4489.01,1,1
449.01,TOI 449.01,1,1
4490.01,TOI 4490.01,1,1
4491.01,TOI 4491.01,2,1
4492.01,TOI 4492.01,1,1
4493.01,TOI 4493.01,1,1
4494.01,TOI 4494.01,1,1
4495.01,TOI 4495.01,2,1
4495.02,TOI 4495.02,1,1
4496.01,TOI 4496.01,1,0
4497.01,TOI 4497.01,1,1
4498.01,TOI 4498.01,0,2
4499.01,TOI 4499.01,1,1
4499.02,TOI 4499.02,1,1
450.01,TOI 450.01,0,1
4500.01,TOI 4500.01,0,0
4501.01,TOI 4501.01,1,1
4502.01,TOI 4502.01,0,0
4503.01,TOI 4503.01,1,1
4504.01,TOI 4504.01,2,1
4504.02,TOI 4504.02,2,2
4505.01,TOI 4505.01,1,1
4506.01,TOI 4506.01,1,1
4507.01,TOI 4507.01,1,1
4508.01,TOI 4508.01,1,2
451.01,TOI 451.01,2,2
451.02,TOI 451.02,2,2
451.03,TOI 451.03,2,2
4510.01,TOI 4510.01,1,1
4511.01,TOI 4511.01,1,1
4511.02,TOI 4511.02,1,1
4512.01,TOI 4512.01,1,1
4513.01,TOI 4513.01,1,1
4514.01,TOI 4514.01,1,1
4515.01,TOI 4515.01,2,1
4516.01,TOI 4516.01,1,1
4517.01,TOI 4517.01,1,2
4518.01,TOI 4518.01,1,1
4519.01,TOI 4519.01,1,1
452.01,TOI 452.01,1,1
4520.01,TOI 4520.01,1,1
4521.01,TOI 4521.01,1,1
4522.01,TOI 4522.01,0,0
4523.01,TOI 4523.01,1,1
4524.01,TOI 4524.01,2,2
4525.01,TOI 4525.01,1,1
4526.01,TOI 4526.01,1,1
4527.01,TOI 4527.01,2,2
4528.01,TOI 4528.01,0,1
4529.01,TOI 4529.01,1,1
453.01,TOI 453.01,1,1
4530.01,TOI 4530.01,1,1
4531.01,TOI 4531.01,1,1
4532.01,TOI 4532.01,1,1
4533.01,TOI 4533.01,1,1
4534.01,TOI 4534.01,1,1
4535.01,TOI 4535.01,1,1
4536.01,TOI 4536.01,1,1
4537.01,TOI 4537.01,1,1
4538.01,TOI 4538.01,1,1
4538.02,TOI 4538.02,1,1
4539.01,TOI 4539.01,1,1
454.01,TOI 454.01,0,3
4540.01,TOI 4540.01,1,1
4541.01,TOI 4541.01,0,0
4542.01,TOI 4542.01,1,1
4543.01,TOI 4543.01,1,0
4544.01,TOI 4544.01,1,2
4545.01,TOI 4545.01,1,1
4546.01,TOI 4546.01,1,1
4547.01,TOI 4547.01,1,1
4548.01,TOI 4548.01,1,1
4549.01,TOI 4549.01,1,1
455.01,TOI 455.01,2,2
4550.01,TOI 4550.01,1,0
4551.01,TOI 4551.01,2,2
4552.01,TOI 4552.01,1,1
4553.01,TOI 4553.01,1,1
4554.01,TOI 4554.01,1,1
4555.01,TOI 4555.01,1,1
4556.01,TOI 4556.01,1,1
4557.01,TOI 4557.01,1,1
4558.01,TOI 4558.01,1,1
4559.01,TOI 4559.01,2,2
456.01,TOI 456.01,0,0
4560.01,TOI 4560.01,1,0
4561.01,TOI 4561.01,1,1
4562.01,TOI 4562.01,2,1
4563.01,TOI 4563.01,1,1
4564.01,TOI 4564.01,0,0
4565.01,TOI 4565.01,1,1
4566.01,TOI 4566.01,1,1
4567.01,TOI 4567.01,1,1
4567.02,TOI 4567.02,1,1
4568.01,TOI 4568.01,1,1
4569.01,TOI 4569.01,0,0
457.01,TOI 457.01,1,1
4570.01,TOI 4570.01,1,1
4571.01,TOI 4571.01,1,1
4572.01,TOI 4572.01,1,2
4573.01,TOI 4573.01,1,2
4574.01,TOI 4574.01,1,1
4575.01,TOI 4575.01,1,1
4576.01,TOI 4576.01,1,1
4577.01,TOI 4577.01,1,1
4578.01,TOI 4578.01,1,1
4579.01,TOI 4579.01,1,1
458.01,TOI 458.01,1,2
4580.01,TOI 4580.01,1,1
4581.01,TOI 4581.01,1,1
4582.01,TOI 4582.01,2,2
4583.01,TOI 4583.01,0,1
4584.01,TOI 4584.01,1,1
4586.01,TOI 4586.01,1,1
4587.01,TOI 4587.01,1,1
4588.01,TOI 4588.01,1,1
4589.01,TOI 4589.01,1,1
459.01,TOI 459.01,0,3
4590.01,TOI 4590.01,1,1
4591.01,TOI 4591.01,0,0
4592.01,TOI 4592.01,1,1
4593.01,TOI 4593.01,1,1
4593.02,TOI 4593.02,1,1
4594.01,TOI 4594.01,0,0
4595.01,TOI 4595.01,1,1
4596.01,TOI 4596.01,1,1
4597.01,TOI 4597.01,1,1
4598.01,TOI 4598.01,1,0
4599.01,TOI 4599.01,2,2
4599.02,TOI 4599.02,2,2
460.01,TOI 460.01,0,0
4600.01,TOI 4600.01,2,2
4600.02,TOI 4600.02,2,2
4601.01,TOI 4601.01,1,1
4602.01,TOI 4602.01,2,2
4603.01,TOI 4603.01,2,2
4604.01,TOI 4604.01,1,1
4605.01,TOI 4605.01,0,1
4606.01,TOI 4606.01,1,1
4607.01,TOI 4607.01,1,1
4608.01,TOI 4608.01,1,1
4609.01,TOI 4609.01,1,1
461.01,TOI 461.01,2,2
4610.01,TOI 4610.01,0,0
4611.01,TOI 4611.01,1,1
4612.01,TOI 4612.01,1,1
4613.01,TOI 4613.01,0,1
4614.01,TOI 4614.01,1,1
4615.01,TOI 4615.01,1,1
4616.01,TOI 4616.01,1,1
4617.01,TOI 4617.01,1,1
4618.01,TOI 4618.01,1,1
4619.01,TOI 4619.01,1,1
462.01,TOI 462.01,1,1
4620.01,TOI 4620.01,1,1
4621.01,TOI 4621.01,1,1
4622.01,TOI 4622.01,0,3
4623.01,TOI 4623.01,1,1
4624.01,TOI 4624.01,1,1
4625.01,TOI 4625.01,1,1
4626.01,TOI 4626.01,1,1
4627.01,TOI 4627.01,0,0
4628.01,TOI 4628.01,1,1
4629.01,TOI 4629.01,1,1
463.01,TOI 463.01,0,0
4630.01,TOI 4630.01,1,1
4631.01,TOI 4631.01,1,1
4632.01,TOI 4632.01,1,1
4633.01,TOI 4633.01,2,2
4634.01,TOI 4634.01,0,0
4635.01,TOI 4635.01,0,0
4636.01,TOI 4636.01,0,0
4637.01,TOI 4637.01,1,2
4638.01,TOI 4638.01,2,2
4639.01,TOI 4639.01,1,1
4639.02,TOI 4639.02,1,1
464.01,TOI 464.01,0,0
4640.01,TOI 4640.01,1,2
4641.01,TOI 4641.01,2,1
4642.01,TOI 4642.01,1,1
4643.01,TOI 4643.01,1,1
4643.02,TOI 4643.02,1,1
4644.01,TOI 4644.01,1,2
4645.01,TOI 4645.01,1,1
4646.01,TOI 4646.01,1,1
4647.01,TOI 4647.01,1,2
4647.02,TOI 4647.02,1,1
4648.01,TOI 4648.01,1,2
4649.01,TOI 4649.01,1,1
465.01,TOI 465.01,1,1
4650.01,TOI 4650.01,1,1
4651.01,TOI 4651.01,1,1
4652.01,TOI 4652.01,1,1
4653.01,TOI 4653.01,1,1
4654.01,TOI 4654.01,1,1
4655.01,TOI 4655.01,1,1
4656.01,TOI 4656.01,1,1
4657.01,TOI 4657.01,1,1
4658.01,TOI 4658.01,1,1
4659.01,TOI 4659.01,1,1
466.01,TOI 466.01,1,1
4660.01,TOI 4660.01,1,1
4661.01,TOI 4661.01,1,2
4662.01,TOI 4662.01,1,1
4663.01,TOI 4663.01,1,1
4664.01,TOI 4664.01,1,1
4665.01,TOI 4665.01,1,1
4666.01,TOI 4666.01,2,2
4667.01,TOI 4667.01,1,1
4668.01,TOI 4668.01,1,1
4669.01,TOI 4669.01,0,0
467.01,TOI 467.01,0,0
4670.01,TOI 4670.01,1,1
4671.01,TOI 4671.01,1,1
4672.01,TOI 4672.01,1,1
4673.01,TOI 4673.01,1,1
4674.01,TOI 4674.01,1,1
4675.01,TOI 4675.01,1,1
4676.01,TOI 4676.01,1,1
4677.01,TOI 4677.01,1,1
4678.01,TOI 4678.01,1,1
4679.01,TOI 4679.01,1,1
468.01,TOI 468.01,1,1
4680.01,TOI 4680.01,1,1
4681.01,TOI 4681.01,1,1
4682.01,TOI 4682.01,0,0
4683.01,TOI 4683.01,0,1
4684.01,TOI 4684.01,1,1
4685.01,TOI 4685.01,1,1
4686.01,TOI 4686.01,1,1
4687.01,TOI 4687.01,1,1
4688.01,TOI 4688.01,1,1
4689.01,TOI 4689.01,1,1
469.01,TOI 469.01,2,2
4690.01,TOI 4690.01,0,1
4691.01,TOI 4691.01,1,1
4692.01,TOI 4692.01,1,1
4693.01,TOI 4693.01,0,3
4694.01,TOI 4694.01,1,1
4695.01,TOI 4695.01,1,1
4696.01,TOI 4696.01,1,1
4697.01,TOI 4697.01,1,1
4698.01,TOI 4698.01,1,1
4699.01,TOI 4699.01,1,1
470.01,TOI 470.01,2,2
4700.01,TOI 4700.01,0,1
4701.01,TOI 4701.01,1,1
4702.01,TOI 4702.01,1,1
4703.01,TOI 4703.01,1,1
4704.01,TOI 4704.01,0,1
4705.01,TOI 4705.01,1,1
4706.01,TOI 4706.01,1,1
4707.01,TOI 4707.01,1,1
4708.01,TOI 4708.01,1,1
4709.01,TOI 4709.01,0,0
471.01,TOI 471.01,1,1
4710.01,TOI 4710.01,1,1
4711.01,TOI 4711.01,1,1
4712.01,TOI 4712.01,1,1
4713.01,TOI 4713.01,0,0
4714.01,TOI 4714.01,1,1
4715.01,TOI 4715.01,0,0
4716.01,TOI 4716.01,1,1
4717.01,TOI 4717.01,1,1
4718.01,TOI 4718.01,1,1
4719.01,TOI 4719.01,1,1
472.01,TOI 472.01,0,3
4720.01,TOI 4720.01,1,1
4721.01,TOI 4721.01,1,1
4722.01,TOI 4722.01,1,1
4723.01,TOI 4723.01,1,1
4724.01,TOI 4724.01,1,1
4725.01,TOI 4725.01,1,1
4726.01,TOI 4726.01,1,1
4727.01,TOI 4727.01,1,3
4728.01,TOI 4728.01,1,1
4729.01,TOI 4729.01,1,1
473.01,TOI 473.01,1,1
4730.01,TOI 4730.01,1,0
4731.01,TOI 4731.01,1,1
4732.01,TOI 4732.01,1,1
4733.01,TOI 4733.01,1,1
4734.01,TOI 4734.01,1,1
4735.01,TOI 4735.01,1,3
4736.01,TOI 4736.01,1,1
4737.01,TOI 4737.01,2,2
4738.01,TOI 4738.01,0,0
4739.01,TOI 4739.01,0,3
474.01,TOI 474.01,1,1
4740.01,TOI 4740.01,1,0
4741.01,TOI 4741.01,1,1
4742.01,TOI 4742.01,1,1
4743.01,TOI 4743.01,1,1
4744.01,TOI 4744.01,1,1
4745.01,TOI 4745.01,1,1
4746.01,TOI 4746.01,1,1
4747.01,TOI 4747.01,1,1
4748.01,TOI 4748.01,1,1
4749.01,TOI 4749.01,1,1
475.01,TOI 475.01,1,1
4750.01,TOI 4750.01,1,1
4751.01,TOI 4751.01,1,0
4752.01,TOI 4752.01,1,1
4753.01,TOI 4753.01,1,1
4754.01,TOI 4754.01,1,1
4755.01,TOI 4755.01,1,1
4756.01,TOI 4756.01,1,1
4757.01,TOI 4757.01,1,1
4758.01,TOI 4758.01,1,1
4759.01,TOI 4759.01,2,2
476.01,TOI 476.01,1,1
4760.01,TOI 4760.01,1,0
4761.01,TOI 4761.01,1,1
4762.01,TOI 4762.01,1,1
4763.01,TOI 4763.01,1,1
4764.01,TOI 4764.01,1,1
4765.01,TOI 4765.01,1,1
4766.01,TOI 4766.01,1,1
4767.01,TOI 4767.01,1,1
4768.01,TOI 4768.01,1,1
4769.01,TOI 4769.01,1,0
477.01,TOI 477.01,1,1
4770.01,TOI 4770.01,1,1
4771.01,TOI 4771.01,0,1
4772.01,TOI 4772.01,1,1
4773.01,TOI 4773.01,1,1
4774.01,TOI 4774.01,1,1
4775.01,TOI 4775.01,1,1
4776.01,TOI 4776.01,1,1
4777.01,TOI 4777.01,1,1
4778.01,TOI 4778.01,1,1
4779.01,TOI 4779.01,1,1
478.01,TOI 478.01,0,1
4780.01,TOI 4780.01,1,1
4781.01,TOI 4781.01,1,0
4782.01,TOI 4782.01,0,0
4783.01,TOI 4783.01,0,3
4784.01,TOI 4784.01,1,1
4785.01,TOI 4785.01,1,1
4786.01,TOI 4786.01,1,1
4787.01,TOI 4787.01,1,1
4788.01,TOI 4788.01,1,1
4789.01,TOI 4789.01,1,1
479.01,TOI 479.01,1,1
4790.01,TOI 4790.01,0,3
4791.01,TOI 4791.01,2,1
4792.01,TOI 4792.01,0,3
4793.01,TOI 4793.01,1,1
4794.01,TOI 4794.01,1,1
4795.01,TOI 4795.01,1,0
4796.01,TOI 4796.01,1,1
4797.01,TOI 4797.01,1,1
4798.01,TOI 4798.01,1,1
4799.01,TOI 4799.01,1,1
480.01,TOI 480.01,2,2
4800.01,TOI 4800.01,1,1
4801.01,TOI 4801.01,1,0
4802.01,TOI 4802.01,1,1
4803.01,TOI 4803.01,1,1
4804.01,TOI 4804.01,1,1
4805.01,TOI 4805.01,1,1
4806.01,TOI 4806.01,1,1
4807.01,TOI 4807.01,1,1
4808.01,TOI 4808.01,0,0
4809.01,TOI 4809.01,1,1
481.01,TOI 481.01,2,2
4810.01,TOI 4810.01,1,1
4811.01,TOI 4811.01,1,1
4812.01,TOI 4812.01,1,1
4813.01,TOI 4813.01,1,0
4814.01,TOI 4814.01,1,1
4815.01,TOI 4815.01,1,1
4816.01,TOI 4816.01,1,1
4817.01,TOI 4817.01,0,1
4818.01,TOI 4818.01,1,1
4819.01,TOI 4819.01,1,1
482.01,TOI 482.01,0,1
4820.01,TOI 4820.01,1,1
4821.01,TOI 4821.01,1,1
4822.01,TOI 4822.01,1,1
4823.01,TOI 4823.01,1,1
4824.01,TOI 4824.01,1,1
4825.01,TOI 4825.01,1,0
4826.01,TOI 4826.01,1,1
4827.01,TOI 4827.01,0,1
4828.01,TOI 4828.01,1,1
4829.01,TOI 4829.01,0,0
483.01,TOI 483.01,1,1
4830.01,TOI 4830.01,1,1
4831.01,TOI 4831.01,1,1
4832.01,TOI 4832.01,1,1
4833.01,TOI 4833.01,1,1
4834.01,TOI 4834.01,1,1
4835.01,TOI 4835.01,1,1
4836.01,TOI 4836.01,1,1
4837.01,TOI 4837.01,1,1
4838.01,TOI 4838.01,0,0
4839.01,TOI 4839.01,1,1
484.01,TOI 484.01,0,0
4840.01,TOI 4840.01,0,1
4841.01,TOI 4841.01,1,1
4842.01,TOI 4842.01,1,1
4843.01,TOI 4843.01,1,1
4844.01,TOI 4844.01,1,1
4845.01,TOI 4845.01,1,1
4846.01,TOI 4846.01,0,0
4847.01,TOI 4847.01,1,1
4848.01,TOI 4848.01,1,1
4849.01,TOI 4849.01,0,0
485.01,TOI 485.01,0,0
4850.01,TOI 4850.01,1,1
4851.01,TOI 4851.01,1,1
4852.01,TOI 4852.01,1,1
4853.01,TOI 4853.01,1,1
4854.01,TOI 4854.01,1,1
4855.01,TOI 4855.01,1,1
4856.01,TOI 4856.01,0,0
4857.01,TOI 4857.01,1,1
4858.01,TOI 4858.01,0,0
4859.01,TOI 4859.01,1,1
486.01,TOI 486.01,2,2
4860.01,TOI 4860.01,2,2
4861.01,TOI 4861.01,1,1
4863.01,TOI 4863.01,1,1
4864.01,TOI 4864.01,1,1
4865.01,TOI 4865.01,0,3
4866.01,TOI 4866.01,1,1
4867.01,TOI 4867.01,1,1
4868.01,TOI 4868.01,1,1
4869.01,TOI 4869.01,1,1
487.01,TOI 487.01,1,1
487.02,TOI 487.02,1,0
4870.01,TOI 4870.01,1,1
4871.01,TOI 4871.01,1,1
4872.01,TOI 4872.01,1,0
4873.01,TOI 4873.01,0,3
4874.01,TOI 4874.01,1,1
4875.01,TOI 4875.01,1,1
4876.01,TOI 4876.01,1,0
4877.01,TOI 4877.01,1,1
4878.01,TOI 4878.01,1,1
4879.01,TOI 4879.01,1,1
488.01,TOI 488.01,2,2
4880.01,TOI 4880.01,1,1
4881.01,TOI 4881.01,1,1
4882.01,TOI 4882.01,1,1
4883.01,TOI 4883.01,1,1
4884.01,TOI 4884.01,1,0
4885.01,TOI 4885.01,1,0
4886.01,TOI 4886.01,0,0
4887.01,TOI 4887.01,1,1
4888.01,TOI 4888.01,1,1
4889.01,TOI 4889.01,1,1
489.01,TOI 489.01,1,1
4890.01,TOI 4890.01,1,1
4891.01,TOI 4891.01,1,0
4892.01,TOI 4892.01,1,1
4893.01,TOI 4893.01,1,1
4894.01,TOI 4894.01,1,1
4895.01,TOI 4895.01,1,1
4896.01,TOI 4896.01,1,1
4897.01,TOI 4897.01,1,1
4898.01,TOI 4898.01,1,1
4899.01,TOI 4899.01,1,1
490.01,TOI 490.01,1,1
4900.01,TOI 4900.01,1,1
4901.01,TOI 4901.01,1,1
4902.01,TOI 4902.01,0,0
4903.01,TOI 4903.01,1,1
4904.01,TOI 4904.01,1,1
4905.01,TOI 4905.01,1,1
4906.01,TOI 4906.01,1,1
4907.01,TOI 4907.01,1,1
4908.01,TOI 4908.01,1,1
4909.01,TOI 4909.01,1,1
491.01,TOI 491.01,1,1
4910.01,TOI 4910.01,1,1
4911.01,TOI 4911.01,1,1
4912.01,TOI 4912.01,1,1
4913.01,TOI 4913.01,1,1
4914.01,TOI 4914.01,2,1
4915.01,TOI 4915.01,1,1
4916.01,TOI 4916.01,1,1
4917.01,TOI 4917.01,1,1
4918.01,TOI 4918.01,1,1
4919.01,TOI 4919.01,1,1
492.01,TOI 492.01,1,1
4920.01,TOI 4920.01,1,1
4921.01,TOI 4921.01,1,1
4922.01,TOI 4922.01,1,0
4923.01,TOI 4923.01,1,1
4924.01,TOI 4924.01,1,0
4925.01,TOI 4925.01,1,1
4926.01,TOI 4926.01,1,1
4927.01,TOI 4927.01,1,1
4928.01,TOI 4928.01,1,1
4929.01,TOI 4929.01,1,1
493.01,TOI 493.01,1,1
4930.01,TOI 4930.01,1,1
4931.01,TOI 4931.01,1,1
4932.01,TOI 4932.01,1,1
4933.01,TOI 4933.01,1,1
4934.01,TOI 4934.01,0,0
4935.01,TOI 4935.01,1,1
4936.01,TOI 4936.01,1,1
4937.01,TOI 4937.01,1,1
4938.01,TOI 4938.01,1,1
4939.01,TOI 4939.01,1,1
494.01,TOI 494.01,1,1
4940.01,TOI 4940.01,1,1
4941.01,TOI 4941.01,1,1
4942.01,TOI 4942.01,1,1
4943.01,TOI 4943.01,1,1
4944.01,TOI 4944.01,1,1
4945.01,TOI 4945.01,1,1
4946.01,TOI 4946.01,0,1
4947.01,TOI 4947.01,1,1
4948.01,TOI 4948.01,1,1
4949.01,TOI 4949.01,1,1
495.01,TOI 495.01,1,1
4950.01,TOI 4950.01,1,1
4951.01,TOI 4951.01,1,1
4952.01,TOI 4952.01,1,0
4953.01,TOI 4953.01,1,1
4954.01,TOI 4954.01,1,1
4955.01,TOI 4955.01,1,1
4956.01,TOI 4956.01,1,1
4957.01,TOI 4957.01,1,1
4958.01,TOI 4958.01,1,1
4959.01,TOI 4959.01,1,1
496.01,TOI 496.01,0,3
4960.01,TOI 4960.01,1,1
4961.01,TOI 4961.01,1,1
4962.01,TOI 4962.01,1,0
4963.01,TOI 4963.01,1,0
4964.01,TOI 4964.01,0,0
4965.01,TOI 4965.01,1,1
4966.01,TOI 4966.01,1,1
4967.01,TOI 4967.01,1,1
4968.01,TOI 4968.01,1,1
4969.01,TOI 4969.01,1,1
497.01,TOI 497.01,0,0
4970.01,TOI 4970.01,1,1
4971.01,TOI 4971.01,1,1
4972.01,TOI 4972.01,1,1
4973.01,TOI 4973.01,1,1
4974.01,TOI 4974.01,1,1
4975.01,TOI 4975.01,1,3
4976.01,TOI 4976.01,1,1
4977.01,TOI 4977.01,1,1
4978.01,TOI 4978.01,1,1
4979.01,TOI 4979.01,1,1
498.01,TOI 498.01,0,3
4980.01,TOI 4980.01,1,1
4981.01,TOI 4981.01,1,3
4982.01,TOI 4982.01,1,1
4983.01,TOI 4983.01,1,0
4984.01,TOI 4984.01,1,0
4985.01,TOI 4985.01,0,0
4986.01,TOI 4986.01,1,1
4987.01,TOI 4987.01,2,2
4988.01,TOI 4988.01,1,1
4989.01,TOI 4989.01,1,1
499.01,TOI 499.01,0,1
4990.01,TOI 4990.01,1,1
4991.01,TOI 4991.01,1,1
4992.01,TOI 4992.01,1,1
4993.01,TOI 4993.01,1,1
4994.01,TOI 4994.01,2,2
4995.01,TOI 4995.01,1,1
4996.01,TOI 4996.01,1,1
4997.01,TOI 4997.01,1,1
4998.01,TOI 4998.01,1,1
4999.01,TOI 4999.01,1,1
500.01,TOI 500.01,2,2
5000.01,TOI 5000.01,1,1
5000.02,TOI 5000.02,1,1
5001.01,TOI 5001.01,1,1
5002.01,TOI 5002.01,1,1
5003.01,TOI 5003.01,1,1
5004.01,TOI 5004.01,1,1
5005.01,TOI 5005.01,2,1
5006.01,TOI 5006.01,1,1
5007.01,TOI 5007.01,2,1
5008.01,TOI 5008.01,1,1
5009.01,TOI 5009.01,1,1
501.01,TOI 501.01,1,1
5010.01,TOI 5010.01,1,1
5011.01,TOI 5011.01,1,1
5012.01,TOI 5012.01,1,1
5013.01,TOI 5013.01,1,1
5014.01,TOI 5014.01,1,1
5015.01,TOI 5015.01,1,1
5016.01,TOI 5016.01,0,1
5017.01,TOI 5017.01,1,1
5018.01,TOI 5018.01,1,1
5019.01,TOI 5019.01,1,1
502.01,TOI 502.01,0,1
5020.01,TOI 5020.01,1,1
5021.01,TOI 5021.01,1,1
5022.01,TOI 5022.01,1,1
5023.01,TOI 5023.01,1,1
5024.01,TOI 5024.01,1,1
5025.01,TOI 5025.01,1,1
5026.01,TOI 5026.01,1,1
5027.01,TOI 5027.01,2,1
5028.01,TOI 5028.01,1,1
5029.01,TOI 5029.01,1,1
503.01,TOI 503.01,2,2
5030.01,TOI 5030.01,1,0
5031.01,TOI 5031.01,1,0
5032.01,TOI 5032.01,1,0
5033.01,TOI 5033.01,1,1
5034.01,TOI 5034.01,1,1
5035.01,TOI 5035.01,1,1
5036.01,TOI 5036.01,1,1
5037.01,TOI 5037.01,1,1
5038.01,TOI 5038.01,1,1
5039.01,TOI 5039.01,1,1
504.01,TOI 504.01,0,0
5040.01,TOI 5040.01,1,1
5041.01,TOI 5041.01,1,1
5042.01,TOI 5042.01,1,1
5043.01,TOI 5043.01,1,1
5044.01,TOI 5044.01,1,1
5045.01,TOI 5045.01,1,1
5046.01,TOI 5046.01,1,3
5047.01,TOI 5047.01,1,1
5048.01,TOI 5048.01,0,1
5049.01,TOI 5049.01,1,1
505.01,TOI 505.01,1,1
5050.01,TOI 5050.01,1,1
5051.01,TOI 5051.01,1,1
5052.01,TOI 5052.01,1,1
5053.01,TOI 5053.01,1,1
5054.01,TOI 5054.01,1,1
5055.01,TOI 5055.01,0,0
5056.01,TOI 5056.01,1,1
5057.01,TOI 5057.01,1,1
5058.01,TOI 5058.01,1,1
5059.01,TOI 5059.01,1,1
506.01,TOI 506.01,0,0
5060.01,TOI 5060.01,1,1
5061.01,TOI 5061.01,1,1
5062.01,TOI 5062.01,1,1
5063.01,TOI 5063.01,1,1
5064.01,TOI 5064.01,1,1
5065.01,TOI 5065.01,1,1
5066.01,TOI 5066.01,1,1
5067.01,TOI 5067.01,1,1
5068.01,TOI 5068.01,1,1
5069.01,TOI 5069.01,1,1
507.01,TOI 507.01,1,1
5070.01,TOI 5070.01,0,0
5071.01,TOI 5071.01,1,1
5072.01,TOI 5072.01,1,1
5073.01,TOI 5073.01,1,1
5074.01,TOI 5074.01,1,1
5075.01,TOI 5075.01,0,0
5076.01,TOI 5076.01,2,2
5077.01,TOI 5077.01,1,1
5078.01,TOI 5078.01,1,1
5079.01,TOI 5079.01,0,0
508.01,TOI 508.01,1,1
5080.01,TOI 5080.01,1,1
5081.01,TOI 5081.01,1,1
5082.01,TOI 5082.01,2,2
5083.01,TOI 5083.01,1,1
5084.01,TOI 5084.01,1,1
5085.01,TOI 5085.01,1,1
5086.01,TOI 5086.01,1,1
5087.01,TOI 5087.01,1,1
5088.01,TOI 5088.01,1,1
5088.02,TOI 5088.02,1,1
5089.01,TOI 5089.01,1,1
509.01,TOI 509.01,2,2
509.02,TOI 509.02,2,2
5090.01,TOI 5090.01,1,1
5091.01,TOI 5091.01,1,1
5092.01,TOI 5092.01,0,3
5093.01,TOI 5093.01,1,1
5094.01,TOI 5094.01,1,1
5095.01,TOI 5095.01,1,1
5096.01,TOI 5096.01,1,1
5097.01,TOI 5097.01,1,1
5098.01,TOI 5098.01,1,1
5099.01,TOI 5099.01,1,1
510.01,TOI 510.01,0,1
5100.01,TOI 5100.01,1,1
5101.01,TOI 5101.01,1,1
5102.01,TOI 5102.01,0,3
5103.01,TOI 5103.01,0,1
5104.01,TOI 5104.01,1,1
5105.01,TOI 5105.01,1,1
5106.01,TOI 5106.01,1,1
5107.01,TOI 5107.01,0,0
5108.01,TOI 5108.01,2,1
5109.01,TOI 5109.01,1,1
511.01,TOI 511.01,1,1
5110.01,TOI 5110.01,2,2
5111.01,TOI 5111.01,1,2
5112.01,TOI 5112.01,1,1
5113.01,TOI 5113.01,1,2
5114.01,TOI 5114.01,1,1
5115.01,TOI 5115.01,1,1
5116.01,TOI 5116.01,1,1
5117.01,TOI 5117.01,1,1
5118.01,TOI 5118.01,1,1
5119.01,TOI 5119.01,0,0
512.01,TOI 512.01,2,2
512.02,TOI 512.02,0,3
5120.01,TOI 5120.01,1,1
5121.01,TOI 5121.01,1,1
5122.01,TOI 5122.01,1,1
5123.01,TOI 5123.01,1,1
5123.02,TOI 5123.02,1,1
5124.01,TOI 5124.01,0,0
5125.01,TOI 5125.01,1,1
5126.01,TOI 5126.01,2,2
5126.02,TOI 5126.02,2,2
5127.01,TOI 5127.01,1,1
5128.01,TOI 5128.01,1,1
5129.01,TOI 5129.01,1,1
513.01,TOI 513.01,0,0
5130.01,TOI 5130.01,1,1
5131.01,TOI 5131.01,1,1
5132.01,TOI 5132.01,0,3
5133.01,TOI 5133.01,0,0
5134.01,TOI 5134.01,0,0
5135.01,TOI 5135.01,0,0
5136.01,TOI 5136.01,1,1
5137.01,TOI 5137.01,1,1
5138.01,TOI 5138.01,1,1
5139.01,TOI 5139.01,1,1
514.01,TOI 514.01,1,1
5140.01,TOI 5140.01,1,1
5141.01,TOI 5141.01,1,1
5142.01,TOI 5142.01,1,1
5143.01,TOI 5143.01,1,1
5143.02,TOI 5143.02,1,1
5144.01,TOI 5144.01,1,0
5145.01,TOI 5145.01,1,1
5146.01,TOI 5146.01,1,2
5147.01,TOI 5147.01,1,1
5148.01,TOI 5148.01,1,1
5149.01,TOI 5149.01,1,1
515.01,TOI 515.01,2,2
5150.01,TOI 5150.01,0,0
5151.01,TOI 5151.01,1,0
5152.01,TOI 5152.01,2,2
5153.01,TOI 5153.01,2,1
5154.01,TOI 5154.01,0,3
5155.01,TOI 5155.01,1,1
5156.01,TOI 5156.01,1,1
5157.01,TOI 5157.01,0,3
5158.01,TOI 5158.01,1,1
5159.01,TOI 5159.01,1,1
5159.02,TOI 5159.02,1,1
516.01,TOI 516.01,0,3
5160.01,TOI 5160.01,1,1
5161.01,TOI 5161.01,1,1
5162.01,TOI 5162.01,1,1
5163.01,TOI 5163.01,1,1
5164.01,TOI 5164.01,1,1
5165.01,TOI 5165.01,1,1
5166.01,TOI 5166.01,1,1
5167.01,TOI 5167.01,1,1
5168.01,TOI 5168.01,1,1
5169.01,TOI 5169.01,1,1
517.01,TOI 517.01,0,0
5170.01,TOI 5170.01,1,1
5171.01,TOI 5171.01,1,1
5172.01,TOI 5172.01,1,1
5173.01,TOI 5173.01,1,1
5174.01,TOI 5174.01,2,2
5175.01,TOI 5175.01,1,1
5176.01,TOI 5176.01,1,1
5177.01,TOI 5177.01,1,0
5178.01,TOI 5178.01,1,1
5179.01,TOI 5179.01,1,1
518.01,TOI 518.01,1,1
5180.01,TOI 5180.01,1,1
5181.01,TOI 5181.01,1,1
5182.01,TOI 5182.01,1,1
5183.01,TOI 5183.01,1,1
5184.01,TOI 5184.01,0,0
5185.01,TOI 5185.01,1,1
5186.01,TOI 5186.01,1,1
5187.01,TOI 5187.01,1,1
5188.01,TOI 5188.01,1,1
5189.01,TOI 5189.01,0,1
519.01,TOI 519.01,2,2
5190.01,TOI 5190.01,1,1
5191.01,TOI 5191.01,1,1
5192.01,TOI 5192.01,1,1
5193.01,TOI 5193.01,1,1
5194.01,TOI 5194.01,1,1
5195.01,TOI 5195.01,1,1
5196.01,TOI 5196.01,1,1
5197.01,TOI 5197.01,0,3
5198.01,TOI 5198.01,0,1
5199.01,TOI 5199.01,0,1
520.01,TOI 520.01,1,1
5200.01,TOI 5200.01,1,1
5201.01,TOI 5201.01,1,1
5202.01,TOI 5202.01,1,1
5203.01,TOI 5203.01,1,1
5204.01,TOI 5204.01,1,1
5205.01,TOI 5205.01,2,1
5206.01,TOI 5206.01,1,1
5207.01,TOI 5207.01,1,1
5208.01,TOI 5208.01,1,1
5209.01,TOI 5209.01,1,1
521.01,TOI 521.01,2,2
5210.01,TOI 5210.01,1,1
5211.01,TOI 5211.01,1,1
5212.01,TOI 5212.01,0,1
5213.01,TOI 5213.01,1,1
5214.01,TOI 5214.01,1,1
5215.01,TOI 5215.01,1,1
5216.01,TOI 5216.01,1,0
5217.01,TOI 5217.01,1,1
5218.01,TOI 5218.01,2,1
5219.01,TOI 5219.01,1,1
522.01,TOI 522.01,1,3
5220.01,TOI 5220.01,1,1
5221.01,TOI 5221.01,1,1
5222.01,TOI 5222.01,0,3
5223.01,TOI 5223.01,1,1
5224.01,TOI 5224.01,1,1
5225.01,TOI 5225.01,1,1
5226.01,TOI 5226.01,0,0
5227.01,TOI 5227.01,1,1
5228.01,TOI 5228.01,1,1
5229.01,TOI 5229.01,1,1
523.01,TOI 523.01,0,1
5230.01,TOI 5230.01,1,1
5231.01,TOI 5231.01,0,0
5232.01,TOI 5232.01,2,2
5233.01,TOI 5233.01,1,1
5234.01,TOI 5234.01,1,1
5235.01,TOI 5235.01,1,1
5236.01,TOI 5236.01,1,1
5237.01,TOI 5237.01,1,1
5238.01,TOI 5238.01,2,1
5239.01,TOI 5239.01,1,1
524.01,TOI 524.01,0,3
5240.01,TOI 5240.01,2,2
5241.01,TOI 5241.01,1,1
5242.01,TOI 5242.01,1,1
5243.01,TOI 5243.01,1,1
5244.01,TOI 5244.01,1,1
5245.01,TOI 5245.01,0,3
5246.01,TOI 5246.01,0,0
5247.01,TOI 5247.01,1,1
5248.01,TOI 5248.01,0,3
5249.01,TOI 5249.01,1,1
525.01,TOI 525.01,1,1
5250.01,TOI 5250.01,1,1
5251.01,TOI 5251.01,1,1
5252.01,TOI 5252.01,1,1
5253.01,TOI 5253.01,0,3
5254.01,TOI 5254.01,1,1
5255.01,TOI 5255.01,1,1
5256.01,TOI 5256.01,1,1
5257.01,TOI 5257.01,0,0
5258.01,TOI 5258.01,0,0
5259.01,TOI 5259.01,1,1
526.01,TOI 526.01,0,0
5260.01,TOI 5260.01,0,1
5261.01,TOI 5261.01,1,1
5262.01,TOI 5262.01,0,0
5263.01,TOI 5263.01,1,1
5264.01,TOI 5264.01,1,1
5265.01,TOI 5265.01,1,1
5266.01,TOI 5266.01,0,0
5267.01,TOI 5267.01,1,1
5268.01,TOI 5268.01,0,0
5269.01,TOI 5269.01,1,1
527.01,TOI 527.01,0,3
5270.01,TOI 5270.01,1,1
5271.01,TOI 5271.01,1,1
5272.01,TOI 5272.01,1,1
5273.01,TOI 5273.01,0,1
5274.01,TOI 5274.01,1,1
5275.01,TOI 5275.01,0,0
5276.01,TOI 5276.01,0,3
5277.01,TOI 5277.01,1,1
5278.01,TOI 5278.01,1,1
5279.01,TOI 5279.01,1,1
528.01,TOI 528.01,0,0
5280.01,TOI 5280.01,1,1
5281.01,TOI 5281.01,1,1
5282.01,TOI 5282.01,1,1
5283.01,TOI 5283.01,0,1
5284.01,TOI 5284.01,1,1
5285.01,TOI 5285.01,1,1
5286.01,TOI 5286.01,1,1
5287.01,TOI 5287.01,0,1
5288.01,TOI 5288.01,1,1
5289.01,TOI 5289.01,1,1
529.01,TOI 529.01,0,0
5290.01,TOI 5290.01,1,0
5291.01,TOI 5291.01,1,1
5292.01,TOI 5292.01,1,1
5293.01,TOI 5293.01,2,2
5294.01,TOI 5294.01,1,1
5295.01,TOI 5295.01,0,3
5296.01,TOI 5296.01,0,0
5297.01,TOI 5297.01,1,1
5298.01,TOI 5298.01,1,1
5299.01,TOI 5299.01,1,1
530.01,TOI 530.01,2,2
5300.01,TOI 5300.01,1,1
5301.01,TOI 5301.01,2,1
5302.01,TOI 5302.01,1,1
5303.01,TOI 5303.01,1,1
5304.01,TOI 5304.01,1,1
5305.01,TOI 5305.01,1,1
5306.01,TOI 5306.01,1,1
5307.01,TOI 5307.01,0,3
5308.01,TOI 5308.01,0,0
5309.01,TOI 5309.01,1,1
531.01,TOI 531.01,0,0
5310.01,TOI 5310.01,1,1
5311.01,TOI 5311.01,1,1
5312.01,TOI 5312.01,1,1
5313.01,TOI 5313.01,1,1
5314.01,TOI 5314.01,1,1
5315.01,TOI 5315.01,1,1
5316.01,TOI 5316.01,1,1
5317.01,TOI 5317.01,1,1
5318.01,TOI 5318.01,1,1
5319.01,TOI 5319.01,2,2
532.01,TOI 532.01,2,2
5320.01,TOI 5320.01,0,3
5321.01,TOI 5321.01,0,0
5322.01,TOI 5322.01,1,1
5323.01,TOI 5323.01,0,3
5324.01,TOI 5324.01,1,1
5325.01,TOI 5325.01,1,1
5326.01,TOI 5326.01,1,1
5327.01,TOI 5327.01,1,1
5328.01,TOI 5328.01,1,1
5329.01,TOI 5329.01,1,1
533.01,TOI 533.01,1,1
5330.01,TOI 5330.01,1,1
5331.01,TOI 5331.01,1,1
5332.01,TOI 5332.01,1,1
5333.01,TOI 5333.01,1,1
5334.01,TOI 5334.01,1,1
5335.01,TOI 5335.01,1,1
5336.01,TOI 5336.01,1,1
5337.01,TOI 5337.01,1,1
5338.01,TOI 5338.01,1,1
5339.01,TOI 5339.01,1,1
534.01,TOI 534.01,1,1
5340.01,TOI 5340.01,1,1
5341.01,TOI 5341.01,1,1
5342.01,TOI 5342.01,1,1
5343.01,TOI 5343.01,1,1
5344.01,TOI 5344.01,2,1
5345.01,TOI 5345.01,1,2
5346.01,TOI 5346.01,1,1
5347.01,TOI 5347.01,1,1
5348.01,TOI 5348.01,1,1
5349.01,TOI 5349.01,2,2
535.01,TOI 535.01,1,1
5350.01,TOI 5350.01,1,1
5351.01,TOI 5351.01,1,1
5352.01,TOI 5352.01,1,1
5353.01,TOI 5353.01,0,1
5354.01,TOI 5354.01,1,1
5355.01,TOI 5355.01,1,1
5356.01,TOI 5356.01,1,1
5357.01,TOI 5357.01,1,1
5358.01,TOI 5358.01,1,1
5359.01,TOI 5359.01,1,1
536.01,TOI 536.01,1,1
5360.01,TOI 5360.01,0,3
5361.01,TOI 5361.01,0,0
5362.01,TOI 5362.01,1,1
5363.01,TOI 5363.01,1,1
5364.01,TOI 5364.01,1,1
5365.01,TOI 5365.01,1,1
5366.01,TOI 5366.01,1,1
5367.01,TOI 5367.01,1,1
5368.01,TOI 5368.01,1,1
5369.01,TOI 5369.01,1,1
537.01,TOI 537.01,1,1
5370.01,TOI 5370.01,1,1
5371.01,TOI 5371.01,1,1
5372.01,TOI 5372.01,1,1
5373.01,TOI 5373.01,1,1
5374.01,TOI 5374.01,1,1
5375.01,TOI 5375.01,1,1
5376.01,TOI 5376.01,0,3
5377.01,TOI 5377.01,1,1
5378.01,TOI 5378.01,1,1
5379.01,TOI 5379.01,0,3
538.01,TOI 538.01,0,2
5380.01,TOI 5380.01,1,1
5381.01,TOI 5381.01,0,0
5382.01,TOI 5382.01,1,1
5383.01,TOI 5383.01,1,1
5384.01,TOI 5384.01,1,1
5385.01,TOI 5385.01,1,1
5386.01,TOI 5386.01,1,1
5387.01,TOI 5387.01,1,0
5388.01,TOI 5388.01,2,2
5389.01,TOI 5389.01,1,1
539.01,TOI 539.01,1,1
5390.01,TOI 5390.01,1,1
5391.01,TOI 5391.01,0,3
5392.01,TOI 5392.01,1,1
5393.01,TOI 5393.01,1,1
5394.01,TOI 5394.01,0,3
5395.01,TOI 5395.01,1,1
5396.01,TOI 5396.01,0,0
5397.01,TOI 5397.01,1,1
5398.01,TOI 5398.01,2,2
5398.02,TOI 5398.02,2,2
5399.01,TOI 5399.01,1,1
540.01,TOI 540.01,2,1
5400.01,TOI 5400.01,1,1
5401.01,TOI 5401.01,1,0
5402.01,TOI 5402.01,1,1
5403.01,TOI 5403.01,1,1
5404.01,TOI 5404.01,1,1
5405.01,TOI 5405.01,1,1
5406.01,TOI 5406.01,1,1
5407.01,TOI 5407.01,1,1
5408.01,TOI 5408.01,1,1
5409.01,TOI 5409.01,0,3
541.01,TOI 541.01,0,3
5410.01,TOI 5410.01,1,1
5411.01,TOI 5411.01,1,1
5412.01,TOI 5412.01,1,1
5413.01,TOI 5413.01,1,1
5414.01,TOI 5414.01,1,1
5415.01,TOI 5415.01,1,1
5416.01,TOI 5416.01,1,1
5417.01,TOI 5417.01,1,1
5418.01,TOI 5418.01,0,0
5419.01,TOI 5419.01,1,1
542.01,TOI 542.01,1,1
5420.01,TOI 5420.01,1,1
5421.01,TOI 5421.01,1,1
5422.01,TOI 5422.01,1,1
5423.01,TOI 5423.01,1,1
5423.02,TOI 5423.02,1,1
5424.01,TOI 5424.01,0,0
5425.01,TOI 5425.01,0,3
5426.01,TOI 5426.01,0,3
5427.01,TOI 5427.01,1,1
5428.01,TOI 5428.01,1,1
5429.01,TOI 5429.01,0,0
543.01,TOI 543.01,0,0
5430.01,TOI 5430.01,1,1
5431.01,TOI 5431.01,1,1
5432.01,TOI 5432.01,1,1
5433.01,TOI 5433.01,1,1
5434.01,TOI 5434.01,0,1
5435.01,TOI 5435.01,1,0
5436.01,TOI 5436.01,1,1
5437.01,TOI 5437.01,1,1
5438.01,TOI 5438.01,1,1
5439.01,TOI 5439.01,1,1
544.01,TOI 544.01,2,2
5440.01,TOI 5440.01,0,1
5441.01,TOI 5441.01,1,1
5442.01,TOI 5442.01,0,3
5443.01,TOI 5443.01,1,0
5444.01,TOI 5444.01,0,3
5445.01,TOI 5445.01,0,3
5446.01,TOI 5446.01,1,1
5447.01,TOI 5447.01,0,0
5448.01,TOI 5448.01,1,1
5449.01,TOI 5449.01,1,1
545.01,TOI 545.01,1,1
5450.01,TOI 5450.01,0,0
5451.01,TOI 5451.01,1,1
5452.01,TOI 5452.01,1,1
5453.01,TOI 5453.01,1,1
5454.01,TOI 5454.01,1,1
5455.01,TOI 5455.01,1,1
5456.01,TOI 5456.01,0,0
5457.01,TOI 5457.01,1,0
5458.01,TOI 5458.01,1,1
5459.01,TOI 5459.01,1,1
546.01,TOI 546.01,1,1
5460.01,TOI 5460.01,1,1
5461.01,TOI 5461.01,1,1
5462.01,TOI 5462.01,1,1
5463.01,TOI 5463.01,1,1
5464.01,TOI 5464.01,1,1
5465.01,TOI 5465.01,0,1
5466.01,TOI 5466.01,1,1
5467.01,TOI 5467.01,2,1
5468.01,TOI 5468.01,1,1
5469.01,TOI 5469.01,1,1
547.01,TOI 547.01,1,1
5470.01,TOI 5470.01,0,3
5471.01,TOI 5471.01,1,1
5472.01,TOI 5472.01,1,1
5473.01,TOI 5473.01,1,1
5474.01,TOI 5474.01,1,1
5475.01,TOI 5475.01,0,3
5476.01,TOI 5476.01,1,1
5477.01,TOI 5477.01,1,1
5478.01,TOI 5478.01,0,1
5478.02,TOI 5478.02,0,1
5479.01,TOI 5479.01,1,1
548.01,TOI 548.01,1,1
5480.01,TOI 5480.01,1,1
5481.01,TOI 5481.01,1,1
5482.01,TOI 5482.01,1,1
5483.01,TOI 5483.01,1,1
5484.01,TOI 5484.01,0,3
5485.01,TOI 5485.01,1,1
5486.01,TOI 5486.01,1,1
5487.01,TOI 5487.01,1,1
5488.01,TOI 5488.01,1,1
5489.01,TOI 5489.01,1,1
5489.02,TOI 5489.02,1,1
549.01,TOI 549.01,0,1
5490.01,TOI 5490.01,1,1
5491.01,TOI 5491.01,1,1
5492.01,TOI 5492.01,1,1
5493.01,TOI 5493.01,1,1
5493.02,TOI 5493.02,1,1
5493.03,TOI 5493.03,1,1
5494.01,TOI 5494.01,1,1
5495.01,TOI 5495.01,1,1
5496.01,TOI 5496.01,0,1
5497.01,TOI 5497.01,1,1
5498.01,TOI 5498.01,1,1
5499.01,TOI 5499.01,1,1
550.01,TOI 550.01,0,0
550.02,TOI 550.02,0,0
5500.01,TOI 5500.01,1,1
5501.01,TOI 5501.01,1,1
5502.01,TOI 5502.01,1,1
5503.01,TOI 5503.01,0,1
5504.01,TOI 5504.01,1,1
5505.01,TOI 5505.01,1,1
5506.01,TOI 5506.01,1,1
5507.01,TOI 5507.01,1,1
5508.01,TOI 5508.01,1,1
5509.01,TOI 5509.01,1,1
551.01,TOI 551.01,1,1
5510.01,TOI 5510.01,1,1
5511.01,TOI 5511.01,1,1
5512.01,TOI 5512.01,1,1
5513.01,TOI 5513.01,0,1
5514.01,TOI 5514.01,1,1
5515.01,TOI 5515.01,1,2
5516.01,TOI 5516.01,1,1
5517.01,TOI 5517.01,1,1
5518.01,TOI 5518.01,0,1
5519.01,TOI 5519.01,1,1
552.01,TOI 552.01,2,1
5520.01,TOI 5520.01,1,1
5520.02,TOI 5520.02,1,1
5521.01,TOI 5521.01,1,1
5522.01,TOI 5522.01,0,3
5523.02,TOI 5523.02,1,1
5524.01,TOI 5524.01,1,1
5525.01,TOI 5525.01,1,1
5526.01,TOI 5526.01,1,1
5527.01,TOI 5527.01,1,1
5528.01,TOI 5528.01,1,2
5529.01,TOI 5529.01,1,1
553.01,TOI 553.01,0,2
553.02,TOI 553.02,1,1
553.03,TOI 553.03,1,1
5530.01,TOI 5530.01,1,1
5531.01,TOI 5531.01,1,2
5532.01,TOI 5532.01,1,1
5532.02,TOI 5532.02,1,1
5533.01,TOI 5533.01,1,1
5534.01,TOI 5534.01,1,1
5535.01,TOI 5535.01,1,0
5536.01,TOI 5536.01,1,1
5537.01,TOI 5537.01,1,1
5538.01,TOI 5538.01,1,1
5539.01,TOI 5539.01,1,1
554.01,TOI 554.01,2,2
554.02,TOI 554.02,2,2
5540.01,TOI 5540.01,0,0
5541.01,TOI 5541.01,1,1
5542.01,TOI 5542.01,2,1
5543.01,TOI 5543.01,1,1
5544.01,TOI 5544.01,1,1
5545.01,TOI 5545.01,1,1
5546.01,TOI 5546.01,1,1
5547.01,TOI 5547.01,1,1
5548.01,TOI 5548.01,1,2
5549.01,TOI 5549.01,1,1
555.01,TOI 555.01,2,2
5550.01,TOI 5550.01,1,1
5551.01,TOI 5551.01,1,2
5552.01,TOI 5552.01,1,1
5553.01,TOI 5553.01,1,1
5554.01,TOI 5554.01,1,1
5555.01,TOI 5555.01,1,1
5556.01,TOI 5556.01,1,2
5557.01,TOI 5557.01,2,2
5558.01,TOI 5558.01,1,1
5559.01,TOI 5559.01,1,1
556.01,TOI 556.01,0,0
5560.01,TOI 5560.01,1,1
5561.01,TOI 5561.01,1,1
5562.01,TOI 5562.01,1,1
5564.01,TOI 5564.01,1,1
5564.02,TOI 5564.02,1,2
5565.01,TOI 5565.01,1,1
5566.01,TOI 5566.01,1,1
5567.01,TOI 5567.01,1,1
5568.01,TOI 5568.01,1,1
5569.01,TOI 5569.01,1,1
557.01,TOI 557.01,1,1
5570.01,TOI 5570.01,1,1
5571.01,TOI 5571.01,1,1
5572.01,TOI 5572.01,1,1
5573.01,TOI 5573.01,2,1
5574.01,TOI 5574.01,0,0
5575.01,TOI 5575.01,1,1
5576.01,TOI 5576.01,0,0
5577.01,TOI 5577.01,1,1
5578.01,TOI 5578.01,1,1
5579.01,TOI 5579.01,1,1
558.01,TOI 558.01,2,2
5580.01,TOI 5580.01,1,1
5581.01,TOI 5581.01,1,1
5582.01,TOI 5582.01,1,1
5583.01,TOI 5583.01,1,1
5584.01,TOI 5584.01,1,1
5585.01,TOI 5585.01,1,1
5586.01,TOI 5586.01,1,1
5587.01,TOI 5587.01,1,1
5588.01,TOI 5588.01,1,1
5589.01,TOI 5589.01,1,1
559.01,TOI 559.01,2,1
5590.01,TOI 5590.01,1,1
5591.01,TOI 5591.01,1,1
5592.01,TOI 5592.01,1,1
5593.01,TOI 5593.01,1,1
5594.01,TOI 5594.01,1,1
5595.01,TOI 5595.01,1,1
5596.01,TOI 5596.01,0,3
5597.01,TOI 5597.01,1,1
5598.01,TOI 5598.01,1,1
5599.01,TOI 5599.01,1,1
560.01,TOI 560.01,2,2
560.02,TOI 560.02,2,2
5600.01,TOI 5600.01,1,1
5601.01,TOI 5601.01,1,1
5602.01,TOI 5602.01,1,1
5603.01,TOI 5603.01,1,1
5604.01,TOI 5604.01,1,1
5605.01,TOI 5605.01,1,1
5606.01,TOI 5606.01,1,1
5607.01,TOI 5607.01,1,1
5608.01,TOI 5608.01,1,1
5609.01,TOI 5609.01,1,1
561.01,TOI 561.01,2,2
561.02,TOI 561.02,2,2
561.03,TOI 561.03,2,2
5610.01,TOI 5610.01,1,1
5611.01,TOI 5611.01,1,1
5611.02,TOI 5611.02,1,2
5612.01,TOI 5612.01,1,1
5613.01,TOI 5613.01,1,1
5614.01,TOI 5614.01,1,1
5615.01,TOI 5615.01,1,1
5616.01,TOI 5616.01,2,2
5617.01,TOI 5617.01,1,1
5618.01,TOI 5618.01,1,1
5619.01,TOI 5619.01,1,1
562.01,TOI 562.01,2,2
5620.01,TOI 5620.01,1,1
5621.01,TOI 5621.01,0,1
5622.01,TOI 5622.01,1,1
5623.01,TOI 5623.01,1,1
5624.01,TOI 5624.01,1,1
5624.02,TOI 5624.02,1,1
5624.03,TOI 5624.03,1,1
5624.04,TOI 5624.04,1,1
5625.01,TOI 5625.01,1,0
5626.01,TOI 5626.01,1,1
5627.01,TOI 5627.01,1,1
5628.01,TOI 5628.01,1,1
5629.01,TOI 5629.01,1,1
563.01,TOI 563.01,1,1
5630.01,TOI 5630.01,1,1
5631.01,TOI 5631.01,1,1
5632.01,TOI 5632.01,1,1
5633.01,TOI 5633.01,1,1
5634.01,TOI 5634.01,2,2
5635.01,TOI 5635.01,1,1
5636.01,TOI 5636.01,1,1
5637.01,TOI 5637.01,1,1
5638.01,TOI 5638.01,1,1
5639.01,TOI 5639.01,1,1
564.01,TOI 564.01,2,2
5640.01,TOI 5640.01,0,0
5641.01,TOI 5641.01,1,1
5642.01,TOI 5642.01,1,1
5643.01,TOI 5643.01,0,1
5644.01,TOI 5644.01,0,3
5645.01,TOI 5645.01,1,1
5646.01,TOI 5646.01,1,1
5647.01,TOI 5647.01,1,1
5648.01,TOI 5648.01,0,1
5649.01,TOI 5649.01,1,1
565.01,TOI 565.01,0,3
5650.01,TOI 5650.01,1,1
5651.01,TOI 5651.01,1,1
5652.01,TOI 5652.01,1,1
5653.01,TOI 5653.01,1,1
5654.01,TOI 5654.01,1,1
5655.01,TOI 5655.01,1,1
5656.01,TOI 5656.01,1,1
5657.01,TOI 5657.01,1,1
5658.01,TOI 5658.01,1,1
5659.01,TOI 5659.01,0,1
566.01,TOI 566.01,0,0
5660.01,TOI 5660.01,1,1
5661.01,TOI 5661.01,1,1
5662.01,TOI 5662.01,1,1
5663.01,TOI 5663.01,1,1
5664.01,TOI 5664.01,1,1
5665.01,TOI 5665.01,1,1
5666.01,TOI 5666.01,1,1
5667.01,TOI 5667.01,1,1
5668.01,TOI 5668.01,1,1
5669.01,TOI 5669.01,1,1
567.01,TOI 567.01,1,1
5670.01,TOI 5670.01,1,1
5671.01,TOI 5671.01,1,1
5672.01,TOI 5672.01,1,1
5673.01,TOI 5673.01,1,1
5674.01,TOI 5674.01,1,1
5675.01,TOI 5675.01,1,1
5676.01,TOI 5676.01,1,1
5677.01,TOI 5677.01,0,3
5678.01,TOI 5678.01,2,2
5679.01,TOI 5679.01,1,1
568.01,TOI 568.01,0,1
5680.01,TOI 5680.01,2,1
5681.01,TOI 5681.01,0,3
5682.01,TOI 5682.01,1,1
5683.01,TOI 5683.01,1,1
5684.01,TOI 5684.01,1,1
5685.01,TOI 5685.01,1,1
5686.01,TOI 5686.01,1,1
5687.01,TOI 5687.01,0,1
5688.01,TOI 5688.01,2,2
5689.01,TOI 5689.01,1,1
569.01,TOI 569.01,2,1
5690.01,TOI 5690.01,1,1
5691.01,TOI 5691.01,1,1
5692.01,TOI 5692.01,1,1
5693.01,TOI 5693.01,1,1
5694.01,TOI 5694.01,0,1
5695.01,TOI 5695.01,0,0
5696.01,TOI 5696.01,1,1
5696.02,TOI 5696.02,1,1
5697.01,TOI 5697.01,1,1
5698.01,TOI 5698.01,1,1
5699.01,TOI 5699.01,1,1
570.01,TOI 570.01,0,3
5700.01,TOI 5700.01,1,1
5701.01,TOI 5701.01,1,1
5702.01,TOI 5702.01,0,3
5703.01,TOI 5703.01,1,1
5704.01,TOI 5704.01,2,1
5705.01,TOI 5705.01,1,1
5706.01,TOI 5706.01,1,1
5707.01,TOI 5707.01,1,1
5708.01,TOI 5708.01,1,1
5709.01,TOI 5709.01,1,1
571.01,TOI 571.01,1,1
5710.01,TOI 5710.01,1,1
5711.01,TOI 5711.01,1,1
5712.01,TOI 5712.01,1,2
5713.01,TOI 5713.01,2,2
5714.01,TOI 5714.01,1,2
5715.01,TOI 5715.01,1,2
5716.01,TOI 5716.01,1,1
5717.01,TOI 5717.01,1,2
5718.01,TOI 5718.01,1,1
572.01,TOI 572.01,0,3
5720.01,TOI 5720.01,2,2
5721.01,TOI 5721.01,1,1
5722.01,TOI 5722.01,1,2
5723.01,TOI 5723.01,1,1
5724.01,TOI 5724.01,1,1
5725.01,TOI 5725.01,1,1
5726.01,TOI 5726.01,2,2
5727.01,TOI 5727.01,1,2
5728.01,TOI 5728.01,1,1
5729.01,TOI 5729.01,1,1
573.01,TOI 573.01,0,3
5730.01,TOI 5730.01,1,2
5731.01,TOI 5731.01,1,1
5732.01,TOI 5732.01,1,1
5733.01,TOI 5733.01,1,1
5734.01,TOI 5734.01,1,1
5735.01,TOI 5735.01,1,1
5736.01,TOI 5736.01,1,1
5737.01,TOI 5737.01,1,1
5738.01,TOI 5738.01,1,1
5738.02,TOI 5738.02,1,1
5739.01,TOI 5739.01,1,2
574.01,TOI 574.01,1,1
5740.01,TOI 5740.01,1,1
5741.01,TOI 5741.01,1,1
5742.01,TOI 5742.01,0,0
5743.01,TOI 5743.01,1,1
5744.01,TOI 5744.01,1,2
5746.01,TOI 5746.01,0,0
5747.01,TOI 5747.01,2,2
5748.01,TOI 5748.01,1,1
5749.01,TOI 5749.01,1,1
575.01,TOI 575.01,0,0
5750.01,TOI 5750.01,1,1
5751.01,TOI 5751.01,1,1
5752.01,TOI 5752.01,1,1
5753.01,TOI 5753.01,1,1
5754.01,TOI 5754.01,1,1
5755.01,TOI 5755.01,1,1
5756.01,TOI 5756.01,0,3
5757.01,TOI 5757.01,1,1
5758.01,TOI 5758.01,1,1
5759.01,TOI 5759.01,1,1
576.01,TOI 576.01,2,1
5760.01,TOI 5760.01,1,1
5761.01,TOI 5761.01,0,1
5762.01,TOI 5762.01,1,1
5763.01,TOI 5763.01,1,1
5764.01,TOI 5764.01,1,1
5765.01,TOI 5765.01,1,1
5766.01,TOI 5766.01,0,0
5767.01,TOI 5767.01,1,1
5768.01,TOI 5768.01,1,1
5769.01,TOI 5769.01,0,1
577.01,TOI 577.01,0,3
5770.01,TOI 5770.01,1,1
5771.01,TOI 5771.01,1,1
5772.01,TOI 5772.01,1,1
5773.01,TOI 5773.01,1,1
5774.01,TOI 5774.01,1,1
5775.01,TOI 5775.01,1,0
5776.01,TOI 5776.01,1,1
5777.01,TOI 5777.01,1,1
5778.01,TOI 5778.01,1,1
5779.01,TOI 5779.01,1,1
578.01,TOI 578.01,1,1
5780.01,TOI 5780.01,1,1
5781.01,TOI 5781.01,1,1
5782.01,TOI 5782.01,1,1
5783.01,TOI 5783.01,1,1
5784.01,TOI 5784.01,0,1
5785.01,TOI 5785.01,1,0
5786.01,TOI 5786.01,2,1
5787.01,TOI 5787.01,0,0
5788.01,TOI 5788.01,1,1
5788.02,TOI 5788.02,1,1
5789.01,TOI 5789.01,1,1
579.01,TOI 579.01,1,0
5790.01,TOI 5790.01,0,3
5791.01,TOI 5791.01,0,1
5792.01,TOI 5792.01,0,3
5793.01,TOI 5793.01,1,1
5794.01,TOI 5794.01,1,1
5795.01,TOI 5795.01,2,2
5796.01,TOI 5796.01,1,1
5797.01,TOI 5797.01,1,1
5798.01,TOI 5798.01,1,1
5799.01,TOI 5799.01,2,2
580.01,TOI 580.01,1,0
5800.01,TOI 5800.01,2,2
5801.01,TOI 5801.01,1,1
5802.01,TOI 5802.01,1,1
5803.01,TOI 5803.01,2,1
5804.01,TOI 5804.01,0,1
5805.01,TOI 5805.01,1,1
5806.01,TOI 5806.01,1,1
5807.01,TOI 5807.01,1,1
5808.01,TOI 5808.01,1,1
5809.01,TOI 5809.01,1,1
581.01,TOI 581.01,1,0
5810.01,TOI 5810.01,1,1
5811.01,TOI 5811.01,1,1
5812.01,TOI 5812.01,1,1
5813.01,TOI 5813.01,1,1
5814.01,TOI 5814.01,1,1
5815.01,TOI 5815.01,1,1
5816.01,TOI 5816.01,1,1
5817.01,TOI 5817.01,2,2
5818.01,TOI 5818.01,1,1
5819.01,TOI 5819.01,1,1
582.01,TOI 582.01,0,0
5820.01,TOI 5820.01,1,1
5821.01,TOI 5821.01,1,0
5822.01,TOI 5822.01,1,1
5823.01,TOI 5823.01,1,1
5824.01,TOI 5824.01,1,1
5825.01,TOI 5825.01,1,1
5826.01,TOI 5826.01,1,1
5827.01,TOI 5827.01,1,1
5828.01,TOI 5828.01,1,1
5829.01,TOI 5829.01,1,1
583.01,TOI 583.01,1,1
5830.01,TOI 5830.01,0,1
5831.01,TOI 5831.01,1,1
5832.01,TOI 5832.01,1,1
5833.01,TOI 5833.01,1,1
5834.01,TOI 5834.01,1,1
5835.01,TOI 5835.01,1,1
5836.01,TOI 5836.01,1,1
5837.01,TOI 5837.01,1,1
5838.01,TOI 5838.01,1,1
5839.01,TOI 5839.01,0,1
584.01,TOI 584.01,0,0
5840.01,TOI 5840.01,1,1
5841.01,TOI 5841.01,1,1
5842.01,TOI 5842.01,1,1
5843.01,TOI 5843.01,1,1
5844.01,TOI 5844.01,1,1
5845.01,TOI 5845.01,1,1
5846.01,TOI 5846.01,1,1
5847.01,TOI 5847.01,1,1
5848.01,TOI 5848.01,1,1
5849.01,TOI 5849.01,1,1
585.01,TOI 585.01,0,3
5850.01,TOI 5850.01,0,0
5851.01,TOI 5851.01,1,1
5852.01,TOI 5852.01,1,1
5853.01,TOI 5853.01,1,1
5854.01,TOI 5854.01,1,1
5855.01,TOI 5855.01,0,0
5856.01,TOI 5856.01,1,1
5857.01,TOI 5857.01,1,1
5858.01,TOI 5858.01,1,1
5859.01,TOI 5859.01,1,1
586.01,TOI 586.01,0,0
5860.01,TOI 5860.01,0,3
5861.01,TOI 5861.01,1,1
5862.01,TOI 5862.01,0,1
5863.01,TOI 5863.01,1,1
5864.01,TOI 5864.01,1,1
5865.01,TOI 5865.01,1,1
5866.01,TOI 5866.01,0,1
5867.01,TOI 5867.01,0,0
5868.01,TOI 5868.01,1,1
5869.01,TOI 5869.01,1,1
587.01,TOI 587.01,0,0
5871.01,TOI 5871.01,1,1
5872.01,TOI 5872.01,1,0
5873.01,TOI 5873.01,1,1
5874.01,TOI 5874.01,1,1
5875.01,TOI 5875.01,1,1
5876.01,TOI 5876.01,0,0
5877.01,TOI 5877.01,1,1
5878.01,TOI 5878.01,1,1
5879.01,TOI 5879.01,1,1
588.01,TOI 588.01,1,1
5880.01,TOI 5880.01,1,1
5881.01,TOI 5881.01,1,1
5882.01,TOI 5882.01,2,2
5883.01,TOI 5883.01,0,3
5884.01,TOI 5884.01,1,1
5885.01,TOI 5885.01,1,1
5886.01,TOI 5886.01,0,1
5887.01,TOI 5887.01,0,1
5888.01,TOI 5888.01,1,1
5889.01,TOI 5889.01,1,1
589.01,TOI 589.01,0,0
5890.01,TOI 5890.01,1,1
5891.01,TOI 5891.01,1,1
5892.01,TOI 5892.01,0,0
5894.01,TOI 5894.01,1,1
5895.01,TOI 5895.01,0,3
5896.01,TOI 5896.01,1,0
5897.01,TOI 5897.01,1,1
5898.01,TOI 5898.01,1,1
5899.01,TOI 5899.01,0,0
590.01,TOI 590.01,0,3
5900.01,TOI 5900.01,1,1
5901.01,TOI 5901.01,0,1
5902.01,TOI 5902.01,1,1
5903.01,TOI 5903.01,1,1
5904.01,TOI 5904.01,1,1
5905.01,TOI 5905.01,1,1
5906.01,TOI 5906.01,0,3
5907.01,TOI 5907.01,1,1
5908.01,TOI 5908.01,0,0
5909.01,TOI 5909.01,1,1
591.01,TOI 591.01,0,0
5910.01,TOI 5910.01,0,0
5911.01,TOI 5911.01,1,1
5912.01,TOI 5912.01,1,1
5913.01,TOI 5913.01,0,3
5914.01,TOI 5914.01,1,1
5915.01,TOI 5915.01,0,0
5916.01,TOI 5916.01,1,1
5917.01,TOI 5917.01,1,1
5918.01,TOI 5918.01,1,1
5919.01,TOI 5919.01,1,1
592.01,TOI 592.01,0,0
5920.01,TOI 5920.01,0,1
5921.01,TOI 5921.01,1,1
5922.01,TOI 5922.01,1,1
5923.01,TOI 5923.01,1,1
5924.01,TOI 5924.01,0,1
5925.01,TOI 5925.01,1,1
5926.01,TOI 5926.01,1,1
5927.01,TOI 5927.01,1,1
5928.01,TOI 5928.01,1,1
5929.01,TOI 5929.01,1,1
593.01,TOI 593.01,0,0
5930.01,TOI 5930.01,1,1
5931.01,TOI 5931.01,1,1
5932.01,TOI 5932.01,1,1
5933.01,TOI 5933.01,1,1
5934.01,TOI 5934.01,1,1
5935.01,TOI 5935.01,1,1
5936.01,TOI 5936.01,0,3
5937.01,TOI 5937.01,1,1
5938.01,TOI 5938.01,1,1
5939.01,TOI 5939.01,1,1
594.01,TOI 594.01,1,3
5940.01,TOI 5940.01,0,0
5941.01,TOI 5941.01,1,1
5942.01,TOI 5942.01,0,0
5943.01,TOI 5943.01,1,1
5944.01,TOI 5944.01,1,1
5945.01,TOI 5945.01,1,1
5946.01,TOI 5946.01,1,1
5947.01,TOI 5947.01,1,1
5948.01,TOI 5948.01,0,3
5949.01,TOI 5949.01,1,1
5949.02,TOI 5949.02,1,1
595.01,TOI 595.01,0,0
5950.01,TOI 5950.01,1,0
5951.01,TOI 5951.01,1,1
5952.01,TOI 5952.01,1,1
5953.01,TOI 5953.01,1,1
5954.01,TOI 5954.01,0,1
5955.01,TOI 5955.01,1,2
5956.01,TOI 5956.01,1,1
5957.01,TOI 5957.01,1,1
5958.01,TOI 5958.01,1,1
5959.01,TOI 5959.01,1,1
596.01,TOI 596.01,0,0
5960.01,TOI 5960.01,1,1
5961.01,TOI 5961.01,1,1
5962.01,TOI 5962.01,0,0
5963.01,TOI 5963.01,1,1
5964.01,TOI 5964.01,1,1
5965.01,TOI 5965.01,1,1
5966.01,TOI 5966.01,0,1
5967.01,TOI 5967.01,1,1
5968.01,TOI 5968.01,1,1
5968.02,TOI 5968.02,1,1
5969.01,TOI 5969.01,1,1
597.01,TOI 597.01,0,0
5970.01,TOI 5970.01,1,1
5971.01,TOI 5971.01,1,1
5972.01,TOI 5972.01,1,1
5973.01,TOI 5973.01,1,1
5974.01,TOI 5974.01,1,1
5975.01,TOI 5975.01,1,1
5976.01,TOI 5976.01,0,0
5977.01,TOI 5977.01,0,3
5978.01,TOI 5978.01,1,1
5979.01,TOI 5979.01,1,1
598.01,TOI 598.01,0,0
5980.01,TOI 5980.01,1,1
5981.01,TOI 5981.01,1,2
5982.01,TOI 5982.01,1,1
5983.01,TOI 5983.01,1,2
5984.01,TOI 5984.01,1,1
5985.01,TOI 5985.01,1,1
5986.01,TOI 5986.01,1,1
5987.01,TOI 5987.01,1,1
5988.01,TOI 5988.01,1,0
5989.01,TOI 5989.01,1,2
599.01,TOI 599.01,0,0
5990.01,TOI 5990.01,1,1
5991.01,TOI 5991.01,1,2
5992.01,TOI 5992.01,1,1
5993.01,TOI 5993.01,1,1
5994.01,TOI 5994.01,1,1
5995.01,TOI 5995.01,1,1
5996.01,TOI 5996.01,1,1
5997.01,TOI 5997.01,1,1
5998.01,TOI 5998.01,1,1
5999.01,TOI 5999.01,1,1
600.01,TOI 600.01,0,0
6000.01,TOI 6000.01,2,2
6001.01,TOI 6001.01,1,1
6002.01,TOI 6002.01,2,2
6003.01,TOI 6003.01,1,2
6004.01,TOI 6004.01,1,2
6005.01,TOI 6005.01,1,1
6006.01,TOI 6006.01,1,1
6007.01,TOI 6007.01,1,1
6008.01,TOI 6008.01,2,2
6009.01,TOI 6009.01,1,1
601.01,TOI 601.01,1,1
6010.01,TOI 6010.01,1,1
6011.01,TOI 6011.01,1,1
6012.01,TOI 6012.01,1,1
6013.01,TOI 6013.01,1,1
6014.01,TOI 6014.01,1,1
6015.01,TOI 6015.01,1,1
6016.01,TOI 6016.01,2,1
6017.01,TOI 6017.01,1,1
6018.01,TOI 6018.01,1,1
6019.01,TOI 6019.01,1,1
602.01,TOI 602.01,0,3
6020.01,TOI 6020.01,0,1
6021.01,TOI 6021.01,1,1
6022.01,TOI 6022.01,1,1
6022.02,TOI 6022.02,1,1
6023.01,TOI 6023.01,0,0
6024.01,TOI 6024.01,0,0
6025.01,TOI 6025.01,1,1
6026.01,TOI 6026.01,1,1
6027.01,TOI 6027.01,1,1
6028.01,TOI 6028.01,1,1
6029.01,TOI 6029.01,2,1
603.01,TOI 603.01,2,2
6030.01,TOI 6030.01,1,1
6031.01,TOI 6031.01,1,1
6032.01,TOI 6032.01,1,1
6033.01,TOI 6033.01,1,1
6034.01,TOI 6034.01,2,1
6035.01,TOI 6035.01,1,1
6036.01,TOI 6036.01,0,3
6037.01,TOI 6037.01,0,0
6038.01,TOI 6038.01,2,2
6039.01,TOI 6039.01,0,0
604.01,TOI 604.01,0,0
6040.01,TOI 6040.01,1,1
6041.01,TOI 6041.01,1,1
6042.01,TOI 6042.01,1,1
6043.01,TOI 6043.01,1,1
6044.01,TOI 6044.01,1,1
6045.01,TOI 6045.01,1,1
6046.01,TOI 6046.01,1,1
6047.01,TOI 6047.01,1,0
6048.01,TOI 6048.01,1,1
6049.01,TOI 6049.01,1,2
605.01,TOI 605.01,1,1
6050.01,TOI 6050.01,1,1
6051.01,TOI 6051.01,1,1
6052.01,TOI 6052.01,1,1
6053.01,TOI 6053.01,0,3
6054.01,TOI 6054.01,2,2
6054.02,TOI 6054.02,2,2
6055.01,TOI 6055.01,1,1
6056.01,TOI 6056.01,1,1
6057.01,TOI 6057.01,1,1
6058.01,TOI 6058.01,1,1
6059.01,TOI 6059.01,1,1
606.01,TOI 606.01,0,0
6060.01,TOI 6060.01,1,1
6061.01,TOI 6061.01,1,1
6062.01,TOI 6062.01,1,1
6063.01,TOI 6063.01,1,1
6064.01,TOI 6064.01,1,1
6065.01,TOI 6065.01,1,1
6066.01,TOI 6066.01,1,1
6067.01,TOI 6067.01,1,1
6068.01,TOI 6068.01,1,1
6069.01,TOI 6069.01,0,3
607.01,TOI 607.01,0,0
6070.01,TOI 6070.01,1,1
6071.01,TOI 6071.01,1,1
6072.01,TOI 6072.01,1,1
6073.01,TOI 6073.01,1,1
6074.01,TOI 6074.01,1,1
6075.01,TOI 6075.01,1,1
6076.01,TOI 6076.01,1,1
6077.01,TOI 6077.01,1,1
6078.01,TOI 6078.01,1,1
6078.02,TOI 6078.02,1,1
6079.01,TOI 6079.01,1,1
608.01,TOI 608.01,0,3
6080.01,TOI 6080.01,1,1
6081.01,TOI 6081.01,1,1
6082.01,TOI 6082.01,1,1
6084.01,TOI 6084.01,0,0
6086.01,TOI 6086.01,2,2
6088.01,TOI 6088.01,1,2
6089.01,TOI 6089.01,1,1
609.01,TOI 609.01,0,3
6090.01,TOI 6090.01,1,1
6091.01,TOI 6091.01,1,1
6093.01,TOI 6093.01,1,1
6094.01,TOI 6094.01,0,0
6095.01,TOI 6095.01,1,1
6096.01,TOI 6096.01,0,0
6097.01,TOI 6097.01,1,1
6098.01,TOI 6098.01,1,1
6099.01,TOI 6099.01,1,1
610.01,TOI 610.01,0,0
6100.01,TOI 6100.01,1,1
6101.01,TOI 6101.01,2,1
6102.01,TOI 6102.01,1,1
6103.01,TOI 6103.01,1,1
6104.01,TOI 6104.01,1,1
6105.01,TOI 6105.01,1,1
6106.01,TOI 6106.01,0,3
6107.01,TOI 6107.01,1,1
6108.01,TOI 6108.01,1,1
6109.01,TOI 6109.01,1,1
6109.02,TOI 6109.02,1,1
611.01,TOI 611.01,1,1
6110.01,TOI 6110.01,1,1
6111.01,TOI 6111.01,0,3
6112.01,TOI 6112.01,1,1
6113.01,TOI 6113.01,1,1
6114.01,TOI 6114.01,1,1
6115.01,TOI 6115.01,1,1
6116.01,TOI 6116.01,0,0
6117.01,TOI 6117.01,1,1
6118.01,TOI 6118.01,1,1
6119.01,TOI 6119.01,1,1
612.01,TOI 612.01,1,1
6120.01,TOI 6120.01,1,1
6121.01,TOI 6121.01,1,1
6122.01,TOI 6122.01,1,1
6123.01,TOI 6123.01,1,1
6124.01,TOI 6124.01,1,1
6125.01,TOI 6125.01,1,1
6126.01,TOI 6126.01,1,1
6127.01,TOI 6127.01,1,1
6128.01,TOI 6128.01,1,1
6129.01,TOI 6129.01,1,1
613.01,TOI 613.01,1,1
6130.01,TOI 6130.01,2,2
6131.01,TOI 6131.01,1,1
6132.01,TOI 6132.01,1,1
6133.01,TOI 6133.01,0,0
6134.01,TOI 6134.01,1,1
6135.01,TOI 6135.01,1,1
6136.01,TOI 6136.01,1,1
6137.01,TOI 6137.01,1,0
6138.01,TOI 6138.01,1,1
6139.01,TOI 6139.01,1,1
614.01,TOI 614.01,0,0
6140.01,TOI 6140.01,1,1
6141.01,TOI 6141.01,1,1
6142.01,TOI 6142.01,1,1
6143.01,TOI 6143.01,0,0
6144.01,TOI 6144.01,1,1
6145.01,TOI 6145.01,1,1
6146.01,TOI 6146.01,1,1
6147.01,TOI 6147.01,0,3
6148.01,TOI 6148.01,1,1
6149.01,TOI 6149.01,1,1
615.01,TOI 615.01,2,1
6150.01,TOI 6150.01,1,1
6151.01,TOI 6151.01,1,1
6152.01,TOI 6152.01,0,1
6153.01,TOI 6153.01,1,1
6154.01,TOI 6154.01,1,1
6155.01,TOI 6155.01,1,1
6156.01,TOI 6156.01,0,1
6157.01,TOI 6157.01,0,0
6158.01,TOI 6158.01,1,1
6159.01,TOI 6159.01,1,1
616.01,TOI 616.01,1,0
6160.01,TOI 6160.01,1,1
6161.01,TOI 6161.01,1,1
6162.01,TOI 6162.01,1,1
6163.01,TOI 6163.01,1,1
6164.01,TOI 6164.01,1,1
6165.01,TOI 6165.01,1,1
6166.01,TOI 6166.01,1,1
6167.01,TOI 6167.01,1,1
6168.01,TOI 6168.01,1,1
6169.01,TOI 6169.01,1,1
617.01,TOI 617.01,0,0
6170.01,TOI 6170.01,2,1
6171.01,TOI 6171.01,1,1
6172.01,TOI 6172.01,0,1
6173.01,TOI 6173.01,1,1
6174.01,TOI 6174.01,1,1
6175.01,TOI 6175.01,1,1
6176.01,TOI 6176.01,1,1
6177.01,TOI 6177.01,1,1
6178.01,TOI 6178.01,1,1
6179.01,TOI 6179.01,1,1
618.01,TOI 618.01,1,1
6180.01,TOI 6180.01,1,1
6181.01,TOI 6181.01,0,1
6182.01,TOI 6182.01,1,1
6183.01,TOI 6183.01,1,1
6184.01,TOI 6184.01,1,1
6185.01,TOI 6185.01,1,1
6186.01,TOI 6186.01,0,1
6187.01,TOI 6187.01,1,1
6188.01,TOI 6188.01,1,1
6189.01,TOI 6189.01,1,1
619.01,TOI 619.01,0,0
6190.01,TOI 6190.01,1,1
6191.01,TOI 6191.01,1,1
6192.01,TOI 6192.01,1,1
6193.01,TOI 6193.01,1,1
6194.01,TOI 6194.01,1,1
6195.01,TOI 6195.01,1,1
6196.01,TOI 6196.01,1,1
6197.01,TOI 6197.01,1,1
6198.01,TOI 6198.01,1,1
6199.01,TOI 6199.01,1,1
620.01,TOI 620.01,2,2
6200.01,TOI 6200.01,1,1
6201.01,TOI 6201.01,1,1
6202.01,TOI 6202.01,1,1
6203.01,TOI 6203.01,1,1
6204.01,TOI 6204.01,1,1
6205.01,TOI 6205.01,1,1
6206.01,TOI 6206.01,1,1
6207.01,TOI 6207.01,0,0
6208.01,TOI 6208.01,1,1
6209.01,TOI 6209.01,0,3
621.01,TOI 621.01,0,3
6210.01,TOI 6210.01,0,3
6211.01,TOI 6211.01,1,1
6212.01,TOI 6212.01,1,1
6213.01,TOI 6213.01,1,1
6214.01,TOI 6214.01,1,1
6215.01,TOI 6215.01,1,1
6216.01,TOI 6216.01,1,1
6217.01,TOI 6217.01,1,1
6218.01,TOI 6218.01,1,1
6219.01,TOI 6219.01,1,1
622.01,TOI 622.01,2,1
6220.01,TOI 6220.01,1,1
6221.01,TOI 6221.01,1,1
6222.01,TOI 6222.01,1,1
6223.01,TOI 6223.01,2,2
6224.01,TOI 6224.01,1,1
6225.01,TOI 6225.01,1,1
6226.01,TOI 6226.01,1,1
6227.01,TOI 6227.01,1,1
6228.01,TOI 6228.01,1,1
6229.01,TOI 6229.01,1,1
623.01,TOI 623.01,0,1
6230.01,TOI 6230.01,1,1
6231.01,TOI 6231.01,1,1
6232.01,TOI 6232.01,1,1
6233.01,TOI 6233.01,1,1
6234.01,TOI 6234.01,1,1
6235.01,TOI 6235.01,0,3
6236.01,TOI 6236.01,0,1
6237.01,TOI 6237.01,1,1
6238.01,TOI 6238.01,1,1
6239.01,TOI 6239.01,1,1
624.01,TOI 624.01,2,2
6240.01,TOI 6240.01,1,1
6241.01,TOI 6241.01,1,1
6242.01,TOI 6242.01,0,1
6243.01,TOI 6243.01,1,1
6244.01,TOI 6244.01,0,1
6245.01,TOI 6245.01,1,1
6246.01,TOI 6246.01,1,0
6247.01,TOI 6247.01,1,1
6248.01,TOI 6248.01,1,1
6249.01,TOI 6249.01,1,1
6249.02,TOI 6249.02,1,1
625.01,TOI 625.01,2,2
6250.01,TOI 6250.01,1,1
6251.01,TOI 6251.01,2,2
6252.01,TOI 6252.01,1,1
6253.01,TOI 6253.01,1,2
6254.01,TOI 6254.01,1,1
6255.01,TOI 6255.01,2,2
6256.01,TOI 6256.01,1,2
6257.01,TOI 6257.01,1,1
6258.01,TOI 6258.01,1,1
6259.01,TOI 6259.01,1,1
626.01,TOI 626.01,2,1
6260.01,TOI 6260.01,1,1
6261.01,TOI 6261.01,1,1
6262.01,TOI 6262.01,1,1
6263.01,TOI 6263.01,1,1
6264.01,TOI 6264.01,1,1
6265.01,TOI 6265.01,1,1
6265.02,TOI 6265.02,1,1
6266.01,TOI 6266.01,1,1
6267.01,TOI 6267.01,1,1
6268.01,TOI 6268.01,1,1
6269.01,TOI 6269.01,1,1
627.01,TOI 627.01,0,0
6270.01,TOI 6270.01,1,1
6271.01,TOI 6271.01,1,0
6272.01,TOI 6272.01,0,3
6273.01,TOI 6273.01,1,1
6274.01,TOI 6274.01,1,1
6275.01,TOI 6275.01,2,1
6276.01,TOI 6276.01,2,1
6276.02,TOI 6276.02,2,2
6276.03,TOI 6276.03,1,1
6277.01,TOI 6277.01,1,1
6278.01,TOI 6278.01,1,1
6279.01,TOI 6279.01,0,0
628.01,TOI 628.01,2,1
6280.01,TOI 6280.01,0,0
6281.01,TOI 6281.01,1,0
6282.01,TOI 6282.01,1,1
6283.01,TOI 6283.01,1,1
6284.01,TOI 6284.01,1,2
6285.01,TOI 6285.01,1,1
6286.01,TOI 6286.01,0,0
6287.01,TOI 6287.01,1,0
6288.01,TOI 6288.01,1,1
6289.01,TOI 6289.01,1,1
629.01,TOI 629.01,2,2
6290.01,TOI 6290.01,1,1
6291.01,TOI 6291.01,1,1
6292.01,TOI 6292.01,1,1
6293.01,TOI 6293.01,1,1
6293.02,TOI 6293.02,0,3
6294.01,TOI 6294.01,1,1
6295.01,TOI 6295.01,1,1
6296.01,TOI 6296.01,1,1
6297.01,TOI 6297.01,1,1
6298.01,TOI 6298.01,0,1
6299.01,TOI 6299.01,1,1
630.01,TOI 630.01,0,1
6300.01,TOI 6300.01,1,1
6301.01,TOI 6301.01,1,1
6302.01,TOI 6302.01,1,1
6303.01,TOI 6303.01,1,1
6304.01,TOI 6304.01,1,1
6305.01,TOI 6305.01,1,1
6306.01,TOI 6306.01,1,1
6307.01,TOI 6307.01,1,1
6308.01,TOI 6308.01,1,1
6309.01,TOI 6309.01,1,1
631.01,TOI 631.01,0,0
6310.01,TOI 6310.01,1,1
6311.01,TOI 6311.01,1,1
6312.01,TOI 6312.01,1,1
6313.01,TOI 6313.01,1,1
6314.01,TOI 6314.01,1,1
6315.01,TOI 6315.01,1,1
6316.01,TOI 6316.01,1,1
6317.01,TOI 6317.01,1,2
6318.01,TOI 6318.01,1,1
6319.01,TOI 6319.01,1,1
632.01,TOI 632.01,0,0
6320.01,TOI 6320.01,1,1
6321.01,TOI 6321.01,1,1
6322.01,TOI 6322.01,1,1
6323.01,TOI 6323.01,1,1
6324.01,TOI 6324.01,2,2
6325.01,TOI 6325.01,1,1
6326.01,TOI 6326.01,1,1
6327.01,TOI 6327.01,1,1
6328.01,TOI 6328.01,1,1
6329.01,TOI 6329.01,1,1
633.01,TOI 633.01,0,0
6330.01,TOI 6330.01,1,1
6331.01,TOI 6331.01,1,1
6332.01,TOI 6332.01,1,1
6333.01,TOI 6333.01,1,1
6334.01,TOI 6334.01,1,1
6335.01,TOI 6335.01,1,1
6336.01,TOI 6336.01,1,1
6337.01,TOI 6337.01,1,1
6338.01,TOI 6338.01,0,3
6339.01,TOI 6339.01,1,1
634.01,TOI 634.01,0,3
6340.01,TOI 6340.01,1,1
6341.01,TOI 6341.01,1,1
6342.01,TOI 6342.01,1,1
6343.01,TOI 6343.01,0,1
6344.01,TOI 6344.01,1,1
6345.01,TOI 6345.01,1,1
6346.01,TOI 6346.01,1,1
6347.01,TOI 6347.01,1,1
6348.01,TOI 6348.01,1,1
6349.01,TOI 6349.01,1,1
635.01,TOI 635.01,0,3
6350.01,TOI 6350.01,1,1
6351.01,TOI 6351.01,1,1
6352.01,TOI 6352.01,0,3
6353.01,TOI 6353.01,1,1
6354.01,TOI 6354.01,1,1
6355.01,TOI 6355.01,0,1
6356.01,TOI 6356.01,1,1
6357.01,TOI 6357.01,1,1
6358.01,TOI 6358.01,1,1
6359.01,TOI 6359.01,1,1
636.01,TOI 636.01,0,0
6360.01,TOI 6360.01,1,1
6361.01,TOI 6361.01,1,1
6362.01,TOI 6362.01,1,1
6363.01,TOI 6363.01,1,1
6364.01,TOI 6364.01,1,1
6365.01,TOI 6365.01,1,1
6366.01,TOI 6366.01,0,0
6367.01,TOI 6367.01,1,1
6368.01,TOI 6368.01,0,0
6369.01,TOI 6369.01,1,1
637.01,TOI 637.01,1,0
6370.01,TOI 6370.01,1,1
6371.01,TOI 6371.01,1,1
6372.01,TOI 6372.01,1,1
6373.01,TOI 6373.01,1,1
6374.01,TOI 6374.01,1,1
6375.01,TOI 6375.01,1,1
6376.01,TOI 6376.01,1,1
6377.01,TOI 6377.01,0,0
6378.01,TOI 6378.01,1,1
6379.01,TOI 6379.01,1,1
638.01,TOI 638.01,0,3
6380.01,TOI 6380.01,1,1
6381.01,TOI 6381.01,1,1
6382.01,TOI 6382.01,1,1
6383.01,TOI 6383.01,2,1
6384.01,TOI 6384.01,1,1
6385.01,TOI 6385.01,1,1
6386.01,TOI 6386.01,1,1
6387.01,TOI 6387.01,1,1
6388.01,TOI 6388.01,1,1
6389.01,TOI 6389.01,1,1
639.01,TOI 639.01,0,0
6390.01,TOI 6390.01,1,1
6391.01,TOI 6391.01,1,1
6392.01,TOI 6392.01,1,1
6393.01,TOI 6393.01,1,1
6394.01,TOI 6394.01,1,1
6395.01,TOI 6395.01,1,1
6396.01,TOI 6396.01,0,0
6397.01,TOI 6397.01,1,1
6398.01,TOI 6398.01,0,1
6399.01,TOI 6399.01,1,1
640.01,TOI 640.01,2,1
6400.01,TOI 6400.01,1,1
6401.01,TOI 6401.01,1,3
6402.01,TOI 6402.01,1,1
6403.01,TOI 6403.01,1,1
6404.01,TOI 6404.01,1,1
6405.01,TOI 6405.01,1,1
6406.01,TOI 6406.01,1,1
6407.01,TOI 6407.01,1,1
6408.01,TOI 6408.01,1,1
6409.01,TOI 6409.01,1,1
641.01,TOI 641.01,0,3
6410.01,TOI 6410.01,1,1
6411.01,TOI 6411.01,1,1
6412.01,TOI 6412.01,1,1
6413.01,TOI 6413.01,1,1
6414.01,TOI 6414.01,1,1
6415.01,TOI 6415.01,1,1
6416.01,TOI 6416.01,1,3
6417.01,TOI 6417.01,1,1
6418.01,TOI 6418.01,1,1
6419.01,TOI 6419.01,1,1
642.01,TOI 642.01,1,1
6420.01,TOI 6420.01,1,1
6421.01,TOI 6421.01,1,1
6422.01,TOI 6422.01,1,1
6423.01,TOI 6423.01,1,1
6424.01,TOI 6424.01,1,1
6425.01,TOI 6425.01,1,1
6426.01,TOI 6426.01,1,1
6427.01,TOI 6427.01,1,1
6428.01,TOI 6428.01,1,1
6429.01,TOI 6429.01,1,1
643.01,TOI 643.01,0,0
6430.01,TOI 6430.01,1,1
6431.01,TOI 6431.01,1,1
6432.01,TOI 6432.01,1,1
6433.01,TOI 6433.01,1,1
6434.01,TOI 6434.01,1,1
6435.01,TOI 6435.01,1,1
6436.01,TOI 6436.01,1,1
6437.01,TOI 6437.01,1,1
6438.01,TOI 6438.01,1,1
6439.01,TOI 6439.01,0,3
644.01,TOI 644.01,0,0
6440.01,TOI 6440.01,1,1
6441.01,TOI 6441.01,1,1
6442.01,TOI 6442.01,2,1
6443.01,TOI 6443.01,1,1
6444.01,TOI 6444.01,1,1
6445.01,TOI 6445.01,1,1
6446.01,TOI 6446.01,1,1
6447.01,TOI 6447.01,0,0
6448.01,TOI 6448.01,1,1
6449.01,TOI 6449.01,1,1
645.01,TOI 645.01,0,0
6450.01,TOI 6450.01,1,1
6451.01,TOI 6451.01,1,1
6452.01,TOI 6452.01,1,1
6453.01,TOI 6453.01,1,1
6454.01,TOI 6454.01,1,1
6454.02,TOI 6454.02,1,1
6455.01,TOI 6455.01,1,1
6456.01,TOI 6456.01,0,1
6457.01,TOI 6457.01,1,1
6458.01,TOI 6458.01,1,1
6459.01,TOI 6459.01,1,1
646.01,TOI 646.01,0,0
6460.01,TOI 6460.01,1,1
6461.01,TOI 6461.01,1,1
6462.01,TOI 6462.01,1,1
6463.01,TOI 6463.01,1,1
6464.01,TOI 6464.01,1,1
6465.01,TOI 6465.01,1,1
6466.01,TOI 6466.01,1,1
6467.01,TOI 6467.01,1,1
6468.01,TOI 6468.01,1,1
6469.01,TOI 6469.01,1,1
647.01,TOI 647.01,1,1
6470.01,TOI 6470.01,1,1
6471.01,TOI 6471.01,1,1
6472.01,TOI 6472.01,1,1
6473.01,TOI 6473.01,1,1
6474.01,TOI 6474.01,1,0
6475.01,TOI 6475.01,1,1
6476.01,TOI 6476.01,1,1
6477.01,TOI 6477.01,1,1
6478.01,TOI 6478.01,1,1
6479.01,TOI 6479.01,1,1
648.01,TOI 648.01,0,0
6480.01,TOI 6480.01,1,1
6481.01,TOI 6481.01,1,1
6482.01,TOI 6482.01,1,1
6483.01,TOI 6483.01,1,1
6484.01,TOI 6484.01,1,1
6485.01,TOI 6485.01,1,1
6486.01,TOI 6486.01,0,0
6487.01,TOI 6487.01,1,1
6488.01,TOI 6488.01,1,1
6489.01,TOI 6489.01,1,1
649.01,TOI 649.01,1,1
6490.01,TOI 6490.01,1,1
6491.01,TOI 6491.01,1,1
6492.01,TOI 6492.01,1,1
6493.01,TOI 6493.01,0,1
6494.01,TOI 6494.01,1,0
6495.01,TOI 6495.01,1,1
6496.01,TOI 6496.01,1,0
6497.01,TOI 6497.01,1,1
6498.01,TOI 6498.01,1,1
6499.01,TOI 6499.01,1,1
650.01,TOI 650.01,0,0
6500.01,TOI 6500.01,1,1
6501.01,TOI 6501.01,1,1
6502.01,TOI 6502.01,1,1
6503.01,TOI 6503.01,1,1
6504.01,TOI 6504.01,1,1
6505.01,TOI 6505.01,1,1
6506.01,TOI 6506.01,1,1
6507.01,TOI 6507.01,1,1
6508.01,TOI 6508.01,2,2
6509.01,TOI 6509.01,1,1
651.01,TOI 651.01,1,0
6510.01,TOI 6510.01,1,1
6511.01,TOI 6511.01,1,1
6512.01,TOI 6512.01,1,1
6513.01,TOI 6513.01,1,1
6514.01,TOI 6514.01,1,1
6515.01,TOI 6515.01,1,1
6516.01,TOI 6516.01,1,1
6517.01,TOI 6517.01,1,1
6518.01,TOI 6518.01,1,1
6519.01,TOI 6519.01,1,1
652.01,TOI 652.01,2,2
6520.01,TOI 6520.01,1,1
6521.01,TOI 6521.01,1,1
6522.01,TOI 6522.01,1,1
6523.01,TOI 6523.01,1,1
6524.01,TOI 6524.01,1,1
6525.01,TOI 6525.01,1,1
6526.01,TOI 6526.01,1,1
6527.01,TOI 6527.01,1,1
6528.01,TOI 6528.01,1,1
6529.01,TOI 6529.01,1,1
653.01,TOI 653.01,0,0
6530.01,TOI 6530.01,1,1
6531.01,TOI 6531.01,1,1
6532.01,TOI 6532.01,1,1
6533.01,TOI 6533.01,1,1
6534.01,TOI 6534.01,1,0
6535.01,TOI 6535.01,1,1
6536.01,TOI 6536.01,1,1
6537.01,TOI 6537.01,1,1
6538.01,TOI 6538.01,1,1
6539.01,TOI 6539.01,1,1
654.01,TOI 654.01,2,2
6540.01,TOI 6540.01,1,1
6541.01,TOI 6541.01,1,1
6542.01,TOI 6542.01,0,0
6543.01,TOI 6543.01,1,1
6544.01,TOI 6544.01,1,1
6545.01,TOI 6545.01,1,1
6546.01,TOI 6546.01,1,1
6547.01,TOI 6547.01,1,1
6548.01,TOI 6548.01,1,1
6549.01,TOI 6549.01,1,1
655.01,TOI 655.01,1,1
6550.01,TOI 6550.01,1,1
6551.01,TOI 6551.01,1,1
6552.01,TOI 6552.01,1,1
6553.01,TOI 6553.01,1,1
6554.01,TOI 6554.01,1,1
6555.01,TOI 6555.01,1,1
6556.01,TOI 6556.01,1,1
6557.01,TOI 6557.01,1,1
6558.01,TOI 6558.01,1,1
6559.01,TOI 6559.01,1,1
656.01,TOI 656.01,1,1
6560.01,TOI 6560.01,0,1
6561.01,TOI 6561.01,1,1
6562.01,TOI 6562.01,1,1
6563.01,TOI 6563.01,1,1
6564.01,TOI 6564.01,1,1
6565.01,TOI 6565.01,1,1
6566.01,TOI 6566.01,1,1
6567.01,TOI 6567.01,1,1
6568.01,TOI 6568.01,1,1
6569.01,TOI 6569.01,1,1
657.01,TOI 657.01,2,2
6570.01,TOI 6570.01,1,1
6571.01,TOI 6571.01,1,1
6572.01,TOI 6572.01,1,1
6573.01,TOI 6573.01,1,1
6574.01,TOI 6574.01,1,1
6575.01,TOI 6575.01,1,1
6576.01,TOI 6576.01,1,1
6577.01,TOI 6577.01,1,1
6578.01,TOI 6578.01,1,1
6579.01,TOI 6579.01,1,1
658.01,TOI 658.01,0,0
6580.01,TOI 6580.01,1,1
6581.01,TOI 6581.01,1,1
6582.01,TOI 6582.01,1,1
6583.01,TOI 6583.01,1,1
6584.01,TOI 6584.01,1,1
6585.01,TOI 6585.01,0,1
6586.01,TOI 6586.01,1,1
6587.01,TOI 6587.01,1,1
6588.01,TOI 6588.01,1,1
6589.01,TOI 6589.01,1,1
659.01,TOI 659.01,1,1
6590.01,TOI 6590.01,1,1
6591.01,TOI 6591.01,1,1
6592.01,TOI 6592.01,1,1
6593.01,TOI 6593.01,1,1
6594.01,TOI 6594.01,1,1
6595.01,TOI 6595.01,1,2
6596.01,TOI 6596.01,1,1
6597.01,TOI 6597.01,1,1
6598.01,TOI 6598.01,1,1
6599.01,TOI 6599.01,1,1
660.01,TOI 660.01,1,1
6600.01,TOI 6600.01,1,1
6601.01,TOI 6601.01,1,1
6602.01,TOI 6602.01,1,1
6603.01,TOI 6603.01,1,1
6604.01,TOI 6604.01,1,1
6605.01,TOI 6605.01,1,1
6606.01,TOI 6606.01,1,1
6607.01,TOI 6607.01,1,1
6608.01,TOI 6608.01,1,1
6609.01,TOI 6609.01,1,1
661.01,TOI 661.01,1,1
6610.01,TOI 6610.01,1,1
6611.01,TOI 6611.01,1,1
6612.01,TOI 6612.01,1,1
6613.01,TOI 6613.01,1,1
6614.01,TOI 6614.01,1,1
6615.01,TOI 6615.01,1,1
6616.01,TOI 6616.01,1,1
6617.01,TOI 6617.01,1,1
6618.01,TOI 6618.01,1,1
6619.01,TOI 6619.01,1,1
662.01,TOI 662.01,0,0
6620.01,TOI 6620.01,1,1
6621.01,TOI 6621.01,1,1
6622.01,TOI 6622.01,1,1
6623.01,TOI 6623.01,1,1
6624.01,TOI 6624.01,1,1
6625.01,TOI 6625.01,1,1
6626.01,TOI 6626.01,1,1
6627.01,TOI 6627.01,1,1
6628.01,TOI 6628.01,2,2
6629.01,TOI 6629.01,1,1
663.01,TOI 663.01,2,2
663.02,TOI 663.02,2,2
663.03,TOI 663.03,2,2
6630.01,TOI 6630.01,1,1
6631.01,TOI 6631.01,1,1
6632.01,TOI 6632.01,1,1
6633.01,TOI 6633.01,1,1
6634.01,TOI 6634.01,1,1
6635.01,TOI 6635.01,1,1
6636.01,TOI 6636.01,1,1
6637.01,TOI 6637.01,0,3
6638.01,TOI 6638.01,1,1
6639.01,TOI 6639.01,1,1
664.01,TOI 664.01,1,1
6640.01,TOI 6640.01,1,1
6641.01,TOI 6641.01,1,1
6642.01,TOI 6642.01,1,1
6643.01,TOI 6643.01,1,1
6644.01,TOI 6644.01,1,1
6645.01,TOI 6645.01,0,0
6646.01,TOI 6646.01,1,1
6647.01,TOI 6647.01,1,1
6648.01,TOI 6648.01,1,1
6649.01,TOI 6649.01,1,1
665.01,TOI 665.01,0,0
6650.01,TOI 6650.01,1,1
6650.02,TOI 6650.02,1,1
6650.03,TOI 6650.03,1,1
6651.01,TOI 6651.01,2,1
6652.01,TOI 6652.01,1,2
6654.01,TOI 6654.01,1,1
6655.01,TOI 6655.01,1,1
6655.02,TOI 6655.02,1,1
6656.01,TOI 6656.01,0,0
6657.01,TOI 6657.01,1,1
6658.01,TOI 6658.01,1,1
6659.01,TOI 6659.01,1,1
666.01,TOI 666.01,0,3
6660.01,TOI 6660.01,1,1
6661.01,TOI 6661.01,1,1
6662.01,TOI 6662.01,1,1
6665.01,TOI 6665.01,1,1
6668.01,TOI 6668.01,1,1
6669.01,TOI 6669.01,1,1
667.01,TOI 667.01,1,1
6673.01,TOI 6673.01,1,2
6676.01,TOI 6676.01,1,2
6677.01,TOI 6677.01,1,1
6678.01,TOI 6678.01,1,1
6679.01,TOI 6679.01,1,1
668.01,TOI 668.01,0,3
6680.01,TOI 6680.01,1,1
6681.01,TOI 6681.01,1,1
6682.01,TOI 6682.01,1,1
6683.01,TOI 6683.01,1,1
6684.01,TOI 6684.01,1,1
6685.01,TOI 6685.01,1,2
6686.01,TOI 6686.01,1,1
6687.01,TOI 6687.01,1,1
6688.01,TOI 6688.01,1,1
6689.01,TOI 6689.01,1,1
669.01,TOI 669.01,2,2
6690.01,TOI 6690.01,1,1
6690.02,TOI 6690.02,1,1
6693.01,TOI 6693.01,0,1
6694.01,TOI 6694.01,1,1
6696.01,TOI 6696.01,0,1
6699.01,TOI 6699.01,1,1
670.01,TOI 670.01,0,0
6700.01,TOI 6700.01,1,1
6701.01,TOI 6701.01,1,1
6702.01,TOI 6702.01,1,1
6703.01,TOI 6703.01,1,1
6704.01,TOI 6704.01,1,0
6704.02,TOI 6704.02,1,0
6705.01,TOI 6705.01,1,1
6706.01,TOI 6706.01,1,1
6707.01,TOI 6707.01,1,1
6708.01,TOI 6708.01,1,1
6709.01,TOI 6709.01,1,1
671.01,TOI 671.01,0,0
6710.01,TOI 6710.01,1,1
6711.01,TOI 6711.01,0,0
6712.01,TOI 6712.01,1,1
6713.01,TOI 6713.01,1,1
6714.01,TOI 6714.01,0,3
6715.01,TOI 6715.01,1,1
6716.01,TOI 6716.01,1,1
6717.01,TOI 6717.01,1,1
6718.01,TOI 6718.01,1,1
6719.01,TOI 6719.01,1,1
672.01,TOI 672.01,2,2
6720.01,TOI 6720.01,1,1
6721.01,TOI 6721.01,1,1
6722.01,TOI 6722.01,1,1
6723.01,TOI 6723.01,1,1
6724.01,TOI 6724.01,1,2
6725.01,TOI 6725.01,1,0
6726.01,TOI 6726.01,1,1
6727.01,TOI 6727.01,1,1
6728.01,TOI 6728.01,1,1
6729.01,TOI 6729.01,1,1
6729.02,TOI 6729.02,1,1
673.01,TOI 673.01,0,0
6730.01,TOI 6730.01,1,1
6731.01,TOI 6731.01,1,1
6732.01,TOI 6732.01,1,1
6733.01,TOI 6733.01,1,1
6734.01,TOI 6734.01,1,1
6735.01,TOI 6735.01,1,1
6736.01,TOI 6736.01,1,1
6737.01,TOI 6737.01,1,1
6738.01,TOI 6738.01,1,1
6739.01,TOI 6739.01,1,1
674.01,TOI 674.01,2,2
6740.01,TOI 6740.01,1,1
6741.01,TOI 6741.01,0,1
6742.01,TOI 6742.01,1,1
6743.01,TOI 6743.01,1,1
6744.01,TOI 6744.01,1,1
6745.01,TOI 6745.01,1,1
6746.01,TOI 6746.01,1,1
6747.01,TOI 6747.01,0,3
6748.01,TOI 6748.01,1,1
6749.01,TOI 6749.01,1,1
675.01,TOI 675.01,1,1
6750.01,TOI 6750.01,0,0
6751.01,TOI 6751.01,1,1
6752.01,TOI 6752.01,1,1
6753.01,TOI 6753.01,1,1
6754.01,TOI 6754.01,1,1
6755.01,TOI 6755.01,1,1
6756.01,TOI 6756.01,1,1
6757.01,TOI 6757.01,1,1
6758.01,TOI 6758.01,1,1
6759.01,TOI 6759.01,1,1
676.01,TOI 676.01,1,1
6760.01,TOI 6760.01,1,1
6761.01,TOI 6761.01,1,1
6762.01,TOI 6762.01,1,1
6763.01,TOI 6763.01,1,1
6764.01,TOI 6764.01,0,0
6765.01,TOI 6765.01,1,1
6766.01,TOI 6766.01,1,1
6767.01,TOI 6767.01,1,1
6768.01,TOI 6768.01,0,0
6769.01,TOI 6769.01,1,1
677.01,TOI 677.01,2,2
6770.01,TOI 6770.01,1,1
6771.01,TOI 6771.01,1,1
6772.01,TOI 6772.01,1,1
6773.01,TOI 6773.01,1,1
6774.01,TOI 6774.01,1,1
6775.01,TOI 6775.01,0,3
6776.01,TOI 6776.01,1,1
6777.01,TOI 6777.01,1,1
6778.01,TOI 6778.01,1,1
6779.01,TOI 6779.01,1,1
678.01,TOI 678.01,1,2
6780.01,TOI 6780.01,1,1
6781.01,TOI 6781.01,1,1
6782.01,TOI 6782.01,1,1
6783.01,TOI 6783.01,1,1
6784.01,TOI 6784.01,1,1
6785.01,TOI 6785.01,1,1
6786.01,TOI 6786.01,1,1
6787.01,TOI 6787.01,1,1
6788.01,TOI 6788.01,1,1
6789.01,TOI 6789.01,1,1
679.01,TOI 679.01,0,0
6790.01,TOI 6790.01,1,1
6791.01,TOI 6791.01,1,1
6792.01,TOI 6792.01,1,1
6793.01,TOI 6793.01,1,1
6794.01,TOI 6794.01,1,1
6795.01,TOI 6795.01,1,1
6796.01,TOI 6796.01,1,1
6797.01,TOI 6797.01,0,3
6798.01,TOI 6798.01,1,1
6799.01,TOI 6799.01,1,1
680.01,TOI 680.01,0,3
6800.01,TOI 6800.01,1,1
6801.01,TOI 6801.01,1,1
6802.01,TOI 6802.01,0,3
6803.01,TOI 6803.01,1,1
6804.01,TOI 6804.01,1,1
6805.01,TOI 6805.01,1,1
6806.01,TOI 6806.01,0,3
6807.01,TOI 6807.01,1,1
6808.01,TOI 6808.01,1,1
6809.01,TOI 6809.01,1,1
681.01,TOI 681.01,1,1
6810.01,TOI 6810.01,1,1
6811.01,TOI 6811.01,1,1
6812.01,TOI 6812.01,1,1
6813.01,TOI 6813.01,1,1
6814.01,TOI 6814.01,1,1
6815.01,TOI 6815.01,1,0
6816.01,TOI 6816.01,1,1
6817.01,TOI 6817.01,1,1
6818.01,TOI 6818.01,1,1
6819.01,TOI 6819.01,1,1
682.01,TOI 682.01,2,1
6820.01,TOI 6820.01,1,1
6821.01,TOI 6821.01,1,1
6822.01,TOI 6822.01,1,1
6823.01,TOI 6823.01,1,1
6824.01,TOI 6824.01,1,1
6825.01,TOI 6825.01,1,1
6826.01,TOI 6826.01,1,1
6827.01,TOI 6827.01,1,1
6828.01,TOI 6828.01,1,1
6829.01,TOI 6829.01,1,1
683.01,TOI 683.01,1,1
6830.01,TOI 6830.01,1,1
6831.01,TOI 6831.01,1,2
6832.01,TOI 6832.01,1,1
6833.01,TOI 6833.01,1,1
6834.01,TOI 6834.01,1,1
6835.01,TOI 6835.01,1,1
6836.01,TOI 6836.01,1,1
6837.01,TOI 6837.01,1,0
6838.01,TOI 6838.01,1,1
6839.01,TOI 6839.01,1,1
684.01,TOI 684.01,1,1
6840.01,TOI 6840.01,1,1
6841.01,TOI 6841.01,1,1
6842.01,TOI 6842.01,1,1
6843.01,TOI 6843.01,1,1
6844.01,TOI 6844.01,1,1
6845.01,TOI 6845.01,1,1
6846.01,TOI 6846.01,1,1
6847.01,TOI 6847.01,1,1
6848.01,TOI 6848.01,1,1
6849.01,TOI 6849.01,0,0
685.01,TOI 685.01,1,1
6850.01,TOI 6850.01,1,1
6851.01,TOI 6851.01,1,1
6852.01,TOI 6852.01,1,1
6853.01,TOI 6853.01,1,1
6854.01,TOI 6854.01,1,1
6855.01,TOI 6855.01,1,1
6856.01,TOI 6856.01,1,1
6857.01,TOI 6857.01,1,1
6858.01,TOI 6858.01,1,1
6859.01,TOI 6859.01,1,1
686.01,TOI 686.01,1,1
6860.01,TOI 6860.01,1,1
6861.01,TOI 6861.01,1,1
6862.01,TOI 6862.01,1,1
6863.01,TOI 6863.01,1,1
6864.01,TOI 6864.01,1,1
6865.01,TOI 6865.01,1,1
6866.01,TOI 6866.01,0,0
6867.01,TOI 6867.01,1,1
6868.01,TOI 6868.01,1,1
6869.01,TOI 6869.01,1,1
687.01,TOI 687.01,1,1
6870.01,TOI 6870.01,1,1
6871.01,TOI 6871.01,1,1
6872.01,TOI 6872.01,1,1
6873.01,TOI 6873.01,1,1
6874.01,TOI 6874.01,0,1
6875.01,TOI 6875.01,1,1
6876.01,TOI 6876.01,0,2
6877.01,TOI 6877.01,1,1
6878.01,TOI 6878.01,0,0
6879.01,TOI 6879.01,1,1
688.01,TOI 688.01,0,0
6880.01,TOI 6880.01,1,1
6881.01,TOI 6881.01,1,1
6882.01,TOI 6882.01,0,0
6884.01,TOI 6884.01,1,1
6885.01,TOI 6885.01,1,1
6886.01,TOI 6886.01,1,1
6887.01,TOI 6887.01,1,1
6888.01,TOI 6888.01,1,1
6889.01,TOI 6889.01,1,1
689.01,TOI 689.01,0,0
6891.01,TOI 6891.01,1,1
6892.01,TOI 6892.01,1,1
6894.01,TOI 6894.01,2,2
6895.01,TOI 6895.01,0,1
6896.01,TOI 6896.01,1,2
6897.01,TOI 6897.01,1,1
6898.01,TOI 6898.01,1,1
6899.01,TOI 6899.01,1,1
690.01,TOI 690.01,0,0
6900.01,TOI 6900.01,1,1
6901.01,TOI 6901.01,1,2
6902.01,TOI 6902.01,1,1
6903.01,TOI 6903.01,0,3
6904.01,TOI 6904.01,1,1
6905.01,TOI 6905.01,1,1
6906.01,TOI 6906.01,1,1
6907.01,TOI 6907.01,1,1
6908.01,TOI 6908.01,1,1
6909.01,TOI 6909.01,1,1
691.01,TOI 691.01,0,1
6910.01,TOI 6910.01,1,1
6911.01,TOI 6911.01,1,1
6912.01,TOI 6912.01,1,1
6913.01,TOI 6913.01,1,1
6914.01,TOI 6914.01,1,1
6915.01,TOI 6915.01,1,1
6916.01,TOI 6916.01,1,1
6917.01,TOI 6917.01,1,1
6918.01,TOI 6918.01,1,1
6919.01,TOI 6919.01,0,3
692.01,TOI 692.01,0,3
6920.01,TOI 6920.01,0,1
6921.01,TOI 6921.01,0,0
6922.01,TOI 6922.01,1,1
6923.01,TOI 6923.01,1,1
6924.01,TOI 6924.01,1,1
6925.01,TOI 6925.01,1,0
6926.01,TOI 6926.01,1,1
6927.01,TOI 6927.01,1,1
6928.01,TOI 6928.01,1,1
6929.01,TOI 6929.01,1,1
6930.01,TOI 6930.01,1,1
6931.01,TOI 6931.01,1,1
6932.01,TOI 6932.01,1,1
6933.01,TOI 6933.01,1,1
6934.01,TOI 6934.01,1,1
6935.01,TOI 6935.01,1,1
6936.01,TOI 6936.01,1,1
6937.01,TOI 6937.01,1,1
6938.01,TOI 6938.01,1,1
6939.01,TOI 6939.01,1,1
694.01,TOI 694.01,0,1
6940.01,TOI 6940.01,1,1
6941.01,TOI 6941.01,1,1
6942.01,TOI 6942.01,1,1
6943.01,TOI 6943.01,1,1
6944.01,TOI 6944.01,1,1
6945.01,TOI 6945.01,1,1
6946.01,TOI 6946.01,1,1
6947.01,TOI 6947.01,1,1
6948.01,TOI 6948.01,0,3
6949.01,TOI 6949.01,1,1
695.01,TOI 695.01,1,2
6950.01,TOI 6950.01,1,1
6951.01,TOI 6951.01,1,1
6952.01,TOI 6952.01,0,0
6953.01,TOI 6953.01,0,3
6954.01,TOI 6954.01,1,1
6955.01,TOI 6955.01,1,1
6956.01,TOI 6956.01,1,1
6957.01,TOI 6957.01,1,1
6958.01,TOI 6958.01,1,1
6959.01,TOI 6959.01,1,1
696.01,TOI 696.01,2,2
696.02,TOI 696.02,2,2
696.03,TOI 696.03,2,2
6960.01,TOI 6960.01,0,3
6961.01,TOI 6961.01,1,1
6962.01,TOI 6962.01,1,1
6963.01,TOI 6963.01,2,2
6964.01,TOI 6964.01,1,1
6965.01,TOI 6965.01,1,2
6965.02,TOI 6965.02,1,1
6966.01,TOI 6966.01,1,0
6967.01,TOI 6967.01,1,1
6968.01,TOI 6968.01,1,1
6969.01,TOI 6969.01,0,0
6969.02,TOI 6969.02,1,1
697.01,TOI 697.01,0,2
6970.01,TOI 6970.01,1,1
6971.01,TOI 6971.01,1,1
6972.01,TOI 6972.01,1,1
6973.01,TOI 6973.01,1,1
6974.01,TOI 6974.01,1,1
6975.01,TOI 6975.01,0,0
6976.01,TOI 6976.01,1,1
6977.01,TOI 6977.01,1,1
6978.01,TOI 6978.01,1,1
6979.01,TOI 6979.01,1,1
698.01,TOI 698.01,1,1
6981.01,TOI 6981.01,1,1
6982.01,TOI 6982.01,2,2
6983.01,TOI 6983.01,1,2
6985.01,TOI 6985.01,1,1
6986.01,TOI 6986.01,1,1
6987.01,TOI 6987.01,1,1
6988.01,TOI 6988.01,1,1
6989.01,TOI 6989.01,0,1
699.01,TOI 699.01,1,1
699.02,TOI 699.02,1,1
699.03,TOI 699.03,1,1
6990.01,TOI 6990.01,1,1
6991.01,TOI 6991.01,0,3
6992.01,TOI 6992.01,1,1
6993.01,TOI 6993.01,0,3
6994.01,TOI 6994.01,0,1
6995.01,TOI 6995.01,1,1
6996.01,TOI 6996.01,0,0
6997.01,TOI 6997.01,1,1
6998.01,TOI 6998.01,1,1
6999.01,TOI 6999.01,1,1
700.01,TOI 700.01,2,2
700.02,TOI 700.02,2,2
700.03,TOI 700.03,2,2
700.04,TOI 700.04,2,2
7000.01,TOI 7000.01,1,1
7001.01,TOI 7001.01,1,1
7002.01,TOI 7002.01,1,1
7003.01,TOI 7003.01,1,1
7004.01,TOI 7004.01,1,2
7005.01,TOI 7005.01,0,3
7006.01,TOI 7006.01,1,1
7007.01,TOI 7007.01,0,0
7008.01,TOI 7008.01,1,1
7009.01,TOI 7009.01,1,1
701.01,TOI 701.01,0,2
7010.01,TOI 7010.01,1,1
7011.01,TOI 7011.01,1,1
7012.01,TOI 7012.01,1,1
7013.01,TOI 7013.01,1,1
7014.01,TOI 7014.01,0,3
7015.01,TOI 7015.01,1,1
7016.01,TOI 7016.01,1,1
7017.01,TOI 7017.01,1,1
7018.01,TOI 7018.01,1,0
7019.01,TOI 7019.01,2,2
702.01,TOI 702.01,1,1
7020.01,TOI 7020.01,1,1
7021.01,TOI 7021.01,1,1
7022.01,TOI 7022.01,1,1
7023.01,TOI 7023.01,1,1
7024.01,TOI 7024.01,1,1
7025.01,TOI 7025.01,1,1
7026.01,TOI 7026.01,1,1
7027.01,TOI 7027.01,1,1
7028.01,TOI 7028.01,1,1
7029.01,TOI 7029.01,1,1
703.01,TOI 703.01,1,1
703.02,TOI 703.02,1,2
7030.01,TOI 7030.01,1,1
7031.01,TOI 7031.01,1,1
7032.01,TOI 7032.01,1,1
7033.01,TOI 7033.01,1,1
7034.01,TOI 7034.01,0,0
7035.01,TOI 7035.01,1,1
7036.01,TOI 7036.01,1,1
7037.01,TOI 7037.01,0,3
7038.01,TOI 7038.01,1,1
7039.01,TOI 7039.01,1,1
704.01,TOI 704.01,2,2
7040.01,TOI 7040.01,1,1
7041.01,TOI 7041.01,2,2
7042.01,TOI 7042.01,0,0
7043.01,TOI 7043.01,1,1
7044.01,TOI 7044.01,1,1
7045.01,TOI 7045.01,1,1
7046.01,TOI 7046.01,1,1
7047.01,TOI 7047.01,1,1
7048.01,TOI 7048.01,1,1
7049.01,TOI 7049.01,1,1
705.01,TOI 705.01,1,1
7050.01,TOI 7050.01,1,1
7051.01,TOI 7051.01,0,1
7052.01,TOI 7052.01,1,1
7053.01,TOI 7053.01,1,1
7054.01,TOI 7054.01,1,0
7055.01,TOI 7055.01,1,1
7056.01,TOI 7056.01,1,1
7057.01,TOI 7057.01,1,1
7058.01,TOI 7058.01,1,1
7059.01,TOI 7059.01,1,1
706.01,TOI 706.01,1,1
7060.01,TOI 7060.01,1,1
7060.02,TOI 7060.02,1,1
7061.01,TOI 7061.01,1,1
7062.01,TOI 7062.01,1,1
7063.01,TOI 7063.01,1,1
7064.01,TOI 7064.01,1,2
7065.01,TOI 7065.01,0,0
7066.01,TOI 7066.01,1,1
7067.01,TOI 7067.01,1,1
7069.01,TOI 7069.01,1,1
707.01,TOI 707.01,1,1
707.02,TOI 707.02,1,1
7070.01,TOI 7070.01,1,1
7071.01,TOI 7071.01,1,0
7072.01,TOI 7072.01,1,1
7073.01,TOI 7073.01,1,1
7074.01,TOI 7074.01,1,1
7075.01,TOI 7075.01,1,1
7076.01,TOI 7076.01,1,1
7077.01,TOI 7077.01,1,1
7078.01,TOI 7078.01,1,1
7079.01,TOI 7079.01,0,0
708.01,TOI 708.01,0,0
7080.01,TOI 7080.01,1,1
7081.01,TOI 7081.01,1,0
7082.01,TOI 7082.01,1,1
7083.01,TOI 7083.01,1,1
7084.01,TOI 7084.01,1,1
7085.01,TOI 7085.01,0,1
7086.01,TOI 7086.01,1,1
7087.01,TOI 7087.01,1,1
7088.01,TOI 7088.01,0,0
7089.01,TOI 7089.01,1,1
709.01,TOI 709.01,0,3
709.02,TOI 709.02,1,1
7090.01,TOI 7090.01,1,1
7091.01,TOI 7091.01,1,1
7092.01,TOI 7092.01,1,1
7093.01,TOI 7093.01,0,1
7094.01,TOI 7094.01,1,3
7095.01,TOI 7095.01,1,1
7096.01,TOI 7096.01,1,1
7097.01,TOI 7097.01,1,1
7098.01,TOI 7098.01,1,1
7099.01,TOI 7099.01,1,1
710.01,TOI 710.01,0,0
7100.01,TOI 7100.01,1,1
7101.01,TOI 7101.01,1,0
7102.01,TOI 7102.01,1,1
7103.01,TOI 7103.01,1,1
7104.01,TOI 7104.01,0,0
7105.01,TOI 7105.01,1,1
7106.01,TOI 7106.01,1,1
7107.01,TOI 7107.01,1,1
7108.01,TOI 7108.01,1,0
7109.01,TOI 7109.01,1,0
711.01,TOI 711.01,1,1
711.02,TOI 711.02,1,1
7110.01,TOI 7110.01,1,1
7111.01,TOI 7111.01,1,1
7112.01,TOI 7112.01,1,1
7113.01,TOI 7113.01,1,1
7114.01,TOI 7114.01,0,0
7115.01,TOI 7115.01,0,3
7116.01,TOI 7116.01,1,1
7117.01,TOI 7117.01,0,3
7118.01,TOI 7118.01,1,1
7119.01,TOI 7119.01,1,1
712.01,TOI 712.01,2,2
712.02,TOI 712.02,2,2
712.03,TOI 712.03,0,3
712.04,TOI 712.04,2,2
7120.01,TOI 7120.01,1,1
7121.01,TOI 7121.01,0,3
7123.01,TOI 7123.01,1,1
7124.01,TOI 7124.01,1,1
7125.01,TOI 7125.01,1,1
7126.01,TOI 7126.01,1,1
7127.01,TOI 7127.01,1,1
7128.01,TOI 7128.01,1,0
7129.01,TOI 7129.01,1,1
713.01,TOI 713.01,1,1
713.02,TOI 713.02,1,1
7130.01,TOI 7130.01,1,1
7131.01,TOI 7131.01,1,0
7132.01,TOI 7132.01,1,1
7133.01,TOI 7133.01,1,1
7134.01,TOI 7134.01,1,1
7135.01,TOI 7135.01,1,1
7136.01,TOI 7136.01,1,0
7137.01,TOI 7137.01,0,0
7138.01,TOI 7138.01,1,1
7139.01,TOI 7139.01,1,1
714.01,TOI 714.01,1,1
714.02,TOI 714.02,1,1
7140.01,TOI 7140.01,1,1
7141.01,TOI 7141.01,1,1
7142.01,TOI 7142.01,1,1
7143.01,TOI 7143.01,1,1
7144.01,TOI 7144.01,1,1
7145.01,TOI 7145.01,1,1
7146.01,TOI 7146.01,1,1
7147.01,TOI 7147.01,1,1
7148.01,TOI 7148.01,1,1
7149.01,TOI 7149.01,2,2
715.01,TOI 715.01,2,2
7150.01,TOI 7150.01,1,1
7151.01,TOI 7151.01,1,1
7152.01,TOI 7152.01,1,3
7153.01,TOI 7153.01,1,1
7154.01,TOI 7154.01,1,1
7155.01,TOI 7155.01,1,1
7156.01,TOI 7156.01,1,1
7157.01,TOI 7157.01,1,1
7158.01,TOI 7158.01,1,1
7159.01,TOI 7159.01,1,0
716.01,TOI 716.01,0,0
7160.01,TOI 7160.01,1,1
7161.01,TOI 7161.01,1,1
7162.01,TOI 7162.01,1,1
7163.01,TOI 7163.01,1,1
7164.01,TOI 7164.01,0,0
7165.01,TOI 7165.01,1,1
7166.01,TOI 7166.01,1,1
7167.01,TOI 7167.01,1,1
7168.01,TOI 7168.01,1,1
7169.01,TOI 7169.01,1,1
717.01,TOI 717.01,0,0
7170.01,TOI 7170.01,1,1
7171.01,TOI 7171.01,1,1
7172.01,TOI 7172.01,1,1
7173.01,TOI 7173.01,0,0
7174.01,TOI 7174.01,1,1
7175.01,TOI 7175.01,1,1
7177.01,TOI 7177.01,1,1
7178.01,TOI 7178.01,1,1
7179.01,TOI 7179.01,1,0
718.01,TOI 718.01,0,1
7180.01,TOI 7180.01,1,1
7181.01,TOI 7181.01,1,1
7182.01,TOI 7182.01,1,1
7183.01,TOI 7183.01,1,1
7184.01,TOI 7184.01,1,1
7185.01,TOI 7185.01,1,1
7186.01,TOI 7186.01,1,1
7187.01,TOI 7187.01,1,3
7188.01,TOI 7188.01,1,0
7189.01,TOI 7189.01,1,1
719.01,TOI 719.01,0,0
7190.01,TOI 7190.01,1,1
7191.01,TOI 7191.01,1,1
7192.01,TOI 7192.01,1,1
7193.01,TOI 7193.01,0,1
7194.01,TOI 7194.01,1,1
7195.01,TOI 7195.01,1,1
7196.01,TOI 7196.01,1,1
7197.01,TOI 7197.01,1,1
7198.01,TOI 7198.01,1,1
7199.01,TOI 7199.01,1,1
720.01,TOI 720.01,0,0
7200.01,TOI 7200.01,1,1
7201.01,TOI 7201.01,1,1
7202.01,TOI 7202.01,1,1
7203.01,TOI 7203.01,1,1
7204.01,TOI 7204.01,1,1
7205.01,TOI 7205.01,1,1
7206.01,TOI 7206.01,1,1
7207.01,TOI 7207.01,1,1
7208.01,TOI 7208.01,1,1
7209.01,TOI 7209.01,1,1
721.01,TOI 721.01,1,2
7210.01,TOI 7210.01,1,1
7211.01,TOI 7211.01,1,1
7212.01,TOI 7212.01,1,1
7213.01,TOI 7213.01,1,1
7214.01,TOI 7214.01,1,1
7215.01,TOI 7215.01,1,0
7216.01,TOI 7216.01,1,1
7217.01,TOI 7217.01,1,1
7218.01,TOI 7218.01,1,1
7219.01,TOI 7219.01,1,1
722.01,TOI 722.01,1,1
7220.01,TOI 7220.01,0,0
7221.01,TOI 7221.01,1,0
7222.01,TOI 7222.01,1,1
7223.01,TOI 7223.01,1,1
7224.01,TOI 7224.01,1,1
7225.01,TOI 7225.01,1,1
7226.01,TOI 7226.01,1,0
7227.01,TOI 7227.01,1,1
7228.01,TOI 7228.01,1,1
7229.01,TOI 7229.01,1,3
723.01,TOI 723.01,1,1
7230.01,TOI 7230.01,1,1
7231.01,TOI 7231.01,1,1
7232.01,TOI 7232.01,1,1
7233.01,TOI 7233.01,1,0
7234.01,TOI 7234.01,1,1
7235.01,TOI 7235.01,1,3
7236.01,TOI 7236.01,1,1
7237.01,TOI 7237.01,1,0
7238.01,TOI 7238.01,1,1
7239.01,TOI 7239.01,1,1
724.01,TOI 724.01,1,1
7240.01,TOI 7240.01,1,1
7241.01,TOI 7241.01,1,1
7242.01,TOI 7242.01,1,1
7243.01,TOI 7243.01,1,1
7244.01,TOI 7244.01,0,0
7245.01,TOI 7245.01,1,1
7246.01,TOI 7246.01,1,0
7247.01,TOI 7247.01,0,1
7248.01,TOI 7248.01,1,1
7249.01,TOI 7249.01,1,1
725.01,TOI 725.01,0,0
7250.01,TOI 7250.01,1,1
7251.01,TOI 7251.01,1,1
7252.01,TOI 7252.01,1,1
7253.01,TOI 7253.01,1,1
7254.01,TOI 7254.01,1,1
7255.01,TOI 7255.01,1,1
7256.01,TOI 7256.01,1,1
7257.01,TOI 7257.01,1,1
7258.01,TOI 7258.01,1,1
7259.01,TOI 7259.01,1,1
726.01,TOI 726.01,0,0
7260.01,TOI 7260.01,1,1
7261.01,TOI 7261.01,1,1
7262.01,TOI 7262.01,1,1
7263.01,TOI 7263.01,1,1
7264.01,TOI 7264.01,1,1
7265.01,TOI 7265.01,1,1
7266.01,TOI 7266.01,1,1
7267.01,TOI 7267.01,1,1
7268.01,TOI 7268.01,1,1
7269.01,TOI 7269.01,1,1
727.01,TOI 727.01,1,1
727.02,TOI 727.02,1,1
7270.01,TOI 7270.01,1,1
7271.01,TOI 7271.01,1,1
7272.01,TOI 7272.01,1,1
7273.01,TOI 7273.01,0,3
7274.01,TOI 7274.01,1,1
7275.01,TOI 7275.01,0,1
7276.01,TOI 7276.01,1,1
7277.01,TOI 7277.01,1,1
7278.01,TOI 7278.01,1,1
7279.01,TOI 7279.01,1,1
728.01,TOI 728.01,0,3
7280.01,TOI 7280.01,0,3
7281.01,TOI 7281.01,1,1
7282.01,TOI 7282.01,1,1
7283.01,TOI 7283.01,1,1
7284.01,TOI 7284.01,0,1
7285.01,TOI 7285.01,1,1
7286.01,TOI 7286.01,1,1
7287.01,TOI 7287.01,1,0
7288.01,TOI 7288.01,1,1
7289.01,TOI 7289.01,1,1
7290.01,TOI 7290.01,1,1
7291.01,TOI 7291.01,1,1
7292.01,TOI 7292.01,1,1
7293.01,TOI 7293.01,1,1
7294.01,TOI 7294.01,1,1
7295.01,TOI 7295.01,0,3
7296.01,TOI 7296.01,1,1
7297.01,TOI 7297.01,1,1
7298.01,TOI 7298.01,1,1
7299.01,TOI 7299.01,1,1
730.01,TOI 730.01,2,1
7300.01,TOI 7300.01,1,0
7301.01,TOI 7301.01,1,1
7302.01,TOI 7302.01,0,0
7303.01,TOI 7303.01,1,1
7304.01,TOI 7304.01,1,1
7305.01,TOI 7305.01,1,1
7306.01,TOI 7306.01,1,1
7307.01,TOI 7307.01,1,1
7308.01,TOI 7308.01,1,1
7309.01,TOI 7309.01,1,1
731.01,TOI 731.01,2,2
7310.01,TOI 7310.01,1,1
7311.01,TOI 7311.01,1,1
7312.01,TOI 7312.01,1,1
7313.01,TOI 7313.01,1,1
7314.01,TOI 7314.01,1,0
7315.01,TOI 7315.01,1,1
7316.01,TOI 7316.01,1,1
7317.01,TOI 7317.01,1,1
7318.01,TOI 7318.01,1,1
7319.01,TOI 7319.01,1,1
732.01,TOI 732.01,2,2
732.02,TOI 732.02,2,2
7320.01,TOI 7320.01,1,1
7321.01,TOI 7321.01,1,1
7322.01,TOI 7322.01,1,1
7323.01,TOI 7323.01,1,1
7324.01,TOI 7324.01,1,0
7325.01,TOI 7325.01,1,0
7326.01,TOI 7326.01,1,1
7327.01,TOI 7327.01,1,1
7328.01,TOI 7328.01,1,3
7329.01,TOI 7329.01,1,1
733.01,TOI 733.01,2,2
7330.01,TOI 7330.01,1,1
7331.01,TOI 7331.01,1,1
7332.01,TOI 7332.01,0,1
7333.01,TOI 7333.01,1,1
7334.01,TOI 7334.01,1,1
7335.01,TOI 7335.01,0,1
7336.01,TOI 7336.01,1,1
7337.01,TOI 7337.01,1,0
7338.01,TOI 7338.01,1,1
7339.01,TOI 7339.01,1,1
734.01,TOI 734.01,0,0
7340.01,TOI 7340.01,1,1
7340.02,TOI 7340.02,1,1
7341.01,TOI 7341.01,1,1
7342.01,TOI 7342.01,1,1
7343.01,TOI 7343.01,1,1
7344.01,TOI 7344.01,1,1
7345.01,TOI 7345.01,0,0
7346.01,TOI 7346.01,1,3
7347.01,TOI 7347.01,1,1
7348.01,TOI 7348.01,1,1
7349.01,TOI 7349.01,1,1
735.01,TOI 735.01,0,1
7350.01,TOI 7350.01,0,0
7351.01,TOI 7351.01,1,1
7352.01,TOI 7352.01,0,1
7353.01,TOI 7353.01,1,1
7354.01,TOI 7354.01,1,1
7355.01,TOI 7355.01,1,1
7356.01,TOI 7356.01,1,1
7357.01,TOI 7357.01,1,1
7358.01,TOI 7358.01,1,1
7359.01,TOI 7359.01,1,1
736.01,TOI 736.01,2,2
736.02,TOI 736.02,2,2
7360.01,TOI 7360.01,1,1
7361.01,TOI 7361.01,1,1
7362.01,TOI 7362.01,0,3
7363.01,TOI 7363.01,1,1
7364.01,TOI 7364.01,1,1
7365.01,TOI 7365.01,1,1
7366.01,TOI 7366.01,1,1
7367.01,TOI 7367.01,1,1
7368.01,TOI 7368.01,1,1
7369.01,TOI 7369.01,1,1
737.01,TOI 737.01,2,1
7370.01,TOI 7370.01,1,1
7371.01,TOI 7371.01,1,1
7372.01,TOI 7372.01,1,1
7373.01,TOI 7373.01,0,1
7374.01,TOI 7374.01,1,1
7375.01,TOI 7375.01,1,1
7376.01,TOI 7376.01,1,1
7377.01,TOI 7377.01,1,1
7378.01,TOI 7378.01,1,1
7379.01,TOI 7379.01,1,3
738.01,TOI 738.01,1,1
7380.01,TOI 7380.01,1,1
7381.01,TOI 7381.01,1,1
7382.01,TOI 7382.01,1,1
7383.01,TOI 7383.01,1,1
7384.01,TOI 7384.01,1,2
7385.01,TOI 7385.01,1,1
7386.01,TOI 7386.01,1,1
7387.01,TOI 7387.01,1,1
7388.01,TOI 7388.01,0,0
7389.01,TOI 7389.01,1,1
739.01,TOI 739.01,1,1
7390.01,TOI 7390.01,1,2
7391.01,TOI 7391.01,1,1
7392.01,TOI 7392.01,1,1
7393.01,TOI 7393.01,1,1
7394.01,TOI 7394.01,1,1
7395.01,TOI 7395.01,1,1
7396.01,TOI 7396.01,1,1
7397.01,TOI 7397.01,1,1
7398.01,TOI 7398.01,1,1
740.01,TOI 740.01,1,1
7400.01,TOI 7400.01,1,1
7401.01,TOI 7401.01,1,1
7402.01,TOI 7402.01,1,1
7403.01,TOI 7403.01,1,1
7404.01,TOI 7404.01,1,1
7405.01,TOI 7405.01,1,1
7406.01,TOI 7406.01,1,1
7407.01,TOI 7407.01,1,1
7408.01,TOI 7408.01,1,1
7409.01,TOI 7409.01,1,1
741.01,TOI 741.01,2,2
7410.01,TOI 7410.01,1,1
7411.01,TOI 7411.01,1,1
7412.01,TOI 7412.01,1,1
7413.01,TOI 7413.01,1,1
7414.01,TOI 7414.01,1,1
7415.01,TOI 7415.01,0,0
7416.01,TOI 7416.01,1,1
7417.01,TOI 7417.01,0,1
7418.01,TOI 7418.01,1,1
7419.01,TOI 7419.01,1,1
742.01,TOI 742.01,0,0
7420.01,TOI 7420.01,1,3
7421.01,TOI 7421.01,1,1
7422.01,TOI 7422.01,1,1
7423.01,TOI 7423.01,1,1
7424.01,TOI 7424.01,1,1
7425.01,TOI 7425.01,1,1
7426.01,TOI 7426.01,1,1
7427.01,TOI 7427.01,1,1
7428.01,TOI 7428.01,1,1
7429.01,TOI 7429.01,1,1
743.01,TOI 743.01,1,1
7430.01,TOI 7430.01,1,1
7431.01,TOI 7431.01,1,1
7432.01,TOI 7432.01,1,1
7433.01,TOI 7433.01,1,1
7434.01,TOI 7434.01,1,1
7435.01,TOI 7435.01,1,1
7436.01,TOI 7436.01,1,1
7437.01,TOI 7437.01,1,1
7438.01,TOI 7438.01,1,1
7439.01,TOI 7439.01,1,1
744.01,TOI 744.01,1,1
7440.01,TOI 7440.01,1,1
7441.01,TOI 7441.01,1,1
7442.01,TOI 7442.01,1,1
7443.01,TOI 7443.01,1,1
7444.01,TOI 7444.01,1,1
7445.01,TOI 7445.01,1,0
7446.01,TOI 7446.01,1,1
7447.01,TOI 7447.01,1,1
7448.01,TOI 7448.01,1,1
7449.01,TOI 7449.01,1,1
745.01,TOI 745.01,0,3
7450.01,TOI 7450.01,1,1
7451.01,TOI 7451.01,1,1
7452.01,TOI 7452.01,1,1
7453.01,TOI 7453.01,1,1
7454.01,TOI 7454.01,1,1
7455.01,TOI 7455.01,1,1
7457.01,TOI 7457.01,1,1
7458.01,TOI 7458.01,1,1
7459.01,TOI 7459.01,1,2
746.01,TOI 746.01,1,1
7460.01,TOI 7460.01,1,1
7461.01,TOI 7461.01,1,2
7462.01,TOI 7462.01,1,1
7463.01,TOI 7463.01,1,1
7464.01,TOI 7464.01,1,1
7465.01,TOI 7465.01,1,1
7466.01,TOI 7466.01,1,1
7467.01,TOI 7467.01,1,1
7469.01,TOI 7469.01,1,1
747.01,TOI 747.01,1,1
7470.01,TOI 7470.01,1,1
7471.01,TOI 7471.01,1,1
7472.01,TOI 7472.01,1,1
7474.01,TOI 7474.01,1,1
7475.01,TOI 7475.01,1,1
7476.01,TOI 7476.01,1,1
7477.01,TOI 7477.01,1,1
7478.01,TOI 7478.01,1,0
7479.01,TOI 7479.01,1,1
748.01,TOI 748.01,1,1
7480.01,TOI 7480.01,1,1
7481.01,TOI 7481.01,1,1
7482.01,TOI 7482.01,1,1
7483.01,TOI 7483.01,1,1
7484.01,TOI 7484.01,1,1
7485.01,TOI 7485.01,1,1
7486.01,TOI 7486.01,1,1
7487.01,TOI 7487.01,1,1
7488.01,TOI 7488.01,1,1
7489.01,TOI 7489.01,1,1
749.01,TOI 749.01,0,3
7490.01,TOI 7490.01,1,1
7491.01,TOI 7491.01,1,1
7492.01,TOI 7492.01,1,1
7493.01,TOI 7493.01,1,1
7494.01,TOI 7494.01,1,1
7495.01,TOI 7495.01,1,1
7496.01,TOI 7496.01,1,1
7497.01,TOI 7497.01,1,1
7498.01,TOI 7498.01,1,1
7499.01,TOI 7499.01,1,1
750.01,TOI 750.01,1,1
7500.01,TOI 7500.01,1,1
7501.01,TOI 7501.01,1,1
7502.01,TOI 7502.01,1,1
7503.01,TOI 7503.01,1,1
7504.01,TOI 7504.01,1,1
7504.02,TOI 7504.02,1,1
7505.01,TOI 7505.01,1,0
7506.01,TOI 7506.01,1,1
7507.01,TOI 7507.01,1,1
7508.01,TOI 7508.01,1,1
7509.01,TOI 7509.01,1,1
751.01,TOI 751.01,1,1
752.01,TOI 752.01,1,1
753.01,TOI 753.01,0,3
754.01,TOI 754.01,1,1
755.01,TOI 755.01,2,2
755.02,TOI 755.02,1,1
756.01,TOI 756.01,1,2
757.01,TOI 757.01,2,2
758.01,TOI 758.01,0,3
759.01,TOI 759.01,0,1
760.01,TOI 760.01,0,3
761.01,TOI 761.01,1,1
761.02,TOI 761.02,1,1
762.01,TOI 762.01,2,2
763.01,TOI 763.01,2,2
763.02,TOI 763.02,2,2
764.01,TOI 764.01,0,3
765.01,TOI 765.01,0,3
766.01,TOI 766.01,1,1
767.01,TOI 767.01,1,1
768.01,TOI 768.01,0,3
769.01,TOI 769.01,1,1
770.01,TOI 770.01,1,1
771.01,TOI 771.01,2,2
772.01,TOI 772.01,1,1
772.02,TOI 772.02,1,1
772.03,TOI 772.03,1,1
773.01,TOI 773.01,1,1
774.01,TOI 774.01,1,1
775.01,TOI 775.01,0,0
776.01,TOI 776.01,2,2
776.02,TOI 776.02,2,2
777.01,TOI 777.01,1,1
778.01,TOI 778.01,2,2
779.01,TOI 779.01,1,0
780.01,TOI 780.01,1,1
781.01,TOI 781.01,1,1
782.01,TOI 782.01,2,2
783.01,TOI 783.01,1,2
784.01,TOI 784.01,2,2
785.01,TOI 785.01,1,1
786.01,TOI 786.01,1,1
786.02,TOI 786.02,1,1
787.01,TOI 787.01,1,1
788.01,TOI 788.01,1,1
789.01,TOI 789.01,1,1
789.02,TOI 789.02,1,1
789.03,TOI 789.03,1,2
790.01,TOI 790.01,1,1
790.02,TOI 790.02,1,1
791.01,TOI 791.01,1,1
791.02,TOI 791.02,1,1
792.01,TOI 792.01,0,1
793.01,TOI 793.01,0,0
794.01,TOI 794.01,1,1
795.01,TOI 795.01,1,1
796.01,TOI 796.01,0,3
797.01,TOI 797.01,1,2
797.02,TOI 797.02,1,1
797.03,TOI 797.03,1,2
798.01,TOI 798.01,0,1
799.01,TOI 799.01,1,1
800.01,TOI 800.01,0,3
801.01,TOI 801.01,1,0
802.01,TOI 802.01,1,1
803.01,TOI 803.01,0,0
804.01,TOI 804.01,1,0
805.01,TOI 805.01,1,1
806.01,TOI 806.01,1,1
807.01,TOI 807.01,1,1
808.01,TOI 808.01,1,2
809.01,TOI 809.01,0,3
810.01,TOI 810.01,1,2
810.02,TOI 810.02,1,1
811.01,TOI 811.01,1,1
812.01,TOI 812.01,1,1
813.01,TOI 813.01,2,2
814.01,TOI 814.01,0,0
815.01,TOI 815.01,2,2
815.02,TOI 815.02,2,2
816.01,TOI 816.01,0,0
817.01,TOI 817.01,0,0
818.01,TOI 818.01,1,1
819.01,TOI 819.01,1,1
820.01,TOI 820.01,1,1
821.01,TOI 821.01,0,3
822.01,TOI 822.01,1,1
822.02,TOI 822.02,2,2
823.01,TOI 823.01,0,3
824.01,TOI 824.01,2,2
825.01,TOI 825.01,1,1
826.01,TOI 826.01,1,1
827.01,TOI 827.01,0,1
828.01,TOI 828.01,1,1
829.01,TOI 829.01,1,1
830.01,TOI 830.01,1,1
831.01,TOI 831.01,0,3
832.01,TOI 832.01,0,1
833.01,TOI 833.01,2,2
834.01,TOI 834.01,1,1
835.01,TOI 835.01,1,1
836.01,TOI 836.01,2,2
836.02,TOI 836.02,2,2
837.01,TOI 837.01,2,2
838.01,TOI 838.01,0,0
839.01,TOI 839.01,1,0
840.01,TOI 840.01,1,1
841.01,TOI 841.01,1,1
842.01,TOI 842.01,1,1
843.01,TOI 843.01,1,1
844.01,TOI 844.01,0,1
845.01,TOI 845.01,0,0
846.01,TOI 846.01,0,1
847.01,TOI 847.01,1,1
848.01,TOI 848.01,0,0
849.01,TOI 849.01,2,2
850.01,TOI 850.01,0,3
851.01,TOI 851.01,0,3
852.01,TOI 852.01,1,1
853.01,TOI 853.01,1,1
854.01,TOI 854.01,0,3
855.01,TOI 855.01,1,1
856.01,TOI 856.01,0,1
857.01,TOI 857.01,1,1
858.01,TOI 858.01,2,2
859.01,TOI 859.01,1,1
860.01,TOI 860.01,1,1
861.01,TOI 861.01,0,0
862.01,TOI 862.01,1,0
863.01,TOI 863.01,1,1
864.01,TOI 864.01,1,1
865.01,TOI 865.01,0,3
866.01,TOI 866.01,0,3
867.01,TOI 867.01,1,1
868.01,TOI 868.01,0,0
869.01,TOI 869.01,0,3
870.01,TOI 870.01,1,1
871.01,TOI 871.01,2,2
872.01,TOI 872.01,1,1
872.02,TOI 872.02,1,1
873.01,TOI 873.01,1,2
874.01,TOI 874.01,1,2
875.01,TOI 875.01,1,1
876.01,TOI 876.01,1,1
877.01,TOI 877.01,0,3
878.01,TOI 878.01,0,1
879.01,TOI 879.01,0,0
880.01,TOI 880.01,1,1
880.02,TOI 880.02,2,2
880.03,TOI 880.03,1,1
881.01,TOI 881.01,0,0
882.01,TOI 882.01,0,1
883.01,TOI 883.01,1,1
884.01,TOI 884.01,0,0
885.01,TOI 885.01,0,0
886.01,TOI 886.01,0,0
887.01,TOI 887.01,0,3
888.01,TOI 888.01,0,0
889.01,TOI 889.01,0,0
890.01,TOI 890.01,0,0
891.01,TOI 891.01,0,0
892.01,TOI 892.01,2,2
893.01,TOI 893.01,1,1
894.01,TOI 894.01,0,0
895.01,TOI 895.01,0,0
896.01,TOI 896.01,0,3
897.01,TOI 897.01,0,0
899.01,TOI 899.01,1,1
900.01,TOI 900.01,1,1
901.01,TOI 901.01,1,1
902.01,TOI 902.01,0,3
903.01,TOI 903.01,1,1
904.01,TOI 904.01,2,2
904.02,TOI 904.02,2,2
905.01,TOI 905.01,2,1
906.01,TOI 906.01,1,1
907.01,TOI 907.01,2,2
908.01,TOI 908.01,2,2
909.01,TOI 909.01,0,0
910.01,TOI 910.01,2,2
911.01,TOI 911.01,0,3
912.01,TOI 912.01,2,2
913.01,TOI 913.01,2,2
913.02,TOI 913.02,1,1
914.01,TOI 914.01,0,0
915.01,TOI 915.01,0,0
916.01,TOI 916.01,0,0
917.01,TOI 917.01,1,1
918.01,TOI 918.01,0,0
919.01,TOI 919.01,0,3
920.01,TOI 920.01,0,1
921.01,TOI 921.01,1,1
922.01,TOI 922.01,0,0
923.01,TOI 923.01,0,0
924.01,TOI 924.01,1,1
925.01,TOI 925.01,0,0
926.01,TOI 926.01,1,1
927.01,TOI 927.01,0,0
928.01,TOI 928.01,0,0
929.01,TOI 929.01,1,1
930.01,TOI 930.01,1,1
931.01,TOI 931.01,1,1
932.01,TOI 932.01,1,1
932.02,TOI 932.02,1,1
933.01,TOI 933.01,1,1
934.01,TOI 934.01,1,1
935.01,TOI 935.01,0,1
936.01,TOI 936.01,1,1
937.01,TOI 937.01,0,0
938.01,TOI 938.01,1,1
939.01,TOI 939.01,1,1
940.01,TOI 940.01,0,3
941.01,TOI 941.01,1,1
942.01,TOI 942.01,2,2
943.01,TOI 943.01,1,1
944.01,TOI 944.01,0,0
945.01,TOI 945.01,1,1
946.01,TOI 946.01,0,1
947.01,TOI 947.01,0,3
948.01,TOI 948.01,0,3
949.01,TOI 949.01,0,0
950.01,TOI 950.01,0,3
951.01,TOI 951.01,0,0
952.01,TOI 952.01,1,1
953.01,TOI 953.01,0,1
954.01,TOI 954.01,2,2
955.01,TOI 955.01,0,0
956.01,TOI 956.01,0,0
957.01,TOI 957.01,0,0
958.01,TOI 958.01,0,3
959.01,TOI 959.01,0,0
960.01,TOI 960.01,0,0
961.01,TOI 961.01,0,1
962.01,TOI 962.01,0,0
963.01,TOI 963.01,1,1
964.01,TOI 964.01,0,0
965.01,TOI 965.01,0,0
966.01,TOI 966.01,1,1
967.01,TOI 967.01,0,0
968.01,TOI 968.01,0,0
969.01,TOI 969.01,2,2
970.01,TOI 970.01,1,2
971.01,TOI 971.01,0,1
972.01,TOI 972.01,0,0
973.01,TOI 973.01,0,0
974.01,TOI 974.01,0,0
975.01,TOI 975.01,0,1
976.01,TOI 976.01,0,0
977.01,TOI 977.01,0,0
978.01,TOI 978.01,1,1
979.01,TOI 979.01,0,0
980.01,TOI 980.01,0,0
981.01,TOI 981.01,0,1
982.01,TOI 982.01,0,0
983.01,TOI 983.01,0,0
984.01,TOI 984.01,0,0
985.01,TOI 985.01,0,0
986.01,TOI 986.01,0,3
987.01,TOI 987.01,0,1
988.01,TOI 988.01,0,0
989.01,TOI 989.01,0,1
990.01,TOI 990.01,1,1
991.01,TOI 991.01,1,1
992.01,TOI 992.01,0,0
993.01,TOI 993.01,1,1
994.01,TOI 994.01,0,0
995.01,TOI 995.01,0,0
996.01,TOI 996.01,0,1
997.01,TOI 997.01,0,0
998.01,TOI 998.01,0,0
999.01,TOI 999.01,0,0
