orbital_period,transit_duration,transit_depth,planet_radius,eq_temperature,insolation_flux,stellar_temp,stellar_radius,stellar_gravity,target
4.692680899768591,5.177701000933254,0.9715326909010507,1.0817391348753969,310.6287015316108,983.6457729649994,4565.356506505678,0.5378201365520353,4.108823038749003,2
30.101214309175212,3.6646556412898987,0.33134700710305076,1.7053064891939052,351.3493131659866,78.26290217339418,4994.5664314825135,0.6230521235903249,4.926582653206596,3
13.167456935454494,5.380197851005963,0.48204105811208253,1.852661042819343,355.29502121786544,119.23073864586061,5068.676239703518,1.4863499229441621,4.623740273820053,3
9.129425537759532,5.6105857452838235,0.19609771273839294,0.8052091137463937,271.80262559708785,50.56617681195948,6459.086777530047,0.8152167373772861,4.495167789343326,0
1.6962487046234629,5.559790447931039,0.6107800710757683,0.6004604180379073,259.18913777290174,297.70441744109667,4907.927092158399,0.6153010903390493,4.939481986535325,0
1.695962919146052,6.080780725554622,0.2806832155159743,1.816025679699258,303.9071531484824,145.79076650342594,4434.910635257658,0.6069912611746233,4.740304296673673,2
0.5983876860868067,5.833922154548904,0.20699257843842678,1.0841074084683129,343.0818062248972,301.1700141513138,5136.505358747193,1.2194599676699718,5.223281645625684,3
20.112308644799395,5.459180079228437,0.5165726284459791,1.312641446401345,306.9530199326709,486.2274151745636,3962.679981226816,1.3545686640326409,4.27007036884243,2
9.190821536272646,4.929834288541353,0.005505799160420821,1.9520987180761384,221.15017589045016,2864.4020229109,4954.021608697867,0.7569522995084699,4.285182510736246,2
12.312500617045902,3.3390390664840086,0.0076640326492253275,0.5998470918713343,259.8587778024579,942.5732609026779,5008.01264114758,0.520909512335235,3.8494453668043276,0
0.20799307999138622,5.4296182191325855,0.21906880910185778,1.4724770111781433,296.3013568202811,1801.6509430520837,5397.300191472606,0.7230900184453558,4.28550964131379,2
35.03557475158312,5.207687687163111,0.03672136250082114,0.6111581338623007,296.21671978370847,1239.087162576117,5486.811124713923,0.5565156907967573,4.982384947151223,0
17.86429543354675,5.271578837195373,0.10802575413069138,1.0632033926997506,398.6271088394904,119.35028499273858,4748.2151905461415,0.6033949366300415,5.149993686131067,3
2.3868762524894698,3.723251424179691,0.3388606493387516,1.70572181779017,230.7006028800501,1331.5047302673324,4924.6929926850335,0.9315081198476424,4.980152584043334,2
2.0067898874966335,3.9189434595917376,0.8025856795798129,1.1502083491334516,325.27946209179373,321.7200217866131,4616.9395846946645,0.7299183708616326,3.602904066725282,3
2.0261142283225704,6.053152853332904,0.5720486433693008,1.9957735308544255,374.45565541641446,1019.1761104201651,4435.968722596153,1.0159458785254234,5.041572606330368,3
3.627537294604771,4.960444846143345,0.5126677259564164,1.3385889274199032,413.57248727113983,416.9740430229774,5154.947389690317,0.7534937532571904,3.5807406883639645,3
7.439278308608545,5.681500697372624,0.29348882320812164,0.9817432289539303,279.7801288408019,6062.858841701481,4363.207225701701,1.4405373011029476,4.949058662061174,0
5.655370667803367,5.0283183761304615,0.9317537194328164,0.8301669888571297,324.57147263601,305.91594300613957,4792.686549714069,1.4059439679262646,4.316107736714472,1
3.442229925539415,5.0297561394957455,0.39701504123719167,1.0257808014292427,328.48801785993237,327.29711615012036,4502.413020050381,1.066806105010466,4.851266656966928,3
9.463708738997987,5.938283805975997,0.08709276679577149,1.0587999106393262,309.77408657766455,2668.9101002710668,5274.84159314513,0.8544239919873862,3.833775826052717,2
1.5023452872733867,4.4839552717826265,0.6170665161178013,0.6030705165859415,295.0577399380347,24.953161282464986,5900.715049633244,0.8811468820347356,5.085583816353074,0
3.4551551200240227,5.0961207769409835,0.11383839347660141,1.0543612991401599,321.7987694750023,1192.9965572421172,4349.206008598334,0.911852283144497,3.7675126269475556,3
4.56277218220847,4.537724711294958,0.3452231428016921,1.1963577796088374,173.38769573901573,1292.1717616131734,4073.4907585512155,1.227579322134944,4.165772544573411,2
6.08934687859775,4.565503772567684,0.5074119387178089,1.584106628358207,334.10347450313157,1810.1999184618192,4937.556557324966,0.9516389955188379,4.0009526861154825,3
15.379360110309118,4.690827876531361,0.8742225246851758,1.485094227082412,306.30889518309834,3666.6996795108043,5007.848897978879,1.3567299465058973,3.6228575735887505,2
2.227358621286903,5.222133771633713,0.49354658034011867,1.5631484828437314,288.87625516108676,3713.2508037375296,5109.329653378649,1.4440947859303646,4.547263783794234,2
7.220291550331277,4.5212513783365225,0.7022587660316643,0.5125455228152856,402.3431097859779,67.5047909066137,4776.839742382827,0.8359461533789339,5.403044558918481,1
8.975047213097605,6.255756125573521,0.9928168389990704,0.8265010993708041,266.2532990604724,1725.069454698212,4899.680350587284,1.06069448137568,5.833452611160005,0
0.47563849756408544,4.105392697780496,0.13148911989798162,1.4925264325997847,279.84620054674843,1039.3342681449662,5183.755205270301,0.5950565368325644,4.548577893543124,2
9.353330206496102,4.813128355838641,0.2747315255195195,1.2259840522696206,399.5776651102367,1042.2569112326948,5520.21544632242,0.700469047766359,5.058340637533761,3
1.8696125197741642,4.560268941725825,0.3945760755976464,0.5079702135025189,258.39693475750715,137.36722760166387,4022.4756148408587,0.9134657667101601,4.616047318964268,0
0.6726393087930425,6.446977884353733,0.42182817853883137,1.7067419636477335,272.49423585317305,1050.357028807778,4815.530280484269,0.7062027159017789,4.749441597384107,2
29.73687793506931,5.196554776511575,0.41102107526554577,1.659214359935506,292.6487288284575,4044.5594989145757,5106.904396970532,1.3765604907887177,4.32892567443638,2
33.706303424611725,6.031844539468635,0.9076110025565549,1.322628744490344,342.03672410647744,2428.3588771318346,4541.011947694632,0.6582862560590981,4.597538462711301,3
16.523315728128768,3.514439626963028,0.7140326444668564,0.5996949886644082,310.3901253676657,578.2673075469968,5865.58481588365,0.955660821553092,4.768739352303214,0
3.632878599687583,5.267050265869258,0.6079052140907037,1.649772574298877,235.36873264238687,40.76780149507192,4682.295059885631,1.1056992404598756,4.210770135561834,2
1.0277731500250624,5.889630795623437,0.3093727178627821,1.375570381597046,273.3915718436405,449.87711715131957,4979.353656496359,1.1918639081608444,4.461252850053506,2
11.527507630986618,5.082283989275425,0.8237903842212947,1.6729399657369388,269.6322783393894,1750.9456695605757,5278.0110484211455,0.8830693697265067,4.470784940501256,2
5.800908425853983,6.065480375065351,0.9550605114849889,1.6276204885937606,296.1389477388477,1208.982335987063,4704.3576055990525,1.3690990687247284,4.913201658665263,2
1.3015223395444864,4.482711549899628,0.8211982825502265,1.7045031079367556,321.2921829314914,614.9714248845542,4076.7134760977915,1.0683191510779255,3.9669839141861596,3
6.835472281341501,6.40934744018558,0.0015651051914729042,1.2770120996069372,320.9102877943986,56.677801873499845,4785.672736541734,0.9395077804475518,4.474228895696174,3
0.34993721443479087,7.29889812361925,0.636401370183407,0.7104867772902725,211.1994122975799,556.685858065787,5514.72027796352,0.5672406340520366,5.456002734526349,0
24.004228873930238,4.637161439560341,0.051135381442100725,1.506736210069533,353.19704937804283,633.0402262968448,4831.5524366074305,0.964689468445165,5.082030076292969,3
2.994577768406861,4.554497478599228,0.25760722033372185,1.430710677577956,312.6284422998312,2638.834814891399,4576.78284927051,1.3207358408157304,5.174589524444353,2
10.862557985649804,6.453384477117701,0.059524700347771686,1.6133797807986308,369.2266023796953,1024.6727621079945,5462.836104751361,1.1145410182213156,4.512215920089017,3
3.7354658165762364,6.579572145730713,0.6037954529493877,0.754821509076103,322.20991636453357,373.4620866502432,4834.612551988474,1.3321624537291183,4.660498781843011,1
7.341108959092287,4.477139972846731,0.6865899134926068,0.7924627998504339,355.0661478867881,745.1107299407693,4744.919593174891,0.9940116705993056,5.001118083351463,1
7.912237979817975,4.579813182904143,0.11448763806590512,1.8356142758289926,323.32726557250635,68.3380585903191,5074.728044831655,0.6184617050944818,5.280127764765465,3
2.0438859950790573,4.718215391139493,0.3838388830449795,1.624966697678106,367.3112878101374,3596.0536541812794,5385.375104809394,0.5136398458358811,3.5241985435585566,3
34.92807132736226,3.6555494889657227,0.456236508955542,1.8623427330504843,326.1125318008889,446.3807037756296,6190.856765866273,0.8032195467185912,3.842279346475077,3
14.922453771381408,4.081348053515802,0.3690530217609166,1.638072981745881,295.1042376778548,649.833614018005,5413.618053828712,1.1979904714977925,5.154722050701324,2
28.05094419291582,3.9958592332479324,0.12102500048519305,1.3957329589854528,413.62173602234407,438.94532926848046,5579.919983194172,1.2902599039416938,4.361555322115598,3
22.521519975341967,4.232202434895871,0.4189477901874754,1.4811991055418106,344.4518561139946,1147.3144065797576,4747.0169005060725,0.7957528346203294,4.164139605370961,3
9.11054412383275,4.965315112613219,0.7511780478084181,1.8336918859100149,328.68722105022067,1085.396478458099,4487.065947015262,0.9956539208832471,3.872919506502198,3
25.49435379269405,5.234214732536521,0.07100766453325547,1.3682101317679107,236.1847791730832,1256.3976528167407,5031.165674809561,0.9211189044340816,4.222491649227945,2
0.9265545895311562,6.550500492814077,0.08018001408190345,1.448586986492581,235.5846191268231,312.1704530352204,5053.584957629798,0.9105227843514279,3.7988153582880875,2
2.1813469463126745,4.001645959261209,0.3547712918359842,0.7347150740054009,314.6357741070927,379.3128021166588,4460.743629317702,0.7313487132001505,5.545547136366238,0
0.46281965686831955,5.984322398476584,0.941725711618925,1.210881830174154,307.276059888412,133.81855510453028,4912.3527350479935,0.6363711050294584,4.488781974009713,2
3.9353208680308684,4.786011155774491,0.668572646722914,1.5745956679371484,269.2938717495842,1065.6901347996493,5199.658800859565,0.6966885582312131,4.471024729118641,2
4.921302917942186,4.950536290347567,0.6786699566725648,0.9064140474745481,307.049134980603,40.61069115435526,5180.19669750904,0.5553323871633461,4.794038337583916,0
3.165604432088257,5.674819492166604,0.36191999083786497,0.8033812707868024,379.43134640217977,910.5132922741201,5252.143926692136,0.698130741823577,4.981172584633285,1
17.64557865240934,3.8772779784377014,0.5936607912085384,0.9707402123366233,334.77012372751494,2037.884213244392,5145.482365068721,0.5092008976253795,4.97294407827732,1
4.4122699952987015,5.3824097461840505,0.010131184027743378,0.8622509419892501,242.94957451236309,2214.8686572717234,4746.495670364972,1.1272584006359783,5.036810971953786,0
3.298028401342492,5.166452208213056,0.6360960464095422,0.8223689555545938,294.4245586428528,596.0890027945429,4743.049686675578,0.8163754073876829,4.184577224604572,0
7.82407083207746,5.4924512640081495,0.9132869475762367,1.1372762643021304,259.75167595737196,614.89750379938,4400.524301003062,1.4731447114269085,4.351066597521569,2
1.5189814782062885,5.289168643907818,0.6125734683448192,1.8617577708253013,280.61500417957194,80.09265717967772,5892.3875195925475,0.6937170507762979,4.884515827721137,2
16.204835957747314,7.455300139910895,0.873698593466345,1.2605894701080773,279.31921671851785,1110.983574762367,5006.725182309647,0.8458285703095939,4.23630546918019,2
0.7747586881130901,4.362260015748684,0.7239730554660938,0.7818805712229846,276.11772086979977,1721.8198001833352,4887.573472102574,0.8578411586415332,4.497446683986388,0
43.3414633958732,4.469003044998182,0.12055841640369025,0.6154575040713111,237.24323140133026,280.580752753342,4535.603959273771,0.5084514960624605,4.699381882212407,0
14.794837762415114,4.3768594735752355,0.9024533072858417,1.544234217706888,293.6172659240905,546.9725938757089,6467.828951163889,1.339207953039459,4.892592541155188,2
2.2153944050588597,4.444522880839745,0.06644384435577488,1.0741981466545818,271.9696181576345,1825.3535032869072,4463.335983888553,0.5319944601443247,3.6111595188148993,2
0.05537420375935475,4.362612872693482,0.5339674725477638,1.732746419878039,153.5275654998866,2096.55081543546,4785.576037196964,1.4401798347292414,4.8573728249444725,2
16.89896777486126,6.189016531107551,0.14213712379345766,1.4892661529611553,402.64860122508315,278.6298084551103,5207.91841814303,1.3920743510936207,4.383137971074137,3
12.270959073870447,6.420504247989855,0.011706610730904066,1.6943621758120528,354.4384827108336,799.7765776660357,5300.106482872139,1.0355219160859637,4.85372885543219,3
13.05662908787999,4.429253706250524,0.422034260127639,0.9079190591276731,281.1849637537502,213.8037417365647,5478.966027607842,1.0435955749112922,4.888465846177414,0
14.752145260435135,4.167644426895771,0.29504070765415624,1.5385383836915871,300.9409524870299,107.45021326639204,5903.804253884631,1.1537779229561562,5.303957530559579,2
0.7692926551379635,5.471415556386404,0.486000493797603,0.8960929770405781,241.4172826341219,2420.473774890319,5253.078827730356,0.887050011934887,5.1767268238106015,0
4.438926724162325,4.4477769557190285,0.5771998867345508,1.9086027191754373,384.78614389054326,1717.6218782347264,4471.984600016666,1.1472222833978556,5.173285831305148,3
1.2315010460444966,5.6329318177555106,0.04373907230894736,1.4545614223000616,394.8644347386556,1427.2617903951584,4871.527437439109,0.5447683886884869,5.221835159583119,3
19.885295716582227,5.2029230208512995,0.12300329512374564,0.9867677002630131,307.8346864123262,49.99552507890129,5153.916186256943,0.5540476273497266,4.645689492407973,0
9.763011917123741,3.484255885002768,0.5586423964504253,0.9042677934384089,351.17653220926724,1856.162272921303,6034.113020752911,0.9572304196195444,4.51609254351842,1
4.01818801251301,6.547505201330061,0.34316735317265823,0.7863898776074653,308.76433894669617,576.3318590419015,4301.097260787851,1.049622301106035,4.936408541589167,0
0.6566806580478289,6.7958776730955215,0.729173487549448,1.5419614383405917,233.16372805620347,419.1510193550425,5601.288252612614,1.3878176403358191,4.866040475716511,2
3.7248835041035373,4.387211309515614,0.6522916485919397,0.828073419496891,279.4088315518171,790.7078851523114,5089.957184773209,0.6046606339078963,4.34546688163087,0
3.9331421318413136,4.6122984400640155,0.8456043629899068,1.3929548988912335,306.59639833859785,95.79886618797855,5418.9152676147405,1.3226479271938894,4.702411704404134,2
13.078757839577408,5.285865390724905,0.6924928266692253,0.8969525403880361,277.2726140628278,1413.2403630308565,4949.002641682034,0.7100473372920696,4.482451766607703,0
10.148893589260199,5.3344567899870245,0.42993107739014813,1.4929534171908028,289.0673361282482,873.3152423216204,4578.783684936837,0.8940836485100319,4.073033545769972,2
21.822519124015148,5.65854427267283,0.6729666223944324,1.7224095928108087,295.4300221245443,206.52011060546263,5375.436389700666,0.8166024348274129,5.145230370688175,2
6.390661333763098,7.01020453876635,0.2753811742554185,1.6670378647169797,295.9560751067269,208.5409400216103,5327.215513552811,0.900155272865399,4.527599621265044,2
1.273723936155019,4.82305277250595,0.3063134987782127,1.6412769963961726,302.6129245248742,203.64569051917434,5486.028482869861,0.6504954980725856,5.524354128849425,2
12.491263443165995,4.201702755461547,0.7889851599207933,0.781583608538378,246.96974668016995,58.69152822031951,4993.347682310682,1.003570074403555,3.6872538649000837,0
14.303927530768641,3.620680771985473,0.4464195164015822,0.632577420476778,264.1491925436032,886.2428486980283,4700.088988340075,1.3016425898313673,4.221610613578317,0
8.238874948858289,4.269069960058081,0.7983803405183525,1.5484232427310785,235.77078671500152,1834.759944844268,4220.606502488079,0.941534010378897,4.516319418345436,2
14.738899667213644,4.966873027126203,0.8224223736682784,1.052520820691527,348.89077748431004,17.653117415832128,5409.686634069703,0.9906135758981991,5.068690548814457,3
6.808147315102779,6.794557863517788,0.8575623376612838,1.1485193396050208,194.7176529079838,50.24610075075022,5211.944741221993,1.3487675852813141,4.699734686301093,2
7.39678838777267,4.482388700963829,0.9166352358412073,0.5467236391900866,357.6795171658463,850.433416712856,4517.108683568021,1.2060581146380307,4.655236377090375,1
5.578141939084274,5.223787951638898,0.43098522051329624,0.8893646739125738,369.31746986314215,1712.0005978165093,4730.713163351688,0.9904544085197847,3.9363681037229266,1
0.2574777399011373,4.983577103927248,0.31886681832113883,0.5505146058116961,284.89097065086895,395.62204622884997,4766.62059402428,0.7576956481891797,3.9215293013852643,0
1.1416743519186583,6.188393273448084,0.5821987465941139,1.8187786589018715,169.84314560863507,430.1898593818507,4258.507784008791,1.3849267468449666,4.661252330144952,2
0.3193368129305382,7.526932425873621,0.3711724234376276,0.8650950248277958,281.93447190163545,907.1984360990504,4591.158801697433,1.0770204016905582,3.8179470030908207,0
10.117295509275495,4.4691312270796795,0.601074166800233,1.336005754359512,296.790791935559,320.49854286752935,4433.084821596823,0.7211476101106934,4.2340611248553355,2
3.7739670879509983,4.510560557481778,0.7055858626438246,0.5584689809916956,249.47008900355434,26.968776316331805,4793.760494056031,0.7691197526380104,4.750458664542929,0
7.104371771341901,6.044160877069072,0.6884050184921369,1.5002710869584872,274.23908030958785,1328.8881574772895,4630.651250835219,1.3031330889362458,4.008837863861612,2
23.812655298459756,5.681891489626311,0.37455288702012135,0.9845410186311407,376.5097599431676,982.5638577462422,4186.497539566626,0.5441455620874555,5.302677981180903,1
2.8673882298329834,6.846707325736034,0.16686020169875282,1.8468787804364988,333.24635811508705,869.3021873988661,6011.295115284741,1.49209218702882,5.111968172118945,3
5.282819748826726,5.583928185325964,0.43052933846220753,1.8321772834010537,253.771794281095,1353.5721366789987,5626.270365514615,0.6303516797147918,3.7142900008308497,2
14.087491475385834,4.64070790921294,0.14259414408190874,0.9879359275426216,220.1200415202284,1124.6406184348823,4610.490289240007,1.2960685253969375,4.033814378409007,0
2.5980515691739403,5.590654830692309,0.8900970351838083,1.8514413435357018,283.6491341195115,230.52319928093482,5136.210698326805,0.8947753167716829,3.357111377752525,2
0.8010427855017637,6.108703580582908,0.3458774607378574,1.9942365102481683,289.3271610324781,434.6072147068758,5208.732544910647,0.9922161832874669,4.108704318725933,2
3.4214030388705705,5.820482181197364,0.15445974722332378,1.738123496185922,324.80995936816583,134.80093149507732,5595.5429273867385,1.3806505774645779,4.883194238286199,3
1.7580835850006284,5.507274031107298,0.025447759905750877,1.7673070216328435,273.23416437161706,139.0977284446424,4590.697486669961,0.9129111895892132,4.293052528862572,2
26.549500858806248,6.066674689589154,0.6458223862864843,0.8735131041636348,325.57497876809305,1127.6161011866511,5546.053391991213,1.0374937536732345,4.730398621807984,1
16.508870804845696,6.169295590445673,0.6369023174547432,1.3650535982866345,396.75770200301145,1956.163282114705,4726.047347896532,0.5492996624091699,3.738832840859128,3
10.03494190520531,6.382158991037527,0.34060416658129167,0.6008838709510518,340.77505112221314,3289.6358960708026,4332.068797915694,0.5023474738674532,4.8989876272909525,1
20.51519730520813,5.648709887589643,0.071711888847651,0.6423769052325046,297.59557463346135,989.7949720207693,5362.068279657248,0.7447998730017259,4.222445386035825,0
16.279689407405563,4.832881919683146,0.409628894895232,1.998338918049936,290.8424764473353,203.46510251334672,5645.379212061214,1.1805830929187673,4.506084841141453,2
2.0649547635863907,5.146713686433323,0.3112174950633936,0.9899588741388664,282.16634329100646,111.65846779993755,6293.954486765342,0.6212648933591367,4.453562749303473,0
22.308134052355612,6.206508966508357,0.6771206397350094,1.6222758680732696,359.03204562260726,1675.850035864825,4400.137367454893,0.6137619588045494,3.864225739553858,3
7.75099901966172,4.183064329012764,0.6057792494526903,1.7099975795402247,268.63432770243486,864.5441715821153,5349.459842540395,0.9109606080359033,3.923457834130109,2
16.47348291303566,5.368673308872901,0.36459372819754,1.7870349065108437,302.26113544999913,963.081077175991,4795.099378103234,1.1478370386082264,4.983897234501713,2
22.642426492862313,4.606661187672639,0.2178925542549901,1.9964424461032348,302.55989509405424,1520.7957726536276,5391.679355262016,1.2120719922479304,4.6994960787508475,2
3.8273071641831846,5.028744822934818,0.9880359661555919,0.8622447278853018,274.9107903594234,1214.9570028020225,4264.755224384375,0.6784506740983748,5.0250245207767135,0
1.1659216012385083,6.278451862607299,0.45400162119611487,0.5605262402895496,231.37672260579495,1798.5318673707038,4368.615112150718,0.5795881473720425,4.662329117751259,0
2.5868674613938136,5.191099068019903,0.688274235780237,1.116787276991879,316.1487251808834,57.8557332799298,4612.062588416758,1.440397033945544,4.571495317404608,2
5.570576927486144,5.046436548156149,0.14055296757836078,0.6951210047434204,296.94980140723084,1376.4257632959036,5039.482022834042,0.7606663825621017,3.636994690666617,0
17.03829726638945,3.640143859020081,0.4855896996593978,0.5336388337430826,325.0120234718285,1902.821255098704,4679.459366730823,1.3533464976087237,4.364816651619416,1
19.713449718798334,5.746253566027221,0.027536719869465487,1.040640240712229,273.31998467804164,337.0614696265288,5329.52717195671,1.3634914504628184,4.486307839798128,2
0.06976409181650647,5.645484181141075,0.50545511791045,1.6756073766128545,361.0410649406524,1022.8944477442632,5513.447309128957,1.2725225917625445,5.476553599136287,3
7.148761593385558,7.16325472330546,0.9640174071177023,1.3492710368376062,256.16131093940777,377.1139238267266,5299.7887706226775,0.6688336066525701,4.843478316049339,2
5.402733209186713,4.692221765046999,0.3842067129858002,0.969166983815531,385.60201420089464,3169.3970046019153,5809.393819830434,1.3218014592542002,5.268030590854764,1
2.5116733827582447,5.219150327663939,0.03899601257491159,1.4815130082390795,212.61817450858692,33.99490682848674,5207.913314727672,1.2692505592415868,4.798768852947364,2
1.276803915456468,5.2493836837107555,0.03095579091934353,0.8480272704632161,321.73850322784455,867.0074603329945,4391.551644829917,1.0967229901062172,4.144348386525261,1
4.119085798624324,6.577453279763475,0.3879867599468695,0.5215721691081275,323.7715341263312,182.12583240863995,5681.68825676917,0.8372020351689528,4.558562108074925,1
28.631211226911496,4.904704467613048,0.16002493646319405,1.646530079654641,260.2221466029559,1245.5596926124358,4697.421882197002,0.7625086042665441,4.618111823132116,2
3.903838028814744,5.2790215257703395,0.023352096328185912,1.4356146272960135,321.21969689305064,193.45160674555427,5455.209249842785,0.621889212080359,4.030422215114659,3
7.314528057601519,5.607896509716539,0.7562136139501768,1.64345393675144,363.97593348800797,268.38056664156727,5786.867108277553,1.0097570669008715,4.30780631170354,3
12.14086976880855,5.186609123156358,0.4585230088818907,0.5584070250314984,189.1590580322968,681.9517064981525,5228.344005365199,1.0852608755098465,4.397116503161414,0
4.519744989669624,4.5535663854494715,0.2892447719726545,1.7556794417459782,325.13724037454074,2463.1641405374735,4251.920593417675,0.8593389905157872,5.302809916282559,3
35.677981382917,5.1940899928983075,0.9000831830164807,1.4292893000544549,175.33645898349613,237.89478290788642,4540.893916745104,0.9753590676808686,3.459629737304511,2
32.82009864541398,6.073631749859772,0.11613896020052561,1.3450930260689602,251.7167598238396,155.76534066186258,5661.372233442567,0.8635144573692667,5.102909210358021,2
2.9006129499220528,3.9734847005889398,0.9559188289553192,1.4369210721717973,381.4583182450473,1422.862216726235,4915.438657178592,1.1410060573207013,4.031602382520308,3
6.876592784638472,5.132969674146876,0.3139667173773528,1.7966498703025462,270.9108983303973,694.3870135031269,5039.786767471083,1.4012592077965633,3.813960406365193,2
3.5793046007904676,4.299879185060827,0.8884036723086812,1.3804047598383606,241.30600177955137,2427.9795363560047,5379.412208081804,0.6639202620469449,5.089971065019232,2
3.352496763810817,6.1950466289248425,0.6029428764794615,1.371425569832269,290.1031135507659,158.54396621277056,5348.161431040162,0.8814088099031234,4.8659490346171905,2
0.37584477765522534,3.476813095216225,0.8267073597414875,1.9860187355986487,403.3953169081776,1038.2546945654537,5139.399906192731,0.6408686039508613,5.127259351190595,3
9.404920709825932,4.441078152728411,0.9840131632104643,1.635095250602852,208.4158876396987,265.11092308046227,4895.665814389767,1.124943770407832,4.900350973772788,2
6.985196328296385,5.377211875064521,0.2884054378187457,1.1634407081767029,247.43450441803276,170.5041723289947,4843.665777133821,1.2288705094885959,5.529922500868701,2
0.5285108738039248,6.56552402923434,0.961135485407593,1.5610955000493916,374.8715841589813,1150.209045381812,5428.949412645671,1.4319127325974559,4.779361918472243,3
3.2662592101036934,4.934249738927012,0.38948189490242036,1.0838457075376828,392.88511717688664,900.6256226776636,5276.7847655338965,0.7788719262609649,4.421761311938421,3
23.888609510893403,4.444800473306802,0.3855119047369223,0.8433131937252485,294.8284387854858,1405.7930647238663,4871.349999691105,1.4502112058654302,4.671463188660671,0
2.7386055214207703,6.88115706944059,0.3403871042545057,1.3952778153316392,238.04736487366787,370.2851098406572,5541.05615649657,0.5632626718206748,5.121734564172982,2
1.5653086098546976,3.5519860995837558,0.5414076073475852,1.8922731471709273,404.79217509045793,594.1558868895468,4935.482942435108,1.103013863364588,4.110312337369941,3
6.722721094736363,2.801194043379918,0.1541450431784871,1.893709280023194,379.7221195874598,519.9869211441636,4574.1689128328035,0.55713271934333,4.1740557087343095,3
42.4403698261526,5.440014450053332,0.5537114853580112,1.0128579171582355,333.94734938811166,4140.773745591833,4620.514650548328,1.3937741877619447,4.345519992701046,3
2.7714481355972618,4.497945775647389,0.541704812410004,1.2915161993325426,259.379882553129,345.66288093877773,4510.629581845117,1.0298090570700542,3.447708600617334,2
11.151550102972934,3.9787671828692868,0.76190181260487,0.8174538478547918,297.5485329580982,349.2982733782499,4863.794991698156,1.169348350762796,4.5690392042087735,0
14.338876262394628,5.708356447299353,0.8336499619375856,1.9934466642483253,291.98199594775843,437.8047559594562,5616.862139168096,1.3315739259104524,3.5569356480244867,2
2.713331723358058,5.243800713771199,0.44044135031242404,1.9716768618019036,316.5425652307789,831.4765365449189,4597.452409484746,0.6503106224839688,4.52652965646631,2
13.027489284923162,4.435921369263272,0.30233324935149375,1.474263394561171,372.5500719065668,290.7838704087679,5094.237880509051,0.5385915619381338,4.932644878067625,3
4.58522799264304,3.7196956013291054,0.25933489731709447,1.7066210895162102,343.97085205687017,2468.5209167173443,4671.655327186293,1.3788811459128523,4.2615617696780825,3
10.005037477317714,5.872457328280145,0.19462383670487193,1.5726502419255501,246.1311961507621,308.81795635781094,4869.845479364281,0.8149332274589325,5.338557935093435,2
10.038378271376383,5.650201177958661,0.05764758219902488,1.3897373285592023,368.8248225009769,2261.5941357266684,4244.979394007374,0.6289789079271653,3.769749550290756,3
7.673852499523488,4.900824136220617,0.34244797883471334,0.5800219954833465,315.65660700065774,109.22917109409774,4889.730885421732,0.9684612370870865,5.095630340815916,0
0.9462915881162095,6.846636996047666,0.27024769213078326,1.1821465138289917,334.3532897929458,1068.7507237191176,4903.147310097519,1.0983060756960188,4.837568528203461,3
18.03644794246297,3.9299152336738477,0.9664173858664074,1.512179453251116,373.3270429639301,2375.0000822335055,5270.143972017848,0.5309706034225101,3.6419833758446556,3
3.8681029366739663,3.474474829075261,0.5577088262500439,1.516297420825527,244.42098752432244,184.82401140114894,5111.640456627685,0.7748956582570877,5.855397149520266,2
2.0643210660755655,4.3080919301187555,0.34727703903050755,1.0596839276335754,298.20872106467687,3452.2894362762613,4400.803937523977,0.532799874276896,4.468127357248017,2
0.416297597943452,4.9544139836445025,0.580467600993696,1.9125379799870459,273.4272724320393,603.0932642193319,5542.099122021771,0.920335389195499,4.0612579889221845,2
8.937784045945834,5.243339449322692,0.1391967013456955,0.7510355483551715,221.6070287317272,2913.5093309244207,5105.151520110998,1.3951000290662443,3.7964564026079914,0
11.318517342673488,4.75876394214367,0.4440437492022029,1.250539169323341,317.335498880246,1129.5459704403559,5099.196758588743,1.4826524114935693,4.389990986170163,2
0.1672694755847062,5.352055396514297,0.6262343214210638,1.5363259648262342,425.5778275792212,358.9444743378659,4995.408823307431,1.1370475535036275,4.43629656380502,3
7.176305845494884,3.748460575809556,0.4888978317924514,1.545703708837714,207.99611277471234,208.62757587292683,4741.12127638889,0.6616376937845918,4.551322764269832,2
2.5682414705495766,6.44376460407326,0.40177880065432425,1.4729584351532234,298.38596944752646,362.0250103771713,5108.901169874363,1.4058493899993056,4.35110192188802,2
10.36124341547692,4.917848821607431,0.9938483888996982,0.9129323201777902,332.0271467537387,97.63202338712917,5237.794217964291,1.0162478232000605,4.816612655057547,1
1.9160422253913376,6.117295831588128,0.880314762148927,0.734309853029933,306.15391008280903,155.33066980890385,4126.5521543272225,0.6537493121029181,4.306185083668376,0
11.742125275677191,5.342725346377704,0.6234059581594401,1.4539104902400664,294.343597374213,110.55223639892971,4730.619581326952,1.4217266694516613,3.5325179413797647,2
4.8895870098110175,5.456753219153784,0.5693773611822828,1.3989531742091565,235.03918182770877,549.8151727917913,4872.526514798205,1.257469050723103,4.425319252175179,2
27.60343817804307,5.569767280232204,0.620660479824584,0.7690340154338615,311.6393371470082,1587.5706349446998,5128.085302847139,1.2317052727231514,3.316261173313361,0
1.4794441343927893,5.447708560017315,0.20131210782243325,1.557708718355845,262.1618011492037,152.43296918962812,5596.655502963563,1.2091807037944047,4.676885315445695,2
4.171324339951718,5.642722759867544,0.3951377432643186,1.1827579876004846,190.50391475107233,139.63044916895552,4614.129592701609,0.7003398210964423,4.010349884858682,2
1.2044428503699642,6.329152530132431,0.03945953289089932,1.5016408874047293,359.72961102568655,1031.2217588937724,4751.019076591079,0.7110066917075261,4.5816801774579,3
25.861903971507235,5.19652116970147,0.47554603748682667,1.756050619655226,347.9192909921021,219.62846393892855,4743.732944676725,1.188292998427255,5.157037490762302,3
20.983337071609938,5.709003757588512,0.5430245839576632,0.7545926428653847,302.583048842554,102.70852209120488,4599.236204947729,0.7197227501103969,4.025625652366,0
2.9832737006148893,4.910264305712773,0.2277497361032096,0.528717301995255,311.4537344102851,182.53987447021748,4826.406752443869,0.9386716968030488,5.030628129256059,0
10.787627390439145,6.440117215449472,0.9640288471655137,1.66865387959368,353.7159006357781,2573.4939047536727,5385.401109993985,1.2820018255939414,4.283305216656923,3
16.994840726392212,4.32360769794073,0.909454610937242,1.414546137728924,311.21698283890413,1723.0056418565403,4473.082252317827,1.2839525180978408,5.376597401032793,2
8.10132360686508,6.800940432910815,0.7221432354559059,1.5494593544331825,345.20087773806574,437.0557219201942,5213.907197576452,0.9532617725258596,4.317423693400893,3
7.54279410193946,4.9598420493556565,0.5333866287653626,1.7572324624829638,285.1258899563075,1066.592732084178,4149.048884990832,1.292189938275245,4.079753507246655,2
2.7687704543790312,3.569224897881952,0.869969159647685,1.7042164022367507,365.59918692869735,770.6238097116965,4719.331001778897,1.3386217961980567,4.843619225197644,3
0.9772614047494073,5.128104414910789,0.1306523438234629,1.941380220393237,316.0392862966342,1130.4877464462068,4835.255349891007,1.1547757512842602,4.282105135188182,2
22.75123225194523,4.318948342525119,0.790509794274885,1.3039026182781774,309.7025971802937,1147.8166688708511,5837.429836457032,0.7284258523084202,4.079275242935496,2
23.06774427648427,5.840643548988724,0.1248208139668483,1.232743448989858,236.4969455643984,990.836532714697,4862.598847623656,0.7740117803855475,4.261080074648104,2
10.026699194828847,4.3473760206976095,0.7942106625494054,1.102830799836095,314.34779271508546,309.3843641791573,3899.3782632745406,0.8148411554087354,4.477696733908499,2
4.140465098113239,4.55381656678522,0.27576756825135695,0.7305365642663069,258.40225412527747,39.787551369043165,4000.555546569375,0.616804107733952,5.171090065622427,0
4.295676158116439,3.110459269054469,0.8770905810181889,1.3589108493230335,268.0858636735753,608.0099924140658,5017.014793173341,0.7731596203699451,3.5329561272702117,2
12.944654297271182,4.547693680750923,0.9440420938253978,0.9155187864889682,259.2312185841939,2216.1678354565493,5306.885427894955,0.7095192243125321,4.511540329475211,0
22.740973491072523,2.5761206733710433,0.14879596940511564,1.881961268319463,246.68825340503875,842.8015870012388,5187.727928813626,0.9553287498086022,4.8124517973270216,2
21.811325693966133,3.4160971765142767,0.4626756050653935,1.3747862064156464,406.2385701508481,1786.1216418966364,5083.785052900495,1.408437547872265,4.596724287495898,3
15.135621919309033,5.760414656144297,0.9809873781626851,1.3892602707621653,366.5669530994202,4782.425751957566,5581.129798752833,0.6044803167539581,5.154932584716767,3
10.273106935677049,5.785800158650832,0.4834074359731466,1.032386991315515,396.01837510721305,178.66768528615341,4730.204389631434,1.2202679239473957,4.462827335120738,3
0.8789172619608405,5.425457561784965,0.8635475225145451,0.5779840279665612,238.8552490222218,1176.9338056519866,5447.455278013413,1.1872830044131277,4.407724278907027,0
1.7629421468341149,4.033023856870787,0.5887315221313199,0.5476156480594829,303.56268749554465,1121.7588361608691,4183.992557486791,0.5957541986633577,4.796164773506671,0
22.882305001775055,4.9522886438580205,0.37532990791960186,1.1350027162297962,235.3246187397952,3909.7978508358096,4547.526083530967,1.4225724049058002,4.549656907475675,2
9.324939469655895,4.9963974609094315,0.2857835555258702,0.6268480671458567,265.2152561401468,4240.578042643611,4096.479302534091,1.0684722021568196,4.304795630859765,0
0.09239605610994409,3.8416353108074572,0.20322309108608727,1.4102704333102087,254.09365082917125,1160.5258156366965,4862.577349665104,0.8637255211356842,4.75807201979319,2
1.0699690143594933,6.503398301767151,0.7617981913776972,1.821459508459486,361.9792003220781,279.204498156098,4976.8693913668285,1.2565385834953067,4.173735853391677,3
10.891623872902409,5.877362290575672,0.3865405068230279,1.8243722247780831,280.188516094912,1602.2430483087758,5057.05074611326,0.757365458401634,4.194411423990337,2
0.050744370517970025,4.779035826170336,0.5112754622007512,1.4885681151983485,353.4189666847008,113.2013237341953,5030.941676443567,1.1935098370463204,4.2360029891171935,3
1.7531581610419904,5.026885838994531,0.4923254800011819,0.8168477472093965,330.2060444794259,1517.3114506113388,4536.223334594136,0.5397112075722472,5.176534580083204,1
7.956978461389317,5.208382807947553,0.5772790292331312,1.794495247038308,415.18193760523945,2410.127143633191,4904.879577793392,1.3394080376092719,2.8894918220071433,3
11.773152866548127,2.9582651315757094,0.8655771456245522,1.8291401529698121,226.0277888430138,482.61626684036275,4251.276665697125,0.9481708470213185,4.697799417381471,2
10.554414821352488,4.752822617479403,0.9807393435834294,0.7949803774294381,362.96166198934,995.9707625687813,5681.614487566125,1.1366929143579418,4.517135907100111,1
2.539498673080245,4.318015752002202,0.40758420857381694,1.6061391286560158,357.3220435200364,562.3693566980703,4848.186963550999,0.7212378198066837,3.65956477038094,3
12.454172888985388,3.9983799901050845,0.8275189221063031,0.9297793233906844,251.33105809864827,575.835464825132,4755.5569404781545,1.1770737126584478,4.654863389568001,0
2.7082375905280593,4.718899707114045,0.7645277946547177,1.7039604685293945,350.356666823658,371.60134635328717,5794.470164222042,1.2722402758932767,4.737875995915766,3
3.9363490891808444,6.797686526849523,0.5735289514555733,1.9958568498554041,316.80724815131146,1436.0293774129016,4378.876733225386,0.9732131868843987,4.7948196156787,2
13.723575516657906,5.64084286126701,0.9560471436119331,0.5450390079940892,288.62618700232963,2751.6348232681753,4437.206442984016,1.1177269240617944,3.1740859684775256,0
10.48773814302768,4.428821010217203,0.20047451552840279,1.8460487986863978,258.8032256514,2826.0040009194945,4451.889837565717,0.9563259238223986,5.183194705927219,2
18.91956077463401,5.572582781356159,0.10926421030962141,1.433945800397987,264.0445274275407,192.1068185401972,4966.064309150259,1.3940913692578456,4.13113164765758,2
10.718132881697624,6.399355436586002,0.8539619669554221,1.9600739287472317,402.4906047892963,2077.3928389576504,5215.815814818799,0.9978691805143192,4.843283873376588,3
8.400443055872573,5.924633682912769,0.4391498166337483,1.1975142762896414,300.0341409478741,1337.2430555351211,5369.837734058917,1.3418087090288189,4.870536890341143,2
0.9835706144841049,5.059630369920174,0.8469688542070605,1.7710818958570607,339.10650007657296,291.4724477772956,6285.997658747485,1.3013520582702487,4.0616514571903535,3
4.584163072070201,4.353063222294426,0.8930902051954149,0.5935911028974159,260.4550309166223,69.65517603524845,3875.2837728996183,0.9105048213483565,4.830229976175775,0
3.0816014785883117,5.69822331361359,0.06245759361907144,1.0029185751174436,261.00735268891805,311.971031263285,5304.3677945622085,0.730084491857475,4.307253379543821,2
2.7970020366242125,5.39348538542175,0.8834647629860607,0.600524806626815,354.0992404624971,2432.787595743212,4721.434713713885,0.906082132559771,3.4643114103309216,1
36.12309406162926,5.895193220027732,0.4483190553694222,1.9630147002186058,232.5211894224234,1002.8804020557984,4706.792425555614,1.32621737577522,5.083870962763889,2
4.993874970400237,5.635171801681969,0.5104324890042322,1.725460860907755,279.23931160473643,1276.7394335517256,4690.113935873062,0.7276325358193924,4.11247751849188,2
22.26055211248523,6.049552715319335,0.6265925110932102,1.7788211318689557,301.7013705536116,297.2643038887683,4545.6151645960135,1.0244363458577492,4.072753268630973,2
9.973343857364831,4.464764788439432,0.9263826067300868,1.9069478471508412,305.56863009200265,1270.7829011384242,5842.262417301726,1.3060967479607475,4.298467065981639,2
15.838252526883998,6.317394065634326,0.01911609442976403,0.627655229179678,291.0453357491922,28.524488794425846,5421.148663506951,0.8534774751283788,4.636118362663694,0
6.984353243887704,5.1975996046924,0.4768434683178171,1.07839638877,319.79098905479617,470.5179147046567,5011.597989278687,1.1422096370026975,4.471364794588949,2
8.60155902641585,7.0752608726252655,0.6877220424305607,0.6065523335660032,334.64278779089057,985.5158139154206,5675.5078762435005,0.7456315740488145,4.774033462353585,1
6.782934333416934,4.310812181910432,0.7227069576982285,0.8161896523250429,336.73187727296647,157.93716599131582,4243.735517350562,0.6092794453681599,3.8302553167356708,1
2.172148953252385,6.73596380316525,0.692532431537108,0.8440486655565085,250.70980956660867,1731.6257412276723,4334.647434334537,1.2943842250928563,4.128806814784633,0
12.817618030658037,5.197910783462648,0.13443512940812186,1.203660816571368,285.79224510356016,267.9203594722127,3911.0161339026563,0.5989686234087068,4.442001463839233,2
3.2957736836626292,4.348581996385551,0.29939558837168123,0.9028432511804638,359.7381430938469,1056.3609211055277,4650.292729938356,0.7713813950795846,5.448943646329353,1
0.24616481080688615,4.5161141659456785,0.35871552541701346,0.6514671602266416,344.7323593786936,519.5252603984793,5080.8492633523765,1.3551094219974402,4.443093730793121,1
10.36968786295274,4.67965269180568,0.804437207679505,0.7512366336411616,231.3570274259468,906.4483164417832,5051.429288966167,0.8464692870786672,5.0426111318308156,0
1.949335702248227,5.424165946401916,0.278759872414553,0.7209133453281364,317.57399501761006,113.67336364613479,5074.67095552994,1.473045349514161,4.519277584392158,0
28.21083147273303,5.5228354880355,0.21070496386720317,1.9596151968684474,201.08873753125948,17.057454652931803,4294.471584466959,1.4797343347738598,4.258170681281216,2
30.77562412788023,4.426299996061421,0.9574480190380962,1.6389387603777104,302.34674510301846,2403.1175865554865,5401.577371307011,0.7682760204535567,4.37663778794278,2
24.635098846338416,4.975645407739017,0.0088632851134689,1.951642197904343,394.88835083729884,314.20403593311516,5119.813759119499,0.5409782222498905,4.41579014398556,3
4.622873964973667,7.142270358611864,0.9978208556819782,1.1596107297618627,252.6053641365507,1713.005607158773,5366.527140732999,1.2050632842053792,4.801822869480369,2
0.15577315371944384,6.727543170100711,0.6768212988573956,0.9175527224939849,258.2838477254209,7339.000566875333,4053.618911204974,0.9509865026483437,5.187305633788277,0
26.355234573318896,5.4363236696740325,0.8284692994491171,1.69743979581378,338.20148907864296,237.53569565479,5155.745429398895,0.6007528439595763,4.67984042384316,3
5.589382770530613,5.0380034781682,0.29461939634619316,0.9893808770617202,222.8599242395177,308.11710768507623,4406.117380041236,1.2075228189780427,5.093538839370877,0
34.00842016122056,5.120031326718261,0.014315277667059978,0.9490750605580225,268.362248505748,1087.2563747276574,4801.338373724319,0.5311749091119212,4.0176051311851575,0
33.137354761302056,5.613517972730417,0.73786951856153,0.8487589883117468,329.82205687908765,3365.308210030412,5267.182449318192,1.370196690492242,4.292684745592985,1
19.17387017179419,3.9772074348015947,0.8341445970006758,0.694518467336353,268.2857076155299,2474.7307783204615,5045.546803127957,0.6386525291133037,4.137848732896167,0
3.487760681721603,4.742623462576655,0.7404761319535191,0.884694591525149,288.2015006394514,698.9148216013418,4574.230010110341,0.627311878746725,4.6572222954374265,0
4.862919320986936,3.3314159261224106,0.1428502873008386,1.0329796227108314,337.20928551575173,1585.2834081430324,5003.136578092209,0.6756722979685845,4.320520807410293,3
19.047266524780795,5.399223122605279,0.7534279222569691,1.5109913122185956,321.0773041768281,145.8884019274092,4234.232342378178,1.4602663584920665,4.864886468517097,3
3.8114623143071706,5.647195939702741,0.768922782107641,0.5938472633291774,313.3409198147701,3791.4963681804143,5575.133697949148,1.193169360253846,4.034499144183779,0
1.857186162957548,4.516813537700626,0.6585405156700549,0.8157604094980144,283.04388603649807,3334.0968525337607,4897.357990251874,1.3013715354636366,4.521515486660641,0
8.137369920602278,6.573986763290033,0.7661159327955862,1.7135354604375146,318.5030557634478,178.80250537994095,5559.274972127663,0.897634985732753,4.843428955506128,2
27.512934708070418,3.774234336997659,0.8459214396777321,0.7203828853756562,293.8133659950122,355.85117590467246,4736.734156451978,0.8363127275049556,3.467348612479695,0
11.908255977579373,3.53562511979018,0.6136041142374584,1.0139677197837824,322.8902804962892,105.53274994126224,4738.212005796709,0.7344840067831699,5.560815653665101,3
8.441123364356555,5.224451818559972,0.08860471396967906,1.7969883827872102,275.1533987441011,317.0663924030789,4617.9066066810765,0.9806480283124089,4.358424057560062,2
1.022281973493229,6.047098302612154,0.48762780966721087,0.732387966715164,290.87155128102296,1692.579275317191,5438.086965846538,1.0518287335341685,3.4874800431619137,0
9.545307155177177,6.6839276914578685,0.07764933467160506,0.6241052534272848,250.5021103723993,475.32272203556323,4645.284421335762,1.1317748436527553,4.579046949288393,0
46.10569747846317,4.54111573713106,0.40754303103243084,1.2268069926200162,298.2496194996882,92.55065465997541,5322.297716207589,0.7571185039986945,4.516721733986575,2
1.5092058664226415,6.078680833431296,0.40710648912562764,0.9536292669178046,259.4499568185578,418.89314923164926,4808.773801165355,1.4486540809029906,4.459052810213754,0
7.304953249815037,4.961491530499293,0.06600984414024158,1.3451125467257812,244.29767749190034,3983.6980909056792,4012.0183500541903,0.6697584982071358,4.995595556463333,2
20.986086379007943,4.82737270005918,0.3488205339694793,1.7057073357252128,312.9330573927694,993.3974908264565,4714.842966106767,1.4656531747664123,4.873722485713528,2
13.5003424835367,5.883659937486672,0.11099809879131484,0.7057227322291147,310.636988792883,538.129927297913,4410.445892818576,0.5148561225075038,4.648938095511922,0
11.940744253016732,5.65232287841342,0.8082352100092222,1.3710486268314275,339.1436867474286,182.16778481419556,5016.951361841168,0.9811256918168456,4.725077816973323,3
12.1228755622449,3.4236078430157506,0.9476880259644708,1.258263140584796,278.44372152124504,4281.406742462024,4404.796132162755,0.8333678381165628,4.447820775280957,2
4.454923423149491,6.476540349725896,0.0723164752579386,0.7161181790197994,320.4026423418378,1719.5263050378626,5462.9875503573085,0.9491234139302508,5.387745424620024,1
3.475620842670952,6.380091354147451,0.9551152072917014,1.4359977282934735,327.5398786136832,330.55798377540503,4954.462069823487,1.070664578980789,3.7604019908211166,3
16.573745072597124,4.374437298490471,0.5225765993367452,0.9104606267911575,322.2386903915797,72.64456192996025,4911.20200262063,0.935589158012709,4.569825837107948,1
16.613281990870288,5.395803533437409,0.2995656779538739,1.2317514778160188,258.7173158598929,58.29199921078439,5327.946068893792,0.914846850301595,4.53251231559439,2
20.17950047367915,5.494030186282739,0.07686207527616351,0.6234084864155929,307.4681741135594,128.2631792111805,5481.953467037932,1.2327234154133064,4.906640203032296,0
24.446159618366362,5.260673765823907,0.5006242680704178,1.1893760858204345,318.20701480273306,869.3322051155536,4989.950624115174,1.1858762750864646,4.07807306128755,2
7.160932369329037,4.44969484615458,0.7945155444907487,0.9596952020642304,300.3589233453971,2641.748845373203,4614.399850225354,1.3332712820358479,3.628163698801732,0
6.961843775511992,4.328376632061948,0.7070864772666982,1.7335718167780314,195.67611708144577,686.6551554436495,4113.015191943935,0.7499589812394956,4.578411508049097,2
16.009499323084874,4.974445929008555,0.05022601146397376,0.5854680904960524,308.024481198674,1851.1622884076662,4656.97512148241,1.1095285097540635,4.640615246109302,0
10.497190748878003,6.172729019259364,0.07290183536790351,1.1279109123774949,410.62655196986213,590.3859558815344,4691.393876676019,1.0851947853928539,5.244799704723825,3
12.10550648511517,5.543600154594432,0.4028732826326371,1.187647136197157,281.99803656215084,1233.0019206786894,5053.528726496148,0.8697378108726888,3.864818976837457,2
15.88619474954205,4.629385667913894,0.2952904940479433,1.5875091144486781,263.59614510723395,1316.2935503107585,4827.426559430986,0.9860575419026809,5.07734688335836,2
22.07323476346767,5.771698710648344,0.23238432305604784,1.3614313626353165,318.66742798556993,191.11656684213847,5343.966486025714,0.8137821433057287,5.683707182013561,2
4.124824071376542,2.1514573793699245,0.2810044989087136,1.5008185057912715,315.61891052332857,448.1890022431437,4693.508364364655,0.6418443976169852,4.311117556238761,2
4.7093678872755635,6.1487657003721035,0.8034827432968846,1.665573928477634,359.63675827082074,1014.1851785009314,4971.479416573529,0.7138012106627328,3.854528890253388,3
0.9869603918736056,3.2602862212219,0.9292280536318539,1.7933044604872832,237.10659220455562,73.32001456471235,5591.993721598445,0.6055136464012011,4.296512816813315,2
8.634140266094347,4.637559058596868,0.4051026945275664,0.9708132450837057,336.56901262874965,448.6965463877523,5170.912606977483,1.1830695751901241,4.507002483685691,1
0.36604104210856997,3.880330105373856,0.9061110021324971,1.3070340580458544,329.52110306257316,765.2867110493617,4969.981229155717,1.1607273931091515,4.781893937503457,3
6.266069481821096,3.705318524279094,0.32149570124788196,1.7601621176587998,292.8926731529727,5579.220612486673,4699.027779032412,1.4506063715798727,4.2043026350809765,2
7.822945856871259,6.16082678737852,0.4764369863437916,1.9841766964475847,316.9343658960845,643.4689586827807,4683.384301642512,1.2296784136472412,5.277599267073671,2
3.376306603145225,4.5322987986881085,0.22602899781599972,1.8342789665656447,351.47287407991786,1693.1280315353633,4574.693373524026,0.5520458387561314,3.942733842495969,3
8.936325301461753,5.346503881730715,0.640476042175844,1.0572008939365651,343.6157690014225,565.7523269022081,4729.49656710855,1.3842451739289543,3.6303974239136,3
0.30975062101474543,4.953079421120816,0.9789811151748089,0.7927497758279756,242.84903439631358,1591.5524286430596,5377.832919372157,1.3626751629457257,5.053355212143659,0
0.3806349928278938,5.477040827223122,0.6034930960433786,1.2340888061098831,341.0079093377742,904.8929382595186,4889.055864353865,0.9433203207726987,3.3626894843969,3
17.29351369538136,5.076821891060256,0.35781408411354887,1.6124621777540633,296.76556974837405,2176.79369010487,4325.113465309384,1.0858630505279216,4.397935115563642,2
4.4658502420774475,3.7170077758114304,0.6478174459905284,1.2388536061299464,303.6437049007758,529.2315658763624,5884.084646529892,1.4760783324725189,6.058840564604024,2
1.3588904129742798,5.99626681944714,0.12292067846538757,1.2247712949705027,303.65984955008474,927.1101002803287,5159.982595572582,1.0323043638481662,4.493978223520034,2
7.386535882790156,4.506243416838688,0.8886590802653986,1.7573456316227007,292.487850560087,994.3027627774298,4296.528299743415,1.4053218283760898,3.939616174651875,2
14.696479404457353,3.443418101340249,0.5030839507798364,1.0421056686007795,359.5853748553532,540.225155449243,4779.075536379588,0.5830387578101864,4.471301268106603,3
2.4311800342990337,4.571884839034087,0.44934974203964206,1.7896920122174684,295.8141020075394,155.84950631825149,5055.443191414209,0.6910518687086828,4.4745996056902335,2
9.752196186564928,6.50075979063431,0.5858647884535192,1.1102072014275852,244.02269358084158,98.22978531124464,5852.296046648688,0.9407549434413178,4.580324970176559,2
0.8921102898989729,5.850221742113493,0.6247838627894025,0.9923496585175091,280.32350720151356,16.812085040206675,4445.9437708705655,1.0847568083373047,4.83113149107981,0
0.530650959103094,4.6513478655921405,0.07177580622651303,1.1809848667995486,308.9347358405238,2067.783871103267,5488.020359677973,1.3162278518628003,3.9804444158161303,2
7.57908940625521,4.650742295681571,0.6826172212234024,1.6436704380123026,361.46073921485254,269.80929597487557,5699.743213486172,1.4882621151431867,5.343774027618397,3
7.779104426947422,4.678364948782617,0.24193168031552958,0.6890030417959914,330.1547342474417,237.63143226281562,4685.672847462715,0.8888514964741164,4.6225571421863085,1
10.145374482046158,7.076747983560841,0.7139526325065898,0.7946288238080261,257.4732360626478,1331.9402773500024,4861.243190569883,0.5474156361400849,4.863397023200902,0
12.949605629166843,5.381935452231553,0.8225347943841967,1.927167238494638,424.2594958339446,385.6861768094852,4481.845376313115,1.3011715032953248,4.185925300122179,3
37.23557008699993,5.43004164719107,0.8039585075525203,0.7632374410720361,313.238765548899,705.3102363562191,4898.269429459848,1.104380719082808,5.143191068497766,0
7.262911192303562,6.030283454031842,0.5525009674078891,1.351590976896582,363.76953689995077,177.3472276656689,4981.705012828535,0.6985428588682017,4.3714737955934675,3
3.900197141059788,5.238789159026513,0.5201698923107512,1.368971699992907,292.41427832113857,3212.538981685402,5329.824999041185,0.9948284566214202,4.638776256746766,2
15.856539797326864,4.740957854179297,0.14287596133941172,1.2344366930753672,326.66796223527246,1907.7186192917898,5545.091735510224,1.2423102455337243,4.033446961406446,3
3.158514654361373,4.803650150915022,0.7753461504031356,1.4671178728652279,341.9734252259202,1993.5546984847479,4625.951967689177,1.2704117870686438,4.001534186798937,3
5.779834312733013,4.928398740585936,0.27140938044671437,0.8447400886964276,360.9097355877128,522.1794157730675,4016.3374678870027,0.999618411998762,4.844102653226441,1
0.817051685836699,4.962777763490158,0.49669542281794654,1.3289934016651224,352.86841526891124,1437.0034628429898,4989.377610361879,0.8052145301288591,4.278196584896307,3
0.2567760954147438,5.72762954363698,0.2842740929275167,1.0582598828703458,343.6098500036489,155.34023502232128,5146.76876498432,1.4737425820384935,4.073088456247811,3
32.87379923268602,5.051945885807299,0.13382836299969314,1.4925008894437837,284.24566344029455,8.656361011053939,5124.708843842521,1.1633626109564927,4.178408328986484,2
18.077676421150628,5.73264007721558,0.6295576968917366,0.7118353150597242,271.41269790219695,20.17508788060096,4836.663376245478,0.9082375193462987,4.84947653585871,0
11.906427327993416,4.919283419891418,0.05433203482290383,1.3563161252592144,316.6303755162099,883.3438344635726,5062.376049831967,0.7804632242046524,4.185481069398195,2
5.258596444651419,5.07863519031609,0.7486452341262,0.7779055330749856,346.65640361705346,607.6943437512392,5757.722404176124,1.231102983003562,4.441172534198918,1
1.9030653614210875,3.0017993154678924,0.31758679526111666,0.9179645946725545,288.86396496116964,729.8430096471216,5190.867084481255,0.7421834455937677,4.507513875143548,0
1.7012074157285415,5.916327674702481,0.00013469300448532007,0.8280647004853748,353.25859828571936,7.491128991723804,4813.315787498458,0.6717099889736882,3.5413255569948507,1
2.880059891265836,5.346488475897993,0.5111291392372298,0.7742566698032256,372.630837274309,549.3700397326483,4749.901091452002,1.0298338889620702,3.764436797313241,1
7.967906483133146,5.998010109859652,0.046851908527603126,1.7385664273410004,254.183954046329,1266.0899436457512,4915.073821161135,0.7899873926441419,4.668138944623781,2
12.538492877767757,2.1037446218063107,0.27616955782089947,0.9285613514913356,258.153964810186,584.6402834969434,5818.3699809153195,1.128905144923615,4.131485319423652,0
10.793903496967985,7.088374704780728,0.7069764874557162,1.8906856727966739,292.98124705473316,1317.5865671626402,4908.349645236902,0.6179386748742335,5.02836245564021,2
3.2841226138899593,4.860410371844826,0.06268962162186587,1.9548897880177862,315.38063340945985,265.29320334016114,4990.102827739646,1.1549411045673215,4.983403552125273,2
30.981034985563063,6.108182816737516,0.8393384923560023,1.356890704905646,273.7716493116475,1677.4063328595237,4758.843214531848,0.7832965279977022,4.859584333177718,2
13.390174048752264,3.960094072874469,0.003819922658583108,0.7145016839985896,367.61013394335725,887.7791779354786,5549.491678720982,0.5002429344345127,5.409885893656298,1
8.082304819313313,5.61277390506257,0.24682386920190225,1.0618223650693719,321.2033430759226,236.68874899555976,5979.918627372337,0.6269360576741764,4.4584553361284085,3
9.460304720374351,3.9465844368263436,0.7409040561520714,1.696598395022321,301.97235241203697,270.1309659716003,5225.306524715694,1.433615377835094,4.824440962951919,2
5.440378655320513,4.376231039304195,0.3162701497293068,1.0510860930456056,228.2045238065736,988.9433220666194,5041.386451892713,1.3673546391153577,4.207799511701984,2
2.846612922740635,6.914031353866786,0.10189238806601353,0.6305258274541832,234.20920917862463,1771.601571003615,5018.391416587117,0.7336090320362368,5.726184956434362,0
4.400141293231124,4.809317599236653,0.3602339188004279,1.335177366392282,314.0504625140903,537.2171396421202,3807.8466056071275,1.2783719045454913,5.49181682621801,2
14.181818477567132,5.217432873179723,0.27039328638452553,1.7676812772440522,193.3702186922582,298.8110088127895,5372.575432142408,1.1085715931739744,4.505940217258896,2
0.14498079720804277,5.8700677306887545,0.8427119021605549,1.6938895807152536,350.63187048220357,2017.493424573146,5067.083207997922,1.4709047114498695,4.6932931149525965,3
1.2338039223997606,5.495681887972605,0.31334791758514313,0.7626847101955299,292.09230778138397,1106.4477813737863,5214.171025330363,0.8736056595340591,5.179648799682403,0
0.4709437695252053,5.150418905143576,0.7889324717760072,1.5091469216187001,462.1546484797367,594.3621129648129,4644.268902958148,1.1814606125171712,4.426430247592947,3
0.4158145191729243,5.3649610024662255,0.8918721448107347,0.8307563951534707,415.39581253080553,669.2357418441129,4807.7715605114545,0.5635357224239186,4.171687964600148,1
19.342030336156586,7.403415585238275,0.43381741957652953,0.8273113018282583,290.92754653762415,228.47834095400026,4794.487531748414,0.8962473468164059,4.936994875503442,0
12.162406117006883,4.9423812029664145,0.909943143854392,1.8111076599577778,294.6831498734343,985.647857367232,5510.81149203652,1.4638176611881804,4.539219623041835,2
6.427845944128924,5.201099046714967,0.37731805396319285,0.8745034291103453,349.7790757001015,444.3242031000813,4810.620081698454,1.0389808744501206,4.59149722482263,1
1.0295691844781325,6.050654396007612,0.9640784164901082,0.8948710197770168,385.1586304959019,5436.4712376634425,6041.330161054899,0.7878795033348446,4.082864328466017,1
6.7651796579723324,6.105525932957984,0.08928952452557293,0.5009800861419493,218.09854712819916,654.2794436606218,5215.431209507518,0.6202709631286069,3.6411639258183017,0
6.414503320943712,6.187030305560381,0.6870192665032427,1.8060035511882764,210.68122673226566,665.3094822375598,4362.158670002134,1.2035283401815304,4.61807120493955,2
1.90194712800225,5.638730222029185,0.49381404045692867,1.688892219813702,268.89825972228095,834.3692995187889,4935.726853374022,1.1448560434297268,4.9524810207471,2
5.688991313023238,3.8569950872695165,0.38764880545564706,1.440993402636017,329.1368791586932,2485.9792622560963,4674.162438921792,0.8739387136037746,4.387096625461979,3
5.083366145832069,6.6334315323010955,0.6327118787486009,1.6253986459082634,324.84367952537986,1613.5368007096592,3902.808765089988,1.4509413518658343,5.218214759779434,3
9.567224329131346,3.853654606981312,0.7038570916343312,0.7280728511367377,353.4885727491925,599.8937868504368,5799.735470056895,0.5222028129878503,4.148041837292228,1
10.08114536040912,5.3026354652390335,0.004363269650309087,1.187485391881363,240.0151235817346,1268.3309540791226,5351.571271110002,0.8037238516318258,3.97264777251704,2
0.4636232402053473,4.245724149980642,0.16695308874719872,1.0268290810231713,184.19280685155616,882.4583046410203,5266.603658949656,1.4210694862995814,4.466384846401934,2
4.693840046550616,4.935861653407008,0.7130460506343187,0.6406647893855247,342.90070976510725,677.9966293726645,5082.701830149852,0.8209354383194404,4.458703712324355,1
9.831249947827285,5.32876241030348,0.6663854135782065,1.2291957278223862,258.5901863517383,213.58410474777548,4308.991215653781,0.7522528338551704,4.884984365667611,2
6.9943945260778975,5.3213572154502735,0.9660475051286772,1.881109475513953,199.0756067805681,623.5022135159871,4758.191430222281,1.0342204099312473,4.112518587968007,2
19.413494531754388,5.421920754235285,0.761037790250783,0.5600886785760417,307.2531872979691,282.1223391480873,5420.890387392006,1.323801749920538,5.184047118407449,0
10.749747640549979,6.613711269058647,0.950772707731338,0.9371913702406909,339.6587844109339,2463.2486841282002,4474.389985108749,0.603146760878361,5.483458481254127,1
1.7785286876730733,5.453534301513979,0.702540501534807,0.8113114043085552,293.8971433939361,408.5801751399959,3734.1153418745935,1.4430207096457361,4.480427986515829,0
0.7318243625624083,4.755843364709351,0.29805220863944315,0.8572199804985445,277.1075806908755,3042.069753215484,4886.446996109537,1.295072881181164,5.124855210092159,0
10.28394147108891,5.964087168288358,0.10536492225085647,1.862651827819063,292.0318883927047,761.5444225294775,4929.12122298623,0.6812502555515519,3.9717514646873697,2
0.2686907266739443,6.18947048892464,0.7818238633449356,1.2021035813514351,281.47086187996086,998.4350052052564,5067.781708207354,1.2120079611981627,5.037610770590958,2
8.813473778072908,3.7723921848630075,0.6441492214759159,1.1994491194097283,232.59764440299165,782.9415781745412,5364.2593217572685,0.8849587226375571,5.023638204279731,2
28.172554553871517,5.597400069849858,0.04818601239329623,1.6408634636829236,264.2659661504784,138.55038611763797,5318.802906115604,0.9022946780763187,4.931718640094939,2
8.567824455775444,5.701172742310899,0.36005046590097833,0.7317383060073888,326.0639952506907,471.31844364819403,5129.3849026219605,1.2832900924388664,4.492218455564853,1
4.913006922239073,4.702436496640008,0.9567998154842862,1.2308980311500761,316.083927068825,104.41220131407042,5597.765694043354,1.4627848079807322,3.022875529378984,2
10.30827157844982,6.37570681331162,0.5004011457102012,1.1449778211815895,308.402990298341,975.388200245351,4240.5151095933425,0.6266558728471939,4.179136428173935,2
6.129559740510913,4.849944412967473,0.43272913601970464,1.3953660358199842,250.24257590733103,592.1698082161454,5252.290907238696,0.9206302368788194,4.187041991157699,2
7.888143605763202,5.125576453471543,0.457699605159294,1.9993365548756579,290.92484189321664,1505.0102037746924,5313.269181668471,0.9809416080843035,4.0108725309697615,2
28.38127146232999,4.82692817571613,0.20888272400516372,1.6541733411230706,191.14674767785726,249.06472205362644,4380.21885695988,0.8763118169549976,4.561121502273533,2
4.879275273501872,5.015579047581467,0.3687071708647952,1.0967985545261407,308.9238331942695,179.80399861983346,4248.564695658805,0.863189123716225,4.290518277239383,2
32.49091861506754,3.9037249131047984,0.3698132559871766,1.7413295784110705,371.4428853906784,521.4354274792678,4627.028936762199,0.5522686675615965,4.087693995117489,3
23.57576183769919,3.5599491174057056,0.0523550201874724,0.7560625449687203,226.2933933978947,2611.6322244729954,4669.229278742354,1.1855386205626233,3.97059992587609,0
2.1789626094045,6.594505063224972,0.7675676285179183,0.5456955294634402,270.7036163341122,1239.3299493894106,5376.709731751215,0.9362144171200454,4.142243507257386,0
0.7188415530315702,4.153038651681673,0.416504431903879,0.8066725586964096,316.45533893550646,542.873076024237,4692.730608154452,0.6947938026439268,5.060749605924964,0
1.0622533548163022,4.008607650543693,0.8221798868164233,1.0106173341713895,362.6421317213742,728.3022826106168,4571.825740859398,1.3160335023020684,4.169487472686253,3
0.18389887847233705,2.846609886396285,0.8503480011198954,1.2658711361893398,277.58876918499254,87.97148630394105,4694.1831316527205,1.302560748151628,4.242530646783364,2
0.9920501165575414,4.361038252310498,0.21199405469865806,1.4226937108117998,265.3874835367052,4171.8238227828515,5559.316167077106,0.9863916280888938,4.271651192488377,2
11.488748725771671,3.6769102065925017,0.6573534821701286,1.8659085758216327,201.55384287919583,1097.8345053047815,5006.521687188476,0.7984506611477605,4.66949675690471,2
0.7384962694642703,6.642015160136369,0.4722818041629817,1.2647810143256866,305.1719064654053,336.038026752755,4910.374487321544,1.1380927257964524,4.728124744264266,2
3.841571882948685,6.009817089342635,0.8801567379214851,1.251913466938594,402.1038020071872,881.4265963178634,4944.997250649474,0.7881521357774031,2.977671730378419,3
18.635260400972772,4.311849654822276,0.21574067917645412,0.5753645147344733,313.8679230982338,115.95237416773537,5646.0301671632615,0.736007930323712,5.010817606913804,0
0.2354700318071151,7.252435805344309,0.6778132003100442,0.5523673289843357,298.8860510408143,3376.6023974738737,4625.4141366983795,1.2305146540263268,5.218184017121877,0
16.845305061859584,5.981765486991594,0.6077521222527226,1.326739942874558,316.1041155383493,192.11130585570825,5657.754145470052,0.5403252397209507,3.974906731319165,2
3.3108346683962946,4.675168616491377,0.2953014775718328,1.1572679198725169,299.4453998025699,1044.2102379321902,5105.248149460752,0.594768471034594,4.013850877632582,2
1.2575011982910764,2.500594285126427,0.1366009036511726,1.758770592470448,259.34928138699354,281.63964810765987,4919.790309012326,0.5067881740235898,4.274873306110864,2
11.931554084399135,7.290942572590742,0.6516397604772766,0.7410193770677678,341.16399578388524,1264.294035716798,6250.450248967141,0.6529431864754262,4.121997990271698,1
9.913991764332202,3.610427533236404,0.7385974581323307,0.5374574931755745,311.2880761555877,1499.782784420787,4472.180255100702,0.5689900087104595,4.611963436973303,0
20.994158140869466,3.354601253043108,0.31562734376335,1.1735581518951888,300.88066259668284,1119.0795072251306,4823.157120216497,1.4958023677799186,3.526737356820568,2
13.282935787644004,6.0225704320096405,0.6448326040223138,0.8562178351283862,251.23169863608751,953.212685863501,4383.784380418,0.7888099699540896,3.94103619598163,0
16.269958059939782,7.439752406339273,0.39513090761150327,0.5744215600082562,365.175396596738,2229.9769746132633,5476.230985268085,0.6492680126692473,5.269598600087454,1
3.3133386230673856,6.384272818510518,0.7132068832826177,1.5868974302714434,333.2351372666555,81.89001647048279,5844.59446682584,0.740996257995918,4.035890016325991,3
1.9533329604044698,5.56390912005236,0.1992152748940531,0.6673894999358712,272.3539581316349,401.8438215585191,5834.9613907023195,1.4361255715401346,5.121714139051463,0
13.887563960054248,5.594754341665286,0.8902150026361744,1.4124792500116574,350.09124268409687,285.40131486564866,5611.974376573003,1.0201602230243956,4.677669097795069,3
16.442091832434194,5.853415558780307,0.28740959646557973,0.9215746252503337,275.12145808073967,4424.012812043892,4901.1897661020175,0.8648180963078569,3.595366142705871,0
46.5700489014023,5.758928589786765,0.3677859877561529,0.760244075532533,260.89982537444814,493.2964606407559,4817.379511255077,1.3733914579092192,4.817664597608103,0
5.32079354152605,5.281191423969376,0.058091952080349785,1.0696272843789763,262.01484412598563,1319.0571069917871,4164.415113752968,0.8949902705490325,4.4411663489035735,2
4.652439119617327,5.104201103951876,0.1115122123212764,1.7021686643344305,211.44657234559543,1154.3105249436946,6017.936767590896,0.8350085699576958,4.272266471875129,2
14.97954503343587,4.937406872100477,0.5158619027123281,1.088140365356859,323.5771190209103,238.36028768413502,5234.489039074234,0.7072825225497356,4.622478546586002,3
4.1673367093075315,4.246035411133324,0.2675926767279715,1.6261544738165836,208.4427560830825,273.11887278285207,4754.0215475652585,0.8777968239094115,4.737316742783396,2
26.701379243993266,4.719324923133226,0.8354802257421944,0.6882294451987261,238.57780843671188,330.28977644847475,5664.028444493484,0.816684356016926,4.8537959109873094,0
19.548391571662492,3.3070431858046145,0.014693388654953843,1.6591571294976186,196.22059954607334,529.545210803004,4513.61774162,1.1773039592981411,5.089126423774001,2
5.603556094421597,4.90166037320525,0.3790940486719362,0.8553999873599729,295.69651536045535,266.99756700097925,5203.311017111337,0.7895827046707271,4.704067956389178,0
13.89784716495461,4.011408892849083,0.3373455467690927,1.5160896948333091,292.4839769864064,19.847140688670827,4913.685432854582,1.0771997464225613,3.812182955606819,2
14.04632986855017,3.896410682784229,0.019327630917601035,1.3486723322614944,283.6651893406818,2115.218424266621,5319.338569940151,0.5658921650319727,4.2631772711744045,2
1.0883751880671801,5.179894151153478,0.12436839900051022,1.893717075817531,247.87111526647118,3369.984551406164,4968.213230406939,0.6912891566965144,5.9715241676343105,2
23.284456808676318,6.392002286344599,0.41364267491863527,1.080983776962971,241.388312328168,417.897653461169,4274.536054444388,0.9074052716113488,4.862245530190863,2
7.0370748975675435,5.918316606002313,0.49286458444744663,0.5992477832516607,323.2184931773287,413.2556952173689,5037.7881863350185,1.4369492539086954,5.684643650405748,1
17.5133255752333,3.4294993963768228,0.4042897472548691,0.5287332283268793,272.47240341457564,7.117079205984536,5524.432070937681,0.8772519857156954,5.197717041099593,0
3.857354261645083,4.010371863429662,0.5309376784120938,1.7402878414591296,315.81791607680725,1140.217991239729,4985.391797073007,1.164074121199834,4.620901035777874,2
22.58790514545926,5.940771187988216,0.5951316749056815,1.2871034564921482,255.73756569378887,1745.4861596738422,5387.557560794543,0.7550872224213981,4.6507035348905585,2
4.929884540601712,4.017512606461691,0.00992382112783563,1.6628660777524238,309.0531371385541,158.5366345000549,4477.2352571629735,0.6270335759732317,4.481709980061577,2
0.10896806615175478,4.775366850002976,0.4640951594535039,0.8516384000172721,365.16390186580315,173.95626287471563,4986.869603365074,0.5585366000800501,3.63109769207675,1
23.579072969624537,5.550052099024552,0.9634992408875883,1.0176256182698507,329.3082900196392,1561.0442552986117,4687.744772455711,0.8054134985427513,4.509023626234113,3
0.9572561054847526,4.031655545136365,0.5190322801295487,0.5451558083169784,279.379309089176,957.8701703549252,5373.490420052355,0.657661026796908,5.105337276271099,0
3.8465363338503886,5.10537550614596,0.6775422674589532,1.9422384868611682,312.8599485177964,45.89793620499067,5015.745781130998,0.6740104480161242,4.2001800025893985,2
29.969723831882856,3.6659745050817953,0.3118638579168832,1.5018018600512202,287.96674127348933,974.3091960868718,5345.0368381683065,1.26075930838695,4.705976499530904,2
30.079495401039896,4.398632356048786,0.7739913781527625,1.8998076316389594,300.3940092347364,369.49639261205766,5543.855213078933,0.5158380709448742,4.925795522946599,2
8.519972910552639,5.3197819341425365,0.7729214818761151,0.8982446111436084,283.7194473925748,460.0139414971132,5345.809287560694,1.0578101257354344,4.045159780343762,0
9.992300803905247,3.407006266468331,0.521296047654139,1.4171954168384913,291.78323970573047,1468.508904809296,5136.559217146822,0.8794613805934648,4.274348567828167,2
5.950146636228576,5.440474737960399,0.9760138232792136,1.5177499524389568,310.60466765370876,1665.665426785749,4500.893870744298,1.0065499999085472,3.9910442547614204,2
3.4702277874619702,4.980362201073318,0.12555021476265338,0.9763245503863827,250.33206502090246,511.42017854504417,4998.60694466655,1.062830237214603,4.088917196655297,0
3.9848633455038973,5.5524899544171475,0.016947664889580993,1.772163852523445,249.2060586505011,2940.353121782458,4733.454798992084,0.8133676944572782,3.8561973581734694,2
11.163235799285063,5.223914134064661,0.770158211757096,1.9207421943503717,230.57287230843946,521.655249638398,4827.968021647886,0.7951088601842853,4.049775769310987,2
13.958378736630772,6.364140429973844,0.8071555373648825,1.8272826765440064,219.98644477481452,1477.6907647600528,4812.732924624875,1.2334018493349057,5.209727840398919,2
15.681954162211486,5.1252245026479075,0.12020722912057624,1.6086004639090588,239.13586538897601,661.4106824130387,4510.037212608878,1.3712769881211573,4.042261485454854,2
15.588310318487418,4.570594458874747,0.2655828329586061,0.916197019587431,307.9731253402065,2278.207910849886,4021.3307054330053,0.6925816324585279,4.563229609530345,0
0.9563694654031945,5.122297503032284,0.01755236336662891,0.9224240631584476,255.3606242254058,2383.374885876522,4665.928475836116,0.597618760535149,4.248565623164522,0
6.82049596573356,5.543298029036388,0.2933086107805647,1.9450404806690569,325.68072321155483,91.47602822482632,5096.689725962079,1.397795806392026,5.089432968518469,3
0.5928170644873779,5.048860070325705,0.7731418739186715,0.515426743903538,301.7356874376281,2756.6103598609698,4325.911477286255,0.8498954636473987,5.155581148301808,0
7.974613156953929,5.040591691203883,0.5179605277125789,1.5740749598632167,201.57478932809732,1746.030222148782,5007.841118235812,1.0513173906628142,4.932034991069473,2
5.825552749872836,4.298008312193245,0.3480955931682881,1.5593692438328932,332.74877921108447,1566.9088045621531,5950.134212155483,0.8595431445200035,4.653067276551377,3
21.866186642208014,4.337099082449052,0.3717392949063303,1.4340343114246963,340.5399322795855,224.28337527370283,5511.528277626119,0.6258023363460513,4.3844702315795505,3
4.321916194678851,3.5973947282003067,0.0013536257154681541,1.9851632691302987,250.30686625825734,1635.367234301898,5821.770754560264,1.0893316449477282,3.904062647904375,2
1.2450597755245087,6.749576743186939,0.2998005275652359,0.9678191536455878,321.0095771447496,1898.0052745393984,5195.563938466363,1.0251408517696297,5.471764440561099,1
1.5430765454211937,3.7561367646087147,0.6464587416379305,1.0099577956898722,257.17508812954003,341.2943123994518,5583.754911493223,0.7029935591911972,4.120163491123724,2
14.334305470790937,4.307094802204093,0.9741944438163571,0.6184091044198333,304.8835188374168,3041.9872995123424,4638.017634766106,0.9518690446522778,4.831823173516421,0
9.62905679748035,4.281592734430802,0.8470608269838995,1.1641972048156062,236.77507965225172,51.14609090584548,4677.829866489008,1.296947504015646,5.029782786311698,2
1.0660871224538544,5.8949243769444415,0.023594964645529126,0.8915727893522721,210.34467737327117,162.41217431059465,3630.4298969312636,1.0904261031078915,4.2223597515473354,0
0.8785552166860509,4.705050321707972,0.8985606046748393,1.0150800532664663,280.85914051935157,771.2841710448314,5593.07273702115,0.5969173270669949,5.019006263657981,2
12.072084716530998,6.247742072673734,0.7831984132986259,1.7518576853834416,293.8135526862582,857.5324885939447,5770.161989909943,1.048021497229135,4.8821066016694274,2
0.7554608952579713,4.326509375756132,0.7803761235709804,1.9032267702912435,280.1160153192698,1036.0603487607946,4723.411377326365,1.202738299289587,5.363981917690882,2
17.251858538085813,5.278994162223802,0.4579957590035715,0.7785996080077784,240.79847208887202,17.114754765994377,4873.024146801383,1.2927034057807514,4.265326766786645,0
12.24999753130005,4.164652946740243,0.3980052929545028,1.0587633973301989,280.00504689344314,3228.0874878124837,4623.06894315452,1.1291175786342666,3.8570679913601427,2
0.8484875058031206,7.145149127773388,0.3029157288331926,1.892945843173091,313.4647376290367,45.61271498288456,5191.326775738746,0.6526581645407837,4.247255122277744,2
0.8865386777780669,3.812401580970487,0.06569485895436578,0.592712691033834,297.75534849387316,154.38965322309528,5562.466272651621,1.2101732665901608,4.604426771267166,0
43.15458562058092,5.309820710227028,0.2282353634936991,0.6385407921670678,309.1250515299607,14.113648145154341,4128.6140130594795,1.1773418460815164,4.529106363542528,0
4.688375825522896,5.633776880932098,0.24660363497802462,0.744186483809344,266.4942399772884,836.6906605206098,5204.719265321126,0.5244268829406332,4.303281051862725,0
4.630552604753125,5.4137990974514985,0.4840770697102016,1.3928192511903121,358.585895735808,2692.1800594457327,4861.664114140427,0.9117476675902432,3.5454012705113787,3
16.755754032826772,4.814712341122291,0.747444406596694,0.7257084065089963,241.19133317226095,1096.4561131275943,5056.6971959833445,0.8329502469623733,4.735241498064553,0
29.421645379632437,4.870179300266574,0.4738098283979466,1.9521145721761002,324.3780148543359,1729.6722101825023,5229.497000837146,1.1694120642536434,5.4861722395411,3
42.68773939601984,5.04381147197911,0.057844449447160606,1.1700717908877805,359.09455464799805,13.370187395304686,4905.898780613589,0.7161358123109207,4.7321256190615015,3
13.998992301163417,4.852997998371511,0.9577898009882039,1.2522769405252496,324.0454046374448,780.9194982199996,4948.20657329711,1.0908719229742585,4.804567759526757,3
4.720209996191256,5.96387911679491,0.9427243190941123,0.8699879237081097,289.8737886467585,615.3771658155213,4893.06241622268,1.4132059618141724,4.786222653077551,0
0.8719399369795726,7.210523001591351,0.7851895431484084,1.2064403786521003,273.58514766685107,691.0851963529035,5485.15810089414,1.2978023722086078,4.6985233349412,2
15.012425404546256,4.442508214992166,0.9913279015642206,1.4928704489555173,351.8043825523128,74.95329816360979,5209.379980063748,1.4214577362165304,4.965832983434048,3
8.17360407561493,3.630197020420922,0.5444823328002629,1.626765705431064,228.85125373691636,1153.3917402336508,5110.29176886868,1.47850596693269,4.697686840592833,2
5.520331253049737,4.911717951648745,0.9627683502532061,1.6308021240648696,251.49378698101782,699.6088419178135,4364.524139453859,0.5106701270061628,4.343661415173362,2
23.682376754780904,7.579709337654318,0.07560504061675077,1.3668366690411324,280.1221117254139,1448.80336918778,4810.710128393423,1.1227412763774776,4.102005544995623,2
1.1788020797188024,4.196325432030269,0.3656807482613713,1.856539662490786,361.8826878755999,664.1528756009293,5449.334580169587,0.9128393977589064,4.375513172359662,3
6.7850510937295425,6.6391168054440675,0.22538126800676583,1.726111770959164,318.9883818020448,161.79170719559096,5018.848286561962,1.3598544903351217,4.657064748225333,2
0.11418589432541669,6.677700814076441,0.19583308413427003,1.6355721720479381,251.59771207448773,1044.8543531271234,5329.765734794569,0.7518147020091317,4.3419585194385135,2
6.323543695829263,4.4464117582920055,0.14080294889267608,0.583408282520691,284.4846147307548,189.20885439824713,5883.2559001638165,1.4810294891150761,4.657169341565715,0
0.5795043106592578,5.5689830791852755,0.6224136415659967,0.510316943329474,269.28384279518525,2058.8123020419102,5519.303034604408,1.1137079695437473,4.719575066850209,0
1.2649099593117121,6.628396623128538,0.7813218557473051,0.8186709157932095,264.5105503883232,949.630990421305,5046.579168849871,1.2935374022288308,4.916589715635091,0
1.2502623200745626,4.620872259012513,0.5782983994203607,1.4952853908701784,348.944477927839,171.03020498506683,4744.505414902136,0.5855995528227683,5.14139748441949,3
10.475683864069715,4.796419639897638,0.14696270958820967,1.1167962333238188,231.4128435368247,3279.1051766586825,3723.225201972051,0.683457884758865,4.539003709239429,2
13.705977175964728,4.418319086051357,0.8111237699334709,1.1036093889489675,380.4390427867187,730.5696752151296,4915.807538763574,1.2584036730342032,3.8461117174261696,3
8.755537772028685,3.985243269307133,0.6359547071637285,1.8268803323444205,341.4114845092311,75.692174509366,4836.9937520915755,0.5219865220393236,4.327447951590405,3
32.74720209102377,4.350722454933993,0.3881657061269955,1.8433442721977582,354.5430835301849,985.7289822107595,5195.183097197688,1.316877985893783,4.5220312837033,3
4.697965779202672,3.7760597332377435,0.674130295536063,1.8637628960803787,276.8530243987371,291.95640375486147,4923.047386512656,0.5139490186919115,3.5821156219114547,2
3.364691574205587,5.034083468259226,0.25990497924283285,0.970817114772541,292.50296404604455,1628.0778205245576,4839.807470281603,1.1571188390612734,5.194332260051241,0
20.295025381702295,4.230026768941358,0.3451922084942105,1.5365837191088927,228.34240927376442,1702.7714516941885,4110.3005347463895,0.8650939202318059,4.5711889562552335,2
2.530820677318534,5.233785911790748,0.9174858431319902,0.9074497719115544,273.76687964665985,3860.729114137212,4530.016085424967,1.1114948527191992,4.690676417290143,0
33.028701062519104,3.444104353796373,0.2905045056714204,0.7859147496116747,324.6827423821575,696.893250375225,5238.325520400279,1.1960314069891136,5.182763231263133,1
0.12228944358969307,5.330880232214457,0.4699882681579366,0.7769486860210538,364.80315308906984,606.8903676830765,5857.953815566347,0.8424752191863042,4.1849285849288265,1
35.02526922879482,5.833528961608924,0.8901411373960146,1.0131614312953912,244.64215915987742,1400.2943266900159,4951.237308127188,0.6079624481108356,4.787020965442015,2
0.4411899861850189,3.0062643574285444,0.7077213502675275,1.1449364296697326,281.72470315073673,142.1059421907458,5163.9055367870615,0.5696458677482656,4.445067938449032,2
22.17721229160009,5.374056569847572,0.06220322616470275,1.7464237565826026,292.4350389883739,791.6766671208309,5476.239078476403,1.0889360225625477,4.40795656649204,2
7.501432503493904,6.227668992473292,0.14730304427897034,0.6798366402090681,230.21053989037574,790.2036044492414,4594.553031899875,1.0206553537341114,4.11390380609781,0
49.56828607926033,3.7903589813087946,0.007841590771916818,1.6023887710923412,329.56746208792003,93.73186109627052,5183.407021642721,1.2422010091211324,5.3328016068432635,3
0.7666137595445494,6.672572386837704,0.6309217902291634,1.297182371283958,263.80048341286954,541.2574871347138,4629.754946833921,1.0097355100039371,4.312249979962215,2
8.071096637333488,5.419019009366045,0.4476734254104183,0.9319180140139887,290.2304824411488,1919.261976619523,5432.412219245505,0.9224457900308791,4.849732123447851,0
34.83575221256005,4.294988144241591,0.13427485090227553,1.2392293767992368,277.4025314044061,1939.0093682703646,5075.701523975867,0.8980871782362309,3.562496306264032,2
7.40443933181044,4.944230922342294,0.9579341210567704,0.949913104665534,260.53307471401627,104.51383521476149,5149.2259069907195,0.5264469025976675,5.0899942648448935,0
9.926282903811874,5.558326912521722,0.5296597239456199,1.394122932857459,299.6477507259723,95.10317225448017,4608.700701290705,0.8355572016966571,5.026105577978529,2
11.899012381167742,5.076005391412411,0.24189329411288918,1.1507658842828663,289.2195210715989,304.75427946301187,5353.516179805392,1.4760201575244942,4.548717055148652,2
6.061277556769509,5.538755992446369,0.5006035711547075,0.746608293618318,281.40710588606674,2077.5717911851802,6042.356460615508,1.3735555762270888,4.386528766931038,0
9.876741730080221,4.079326406920634,0.6796203327351078,0.6748746118335451,263.57691891598284,138.00146575840964,4496.044152285897,0.8293780670342177,4.700000002806783,0
8.778258618057556,5.169360824036078,0.07623921797356448,1.3200435231081953,315.97623353914776,1272.954256690394,4830.120496176238,1.0877954050663723,5.644395330440145,2
23.142327694826474,3.58628550309502,0.274703815047892,1.8536195499291552,382.68086342461424,106.65648797073594,5115.803737084046,1.3472967455354938,3.6183816505482573,3
0.46511461743480975,4.888773938651299,0.8069654908839936,1.0159365298365284,306.99436164195635,975.875818212531,5393.203105997908,0.9412743367500687,4.891013693787063,2
3.2984272589875845,4.09609235853521,0.45966487040266124,1.5995001608339348,349.80591074555645,440.161060076273,4720.226857355266,0.517957863750151,4.044191348923048,3
30.03996005860931,4.264470057410233,0.5465771420322949,1.4879920324096505,230.48890374232687,1555.4894701613512,3583.48485492863,0.5745104618186401,4.490040801850134,2
22.09675828453486,6.236093175210438,0.43281600220946925,1.8973323714642216,307.8880719646885,266.1690770685294,5679.594747082013,1.0103927213487065,4.376059940460668,2
6.0817526195962,6.091310120594269,0.04389994264300512,1.7314715259487112,245.13158405144668,1019.4365611778085,5380.253059792071,1.4694393756758783,4.285840871101122,2
9.679330287389773,5.609138120907177,0.16574977982015593,1.3499078883581945,226.15375362340492,268.7720454647362,4128.526234756668,1.1932095422188678,4.494767435473635,2
3.2487341989513014,3.907687235327421,0.4455416387418909,1.485545747351161,263.03142962704817,1250.57635177767,4696.215604110222,0.5709161914385695,3.932914427361105,2
2.084041614360645,4.683591550305198,0.20918546540792782,1.8475796998760523,359.59496672067866,2068.9213499470284,5784.091214763663,0.6893608757918628,5.014590218063984,3
6.230585988040987,6.213097699979183,0.04997902865967874,1.0992781768804023,347.5007914334823,135.59271469184236,5723.898209228933,1.2713231432168501,3.6029282444007,3
4.359535346167334,5.141716913639905,0.8436496640518237,0.990192058786666,312.15023610272,2014.370826648837,5469.320011339472,1.3414397599562449,4.769882256414171,0
8.76243706006643,7.319329539981695,0.9811925291641158,0.5162166254527945,223.36497200550346,900.3564948429715,4911.943783020069,1.1176945861885907,4.336732073732715,0
0.8092228443318479,5.3933178393943715,0.7931428739967394,1.7398266112871963,290.18596743060317,135.9462957195433,5041.493709406255,1.1444231696298166,3.914537553096273,2
36.64960122522567,5.192049116490032,0.853784921704667,1.7014710506050474,315.0850004450868,557.8156560250175,4934.537097436937,0.5283374503833846,4.601191685299348,2
42.83865575552539,4.690883535797498,0.24197713031704537,0.6566817771502271,308.7768114789299,175.37807086470178,5564.119891634418,1.3285302595815085,3.721524456646761,0
11.978638819127895,5.133540904782282,0.9606269755131998,1.3652860716990505,207.81032082596272,1205.133106771773,4562.078796752445,1.2882752081708295,4.519856910859818,2
7.680784344120899,4.8475301636194565,0.19692570445342839,1.195972547250331,255.4841075990064,1422.4113350374882,4597.100172557898,0.7590351441033472,3.788561546094223,2
3.7037930155436,5.708108676688591,0.9514298103618323,0.6780636432636672,296.79611179256415,111.82192374809163,5505.137293418008,1.2086767199655069,4.730636042158916,0
16.809071674879966,5.956702316794584,0.994819293965951,1.9708523405910854,326.8145454758595,705.5029044960639,4977.819272244219,0.7148546064249981,4.037821333184812,3
11.543295836488156,4.21401053949205,0.7117228057460487,0.8220438311950331,190.19360894500267,1685.3747807542534,5689.233677726904,0.540330161051513,4.274502991485345,0
1.7747365410048839,3.668767046442222,0.9811437317918219,0.6008512701358417,291.8938012260071,2751.4229703182405,4664.243896509727,0.7011365425903773,4.646974693971581,0
24.183010919991276,3.1637946268967037,0.5695397795671037,1.3922710692528644,307.1524384939476,720.5551030906233,4972.610819830587,0.6786288767542995,4.113728944078882,2
17.289945113672715,5.507991326912544,0.25954178317609033,1.608300015699549,342.4805994258106,3001.332397244468,4538.793507578023,0.8377479967348472,4.471018000165849,3
29.917385250334362,3.8966333938261264,0.43699588566562086,0.5486651690707804,334.64287921187184,767.2006290284822,5003.681340711783,0.9184494971754581,3.743084749377573,1
12.936040041961343,2.847109407047517,0.593560935378786,1.4880764580905332,329.12856594044024,501.1896898549628,4260.726531500601,1.0085388914977078,4.815437801798078,3
9.504040195913728,5.388578604530964,0.07308156202701499,1.2984378139271817,260.00297466490326,1885.2120239358592,4756.183289522519,0.9767538755083282,5.3824569027753855,2
5.417025065931133,7.492999517432791,0.6223432646172461,0.6548975133125726,204.5998931438346,679.2101743118284,4281.873067535941,0.7706746059652894,5.896104433954981,0
26.99018361547118,4.993929088460106,0.9811778367622945,0.758785815419543,280.34736214693,638.4743732372303,5346.9616165956295,0.5291706685740745,4.545584073333219,0
20.1039238004692,5.838490774451642,0.19010764978372763,1.3519614459741207,350.081591260428,673.9574653890302,5358.294669879826,1.1051016222371506,4.894102070398594,3
0.46272938653122786,5.081829358547565,0.7925951162883833,0.9445364202699326,369.6727263762216,1875.9131274448928,4134.868634757828,0.8957448298473544,3.6096871635462553,1
0.26720816866511365,4.901110346808857,0.9078987937796194,1.9074735929769742,335.5274551148893,1783.4433939625092,5666.942872750286,0.7986721573875497,5.2513671631527945,3
4.723477615832628,5.9190764829877685,0.9437015928202208,1.7281103442260761,321.46704114008674,516.7095542509633,6248.707563209927,1.3669410428305122,4.888114252362053,3
16.63647722996086,4.709725455811348,0.9601356044054472,1.9753508097704946,318.9819824192983,405.41489917444153,5023.00319336817,1.2467433077981598,4.258033277524383,2
43.64275468220168,5.267392314071903,0.5214596387214719,0.889506258425621,272.19406266196097,677.1321564776775,4679.442869887677,1.3577655483724422,5.118590400144504,0
1.630095099344797,5.321697806196013,0.9773079079915037,1.9545854491969656,293.496985322319,850.438643540198,6412.165295501523,0.994982794712461,4.3727619616773294,2
9.017241302157357,4.331909546356951,0.7573102071344389,1.146850804687337,383.4534762913165,272.2513548749383,4340.515750848745,0.6309312521267775,4.270987408492722,3
4.794736997580961,5.992042349536523,0.1616714362369619,1.021278192970632,252.8720997104062,1579.6610985976004,5010.053233434549,1.1962214361212724,4.737667462713746,2
35.03708554375962,4.825040243304591,0.47690010646797,0.5755242904540299,380.7389395354926,666.4716878250679,5089.811136315961,0.7060737799371752,3.9683227500848406,1
18.459132074336345,4.244254840507155,0.718331175372004,0.579147886789404,283.89859227539705,406.53400180148077,5672.573810226208,0.9412296690917168,5.010812382199974,0
18.22190046469857,5.536509843570403,0.24734031581908333,1.538016883919982,366.2716054547539,112.9682623868175,5179.869487563395,0.5650007889488885,3.9720050940365783,3
6.324155711397736,4.101532018208963,0.6406151835488874,1.1868934916510419,229.65924952512307,272.9184732281616,4750.683052105775,1.3253084024229824,3.974972605088407,2
5.35834936327349,5.028181157369128,0.6666004790466192,0.8397824390541586,329.29521005823244,2981.4580715645056,4524.407814806022,0.6259406410475006,4.045155105795833,1
3.193888921500612,4.990881003355796,0.1626997438085659,1.4209554594878488,263.1614932026189,363.98687797772413,4829.089089876932,1.4030975070493097,4.879750018758061,2
0.5802696384483621,6.085895565831578,0.5650853124527563,0.8792871773751667,229.23664040379063,184.95617158605896,4496.536319527428,1.3642306022615571,4.191612319240146,0
20.0042614000331,5.474698232879953,0.7716269109786077,1.3664476315166338,310.9267021205473,617.4328266877546,5023.912659892341,0.9645827644392461,3.8260021078164157,2
16.76117439249923,4.974973041254856,0.4988956645359419,1.0388131204740354,350.47358942979844,366.8519016038897,4717.901910069757,1.2443682043039908,4.197160000032101,3
81.72445597818083,5.817766299200287,0.012103116776107425,1.7353283399177286,257.7529280703252,35.79221744923668,4252.981103355125,1.1194450738181532,4.483978814659757,2
56.948734007443335,6.390207549017314,0.009038469079292177,1.731044241150169,225.04920197707992,390.2985302298053,5627.572894187452,1.303075642337745,3.909513758167807,2
8.10651592641394,5.557810306351862,0.3570293439700122,1.216025597183602,295.4077617832522,785.5007082379248,4751.163738285481,0.931805100785912,3.9241594454828284,2
14.652830902062608,5.01035261984338,0.926194068431782,1.0262286640025233,295.628233561141,802.3202258370031,4365.931597512344,1.28580848424435,5.555648167049792,2
28.961716828744358,3.6881637676498404,0.22867677960360877,1.043839694838642,327.41598137772496,440.9248197386067,4915.870432756229,0.962456817065148,4.069717298093057,3
18.947720147092458,3.9348863369246274,0.6343636888716871,1.7085717885023268,347.4797285682244,592.9449070426361,5034.185782983829,1.440965787842794,4.338478815613497,3
2.8415244458114652,4.694775295645332,0.22207587069332058,0.9922692241964179,297.0292409363753,3367.3154589873475,4126.766637210483,0.9863721008251476,4.316381499600357,0
5.988268273998645,4.390487797840716,0.3216699896595486,0.813589060560269,392.77516573971315,473.768270190911,5165.823833562881,0.9626192719337295,4.289321596114779,1
1.3829634431308866,4.813028697014554,0.848042089601484,0.6270325128129602,311.21173722676457,298.7117607918307,4476.421215654867,1.2850718615635128,4.810673369984551,0
30.802237864417087,5.0566499248971075,0.7288614422699469,1.2000396813266125,282.678674699655,279.0091830102768,5855.514404595394,1.321577691760838,4.974071475236025,2
9.318477025886182,5.529692754356731,0.09539927731321063,1.2231981483797627,219.4216320448586,612.0550779169814,5261.980256038368,1.0544891143211708,4.347022784234204,2
2.596037254184837,4.9295012219409085,0.4287020209864336,1.7613630656043608,286.86702398419163,1425.1189713947633,4800.050004945342,0.6797978134950754,3.8817608567038255,2
11.138295391732502,5.486501643826202,0.029169763645264468,0.831858044669096,283.1806527294432,230.65693647100898,4627.416114841325,0.9677582309575795,5.137220113924451,0
9.626704347430717,5.06447441481012,0.480890146603009,1.0714869105026,348.01523981407354,1235.4501489768732,4947.516146218188,1.4680725029096784,4.452329454401658,3
4.434204622971061,3.0245334336461287,0.6624340117010681,1.7126086083405365,323.1241812033427,21.376685292130954,5306.395370791644,1.252986193039185,5.365160907428584,3
1.2053912139846927,4.060664606181246,0.11850262359815156,1.7354354161234602,241.03154391836915,542.8891724733496,4987.2529357074,1.3111626038791322,3.3772070512174186,2
11.134412835191021,4.855912444278385,0.28888493890916567,1.0769166139681523,308.6127193205519,1495.507021002051,4891.4205964315715,0.5328254988192401,4.59770161064166,2
7.3461042418603775,3.7903052571588924,0.3978366255021569,1.1886860349300212,333.5765585864527,413.59752037536197,5029.185145408947,0.9678594626341599,5.459303166938104,3
14.79807080960515,5.599928729996204,0.9195310246560497,0.9549288362739243,376.40156796939164,829.5102390152555,4698.0705343815225,1.1466211336575554,4.323367932280921,1
7.343098604235151,6.530750832343697,0.993255015422964,1.898832317628968,344.37519837070295,229.38704243742595,4828.397036578481,1.3300326836280747,4.387253288332682,3
19.11770111308484,6.218761851697317,0.044911298995615856,0.6779656486123704,338.0423327155739,1354.777830368031,3957.103780547498,0.5492736535827715,4.647755845795169,1
8.027541190214876,4.786557129069792,0.761007923495392,1.900624134502205,303.0042997307582,53.69523280581069,5486.863115426184,1.352438885641873,4.220602090557521,2
8.231145809801472,6.490726136849952,0.37172406640234323,1.5257996777530147,319.4156002711725,1914.2162628048736,5149.398890160881,1.0484009367419116,4.343964033973633,2
20.927586432297716,5.148667457202111,0.39245818622948003,1.2973582290300967,362.4752450353079,220.89157195134462,4613.272077983285,0.6973139705760599,4.331092452904299,3
5.1664731398811705,4.662914028881961,0.7542649733470227,0.5489885911767438,233.3611301260175,2074.637353958813,5949.36749067762,0.8172552164497,4.1862896327868135,0
1.4388795539029895,4.38659733645906,0.9184264321454086,1.2133942877330124,282.5280336391522,434.681646737881,5043.508240196194,0.7819295517515608,5.11442827510028,2
0.29205021432094685,4.697530313511872,0.9509285945025484,1.1116221575040983,261.37156256218793,1282.596094340716,4481.928214012401,1.0308590342884758,4.730539016148217,2
14.070574526625856,4.611823181458771,0.5771225860383208,0.7418282179626838,318.9576559363062,384.52386132376466,5428.368710735229,0.5516856799111318,4.625314116051651,0
9.683989670606795,5.170416222375488,0.3571211593005028,1.4846144052509853,361.5111087825394,2363.5212702069534,5199.024108254631,0.6585361584999235,4.904285503445059,3
12.176653477978764,5.160573981049865,0.7875490858587793,1.9567263610524286,270.1512856639463,135.40414572486227,5197.2899927421095,1.3126930433757824,4.367822083398266,2
2.3948149349344345,5.003046020153414,0.25100138326230026,1.3432832165967876,180.4847816265281,196.6474309886321,4787.1221976742045,0.6326039907468111,4.11289809082355,2
1.4661255122827865,5.43693816974635,0.5640740288335178,1.5721299146659187,279.3889627487765,679.3036956154765,5225.247861889017,0.733396269458127,4.198687847692721,2
0.14651476265668784,6.190646274786341,0.35857846152487316,0.6026756788490252,345.6736866008703,85.49083073875873,4869.120854889453,0.9533706056041573,4.500891520552305,1
4.316872615150692,5.949554135441324,0.6566310737078761,1.126500493725492,326.881495147494,218.1313642135448,5277.970725822921,1.0171208881133305,3.970394145813549,3
8.913973756649446,3.5151020315500965,0.2403989128935069,0.6745377277467438,321.4093123905288,2878.240519640716,4047.5277729946806,1.2636104796141585,4.249869491706662,1
4.979818675611507,2.446078865098045,0.19159294573482577,1.4191937533047656,286.000334906276,3750.3150034284185,4783.063268510406,0.9473324266661878,4.241941679064283,2
5.753195628284312,5.934319911239274,0.9182390866754371,1.9077232373212318,236.04846318901068,472.02058887062316,5861.077548904097,1.2898646210355387,5.562278114914507,2
23.450615229814417,3.6331213015845787,0.1018036829495369,1.4926665987074577,325.76471608122336,2567.671331856038,4616.46627229985,1.1183463070454573,3.1130925300330414,3
4.2810261442511175,4.775234598107317,0.5059579077349317,0.6152045724716323,258.2859094982688,787.0726060607684,4698.080851253407,0.6130997394238225,4.410190139297184,0
7.215250280723211,3.8298869739406403,0.22085278296300892,1.0319993074776241,409.2048366690228,314.3580205799249,4776.019330775012,0.6563314383928386,5.362846896407385,3
15.308717377197016,3.1980195624199803,0.03892996332566745,1.3259950691612774,328.5253604177258,1212.0006785882092,4392.596932055679,0.9370337254497708,4.560922232066227,3
5.050801312991798,5.541462728204788,0.03601881829142639,1.1048116341998784,270.96758487230244,1075.5848858918712,3895.859611885874,0.8968893930890396,4.876708736710547,2
9.730904753530854,5.7591551603026465,0.17522177210582734,1.7504660157127585,269.4307376305686,4521.318045769716,4884.706800738193,1.2435442696372947,4.549913157549884,2
19.831406436843068,4.423489599273281,0.8667703545060003,1.7220065070649837,295.3527896693206,307.9491184502587,5067.929712040828,1.080737139797352,4.16633330939176,2
29.86190415374668,2.40895770785509,0.28247874397702666,1.4177465301548322,288.0249038989125,1114.9230976089498,4973.747465730674,0.8881330810022493,3.3790420327455433,2
1.5908187931483597,4.453755551747517,0.9504591705752957,1.060186917699058,355.84168877649773,53.425835089013134,4927.560719026056,0.6707602834503856,4.602727843518151,3
26.116627630420787,5.3918040054025465,0.5816222929891935,0.8830045606448662,309.3208084872023,120.6389033008978,5021.520435425194,0.7268371023254951,4.1121966976988045,0
6.775027809955306,3.5210884312258712,0.4366141897687661,0.658811477319694,263.4184130545736,3.926071895142886,5511.420735775382,1.075501018469059,4.099832296917348,0
2.9873545435139577,5.183359919779155,0.5800888346694546,1.0323465252298312,394.52203425778913,7525.203436032188,4904.776907035392,0.9234388048997925,4.250506372010444,3
6.145869673706975,4.984690150827005,0.5166983852262678,1.1197587758115792,302.46541657601114,1620.871513383434,4712.958711456366,1.014927508860672,5.372430703311747,2
39.13653097580592,5.579291499601088,0.7587762537573252,1.5137343876561105,338.4419837984448,1545.1635577488867,4859.437257555956,0.6706774353022337,5.702418771126986,3
6.784912926673598,5.119580368414153,0.28249606597285226,1.48723973644636,269.58867462776203,712.7910140524151,5289.673379878388,1.1629062523445657,4.608603968764201,2
3.9861603210049976,4.026931059118445,0.3530503916003024,0.6051622094618854,318.15578138722617,356.77078125303814,5706.0134392716245,1.352538740855967,4.267616388044136,0
10.034862739576596,6.196571501664492,0.8940943025332507,1.0928889731467366,315.55549955715975,164.00743025106448,4685.928130415411,0.7579395067869006,3.9113867912743947,2
2.7462846771560296,4.84147042697303,0.9464565131504055,0.7726683008260429,205.51753539519234,335.01792902438757,5049.466893514442,0.9915142258318266,4.734270080773035,0
0.7889530497623504,4.972695460490068,0.8925582274864745,0.7352190579752085,400.763755523032,471.55879297284145,5169.17872096798,1.4755273290209017,5.391452800032572,1
1.3797521971241586,4.066732040926804,0.4194479939573136,1.7409532246058688,364.53222304612734,1411.858751217078,4503.710996635588,0.8332417405507276,4.376329806487422,3
1.3701842406700713,4.55671774880849,0.7803655030068817,0.5628728250743863,280.14023419270063,775.7938181417403,5010.208583606459,1.095046344923761,3.310501979623388,0
1.6475990155667297,4.115197285973099,0.4763357333010988,1.128774313853182,244.88651297720722,80.6501542336196,4267.163071328952,0.5901957002002444,4.835024835907761,2
1.4946006606751654,4.827053940076577,0.4975398521461022,0.7523054836497773,317.3780806901776,18.19351175536264,4115.4748481303,1.106015002479443,4.992699855725025,0
10.240840510758066,6.7117084801423434,0.20468010905728395,1.818995323517711,304.3348849707198,107.95518950794377,5183.373203946128,0.5896317733046179,3.7070771798070763,2
2.0074635703448163,3.6280988570686437,0.5911303032585165,1.3355607699125527,317.7834474281615,528.4783769839865,4808.062629334609,1.459235435323822,4.588242091831477,2
4.241393157948052,3.386438602123259,0.18613589775334793,0.847070954565272,309.5788698097045,2705.946171860229,5101.14020381061,1.2156626520723113,4.725613008068049,0
22.709741251283578,6.471170327493608,0.33156469906719377,1.2536409307495646,325.3120494652963,1014.4618235122163,4991.052511495825,1.2881597881357063,4.4634463489955305,3
6.423811416465936,4.7906763228481335,0.8550302016199351,1.5972295395546738,372.36528496959033,1618.6093410817166,4511.799975668101,1.2041043607716369,4.104614540457323,3
11.012890836523805,4.330927261340084,0.20707580921085522,1.9371770133791506,328.4051602564323,628.0611740158921,4977.372849017832,1.0897290360764658,5.007968611781778,3
1.8912851711321648,6.039904687396076,0.07115828517343281,0.8306690063681283,247.51722505450294,448.8937519811549,4383.449347492572,0.9499127810855054,4.298310127015658,0
2.1355098099509506,4.394384460263136,0.0690075926128163,1.8292726581940177,368.12814263562257,114.73809550171603,5695.4861790007,1.3583733797610624,3.757406918650034,3
0.41727212717565304,6.826009713546936,0.9407845205031079,1.9014561712512354,382.0307281744144,2086.9337155425405,4322.014827570018,1.456835667543063,3.4752627571651598,3
1.8504734406558088,5.677925871339269,0.5069204379618346,1.8746308167980994,457.6028367256042,1528.5956584578505,4902.107364515709,0.9990361729040813,5.130424759999655,3
3.2654811863114555,4.5120885918542974,0.40941207181701833,1.4531215352928648,243.8252983380201,184.0647924639988,4478.864205976376,1.4315350491552619,4.808331988235559,2
1.9481181748310794,7.1573082132655035,0.8108785810079184,1.4447309816520615,312.1441006575138,717.9739580963648,5285.210586680398,1.0833329099885174,4.543986773564584,2
0.9288590786036757,4.3942850769966615,0.835825927910516,1.1048159497757342,195.89506484055062,668.2103205735584,4834.284314359249,1.0383841868964332,4.279862681574598,2
1.2855621349335253,5.742095372009307,0.3321910331156046,1.6285968234556818,327.65745781896044,981.0734233162785,4740.6666401893945,0.9544827329553567,4.235500792898437,3
6.176293433653791,5.299292580406492,0.6936180574737952,1.296941027526398,272.5899850916614,2922.238235371163,5426.600772525777,0.7092877615301199,3.9621316757791942,2
2.310922063450966,6.301741289398798,0.7711228158518866,1.5161571068424418,396.17228974124765,866.9565294405699,5014.715295838776,0.5037196608180592,4.284272177720058,3
4.5298111551091855,6.561511196726853,0.6546506868659545,1.142686855773193,261.2692514990709,777.0012201607433,5258.322222967983,0.7415062268560613,3.439956392439913,2
7.000051847143304,5.0320041490657665,0.15159507480009937,1.5972446960647086,215.54084810163693,51.63328158155662,4509.337031741267,1.0097231716035653,4.131968173265743,2
11.724574340125422,4.246582129653817,0.875883083517057,1.7367072764068237,276.43681296487404,64.97325670727882,4297.591528036247,0.8799599522597525,4.344531241824453,2
0.40105730100015424,5.459972142939116,0.5390945527360087,0.7196543849042242,201.2256114391431,207.45081803342396,5053.603981020066,0.9484852280026338,4.8049400235952096,0
16.064942438261195,4.322284630247894,0.2824724263700037,1.749394573361342,337.5549727253655,33.00964439678932,4840.576822252634,1.4806482195640496,4.480036768313318,3
9.885936903672963,7.013387247526623,0.4252281854376939,1.3104447976854607,196.74584768718398,1360.0532722136845,5313.217336226972,0.8502723706693276,4.897461556937779,2
0.8529543037633426,5.1365353310827375,0.03757109039890738,1.7669988636353364,301.42287905915794,1284.9309175001374,4960.045773668725,0.9521829393601079,5.174567552556715,2
20.681346984880907,4.634678448687891,0.12786680122241756,1.146952559511522,196.10940900719015,146.24759844401152,5102.537669617315,0.6335155513528196,5.0290850469120505,2
25.36693546378928,5.184680305864909,0.7655467505158609,1.0685607280745526,283.9851097731679,1808.3700693350845,4188.308735029378,0.5479577324369876,4.735254923689278,2
0.6302282756016341,3.6528737104703035,1.1634755366141114e-05,1.8725910987758336,382.1689077902267,168.16547047814728,5944.218469807129,1.2754095145924946,4.505931339590392,3
3.2417684312865083,4.028385961489349,0.4165658284822922,0.876753901322602,318.0323945717897,358.35576572479766,4917.879007483984,1.0706831750719785,4.009605995793221,0
16.409351832266424,6.200413907944426,0.5225101810855884,1.7663184879292146,256.8253197517533,286.31886758637756,5348.793485169599,1.260704806043895,4.869972025689658,2
13.793572402143084,4.343105721028604,0.054634420000972295,1.2260308587641062,298.4398255530458,465.7042425851867,4581.954164890187,0.6498627988865516,5.339873691110765,2
2.039796320618005,3.95308901731806,0.9730781629723328,1.2711431638268895,300.9008436022223,293.9198414641747,5154.004951108671,1.071828771182691,4.671053019825209,2
2.3489903118153324,5.536652752527286,0.22612533124967193,0.962702422234226,323.63151729217026,671.2896590224158,4348.577618237628,0.7536424743413755,5.458629574213061,1
4.6278511002436975,6.1857041546629965,0.30419871963628087,1.3595633009285235,231.65708183595868,523.2489435508993,5226.033919129835,0.7280618169000199,3.737214145969458,2
6.6266256466861435,5.718953310665067,0.30394251225502733,0.987816794414317,329.6283636923665,4310.226352511047,4822.012957807084,0.5115260140529853,3.9229183076102294,1
9.63001834058552,5.9960476858058165,0.2304166621173499,0.5589041213624785,164.78041841986123,57.551096947990615,5014.595251967784,0.6303407235690719,4.927600753874131,0
4.603125630003512,4.2432049114305395,0.001473822086311416,0.9079979080165341,268.5057723818095,153.36259623197114,5348.987015065049,0.8092681114996954,4.632145105076625,0
6.208911092209176,3.5781893332581562,0.7293447940879964,0.509568565109886,275.58630787742277,54.27235254511537,4383.72984438986,0.616878760590939,5.156891088285904,0
13.762289403898425,6.501333651955487,0.9668454997992854,1.967532180585285,331.6663413035619,983.0749593433283,4657.754134693601,1.4858584404109374,4.4922641796366305,3
0.37372952321478464,4.677320161157864,0.22429348328504506,1.9486208147296211,301.1315426338435,56.05120310915178,5228.6621405433825,0.8086326485239507,4.066012288735834,2
2.909366218823972,4.749166983544953,0.6630471918034224,1.0927329462084576,229.72184730718567,1810.5737778139796,6049.110737273373,0.6303239467023282,4.3932033788974785,2
12.494918749560258,6.328194141849058,0.7418963269587151,1.592556281509469,250.75034370914923,717.3141242363849,4930.958832669259,0.6990823128279577,3.733658014538133,2
22.557667543306135,5.55623000940066,0.8484253790905247,1.0187091476156374,309.9340004773703,748.6760102428195,5295.568058961966,1.0877032283414765,3.9357046634514825,2
7.167791122084008,5.455887772081607,0.4226291970136091,1.506639735628964,296.0466329067722,824.6110153980522,4946.51426507076,0.5640435238647885,4.986221998959005,2
7.5952950235306895,7.165002344901084,0.30293090564042924,1.7081450645689686,271.0437945182127,187.31042811116805,5971.12279737815,1.3624341301411569,4.936393707234805,2
1.1336133854066337,4.356481769619857,0.3252951340230311,1.920134367038361,275.95831052440104,220.26058993695662,4126.389166517372,1.4614996792371473,4.681502142403039,2
5.9314324608355085,5.927840128081237,0.7126213330985128,1.1003184137745081,334.80839985796445,383.92476045383313,5047.310522334679,0.7467474206673809,3.639461239519765,3
7.6060679905529,5.057013124897084,0.816779466505636,1.6749469744340715,274.11537135653924,900.1625328667255,4187.22798321897,0.9500952685908594,4.320798212243556,2
2.7769280326065333,5.268592278863257,0.18161396775660266,0.8988926759481781,295.59543779854636,235.87142810374078,3746.7142147316417,0.5221344510294971,3.8875000556699746,0
3.1367461187854384,6.528468426412532,0.3709410081577652,1.9854984556904725,408.49682940402715,123.67354370907596,5148.7310265589085,1.1407102247272216,5.0882666268938825,3
4.73664984802472,5.507835756289624,0.90194019674915,0.5386543981465267,228.81586815580386,3510.4617212825465,5069.74889807373,0.9139260580525889,4.2081389332187,0
0.20275360750314514,5.538296079049633,0.8066935196947392,1.4052932097516815,207.40786342126705,22.227014856001656,4857.581531128899,0.7700584661015557,3.957126144609225,2
3.8872476125613575,6.072507337309802,0.9848584027624758,1.4892589724769907,339.17948323993033,1623.0167151835853,4946.9029549801235,0.7068371106166085,4.514898082560713,3
2.3755693562362987,4.635047270457115,0.7542482596820808,1.5320683356111933,266.0678469352948,1551.3348179386242,6549.149717035629,1.1540230776587603,4.179922771582694,2
3.9674923023198265,4.160790332660993,0.39319520102792227,0.6805813681836335,284.08812361286897,352.70300517747205,4870.912430984283,0.9162170310323144,5.241871955101853,0
1.2756310328478127,3.955190805978966,0.5906378339946378,1.9077946752096957,260.9421810934443,145.75044613225282,5255.062180625037,0.679659289029912,4.132594551232905,2
22.120798999430246,3.0336434106239984,0.6610142542473203,0.7717749185751241,287.0099929616244,157.38933978565646,4675.31759019306,1.1891090814868241,3.8003858703876845,0
9.003988138795599,7.056207129940322,0.07845581631712395,1.4341301048597617,379.9269056048171,1195.4479683386385,5147.616287520302,1.0650722830366937,3.423543242121242,3
11.366329578930316,3.896791634278317,0.5444969591038651,0.8340141186846275,340.106422930906,1029.477882238987,4880.8831624721915,1.3586720549294962,4.484606748793293,1
15.567090323777911,4.778746376414228,0.7093208284726096,0.9608246255319064,343.1111755943489,1526.6866036488427,4794.740758635135,0.6174758988764929,4.219034943071037,1
6.900364218488852,4.723186700111079,0.16732130400106038,1.3196878125921865,229.18864721036772,2772.287525989601,5909.449266100162,1.285666601944456,3.7855476967441364,2
0.9093209451745585,5.307406697809101,0.7806317174255571,1.1257901278468647,242.44231317235653,1177.419690262897,5588.59248159217,1.1735167868172591,5.094613230627893,2
7.702583632948226,5.815737212539297,0.5837727805141116,0.7403384014647594,158.04606702572866,169.42689529567184,5068.373323699615,0.6150109368280978,4.833622573714621,0
8.839230578713735,5.860473488359745,0.9522217856975946,0.7564046036312724,259.5309589458623,278.97689504871994,3847.8940320280167,1.1948207298717208,4.485891060531385,0
13.682166488084093,4.416922561431061,0.042422298206891695,1.1272171822441994,347.8351593192829,1846.3871430522527,4819.495388373715,0.9415472888798304,5.182163122085433,3
5.6503464938298205,4.832878286213589,0.26532613755546697,1.6359244674132511,325.8473257874185,234.84433405544215,6351.513782202542,1.444984785555843,4.8312680166993065,3
1.3648466672931223,5.2825799504883,0.6015538792998241,1.8469469702716828,288.9243368523938,75.2865461964761,4884.669166680146,0.6416113506178993,4.088572049240784,2
3.337621802617039,4.751308873816453,0.2965599122059307,0.6261914933890742,298.8849858140973,1214.9665279329647,5551.608786026829,1.142833390815738,3.980389918004617,0
4.511148254746234,6.607345576019993,0.7144241640712422,1.0896558613391016,265.5557228712297,515.0451057562609,5720.971200976301,0.881980045462946,4.908990772226931,2
10.382246116218617,5.490974951638251,0.759005282521931,0.650368345584315,310.2379441200892,2526.229426502525,5109.481957927987,1.4568146705908778,4.698183478233675,0
8.457817212014195,5.734877786049817,0.10251596406647445,0.5248887209488968,338.2939139740307,1050.551164737262,4579.089184065924,0.8299748952902765,4.584873883985331,1
4.402067596518061,5.662881268667412,0.5138544642067677,1.492578023965935,219.20566062947637,94.77120065051477,3782.3438341085557,1.4621859094918002,4.076751098565547,2
43.06195772169812,6.173473857485325,0.5088905555910559,1.4036741629498817,314.9823843918674,2953.757035544998,5342.081604304477,1.401485851100749,4.803973783502877,2
9.308330084672093,5.181021558703707,0.36928077021554107,0.7445286707223293,346.62174354773333,299.1573471431959,4592.621998588226,0.7703832353106563,4.122250558433025,1
2.7079452875679992,3.7031680520441537,0.9329248625696721,0.8507192496395961,279.2449855518315,411.30083851720286,5088.075225943846,1.3035417768264277,4.449006672703161,0
1.0734300462488686,5.399687951752641,0.8275063198732212,0.5355616304667776,335.0350306060292,514.6000942652068,4375.089830205318,1.495604201803506,5.22347207319349,1
1.6588829258982587,4.348643106208171,0.6972093819096368,1.7524208085416055,440.73272222362766,52.582858575315754,4867.381229764899,0.7526630021712823,4.169582882094927,3
2.8230684939514097,4.471383318250243,0.7143266357349976,1.962035894072827,294.7828603506554,686.2021973434835,5016.859527450527,0.9367771693233197,3.7135053714635697,2
1.7516487495429403,5.586364018755093,0.4617161438131191,0.7031893051920362,319.6653525002662,131.61151228938672,5134.2967905221485,1.0201807365667597,3.9737264040649447,0
2.064917454545804,6.238283071433636,0.9209945210965759,0.8472128206479472,263.09714581693044,512.4441440107728,4442.588906323793,0.7949311358038643,4.997149413343812,0
3.3560584821544652,5.021271576736062,0.6945954272532854,1.802614285920401,309.0625581301025,431.8754942649553,5598.455474380677,0.5152648396460298,4.627365568690105,2
1.90402433662887,5.308833012598964,0.7289810616558164,1.8896956969342773,323.0135812491152,1482.1010312317478,4701.552607634015,0.7201292441975267,4.435561310655623,3
22.707514493559152,6.702214944635238,0.8616909037873453,1.1294410742102154,309.7421170135069,1625.417466324188,4162.765269773377,0.7819368843417585,4.245453097344216,2
0.8363571259200016,5.240753179488569,0.274071589342191,0.5759337084036111,249.01523401455717,166.54216762942926,4945.488290018268,0.9435997013181872,4.742679953776595,0
7.434123501127027,7.601683114180394,0.807070903866703,0.5590877505392291,310.31808856627254,456.5760833998401,5017.18765451323,0.6711024784134019,4.075447574504889,0
5.283055564893023,5.565509645631544,0.19524060295649204,1.3609247991035156,373.10979693588183,467.3721522712178,5080.2947165858795,1.3732543566916726,4.652832784321298,3
40.3864216601592,3.239237240844182,0.34534195224488784,1.0893426633397685,322.43178822572634,164.17965354404888,5681.066201842539,1.2049111327313362,4.134372715593521,3
1.188273456974049,5.753341621104532,0.3356104542698427,0.5429786413664818,348.09935945359206,1601.735180049913,4881.7755816320705,0.585200477559662,4.051170307362473,1
5.072579937424305,5.381158384882777,0.9785254683891406,1.3748785884688353,288.1494014993686,1228.3622513549935,4940.190187815614,1.1500924511399315,4.181256282587494,2
34.89059664126715,6.289752754082746,0.8565372237479268,0.5169538048835337,337.49501197118553,211.1924835392398,4448.407809383453,1.1536564764056205,4.312296276758019,1
20.062440619681546,5.6731813512699585,0.7011698615902597,1.6810579372239094,313.9633919108263,456.84563039542974,5410.276751443948,1.4562211736436277,4.475585082033148,2
16.986630340361796,4.861544016016226,0.7270567616153901,0.9596492340550573,252.4544635156384,111.83143458578239,5092.154532039051,0.5030208713561612,4.617727897555557,0
2.9827508353350463,3.775701763710634,0.5620727944025711,0.5603870045138482,315.9260502399437,989.4169475129024,4789.986136352919,0.7479324498058072,2.655817354285778,0
1.8739953278648755,4.7909767427139744,0.9470906671085191,1.38252833147473,250.41516682798448,129.3935931918604,4047.662653267268,1.4277914793753155,4.0961747211266175,2
11.045595986817835,4.1494795457907,0.49625875288236154,1.096526621649582,268.3559862557604,4264.006729289723,5722.2060975275435,1.432133915398283,4.304215011321981,2
26.503850949599553,4.419476550195277,0.3805177098698945,1.9607006200357242,309.4664153646187,1517.232888129288,4386.160017771971,1.2205864193706373,5.252531019304165,2
8.136504219047422,5.58857840442061,0.163035336931591,1.3162979937555532,314.8622136690062,494.68746319239136,4704.360995315147,1.2657633210475399,3.9599986958089337,2
8.477275614585865,6.669904504351406,0.786205652261058,0.9128587715555124,240.53837674614354,864.0871910500847,5179.172255538002,0.5914829579296471,4.581398309049956,0
3.284750308106508,5.394671529822981,0.7344439320755914,1.5641582969509622,352.69928855914384,2422.966935059001,4401.721035691657,1.0138758347782337,5.247515154867918,3
14.674737584120885,3.8041169379648156,0.3843550385241349,0.907238003814067,328.60031391502366,807.658953525891,4253.2451108734285,0.7315829912889994,3.8435157350263633,1
2.0707798214607083,5.44460266822014,0.02519341395922936,1.8563649371113478,264.7635782194558,191.7641820657373,3938.0262086496678,0.6812180436136173,4.696987612932201,2
3.910878131192326,6.196631486645651,0.8389973277180107,1.0620829557610647,223.12076017754123,475.94662283027566,5360.498476452818,1.3103032991233325,4.09886408303274,2
5.541445500698305,4.390217095680618,0.011417983454073632,1.3248028441643078,292.7547710459284,1852.4326067859863,4727.406877636839,0.6350381366805474,4.247683128855383,2
7.084849626446985,4.865982833327083,0.703699779629051,0.5758596557363433,277.702814306942,1033.4230867400067,6463.6350462366645,0.9686516369963852,4.098444583023343,0
2.7761258356960585,5.014688194729197,0.970257109726057,1.1391818569283463,305.65702285265115,1051.893938749553,4502.822467184564,1.438578239586033,4.134071345792057,2
1.2198327214413545,4.21510168691776,0.43766132814820347,1.7485453094914924,281.8441669422217,2016.0648378543685,4539.2744882855395,0.6858320555653425,5.860956073953247,2
9.431996574293565,5.648280433843859,0.23497340499595276,1.708473208045013,199.6271569627495,2244.062042285001,4717.303514857299,1.4779934237382346,4.922227936035833,2
3.4056336843654176,4.8790518513922185,0.7048710100433817,0.8364778382802893,280.5826530849421,2523.1391471947113,5121.567327569244,1.494287985761059,5.050868930893104,0
8.704530682924435,5.419532443907028,0.8171281420155851,0.839118606515844,284.71904444658435,99.65371187533157,4764.898330607344,1.055617154682403,4.745996743418248,0
1.676647527706798,4.1125078221979,0.5464303160778473,1.7259579683198552,331.68305123870294,785.5388277457018,5306.166107001256,0.6701427401771579,3.696871605799021,3
6.561213780285275,4.56254169967659,0.9670352752561462,1.8955976302539883,265.0900162694475,1349.0352676786702,4510.705805005673,0.8161048879408956,4.697478985161654,2
7.605472481290779,5.722381357827771,0.0516687216579611,0.6430413819095053,383.9337336686283,1414.3928320876785,4309.204140768209,0.9244928326765351,5.036464807253673,1
0.5321465145712133,4.627166847908233,0.5047955983045281,1.175087959139338,204.41797246741214,933.223795333167,4100.892630295446,0.8093242243582229,4.073300262980444,2
4.103836013804233,6.726963851233405,0.7184539473225501,1.0061814184463436,365.55837489013123,182.46636949921734,3888.2129160314016,0.7806355798765158,4.982663333580564,3
1.443493268319316,4.600363814385398,0.862640471149179,1.806032683186159,288.78405145609474,1596.623143161346,4740.965490262472,1.4722297092163577,4.852168104927039,2
0.6547225877252488,5.224684725751886,0.17925561190779005,0.6252873720200282,342.9792436171778,1273.3633745807947,4849.509843803389,0.6533648274157456,5.426020022406835,1
46.012013113953245,5.93259083187309,0.8000034817636814,0.8166889138370561,303.9900742029367,90.07326511467504,4684.281486258408,1.2333279087168623,4.291108493743191,0
3.8913002251942026,3.5816342670669683,0.5527070757185453,1.6287025063797416,356.9777768012735,623.2663761276578,5621.702898593581,0.5004102894391749,3.9511945088621365,3
16.600706137698985,3.239191188019224,0.3965536819899632,0.5769407734718234,280.6319017723594,191.1331444817253,5614.015104804068,1.0961826694023769,4.319185945313727,0
2.938888342934014,3.474343685429905,0.13171502857909356,1.238803071071434,245.0689787411094,411.70007374156734,4832.598506277749,1.4159430039540524,5.217785496581811,2
11.441413510203516,6.262584103427182,0.8652957589089124,1.16316055201958,371.0252143635532,18.246552658334124,4103.039443404018,0.787934094093219,3.5857970595790185,3
14.280662228282086,4.448141854107553,0.15727320817971535,1.0016017684831229,294.32596770589294,511.37555563540315,4716.647445972473,0.6855259752577192,3.465812142284484,2
9.054465941691397,7.558199285668252,0.30978785920909924,1.0918584729783856,311.0779236812105,798.2342250726595,4700.089303041469,1.151679794878427,4.544697639465807,2
6.378566440452717,4.4357524013426115,0.2900455319624369,1.2949108803953493,361.7375957022398,966.4861891767073,4671.432518860971,1.212601407298393,4.278705353612922,3
5.307578135053777,5.184551303197037,0.8714140341908543,0.7420510375825746,248.40223789527826,1089.1284382694687,4651.140548050877,1.1880305189519813,4.503863946587843,0
4.290433017039748,6.542109952567875,0.672702994208898,1.3579938174253892,329.77454488196287,1809.6667300536799,4673.268552137596,0.819316880021374,4.972655885617932,3
26.52556048220781,7.006092888159123,0.7966813971913723,1.7081484939499796,270.50526217685547,242.66142593283737,4806.72919205112,0.7522024021593309,4.223715326940574,2
17.75607071141798,7.061503576636397,0.250467898792499,1.6402413946852386,293.3915322177814,128.3810469549652,4682.229450592222,1.4559187999620442,3.56349708453469,2
33.53176389415692,6.208366230593143,0.6248740996069989,0.7308498570406605,303.61394826921446,1907.4206678845615,5104.161254312796,1.4232995082699293,5.522240778599972,0
1.3272854183610554,6.024062525811463,0.5717459831437487,0.7238742046122109,224.9889069276532,170.32913210886144,5180.18435795243,0.9573166098928203,4.001385856280612,0
13.125513634605074,5.592526949201183,0.8328303767882711,0.90226155161737,261.05814785897826,3679.328463826016,4544.6774564087555,1.3461938661543735,3.9704814389939513,0
27.861272652612406,5.778361076166638,0.9060870604812605,1.0416120895115557,367.553644620657,1848.5725765198076,5635.532663003517,0.952323477634296,5.051860006861299,3
1.9995580970079767,4.448814283671466,0.012156771477386807,1.1126833721127238,344.3095594292398,694.9019310135927,4509.9688490796925,0.9243890180725104,4.307755439479241,3
0.6881031747249687,4.1818011165776925,0.6740199190587927,1.519545825250018,296.86802113363825,3985.7462397120253,4191.099693092331,0.6567629475992947,4.468305073982594,2
13.513931531886222,4.996625542589048,0.05183579911972902,0.5850206482487531,312.1561729256447,102.45000985644751,5190.389035682526,0.9264060564919728,4.741395062030159,0
8.544271441986698,4.829815377475072,0.5488586650773559,0.5520090563390996,285.28787471817714,361.06422156098716,4591.29593279283,1.037416938599807,5.041791551554998,0
18.44077141321478,4.546771950672725,0.2876327290436782,1.0878658444158635,367.8291692913991,1016.7311904444863,5160.645735378694,0.5225043274286865,4.333269653409114,3
1.505582464141926,5.696387447456715,0.3067765995221412,1.5457455382069707,289.9823711102918,430.7934830300976,3798.165699449735,0.9441130051754064,5.259976002957149,2
15.860501110318681,5.955305208570511,0.3529585034523566,0.7901530144347239,311.5921046067424,2636.2769262526494,5696.227970741534,1.2813562183952003,3.4321000756325972,0
2.2517977306702295,5.088406886291847,0.6212924490496101,1.4622567218843776,357.30150720710327,67.8785870087861,5336.1467040202015,1.1800460563742698,4.8798936184765385,3
1.78715198965518,6.477530081055262,0.3340499656687692,0.8897422069104493,261.1314257577047,797.2015097862858,4249.761725418499,1.135156988863935,4.080236220991171,0
1.794446565599507,3.858310885866495,0.7326990505902804,1.8291291632202746,377.9394592248447,893.7132017998028,4260.611438076858,1.4095554284372025,5.1861356583039955,3
16.851032825640086,4.8063405407202815,0.4045273855738697,1.8435349163999248,223.47692951283116,1057.647300850289,5836.132952048763,0.51803200982523,4.571022239415273,2
10.942136390159689,4.283177679397195,0.06835320030995862,0.9459308064219898,381.4821065556399,295.2657201969404,4631.310048251021,1.0570475861922342,4.163547333995299,1
7.403759563460444,3.13346338292694,0.7837598424841072,0.8449906309448607,281.36622080240124,453.4477217780776,4582.907575633688,1.287348848409707,4.831420546510817,0
4.444614016780681,4.917319314157301,0.285758324592706,1.116955958099347,287.8650626087359,1855.8534790312865,3866.9739529253584,1.0413353827012672,4.946594173603626,2
20.972026672943326,4.878252491616716,0.43276687959926263,0.8607973777702231,205.49949144085286,216.8419096436577,4824.610897199223,0.8238955525803792,4.820947061429319,0
4.98312749697445,6.5134497432421306,0.6854438832219015,1.5085757649375555,277.2602641311154,1753.7000869278752,4886.140192582124,0.6362505650919779,3.9851518801834698,2
16.960826628480696,5.630811684554778,0.332456157148712,1.7390970268224284,248.0096734486558,827.033888650658,5357.746548384743,1.3875630718161913,4.257991438188958,2
5.782748811138804,3.975813175670795,0.056585656146715624,1.5096381963668255,269.61768273132634,1436.272777997175,4300.460785907762,0.970762392387603,4.497963581439283,2
4.731195658177371,6.854092566334188,0.3739210470128136,1.7365256708740242,293.134451710556,1250.391564420102,4239.856603879695,1.3781151969857013,4.47937017367497,2
6.2116105989960255,6.221033695525353,0.9444485826943034,1.0954882433112112,347.8895807236453,232.577278553416,5225.4813173882385,1.0858521224331683,4.874872737719174,3
3.5864527543064204,5.582097703468616,0.6417343972985582,0.7344754560632913,310.3801675700313,841.2127970078872,5503.365035613532,1.174192116615001,3.492549383746696,0
13.767773129369393,4.773515901150168,0.6714791486672069,1.6069264210963883,315.3838326700557,2022.8582254819823,4214.423824441058,1.30426115437845,4.6671635272767515,2
6.98602815695596,4.04056076327652,0.6322821536376398,1.0407117577123308,245.22403055772187,565.8385234599873,5540.757043149871,1.1591555446001345,4.35500932278168,2
2.6424253099706525,4.627793223928947,0.1989921389594368,1.5069062378436988,255.9622955198635,3398.9230765552593,5018.770920743411,0.8980548406789377,4.080749691808024,2
22.983398495505835,6.088748619704186,0.41833386410228013,0.9059659129726485,389.9362509175656,601.8725875234385,5545.902669537323,1.013633383928651,4.1287566111152,1
4.843317423587113,6.884586305934609,0.7509397983633183,0.6218444522100091,263.23994826183764,154.0672594193694,4964.889819241192,1.3030455246758799,4.392731167741018,0
7.8428238217776345,6.543243528272189,0.10137289755315915,1.9888726932316452,382.8104126028648,493.369997015077,3738.8610412560247,0.8736502963729842,2.699457447770241,3
23.694956087096266,4.511150578213726,0.27785277608971226,0.734302261895899,287.8469400559567,3030.3735413150066,4924.01630884198,0.8881214567684971,4.149355214604225,0
9.787993038573306,3.880382566710989,0.2763191084658536,1.9826314909452216,300.1143968071752,385.25204937380676,5530.071909335635,0.5956901160580012,4.062092587676854,2
1.2431461585777974,5.1408862469112035,0.432018927594506,1.9659198988496709,353.51825801149647,2025.6972683862261,4553.126990458143,1.4145844352217476,4.766391604661312,3
28.106166839322093,3.231560634437148,0.9803687409421851,1.6907271558620596,363.5946210969328,2130.740576562935,4806.017515546274,0.5910363149454417,4.097236658744739,3
9.880769289348262,5.323167714184781,0.06750254668382194,1.4891344431229965,294.45937198604565,431.06991778420934,4911.933248224511,1.1482091774485559,4.392443099914755,2
4.078263155513094,4.852397413701332,0.518700994380595,1.366710575376627,280.58784732392303,86.92882554323832,3550.243060065759,0.9131944788027977,5.271138313830651,2
1.499768206164258,4.533963498131758,0.17936468201221045,1.799152318066752,297.20397757388935,1289.3778690672982,5835.673787718738,0.9056193902554424,4.997175759907711,2
15.800013956802669,3.4052969327332043,0.9706765454097441,0.934159282429232,316.8978764116059,373.2578244646098,4549.312160051413,1.179551836572684,4.951135699971727,0
9.677755075628523,5.513600106569717,0.1133035047274642,1.2015218187273156,344.5651843434878,1527.5059793523485,5252.867716236399,0.5670937326298787,4.250063784794574,3
7.624138580490282,4.467299160338088,0.40360100236159124,1.429084954049753,300.2114929497076,584.5705689560859,4956.649431925895,1.0937057829514347,4.7715161396448265,2
22.433033305364454,3.8300831642897117,0.7378849848346062,1.1167857138042367,330.94431490115767,664.1064587952707,5628.80952817968,1.272031785972355,4.383051099773203,3
15.539900136960721,2.1277377867183507,0.7045544280274453,1.141229681135402,381.91798661354704,1504.6699026416272,5203.0280612140405,1.328212757886594,4.401953394661531,3
1.644913201263409,4.972485094949364,0.42272863689393225,0.9954270012531266,319.06548061323923,481.8549087530512,4882.537864239513,0.6705303893937753,4.7048426718732745,0
3.735625513958005,6.772251596669744,0.34652416795271823,1.346347725026804,315.58264280023894,585.4186923446787,4553.24245374036,1.3974190500781738,4.201503205789534,2
2.8566961854883792,6.66125921454787,0.39761237855287057,1.775861792022674,224.05445874549662,471.91019562029163,5398.925350691069,1.1561460918474422,5.246501552221602,2
13.623680618684116,4.542903743413728,0.2642762631586393,0.8022925670094693,168.46349315854684,457.8229404056283,4063.279348022692,1.3818548008206828,4.419934930201031,0
0.3410753985783793,4.39778793963822,0.2053329387067998,1.901649558130162,319.41878646150843,746.4352566790662,5322.945210137947,0.9852807171101983,4.809180283129832,2
8.43713556386143,5.468774256075024,0.48303969755889,1.5336314806223446,295.2587884359564,1654.4323730403469,4450.4776242225635,1.042033345097202,5.227800239628649,2
14.374137158597788,4.001614560811708,0.2685337560676073,1.7349098190200452,274.2608662542629,449.0539141026324,5626.14183097832,1.4190382770286711,5.015826887287588,2
20.93667344385938,5.301791899819466,0.2874616648972501,1.3342860389450175,312.17651020931726,742.872695162486,5080.649771331347,1.3999095433546718,3.7955404486547377,2
4.1867459354509275,5.76608027838469,0.6567560634745571,1.6692750521360953,296.97981354015457,1110.8690734334095,5322.061883925055,0.948160873369002,4.722447947504942,2
17.21807963541003,6.226933223884307,0.9685373316998922,0.5243005960092009,356.3890125316949,313.9431577342576,5040.994406912359,0.7744126316356817,4.9253596972303235,1
1.1724388509877735,4.899845923520047,0.6036372005593751,1.7275706371693027,304.3055434129489,325.06942337244357,4123.8114524295015,0.8931704345642641,4.945931511080374,2
18.737439572116877,4.796326249823034,0.07697946706496628,0.5602082886280497,262.6538357464916,2709.2478233173115,4569.63541830233,0.8877643285297497,3.9433525829426843,0
1.3637963052807085,4.122017413243439,0.07558361385406698,1.8348700645442937,349.50831194796444,1285.6695050099072,5336.194668805691,0.786866874982794,4.171482381491338,3
5.0631463120986435,4.17311964596014,0.951423220845566,1.987944120857965,289.1434462526899,860.8245122926813,5083.327908679922,0.7685796043329666,4.997279117870811,2
15.960053633264899,4.773521108098473,0.29729079030733363,0.9411011932651667,326.32683418361535,1043.3291195260188,5590.494952652836,1.3610629364797195,4.119119814658677,1
1.6242178992041616,5.367365506816178,0.09206698608247543,0.8154778344286905,276.12946469035995,29.73724455794852,5201.637281518586,0.5698619206846617,4.3501519716678425,0
2.6039302244475095,5.913584626233249,0.5990445871503816,1.648045045787061,267.50865572512816,962.6042500641286,4516.64905464867,1.1776111820995943,5.287937904750985,2
12.810430976449055,4.196821049319655,0.6236487782902661,0.8795395113803799,304.2084115092848,712.34809030182,4601.967931139683,0.6728200514564523,4.476100374807605,0
12.730961719916946,6.4926885689595215,0.6485048201186882,1.7983435747583052,300.64143217718424,789.1068667626502,5051.458695261618,0.8445058933940632,4.136612931083079,2
10.248442087373908,4.728876398957431,0.2674020278575413,0.6542638882362151,323.99135176834164,445.38723705207184,3842.977966999947,0.5615430341348369,4.061191321568548,1
11.84001709087617,4.978632705651564,0.015110684214475034,0.6889327945690373,286.56771233451286,84.98495634527711,5836.720942811493,0.769973636855462,4.666359664792594,0
7.824691011956382,4.252788320852177,0.9650153694544719,1.9687273326509234,208.18201081148015,214.852062921371,5220.873368188779,1.2684210711172421,3.8334259957613956,2
2.9008369925940993,2.5757597397270584,0.2508930456911025,1.510758347405007,278.3613058205806,3010.7385711896027,5613.517298524436,1.3850153245472585,4.376332018051791,2
4.241831937932634,5.884045396361049,0.6760262880525475,1.7703308366434292,339.6909233571908,525.4310358730866,4209.698029595415,0.721527151902367,4.666615267495011,3
2.0040127451653182,5.736843897092434,0.7066298698787096,0.986494066027277,285.1311960378447,628.6395770831904,5622.282580177628,0.9635478392589218,5.1495749102738335,0
23.908761393236517,4.718672442881787,0.6100074170794857,1.5147256242809066,287.6808298742726,54.149780634614125,6115.749455513875,0.9703240479372064,4.833774040184998,2
8.756090546365986,5.066990717224872,0.3129073942136482,1.391362740962896,349.31882529529685,38.29002510353262,4339.560822311341,1.3735753057597342,4.142967441008911,3
5.122456594790224,5.5159392177041,0.27109625376406576,1.4047251801844205,264.40133863705387,1262.9497426093292,5385.700897451883,1.2627990528758053,5.08920965878186,2
6.199075063211633,3.4374541431134573,0.5976682827027031,1.5237986893065822,222.85983908785502,772.3953095904596,5000.554972343647,1.0130772183680499,4.350242481226261,2
29.42823736997211,4.470947322653705,0.8660956336116915,1.363038759693648,291.9684440237253,710.7125202527044,4227.783075875878,1.1707472004717734,3.8821484889752957,2
1.6646955012850069,5.794264679621827,0.9467337289233956,1.143593553953999,275.79130243756316,278.5565442590107,5246.441985925935,1.3473550539093668,4.413979320367264,2
8.824446091085541,3.7457105768307506,0.10590580440375763,0.9138840415708203,251.6876840123373,1365.5146882682957,5416.8016024186745,0.5095389540255449,5.219084600572851,0
7.049944407931773,5.293557932166629,0.15482861259771985,1.652871996369803,291.23107720506545,184.20722848603805,4699.436723665576,0.9028900310500486,4.582620025032463,2
9.453443180030728,3.643418195376595,0.9447362587830797,0.8394086450047793,324.5752823623392,210.64047117925077,5582.9582601276115,1.4072431672770787,4.506260932164893,1
0.18276180406497233,5.466429982433526,0.7365352283347926,1.5385314592316213,299.53557192160923,617.5058456833166,4166.618296605401,1.2403130308439514,5.318605822351427,2
20.566935225406965,4.964358517702516,0.8829938248297731,0.8499992339739899,315.3490536343119,337.26435722263346,4252.621926775178,1.0428413743340745,3.7843225764727864,0
26.89988536691252,3.3848681840944908,0.20263263413534316,1.4379952549316808,390.67038492577115,284.3050891945535,5068.2986977943765,1.0296445270351335,3.857200442973614,3
8.327154639433976,6.164739354457171,0.5875858711094019,1.6206174006935434,282.8560569221218,1036.30713494618,5012.6926389861355,0.8477700976044378,3.692076764516584,2
11.928707405259582,4.265408423201951,0.7011395944174736,0.8280708333598088,313.91743173223347,1052.6024007975489,4641.713255787948,1.0205205336415144,4.686324093240027,0
25.574693578456262,4.189747562985619,0.6801118854469727,0.5899149512919624,274.53933187004327,1740.2135046239089,5404.797217985943,1.1553831994634534,4.583246563557562,0
12.283974533925182,5.2005691972309425,0.4081516908666981,0.6964606144912611,257.68201400565135,540.7842125484676,5265.447157107975,0.9183630384287931,5.271368183639888,0
1.655105091241217,6.148637349428715,0.015394891691308477,1.4089954509065383,270.7546173291115,75.8935094591295,5429.069535467008,1.214153146392174,4.621737538568385,2
8.587021498525601,3.984178181021603,0.5829260568042631,1.7741696093386032,276.0620714239156,319.74584480500135,4938.431782323866,1.3612322272603858,4.297921420260349,2
9.33220857034015,5.061679849847971,0.25310153917960876,0.5674952318531366,317.9737898773563,3912.2962025839365,5301.2901339891705,0.6546848481848612,4.500897436439054,0
5.518745039228211,5.428816500330573,0.45025424614289034,1.6012268885624694,417.45378933503787,906.9806436372656,4777.174848485003,0.9515470228174244,4.558853709230479,3
13.334903038833922,5.693105607263144,0.9575810150838173,1.0119779689250783,264.19782818620797,1236.9681625845128,6026.909345043297,0.9080200912850811,3.6641193633359164,2
27.236768857624746,5.176441555277226,0.3990353176424347,1.2177925548792838,279.1687347192269,7.385031969425602,4593.727114939007,1.187464804049728,5.8551658221674465,2
25.978762130541174,4.632972160916678,0.8398016066644267,1.8932893247683484,296.8438493444376,730.2380863036913,6052.648714729156,0.7498674652579294,4.759935509050956,2
5.9936429630361765,4.17240977935128,0.18854060574925113,0.9979572571037683,319.7899424354874,38.25098732247009,5017.443973544704,1.1402509149522762,4.6050041540112945,0
1.2017870455178419,5.0861438830463745,0.6724604980250288,1.1980054009092291,313.17754059773927,842.181466362131,4312.244555215629,1.377489241731488,4.807581992139291,2
41.89173989120707,3.927860988014393,0.9770069544389435,0.5205236221410217,364.2047896974059,2535.410987728715,5684.0396752443,0.9181315997936227,4.854705490293303,1
18.25718110818443,2.0786495165053926,0.10189310087293679,0.6223980800072575,178.68039647323957,3455.2037372976965,5062.95069419748,1.41101569997922,4.429723257248784,0
1.331459597170634,5.4365598041576675,0.008319942227192012,0.887887386702176,180.65350649021636,777.7309800773883,5425.562049190119,1.4931637389334784,4.18437943187965,0
25.36307940963276,5.903934841086195,0.43358279263261434,0.5417783612316116,275.20609139949255,612.8672184221816,5611.9279592712965,0.6060920499479521,4.799725343160852,0
20.394239312268635,2.6370675644581616,0.0926254830513672,1.4470629890723765,354.86500937718546,2900.7329465774733,5168.977777072512,0.7330531879848586,4.692855420265726,3
7.315513859686492,3.9902692952900622,0.7483843496762314,1.1395975352024337,221.7175984197202,1119.6617788847723,4703.879577593592,1.4503797514820933,4.095054950455296,2
8.94713786829075,5.619154261005198,0.9145486638485589,1.3222178040920332,149.61838301531213,67.10103307627976,5487.856688834625,1.4583276864813868,5.209517805683632,2
5.091648434090136,7.057495469711698,0.43402097270875883,0.7619707788444943,328.55897031096043,626.845672524,5000.377753727298,0.5977072753867585,4.646676018161491,1
0.5631814924329379,5.020793707675408,0.25871164215544096,0.9438980441549242,312.1828611851357,274.75929039765356,5342.92890930421,0.5149985003771367,4.864909681133815,0
4.082648863007411,4.271997058770865,0.4344033190066098,1.4957367122790877,245.4895796600285,634.5091357614874,3923.1347131042694,0.6611000232564223,5.19596044383996,2
16.238079110661786,4.81710355889516,0.723447817850001,1.9479540854455997,250.7230199639535,607.8241099695139,5223.490858504926,1.4960127833822483,4.510944410582417,2
0.04642784066342885,6.374876419148185,0.009054161580370979,0.5756251604033138,251.51281401826628,872.6203246911184,4680.707087427485,0.6799996166106869,4.658476003492058,0
4.057138965901687,4.354035820875465,0.5894539894846972,1.8355764812828992,305.526765873697,441.25368273767515,5826.654818589265,1.0025476067220231,4.905013619253058,2
5.077780948546781,4.200807993349747,0.6132916848873791,1.3653218019668127,268.6842361908497,179.45022237007117,5311.543673944548,1.348417726430511,4.137569458099974,2
7.708830241238818,4.517256477817968,0.6376882468959355,1.3458793501334356,324.703195948776,700.6138561116621,5119.928872924648,0.5204016106882063,4.527025831423001,3
25.239254761530418,4.046671391741287,0.2420220799808772,1.2504178028116404,157.26866685478043,1773.1509919733244,5243.154996675111,1.1044889822584594,4.562774293325574,2
4.251771108907901,5.122670315994796,0.7140527233781268,0.6040911288562751,257.15740674361,1090.6805127395164,4500.779573561641,0.7770254488696243,4.021970724158303,0
4.261064859584953,6.62467845846956,0.0913914863317764,0.6348152776042411,243.69730195444748,413.0455662061055,5811.628345264027,1.3623349164397316,5.658818394336939,0
13.375089516655656,5.323079273116029,0.1992703364668008,1.401368008488629,287.1829660813754,2741.4470608971546,5995.685209208452,0.7834611492640792,3.7963532782537985,2
6.018777734923394,4.7476464978737125,0.8774700466544819,1.0114378571533376,273.0976120754931,2432.78001496574,5196.456755274108,1.186755720281909,3.850948048156421,2
2.5438247370272538,4.708188731084456,0.7387231507265664,1.875902099866521,339.89218899478834,234.89786258445372,5795.201784286819,1.174219632447397,5.157113287851789,3
6.022823505761551,3.436809191303343,0.013745554011345251,1.1098858060392085,207.03316141699713,40.215496311193384,4715.425900663733,0.72149354885964,4.856633125398271,2
1.5181992193138705,5.883109777147159,0.2483762603698002,0.7149221880539616,302.2745738165376,1352.1198523233413,4601.44321688751,0.5347991998683501,3.987017591259611,0
1.9405450320809674,4.922162802987198,0.21440648299316456,1.5720782502530541,327.9168211605853,1757.9974431107007,5020.4623743644615,0.9092495737853973,4.803644507550846,3
6.898880428028177,4.819520086409375,0.2708063280369726,0.9400301321615148,392.83237182809773,3437.7959932127733,5217.470519183949,0.7891931519658697,5.233925222498655,1
5.42876216256007,8.19310756784486,0.2475597702798864,1.2882054610338398,275.91170144532623,2205.7886916943294,4803.0066593784395,1.3089777496137085,4.484868471201507,2
24.632927352528128,5.298752908365686,0.06252629574284574,1.546749178257755,316.22293021762584,917.6285468657426,5268.884095184242,1.3003641884553452,5.799411450037291,2
4.500345830397283,4.248208949904816,0.45894051659682034,1.8503961668031055,209.80686037188175,755.133950505363,5153.1947410367075,0.9570239521926255,3.637969094565982,2
8.68902383785272,4.573642403794457,0.7327334747861651,1.6882867922025142,180.40218978434882,28.235960383236115,4500.846612354472,1.106512225323219,4.846911726929551,2
10.00390772517848,6.148445709196755,0.6067317247174364,1.514541601809086,342.238718789085,283.2339093406837,5259.39650872586,1.104259515986925,5.083264168110501,3
0.13180944825659227,5.113270410537765,0.6728716685980798,1.5194497735927155,299.7219853175965,615.4729710720278,5431.7641212607605,1.3271581484276234,4.945671950802623,2
10.89268197035989,3.561722021682633,0.08114917853623915,1.9188869660481298,358.92563448992115,990.2169130855343,5085.734658795195,0.9250024141231975,4.397822136677176,3
1.9605864019924821,5.919228934575203,0.9514907101767872,0.9437361462448041,231.32985555151254,814.754143080812,5576.324051630846,0.7754466797905091,4.354779258994426,0
32.45998272272426,4.331855914461006,0.8384918338430248,0.5016681412942812,325.9951069764376,1357.2638136490334,4391.298103251524,0.7650349181405475,4.7220725855436285,1
1.6094690431018008,6.873297776217545,0.8050903184956627,0.907931839097298,393.44089202719266,328.1804122525437,5233.975211065926,1.0361922792822043,4.907877243326035,1
5.355011145366069,6.0800480657146485,0.8229838050417675,0.8268370694401159,320.9852804178633,832.3003059024983,4414.859646801613,0.9491482027322126,4.8012367181411815,1
0.8921343765050314,4.552678104341249,0.9327105081327614,1.4927518776709974,313.82907527955246,92.27126970243187,4442.959320883456,0.9401207709849362,5.020028945396694,2
57.68081615150759,6.281016361735113,0.5442539661136977,1.4505673996482935,300.4278040412175,533.8648733691773,4684.534583131105,0.5911373390897072,3.990565021466632,2
6.975468656582261,5.067855510527403,0.2002820178676259,1.3901920740570857,221.4559271437044,1386.937899965005,4528.969908212877,1.2186037406901957,4.3861145104381825,2
9.048193240889457,5.8527736751222195,0.6167836078525412,0.5243651648141805,367.7786467855174,1182.2140960742074,4726.002090629431,0.7137366879819107,4.0299920339381226,1
0.6943205082825417,5.484732817294475,0.742881493667939,1.593167081675971,269.4571180097467,4671.602464184588,4892.924844644405,0.6969536302087214,4.306943611956929,2
13.86136255215999,4.153643345009127,0.7379173933540254,0.9852956187282373,325.2241628191508,325.57935642692973,5418.577243165692,0.9127583202773935,5.007610445907153,1
2.356028382502632,4.356450167682538,0.5214490241668801,1.4975839835099467,221.84828467143734,689.5323203947223,4839.420480647149,0.7277783416178014,4.553991960362614,2
22.833148568116304,6.029960817581161,0.06845871933357806,1.33486764275323,241.02701677461098,399.7769371310967,4207.187146615203,1.0838582673080155,5.803429581574885,2
2.2958882816083332,4.665224667893459,0.3711129384301278,1.0140963881418608,371.75436996111176,580.896065014139,5570.03392324758,0.8714633393344715,4.596703183594858,3
2.1157042980881586,4.596351536758004,0.9207666084633573,0.7018644006561616,282.63488555210785,1944.5619673465355,4581.45493319248,0.9489117225927901,4.529845940289868,0
0.37234341857672165,4.044877420650647,0.584448909757426,0.6416283464907214,372.66377380212725,1152.6749147124845,4970.639786447686,1.0371693216040287,4.553091459720108,1
6.387857932954639,5.423599065593461,0.5383319432557134,1.7472774996683353,296.0884670470741,2140.816571436339,5223.268253470355,0.7035355224818048,4.181095653570032,2
8.320441036761805,7.062524919243145,0.2688535143821935,1.877596313122337,207.90511135210713,227.54209615977766,5099.805209201391,0.6557516228655298,4.471081693811203,2
0.6796694017915648,3.932467085745727,0.3684489199165789,1.4746820701464494,344.60337998658605,2066.4156903706216,5547.089773760737,1.380421902873605,5.063894013555823,3
14.940025935983723,5.024219456672758,0.8953460891531693,0.6551511722907251,270.5053841122196,61.62253588162448,5239.50157169638,0.933723702831421,4.556985334063886,0
6.038346502936217,6.412220555415429,0.6664630475268357,1.1030408253323611,334.93444067585216,2194.621492238292,4569.345210151446,0.9120936096325392,4.103270135058264,3
7.431576545925969,4.9203586087542845,0.7873870267523329,1.5934088001577358,301.2605433770041,399.09610254281984,6089.281086995831,0.5356121502728415,4.037457689760682,2
5.811814717875803,5.452371796249734,0.45434542306765513,1.669731326015102,222.8440886028565,377.73462683026224,5097.166731669116,0.9979763025873932,4.274899054167078,2
5.120982012749213,3.9376064718531203,0.6302472194561579,0.6773279334366329,308.21473826852844,717.6213992322657,4926.329886689246,1.0541697216110002,4.53693171720544,0
8.201634571378747,5.428307097207648,0.24838360874320753,0.5000460782680736,409.81115710763993,2824.9805182559135,5481.962711527785,1.0588408709546666,5.096793267738131,1
1.6870300676095549,4.812855734995451,0.7054608302834863,1.5682055688209076,324.64932292572297,48.960611610247405,5124.725472965036,1.2070311693228843,3.8297556793167815,3
2.008050862086255,5.985729995679863,0.4276013337033373,1.0348942639793084,297.12411234972683,434.2210891811812,5199.614096469663,0.6774818349910118,4.340086861055622,2
19.789493282961402,6.187386051564751,0.4425455148147456,0.8817219974273904,353.7671700978449,1941.9220329561,6246.091999300344,0.7522231342306188,4.572155009717539,1
29.209117092646856,7.589563642018614,0.6493223245768817,0.5193462046842882,310.53342326015553,504.271279544665,4862.439285872477,1.3107304652304128,3.5831471161852826,0
4.673021874751385,5.579633173213575,0.9362806214689267,1.3104491101422495,310.4767115131397,222.09022825010862,4841.119552991302,1.447170616843394,4.083200858516797,2
3.15731365692666,5.325796316582166,0.06400634660862092,1.7767261031389725,245.41874139204486,553.0273567214095,5058.289256006232,0.6359327473673206,4.160055730131907,2
10.328232650944571,5.194384301577336,0.8247432373470076,1.9364474694088818,311.6924012894799,487.0317913667741,5535.75796779052,0.9976495545052182,4.102014813074751,2
5.254895676072463,4.6468337071893115,0.2923831104121931,1.348617425919934,351.77217082084724,2470.012537408331,4246.7329849048,0.7141762527395868,4.595944772510824,3
0.2571414873264703,5.338483843461691,0.4439194545063778,1.2716919916098413,258.19689239499877,1435.2089111459302,4017.2220542617474,0.5600731683549824,4.419720195249101,2
1.697836032995106,4.704598589860971,0.021913328775008956,0.6275845782338616,371.2247910623474,703.430989613681,4706.442364689926,0.8255033381261354,4.222356948699482,1
12.586832598530455,5.168460976269614,0.30104607783431303,1.3233092023138997,295.4146987927437,4454.216042922717,4183.038520470356,0.6436876251842127,4.713981313276317,2
10.756497823175357,6.31759753560796,0.5026312426301305,1.0699686184480919,255.61152442307298,626.0074167319419,4787.584326237181,1.2099330734342462,5.361537358823125,2
0.27469857884440096,3.9934574347203586,0.05617607734743901,1.4107029213253655,349.88160384601224,60.002510614285924,5251.249848064645,1.0337254136714444,5.3196282583708765,3
2.50992973866705,6.139878561129045,0.49109572938316515,1.08308952181482,285.6602882130865,304.18323325927,4554.625568223868,0.6438344709903109,3.5386141139688316,2
2.62761578950931,6.3171150673398655,0.9271106288584273,0.8604486851755502,337.9757443743054,572.8260002207045,4286.586711609329,0.5092415884055144,4.78853609191757,1
11.144147228278518,4.881931473008922,0.10539321810780522,0.6424479128425648,285.41206838707313,170.67281655523158,5034.668580857674,1.3081570490242127,4.41098835496808,0
0.19907381292139403,2.8781451009914054,0.7644407280755043,0.9723776668833436,297.0086928235048,2948.1833808536817,5431.271742307586,0.6761944061642475,4.577577671432678,0
1.099360586013728,4.392178012905568,0.40967105337599263,0.6449672514316285,324.6780102167146,1456.0685283865173,4152.513280741694,1.106216642220766,4.300858483228725,1
16.090184272962414,6.296994546561109,0.655173714524338,0.7653454262359759,314.5448528795003,312.3671923215122,5410.116199152992,0.8369219130767456,4.558794314943601,0
1.9667770945178533,4.977131937701118,0.26023659798522936,1.981004237869319,200.22341097741307,893.5623239443269,5408.653101869163,1.0854859383150357,4.575703698036009,2
10.576990889205769,4.0006977677050894,0.1594922625413583,1.1661553353599279,243.9378129952804,1278.1546765266114,5477.042551078314,0.815653626982324,4.210524121325538,2
2.7204862220899524,4.4952250787717825,0.16046261427122643,1.2978076497575248,346.4704992395408,2834.956654154191,5609.240107435843,0.5869395606922542,4.05181622608741,3
1.0474003348487133,5.840620026504553,0.07049194564314465,1.810427793105823,293.3931705549226,2133.985158334065,6101.006962329808,0.7229500085577536,4.275652158690258,2
2.786195164114473,5.546733568201379,0.18564670490124302,1.9933533507360317,273.8134348614289,724.0028091621411,4821.953975690472,0.6880585664790756,4.617129632228383,2
12.810948130970319,4.761067900830306,0.6642193849889683,1.3740716740170222,232.07129923712628,1490.1121553535597,5054.785790038929,0.9280193524396438,4.799498170842132,2
19.358363374539294,4.6331755881853125,0.881690611843508,1.7187107315662575,246.01318393620758,825.8669114197817,4791.780783375987,1.1582837834261572,4.9266744886700735,2
17.732509999755642,4.608241850956178,0.8141256855911618,0.9904115365050129,198.91006800190263,804.534465307152,5000.988422377905,0.7638060749463575,4.252904988466543,0
5.061424894750885,4.077589815501497,0.6851343098744841,0.9586159361709367,294.9359640649234,121.87610397398967,5766.436677818156,0.512069935300618,4.641922283651368,0
11.02876778404595,6.615375689469442,0.11043186341110267,1.1040555814918402,270.0781209709477,134.8324191825476,4327.492758034666,1.0189373642647568,4.981251295976649,2
2.293934103289808,4.6776795307886605,0.28918744629594983,1.5087608940104738,251.67060545073423,754.0307678277603,4569.475163917212,1.105759489358972,5.082797447572064,2
3.4693358861251684,6.217158520825496,0.309806875322469,1.5232875338826481,296.59382874160235,313.15243221373277,5688.5904682522805,1.4628704940018098,4.470583572934239,2
22.665986286309042,6.521316051922451,0.24995694639762123,0.9728591519741763,318.1985315426369,21.261331197272668,5510.018253451045,1.089470803093247,4.389534137530194,0
0.13087188396285002,5.9983108981479605,0.5150056597097231,0.699814886204943,404.65989661049724,1283.1574498797454,4818.434176591461,0.9711725593781418,4.595562116918196,1
0.8938713963044913,4.5683796872819515,0.5355538148796726,1.448594384698263,224.40582902183934,33.02600062394263,5427.20100056036,1.073401625897704,3.925146263551297,2
2.330502802398152,5.40373009033661,0.3568859751711102,0.6924887932831467,357.9690521650261,904.5520038896955,5170.607921246016,1.4279006298620271,4.403195244482246,1
0.26890535224316886,4.975804393609084,0.353789158736436,1.3677387623439952,348.6550780507536,774.7777020854885,5750.137304500494,1.3283781456016461,4.872293199236565,3
2.0020300329027276,4.096298139269872,0.8285555979060814,1.5401331920844634,261.045363031165,3467.8081469049494,5037.254796913387,0.822978733363808,4.82097356472185,2
8.747687287443666,5.324359281721603,0.7892928483196856,1.5509172445916775,310.16179772930155,662.0616595849093,5512.816056936291,0.7372543636571373,4.364866197818055,2
5.471863183678004,3.8209602088401975,0.30779583168074565,1.6302081659893952,277.11833753311925,65.71407730269343,6321.00595524631,0.7626336123660736,4.608859100543583,2
22.318630208218273,6.1876793884615635,0.9137884438732593,1.8092891323484968,309.28442902093695,802.2657885790044,5299.049577523733,1.0044210397152131,4.087674829854656,2
17.006959030194785,4.535382702701607,0.952815017002506,1.2499384879471827,375.45655067022756,1839.4561063975755,5024.664082897421,1.2440494512285778,4.851746074112512,3
4.1827280516903205,5.201159655872839,0.32674254203004083,1.5953737842943567,330.28031163156567,5760.125639712095,5361.223492610489,1.003219207182962,4.461089281931764,3
3.0032625214727853,5.283287871546142,0.35442494879305486,1.4287591030487552,325.4304186616721,562.721158567536,4817.359570898057,0.5677963958281126,4.362024274151931,3
4.7753980810853776,4.741095026295922,0.5056341534219588,0.7799599096965238,278.4845340022679,386.1019045455453,6193.983852762366,1.2235807004399808,4.319138081953307,0
8.923177501433052,5.586693801475275,0.9411208125336735,0.5385344673041123,225.79716675378324,2371.4347277969923,5090.035518847991,1.3059701286709537,4.468553066550071,0
3.120617098152729,4.525096343377475,0.8763194331423115,0.9268120785154006,289.5765894729796,212.25570100557,4863.5333398872435,0.7894978651197196,4.276061177534021,0
9.785622455470875,5.871297297457244,0.1025679625835898,1.1645505595064292,360.33040774319574,955.6266307466659,4582.155497489982,1.1641257392833504,4.829071518001282,3
5.266360392798112,3.6540203197532515,0.3927307432714162,1.4256589166429845,223.6416071705176,520.3953077789556,5548.610095803219,0.9265919010543934,4.3023582259919095,2
8.030673665148445,5.126379579546412,0.5533711897497718,1.774938995754808,247.24553159116525,41.95009408073032,5433.59370641387,1.3891193557274428,5.296482048013691,2
5.72925395091112,6.938928999058285,0.50313247255154,0.7943685750592484,306.3133868117034,426.6200150101238,4751.322814292954,1.34522555816074,5.23260525174069,0
3.4879997526233315,3.9996686753944255,0.19386306793689267,0.6883246848477156,250.76726075763688,308.19574308300565,5288.2256725612115,1.0254319983096423,4.054228255072748,0
29.652672211522034,4.322255029475149,0.8588167711681547,1.9452199212114913,260.3738276442394,1158.6526344019271,4245.722015893572,1.1915055458135946,4.53485213471464,2
14.422545037326362,5.513907849658915,0.6769407829968374,0.6620668390646107,278.82007091359117,2971.8301722020074,5092.485287536578,1.3833497010221039,4.174671689331903,0
1.5095449812302086,5.179581781939598,0.8379083748518036,1.2177366051607836,231.71912979049253,312.0392307307135,5226.378176038347,0.9957170100782755,4.336676218405694,2
20.285049277193238,5.350630099273559,0.8587642793494722,1.3783455931899529,251.2939076891816,1668.4765942617596,5853.664904779612,0.813250740488822,5.501213733822398,2
6.683203296619165,5.489187130147664,0.7483558536657398,1.3120616313611575,335.17139583936546,56.95118266036409,4614.590598635656,1.2536661379095813,4.3462142914421005,3
22.495394902897434,5.63472146856177,0.43921060124971734,0.6290482355494148,234.6315108884518,772.4523487022352,4360.823685598838,0.7200662547846918,4.680113018538714,0
16.087144539299004,6.109699841956223,0.6105467550154245,0.585540371005429,220.1063932752581,73.16233417478716,4552.286019537479,0.888531148006042,4.7706606470041395,0
5.537566192586073,5.409818656928513,0.16036540611974315,0.6582251411915535,268.49875102330526,2718.6005275459243,4331.71574984254,1.3657272371067937,3.9996853137583797,0
0.22725589477540115,4.7587423453814575,0.6736454174749077,1.3783815258089187,336.59777512549226,1453.9364905157763,5668.328678879491,1.224422340269315,4.072452262795397,3
3.129005477764867,5.672573701202731,0.17925325573928075,1.3165173314514815,290.15390960015554,1072.7980941774217,5774.3196475120185,0.9038110052474992,3.8969888142959404,2
7.800877556797962,6.899881934895216,0.6939495905101568,0.8506111880551164,276.7709460942191,1736.6827164148865,5160.108288974415,0.7147445024083574,4.057014633051112,0
10.036973319345364,4.867366253617426,0.22959816075396866,1.4566612127683873,302.21793987578036,1042.7608159525664,5610.647472842574,0.8559683908322365,3.074984945341409,2
2.982546799289389,4.025470695329359,0.11755130015021997,1.730101253083474,212.7146283570174,3471.9760416085123,5066.979190290118,0.784104149227433,4.772291200396814,2
1.5007441883071553,6.107080669286972,0.16528449014295743,0.5623684397698907,324.7352826887516,1251.6164435330732,4952.444176149617,0.6760892879438539,5.5270969206280345,1
18.013870871623915,4.879618836046402,0.001992135219070268,1.2471949153220636,319.1717515701822,2585.7256216489145,4833.48119047312,1.2433329135656566,4.573910369518264,2
41.60624163187234,2.827330453985964,0.7187396178535302,1.5339656181540353,279.5345762952139,728.0117309645198,4844.804504311217,0.7520698868501715,3.7918655703296964,2
7.458945469720869,5.847421677150422,0.7324010490583791,0.8784678906045307,350.29622558982084,124.50302892333252,4226.099221845485,0.9541674701677638,4.178611808550026,1
1.8835486366007392,4.464671814046078,0.5149333499132595,0.9616563579397237,243.62519505234806,751.1528927398087,5132.12738180367,0.8858594468361091,4.270561577487501,0
3.1787647172893285,4.909466717695839,0.1613628010553837,1.4204568544840757,356.39544966267846,135.6740614299455,4979.833044892978,1.4820773786356307,3.991207611393312,3
0.18561887410766006,5.3319803305690145,0.08355433751068975,1.8469029401656054,307.72468327976253,897.6983444081587,5372.680362038938,0.8910922441482205,4.930091319197579,2
24.56888527693557,5.190499679779067,0.01912896643728701,1.714886630454349,283.17237050609134,658.7323443241401,5046.7617482193045,0.5799824827967548,4.905130022187667,2
1.25281043846203,5.70945181713904,0.1657481769652207,1.3746953286493753,299.00631823158443,974.3844595999843,4918.648149215454,0.589825752572084,3.92227410309117,2
8.592406688681558,4.564513629430157,0.8908555349831467,1.5953325766358737,294.6367617094529,10.097792590495576,4564.4034849961845,1.0907537213530647,4.862540522223754,2
3.2028132860279293,5.513105798176083,0.24153684170168177,1.047233705311698,361.01414482088586,216.71487418012995,5036.076618410881,1.0993635517382656,5.263406331788633,3
8.078355154069852,4.740453322416083,0.35427132721721566,1.4614482921481367,246.16604362644932,675.9566518485817,5369.118615408081,0.918758990482655,5.45127910261478,2
10.53888633986027,5.738810480887503,0.10534548448133318,1.1992723866913355,261.87403804267007,3005.8545632917644,4428.330504458069,0.9318436923120297,5.9326060115429815,2
17.7043919242236,5.615367484013054,0.22236130474817029,0.7849042046863414,351.815144603624,483.8738420213381,5043.736876840369,0.5539325828408712,4.049003675278401,1
2.3120252750453583,4.064561297955405,0.5192245707802051,1.5526074108158858,270.223253240807,552.2937055209992,5116.521475764742,1.0165465103892624,5.912110213197602,2
0.11056729631697196,6.085982116175032,0.6077526830956526,1.3346969560232331,345.0266538665796,1254.2003125027056,4640.967608190867,1.0047394753803518,4.322896805745605,3
1.4720807068739052,4.464036554885952,0.24535231416621106,1.037932372930387,384.97179915043546,925.8178644358018,4706.071847546,0.6495493185569445,4.203767272309743,3
23.027715288531816,5.808057798281145,0.05773215922511721,1.867008785117946,279.9102486529183,355.1420481359635,5115.3054243831075,0.6038393861109276,4.663536187438923,2
20.706013520531226,5.367287313401341,0.39103286912739865,0.5314011767400999,334.06811632876526,529.0174216094636,4433.289490853688,0.6235724905994905,4.208969332953494,1
9.098443101964925,6.838183676795122,0.23420337092633414,0.973659726874244,242.31538593300706,245.51672317395818,5174.961857624697,0.6010282464912585,4.699522070323263,0
9.175837185053469,4.776534017628148,0.21955392322980194,0.5853220966664698,337.7366649033905,3382.0261045140305,4552.3228131704,1.1097081955367598,3.839961406131349,1
10.937342294075126,4.650683203881803,0.9598628027134553,1.6497909743324408,309.97119929933837,139.99150751418267,5531.426846516608,0.6964826524029186,4.380623698968283,2
1.9282202863855216,4.980580394112267,0.6163004859257241,1.553161181170689,323.65191410801077,464.95524909413155,6168.91387269415,0.7514301521874635,5.14279111718084,3
24.582095607713015,4.696820217165724,0.5568784431720959,0.9970283281044756,267.72139639823024,26.178662741660265,4569.62159914909,0.6735721441514397,4.471469354284422,0
5.426096343463181,5.79994190194205,0.4157751035233219,1.5134943533106096,216.94582922164136,250.74536557093896,5267.103931187337,1.457835304448503,4.570797893369941,2
4.8311079932786845,3.3836893915634123,0.42894433343014426,1.0939058392939247,325.16260323747525,1516.2715670931852,4636.62904755899,1.3546174631518353,4.7376293023586555,3
7.31716932622681,3.9463175808536457,0.5409050038380808,1.6343806871336515,196.82984237602727,224.6136717730347,5520.477086898894,0.7304948373515209,5.08533081465883,2
0.48104664291977217,3.932197078420807,0.6964298070361072,1.1812754941050592,284.1324753878733,83.4505271062073,4367.370795457393,0.827566293922126,3.6723876439052834,2
1.8186170504927233,5.9503075919735755,0.7021460961818294,1.1184195917474984,347.0590933209985,643.3159962391616,5240.2933792138565,0.7098928423049972,4.792262025918717,3
13.395390904239633,6.710613372581925,0.17169390770544957,1.9020948732324514,309.5948867936518,10.019260310612232,4563.505516555324,0.9918759594608237,4.365930430379119,2
0.8642827567184359,4.8955507814625285,0.500112752076627,0.8763186498360503,397.4171322394907,88.57567742582314,4896.507705450816,0.5196105324742536,4.583318947655919,1
9.242022189851156,4.83117827680999,0.41195809503410197,0.6806710099948481,351.25545762908865,1648.3132069787293,4484.487362426346,1.1713680088967957,5.029975084881189,1
2.815000336004408,5.070052163113181,0.8705269662693842,1.3768146698891872,267.3050805837212,1476.1024227580851,5411.175235447877,1.0231581498176416,3.902906674294078,2
4.931422569251883,6.161878302608191,0.6314189212183764,1.9539827184262684,301.36566899257195,2466.738538820195,4581.509822780206,1.3986389283011031,3.993677779278455,2
3.4065219195414596,4.072646865809426,0.5325040664159818,1.0667588205907799,297.6314648727782,1927.6852867320713,5275.982129665914,0.6643926843284141,3.532285020143097,2
4.395484777228535,5.2383689827347855,0.11539464217891737,0.5930551454431723,220.89116183269363,1149.407485778765,4827.950985868833,1.3041092460611317,4.225420529118112,0
12.695639866386868,5.975197629782429,0.6056378893234114,1.0089579009643512,252.98005417578233,53.75195367858118,4942.763814100568,1.2919610144667157,5.1652161721894085,2
3.5257153960555088,5.5010941699398455,0.11720390568023342,1.2588974814793377,271.961954651007,1527.1605556957813,5073.877953700065,0.6271811892168869,4.439706405763265,2
8.356435307057023,5.189581616598743,0.33720657556575206,0.7428845099483206,198.18897485720316,1867.6311581706282,4619.087664170575,0.8985592241441276,3.8299375521726073,0
6.463597866902617,6.001046092567141,0.14284196481433187,1.4871533270847381,302.3746734125821,1604.8591398903225,5105.183556770444,0.6701526411445169,4.2571606277124765,2
10.896659230926783,2.296767707000763,0.6920736470243689,1.9966240835153009,287.54640776734794,710.250685793965,5765.167282177205,0.7547205004575489,3.7560691482546886,2
27.61921647512969,5.677875319530908,0.2062521138361526,1.1776092139721657,216.35530493442127,265.14050490345295,4610.952607083643,0.7632461748305444,3.9374069491344192,2
13.189052712550428,4.345924316872576,0.391859373188026,1.032092835095319,320.2106432638666,1866.4613067505318,5585.905071636922,1.0562363940257726,4.694409455131857,3
2.4199561324404733,3.169367103143543,0.8956747776187787,1.1010562502517,335.793637234548,1298.8800343725943,5749.0488167438925,0.9114109317604655,3.9130633368469856,3
0.31679678824257845,5.511202599524981,0.2043163833989703,0.6727192675928018,311.35172394324445,3950.8248745291266,4591.922505485978,1.4477328040063053,5.056317152601651,0
3.041693020055879,6.373658545162957,0.5078050639587791,1.8249104021393356,283.7965912395515,169.23863003010058,4272.472697454724,0.6263701419470051,4.464439854584832,2
9.040606518730973,4.862551485372308,0.419271661166022,1.122238483282028,329.57210758759277,255.7501440337658,5150.980450085883,1.4736921348501988,4.542797351972263,3
0.5279527809977468,5.9528745472029385,0.018124041045729733,1.080911617137262,334.01101802383454,238.00106695362913,4726.296238616564,0.730638640214264,4.360813516196053,3
6.859059560261889,6.612278257988645,0.7927581135728128,1.4895354093957116,315.3701784859844,1572.8156088659846,5934.301609581501,1.272873936381853,4.886423919271862,2
9.084288399875602,6.314914453584048,0.06904590631459973,1.1630501313966852,258.76938747826193,206.9101494282347,5017.403770249916,0.8389699261728214,4.891579943888505,2
4.068318779381004,6.639964529371393,0.4742550209769536,1.472350203211769,313.83003827555905,68.98554632446562,4598.90029598241,0.6430813954173139,4.667527175956086,2
14.736499591467346,5.7421274910718925,0.5606782949389499,0.5921694351961813,359.7740325412739,6543.672451233795,4426.420244494144,1.3578891852462398,4.782394552953824,1
1.12718914764678,5.075433638901592,0.6284264566145871,1.720585015583341,270.1685470694135,25.130350114741578,5544.952479545415,0.8088608992364632,4.393955165039787,2
0.7811050579224701,3.3980341881028315,0.6886316293078756,1.9107559293191039,404.89696695662155,1803.2900525854966,4714.408012957907,1.1588554042268422,4.771101503454524,3
13.026474102163927,4.753937511870052,0.2532723835227151,1.473148079239079,273.7184533007308,454.7081502536261,5021.914399730214,1.0664436850866266,4.331061112263097,2
6.841702266630686,4.156753404683808,0.009978776658449373,1.931848893288216,301.6203506670068,1842.7294038461077,5477.901372556241,0.9717563093908743,4.501115811081201,2
11.660426557331409,7.170942717497814,0.723443662354912,0.727148471554945,266.3757201996832,808.828531528699,4757.870824034585,0.9958194726485391,4.362678125316851,0
5.706239991288573,4.824114187567663,0.5356565993475786,1.2161242842205304,311.163541796013,2319.0318981262067,4977.035585629919,1.2322379140922877,4.271390730340402,2
2.828962537585316,5.123204806784486,0.8361177032072488,1.4027101009181708,212.88891536823624,2606.301516859094,4991.71579508874,0.5877729141234406,4.155444101139105,2
17.09823698571196,5.551485376040468,0.8213883629006943,1.37260497113178,272.6979100591639,9.139822497407572,5341.662255758046,1.1681806619579052,4.733845051929443,2
16.0652156396019,5.043602446372454,0.8433261677878832,1.1021926686335648,245.39393998257162,78.40723644484237,5295.372167755163,1.3958121013985787,5.155302956406731,2
11.864488197091214,6.695051040430753,0.48509465997954015,1.0071266140493922,306.76691739461455,288.16049297110305,4889.9431343725855,0.5577881970198642,5.08555098583478,2
3.1765361498803206,4.377350638265548,0.33362839583686565,0.6902360338256281,349.7223687754454,1106.590277448723,5031.824530748258,0.6406533392336667,3.8717173320272824,1
8.921608797234642,5.194607455237243,0.79155820259137,1.0876136758434174,332.30030935572756,2191.689691718487,4814.110494238255,1.2166319367020315,5.144601525703437,3
4.478099755798221,4.257529414301952,0.45129411302925493,0.7439912226582277,181.41703195705537,616.0786475974976,4261.193796540278,0.9372816482446176,4.340920749191036,0
0.9605073460665323,3.6799774887792944,0.1834421964034345,1.6015485147383277,402.103482646394,933.8772630256832,5128.8004286990645,0.9035486208136884,4.800366507572796,3
24.926998435376415,4.388230909094714,0.8549740195614743,0.8132464032418849,314.7639970310434,208.8707106295546,5946.095880416534,0.6369666345442359,4.046892333976395,0
1.4713044881952002,4.962963202951588,0.8825598767723473,0.5878479579268008,261.17504297535,1634.5856522227818,4558.140429654469,1.0067700407177882,4.5709899569370025,0
30.004906531227626,4.57069777548274,0.4663097561401701,1.3285492067258515,307.85639594954705,3421.2402452289316,4613.485145198649,0.6265453111963772,4.656861591448454,2
5.906010127908722,4.307579020126144,0.07569972730978747,1.3928445990791025,308.8094911251346,312.793314305106,4564.636114178129,0.9766204563105404,3.7576976040401737,2
