planet_name,transit_depth,transit_duration,eq_temperature,insolation_flux,planet_radius,stellar_temp,stellar_gravity,disposition
Kepler-227 b,615.8,2.9575,793.0,93.59,2.26,5455.0,4.467,2.0
Kepler-227 c,874.8,4.507,443.0,9.11,2.83,5455.0,4.467,2.0
Kepler-664 b,603.3,1.6545,1406.0,926.16,2.75,6031.0,4.438,2.0
Kepler-228 d,1517.5,4.5945,835.0,114.81,3.9,6046.0,4.486,2.0
Kepler-228 c,686.0,3.1402,1160.0,427.65,2.77,6046.0,4.486,2.0
Kepler-228 b,226.5,2.429,1360.0,807.74,1.59,6046.0,4.486,2.0
Kepler-229 c,4914.3,3.5347,600.0,30.75,5.76,5031.0,4.485,2.0
Kepler-1 b,14231.0,1.74319,1339.0,761.46,13.04,5820.0,4.457,2.0
Kepler-2 b,6674.7,3.88864,2048.0,4148.92,16.1,6440.0,4.019,2.0
Kepler-8 b,9145.7,3.19843,1521.0,1264.67,14.59,6225.0,4.169,2.0
Kepler-466 c,131.1,2.6302,1206.0,500.46,1.16,5833.0,4.407,2.0
Kepler-660 b,1288.3,3.2875,649.0,41.85,2.47,4856.0,4.583,2.0
Kepler-661 b,1912.7,1.5821,678.0,50.04,2.85,4537.0,4.648,2.0
Kepler-226 c,831.0,3.0278,919.0,168.99,2.55,5185.0,4.44,2.0
Kepler-226 b,363.3,2.5984,1018.0,253.15,1.7,5185.0,4.44,2.0
Kepler-226 d,217.4,3.596,800.0,97.03,1.3,5185.0,4.44,2.0
Kepler-662 b,857.2,3.4555,530.0,18.64,2.95,4954.0,4.5,2.0
Kepler-663 b,934.7,2.1717,917.0,166.95,2.78,5339.0,4.552,2.0
Kepler-671 b,750.8,2.875,1012.0,247.87,2.3,5644.0,4.564,2.0
Kepler-672 b,724.2,5.588,529.0,18.53,2.82,5481.0,4.369,2.0
Kepler-229 d,2213.9,4.6297,439.0,8.76,3.86,5031.0,4.485,2.0
Kepler-229 b,1036.9,2.5819,823.0,108.3,2.65,5031.0,4.485,2.0
Kepler-665 b,1121.9,3.2554,593.0,29.31,3.1,5015.0,4.499,2.0
Kepler-230 b,1804.8,4.7971,506.0,15.55,3.36,5586.0,4.56,2.0
Kepler-230 c,652.0,6.473,359.0,3.92,2.12,5586.0,4.56,2.0
Kepler-1976 b,9802.0,2.22739,1103.0,349.4,12.21,5712.0,4.359,2.0
Kepler-666 b,460.0,3.7362,1133.0,389.62,2.1,6075.0,4.486,2.0
Kepler-105 b,601.6,2.9472,1093.0,337.68,2.94,5779.0,4.339,2.0
Kepler-667 b,2793.1,10.5989,516.0,16.72,5.5,5468.0,4.367,2.0
Kepler-668 b,1041.6,2.2514,790.0,91.9,2.52,5592.0,4.582,2.0
Kepler-669 b,1487.3,3.1744,1243.0,565.35,4.43,6174.0,4.417,2.0
Kepler-670 b,16814.0,2.50587,1219.0,521.13,12.21,5532.0,4.452,2.0
Kepler-680 b,426.7,2.6557,1147.0,408.99,1.89,5880.0,4.518,2.0
Kepler-232 b,1010.9,3.15,1104.0,351.23,3.25,5714.0,4.428,2.0
Kepler-232 c,1023.5,2.6255,806.0,99.68,3.95,5714.0,4.428,2.0
Kepler-681 b,1510.9,3.573,489.0,13.49,3.07,5129.0,4.595,2.0
Kepler-106 c,511.7,3.3539,785.0,89.61,2.64,5854.0,4.406,2.0
Kepler-105 c,192.4,3.0014,997.0,233.31,1.79,5779.0,4.339,2.0
Kepler-52 c,1127.1,3.0249,433.0,8.35,2.0,4126.0,4.661,2.0
Kepler-52 b,1306.1,2.0805,553.0,22.18,2.16,4126.0,4.661,2.0
Kepler-52 d,1122.3,4.007,332.0,2.88,1.99,4126.0,4.661,2.0
Kepler-673 b,5226.5,2.683,1023.0,258.34,6.02,5497.0,4.577,2.0
Kepler-674 b,821.7,1.1196,822.0,107.6,1.99,4149.0,4.698,2.0
Kepler-675 b,971.2,1.9982,1070.0,311.16,2.34,5005.0,4.595,2.0
Kepler-676 b,2804.5,2.5237,396.0,5.82,2.65,3688.0,4.79,2.0
Kepler-677 b,2793.3,4.3084,1015.0,251.38,5.31,5992.0,4.415,2.0
Kepler-678 b,3001.0,7.5377,833.0,113.64,4.86,5485.0,4.556,2.0
Kepler-231 c,1219.8,2.7594,393.0,5.66,1.93,4077.0,4.702,2.0
Kepler-231 b,1053.3,1.369,488.0,13.43,1.91,4077.0,4.702,2.0
Kepler-679 b,916.6,3.8896,677.0,49.68,2.66,5557.0,4.603,2.0
Kepler-106 e,615.2,6.802,531.0,18.77,2.87,5854.0,4.406,2.0
Kepler-234 b,837.5,3.0099,1420.0,960.79,3.12,6214.0,4.442,2.0
Kepler-234 c,950.4,4.0491,1025.0,260.58,3.32,6214.0,4.442,2.0
Kepler-233 b,1123.5,2.7245,751.0,75.44,2.59,5354.0,4.587,2.0
Kepler-233 c,931.3,5.039,390.0,5.49,2.36,5354.0,4.587,2.0
Kepler-682 b,6105.6,5.1497,753.0,76.15,7.4,5795.0,4.508,2.0
Kepler-683 b,382.1,2.4282,1332.0,743.09,2.06,5519.0,4.35,2.0
Kepler-684 b,1304.0,2.0844,812.0,102.87,2.77,5653.0,4.656,2.0
Kepler-235 d,1494.7,3.3203,361.0,4.0,1.96,3950.0,4.754,2.0
Kepler-235 e,1394.7,4.758,273.0,1.32,1.83,3950.0,4.754,2.0
Kepler-106 d,104.0,5.351,649.0,41.94,1.31,5854.0,4.406,2.0
Kepler-235 c,520.8,2.186,494.0,14.05,1.2,3950.0,4.754,2.0
Kepler-688 b,8544.8,2.3111,1005.0,241.62,7.34,5557.0,4.592,2.0
Kepler-689 b,986.8,5.228,536.0,19.45,2.32,5395.0,4.615,2.0
Kepler-685 b,7969.0,2.38963,1579.0,1467.41,9.73,5539.0,4.322,2.0
Kepler-1727 b,1019.8,3.1449,757.0,77.75,2.57,5349.0,4.526,2.0
Kepler-30 d,10566.0,8.9302,308.0,2.14,8.9,5485.0,4.556,2.0
Kepler-106 b,55.8,3.262,1021.0,256.35,0.79,5854.0,4.406,2.0
Kepler-30 c,20280.0,6.6188,411.0,6.77,12.19,5485.0,4.556,2.0
Kepler-30 b,488.0,4.803,524.0,17.85,1.91,5485.0,4.556,2.0
Kepler-686 b,15044.0,1.9604,1539.0,1329.42,11.3,5934.0,4.491,2.0
Kepler-1728 b,1008.7,2.335,886.0,145.48,2.5,5170.0,4.574,2.0
Kepler-687 b,2105.5,4.0595,518.0,17.06,3.41,4905.0,4.544,2.0
Kepler-235 b,1632.6,1.9104,656.0,43.73,2.03,3950.0,4.754,2.0
Kepler-53 b,893.6,4.4056,701.0,57.13,3.12,5775.0,4.405,2.0
Kepler-107 c,140.7,4.1654,1262.0,598.74,1.7,5847.0,4.191,2.0
Kepler-53 d,418.0,4.793,870.0,135.66,2.76,5775.0,4.405,2.0
Kepler-53 c,993.0,5.794,550.0,21.71,4.02,5775.0,4.405,2.0
Kepler-428 b,22335.0,2.59959,975.0,213.12,11.58,5150.0,4.572,2.0
Kepler-690 b,2472.1,3.5957,964.0,204.39,5.52,5973.0,4.439,2.0
Kepler-236 c,1182.3,3.827,329.0,2.77,1.8,3747.0,4.728,2.0
Kepler-236 b,824.3,1.3421,469.0,11.39,1.82,3747.0,4.728,2.0
Kepler-691 b,1558.0,2.2736,460.0,10.55,2.1,3692.0,4.753,2.0
Kepler-107 e,430.2,6.0995,874.0,137.91,2.89,5847.0,4.191,2.0
Kepler-692 b,1175.4,4.3791,639.0,39.33,3.38,5601.0,4.41,2.0
Kepler-693 b,15337.0,3.3169,600.0,30.54,11.01,4986.0,4.496,2.0
Kepler-237 c,887.9,3.161,687.0,52.82,2.11,4861.0,4.574,2.0
Kepler-237 b,417.5,2.506,823.0,108.84,1.46,4861.0,4.574,2.0
Kepler-694 b,780.7,2.9721,914.0,165.33,2.44,5776.0,4.554,2.0
Kepler-695 b,10859.0,1.8411,1021.0,257.29,8.99,5035.0,4.519,2.0
Kepler-27 b,3081.4,3.897,610.0,32.67,5.0,5251.0,4.581,2.0
Kepler-107 d,50.0,4.377,1074.0,314.15,1.06,5847.0,4.191,2.0
Kepler-27 c,5073.8,5.176,481.0,12.61,6.5,5251.0,4.581,2.0
Kepler-238 e,3341.8,8.2183,731.0,67.65,7.89,5739.0,4.191,2.0
Kepler-238 d,504.6,6.7372,888.0,146.67,3.06,5739.0,4.191,2.0
Kepler-238 c,285.0,4.9843,1146.0,406.94,2.32,5739.0,4.191,2.0
Kepler-238 b,115.9,3.388,1642.0,1718.04,1.62,5739.0,4.191,2.0
Kepler-107 b,120.3,3.5797,1458.0,1066.86,1.53,5847.0,4.191,2.0
Kepler-238 f,370.3,7.159,568.0,24.64,2.67,5739.0,4.191,2.0
Kepler-239 b,1037.3,2.9076,616.0,33.99,2.35,4959.0,4.603,2.0
Kepler-239 c,862.7,3.57,366.0,4.22,2.37,4959.0,4.603,2.0
Kepler-240 c,875.4,2.6312,696.0,55.37,2.25,4768.0,4.536,2.0
Kepler-240 b,391.8,2.3421,864.0,132.08,1.48,4768.0,4.536,2.0
Kepler-702 b,9768.0,2.5211,713.0,61.16,8.24,5386.0,4.553,2.0
Kepler-703 b,3812.1,2.7055,1038.0,274.98,5.39,5815.0,4.54,2.0
Kepler-704 b,510.6,3.5176,1121.0,372.62,2.66,5653.0,4.472,2.0
Kepler-242 b,1024.4,2.9667,742.0,71.5,3.01,5015.0,4.499,2.0
Kepler-242 c,647.5,4.016,613.0,33.48,3.01,5015.0,4.499,2.0
Kepler-27 d,655.9,2.75,810.0,101.78,2.19,5251.0,4.581,2.0
Kepler-241 b,1149.4,3.0957,562.0,23.6,2.31,4702.0,4.592,2.0
Kepler-241 c,1563.8,4.3246,397.0,5.88,2.64,4702.0,4.592,2.0
Kepler-696 b,2877.4,2.8589,1234.0,547.9,6.21,6073.0,4.392,2.0
Kepler-697 b,2020.3,3.0694,1151.0,415.1,4.35,5727.0,4.463,2.0
Kepler-698 b,1187.5,6.271,727.0,66.08,3.75,5878.0,4.444,2.0
Kepler-699 b,25391.0,4.21587,554.0,22.24,13.84,5862.0,4.584,2.0
Kepler-700 b,3604.6,11.195,452.0,9.88,7.59,5510.0,4.222,2.0
Kepler-467 b,269.6,5.9409,712.0,60.88,2.29,5718.0,4.181,2.0
Kepler-701 b,750.6,3.1775,777.0,86.22,2.47,5501.0,4.462,2.0
Kepler-709 b,1442.4,3.984,613.0,33.43,3.68,5239.0,4.523,2.0
Kepler-245 b,1123.6,2.7297,753.0,76.06,2.56,5103.0,4.562,2.0
Kepler-245 d,1572.6,4.7865,445.0,9.29,3.03,5103.0,4.562,2.0
Kepler-245 c,812.4,2.2641,568.0,24.6,2.32,5103.0,4.562,2.0
Kepler-705 b,1626.0,4.685,233.0,0.69,1.94,3593.0,4.757,2.0
Kepler-706 b,22839.0,5.0264,453.0,9.93,11.38,5522.0,4.586,2.0
Kepler-243 b,908.1,2.5242,850.0,123.03,2.47,5237.0,4.572,2.0
Kepler-108 b,1646.2,11.3364,669.0,47.4,8.2,5626.0,3.907,2.0
Kepler-243 c,421.2,1.611,559.0,23.14,2.28,5237.0,4.572,2.0
Kepler-707 b,315.8,1.8119,1160.0,427.17,1.41,5265.0,4.58,2.0
Kepler-708 b,781.2,2.1814,1221.0,526.23,2.62,5895.0,4.503,2.0
Kepler-244 b,1154.0,2.7251,1038.0,274.84,3.11,5527.0,4.484,2.0
Kepler-244 d,840.9,4.556,622.0,35.44,2.69,5527.0,4.484,2.0
Kepler-244 c,569.1,1.6585,791.0,92.46,2.67,5527.0,4.484,2.0
Kepler-108 c,1141.7,15.284,426.0,7.8,7.78,5626.0,3.907,2.0
Kepler-82 b,1843.5,3.9783,562.0,23.54,3.91,5427.0,4.463,2.0
Kepler-82 c,3644.3,6.3994,450.0,9.67,5.51,5427.0,4.463,2.0
Kepler-82 e,702.3,2.9003,926.0,173.74,2.43,5427.0,4.463,2.0
Kepler-82 d,391.6,1.8876,1253.0,583.01,1.86,5427.0,4.463,2.0
Kepler-712 b,1772.5,4.1072,521.0,17.48,3.07,5067.0,4.585,2.0
Kepler-245 e,488.2,2.0642,998.0,234.93,1.69,5103.0,4.562,2.0
Kepler-28 b,961.4,2.3254,585.0,27.72,1.73,4072.0,4.696,2.0
Kepler-28 c,881.3,2.8606,509.0,15.9,1.65,4072.0,4.696,2.0
Kepler-46 b,7425.9,4.4056,495.0,14.22,8.46,5149.0,4.447,2.0
Kepler-46 d,450.7,2.9004,845.0,120.48,1.97,5149.0,4.447,2.0
Kepler-710 b,451.6,2.1024,1174.0,449.79,2.36,5754.0,4.345,2.0
Kepler-246 b,755.9,2.2607,896.0,152.91,2.35,4986.0,4.496,2.0
Kepler-246 c,353.6,3.252,667.0,46.65,1.55,4986.0,4.496,2.0
Kepler-1729 b,2260.0,3.0854,595.0,29.68,2.62,3837.0,4.747,2.0
Kepler-81 b,1410.7,2.3892,635.0,38.52,2.33,4261.0,4.641,2.0
Kepler-81 c,1250.6,2.7363,502.0,15.06,2.18,4261.0,4.641,2.0
Kepler-81 d,439.0,2.3734,418.0,7.24,1.42,4261.0,4.641,2.0
Kepler-711 b,1200.7,5.073,487.0,13.34,3.16,4919.0,4.566,2.0
Kepler-109 b,298.5,3.784,1145.0,406.25,2.54,5945.0,4.213,2.0
Kepler-716 b,1254.9,3.035,720.0,63.68,3.2,5121.0,4.457,2.0
Kepler-716 c,299.2,1.1757,992.0,229.37,1.78,5121.0,4.457,2.0
Kepler-717 b,549.4,5.012,1139.0,398.0,2.66,6007.0,4.457,2.0
Kepler-712 c,3136.4,7.558,236.0,0.73,4.53,5067.0,4.585,2.0
Kepler-247 c,3036.1,2.8979,686.0,52.32,4.16,5097.0,4.597,2.0
Kepler-95 b,507.3,3.8757,927.0,174.81,3.13,5644.0,4.162,2.0
Kepler-247 d,1382.4,2.8364,530.0,18.65,2.92,5097.0,4.597,2.0
Kepler-247 b,516.3,1.9616,970.0,209.79,1.74,5097.0,4.597,2.0
Kepler-54 b,1333.6,2.312,453.0,9.9,1.72,3713.0,4.779,2.0
Kepler-54 c,759.2,4.3224,395.0,5.74,1.29,3713.0,4.779,2.0
Kepler-54 d,767.3,2.6333,328.0,2.74,1.3,3713.0,4.779,2.0
Kepler-713 b,620.5,2.5242,905.0,158.11,2.45,5849.0,4.517,2.0
Kepler-75 b,16053.0,2.07004,770.0,83.21,10.51,5332.0,4.5,2.0
Kepler-714 b,6911.1,4.20241,986.0,223.19,8.95,6214.0,4.442,2.0
Kepler-715 b,936.1,5.344,876.0,139.21,3.52,6063.0,4.47,2.0
Kepler-448 b,9065.2,7.41287,911.0,163.04,13.16,6823.0,4.308,2.0
Kepler-719 b,6932.3,4.2362,998.0,234.28,6.96,5865.0,4.563,2.0
Kepler-55 d,724.2,1.6485,931.0,177.19,1.85,4500.0,4.656,2.0
Kepler-55 b,942.5,3.95,400.0,6.04,1.9,4500.0,4.656,2.0
Kepler-110 b,252.1,3.7727,1008.0,244.3,2.57,5869.0,4.024,2.0
Kepler-248 c,2590.7,4.0374,598.0,30.14,4.14,5191.0,4.564,2.0
Kepler-248 b,1328.5,2.9785,819.0,106.44,2.96,5191.0,4.564,2.0
Kepler-718 b,14281.0,2.0778,1497.0,1183.18,13.12,5855.0,4.393,2.0
Kepler-83 b,1897.8,2.4517,460.0,10.59,2.23,3906.0,4.73,2.0
Kepler-83 d,1037.4,2.153,569.0,24.75,1.66,3906.0,4.73,2.0
Kepler-109 c,366.0,6.5093,771.0,83.56,2.48,5945.0,4.213,2.0
Kepler-83 c,1432.1,4.154,362.0,4.05,2.25,3906.0,4.73,2.0
Kepler-249 c,807.6,2.1764,429.0,8.01,1.16,3561.0,4.855,2.0
Kepler-249 b,509.2,1.8177,554.0,22.19,0.91,3561.0,4.855,2.0
Kepler-249 d,756.1,2.4714,332.0,2.86,1.11,3561.0,4.855,2.0
Kepler-1730 b,1309.7,3.048,833.0,113.75,4.56,5942.0,4.327,2.0
Kepler-722 b,538.6,2.5833,1182.0,461.07,2.85,6077.0,4.471,2.0
Kepler-722 c,685.4,8.593,401.0,6.09,3.43,6077.0,4.471,2.0
Kepler-252 c,1675.6,2.9993,499.0,14.66,2.34,4201.0,4.682,2.0
Kepler-252 b,362.3,1.915,587.0,28.06,1.18,4201.0,4.682,2.0
Kepler-723 b,17859.0,3.23015,1016.0,251.48,10.55,5655.0,4.581,2.0
Kepler-55 c,895.5,5.083,349.0,3.49,1.85,4500.0,4.656,2.0
Kepler-55 e,575.8,2.2618,728.0,66.47,1.62,4500.0,4.656,2.0
Kepler-55 f,634.1,2.4283,559.0,23.11,1.75,4500.0,4.656,2.0
Kepler-250 c,867.0,2.5882,782.0,88.23,2.47,5029.0,4.494,2.0
Kepler-250 d,763.3,2.0873,579.0,26.49,2.43,5029.0,4.494,2.0
Kepler-250 b,175.2,2.535,938.0,182.76,1.08,5029.0,4.494,2.0
Kepler-251 c,973.5,4.1575,655.0,43.57,2.72,5527.0,4.488,2.0
Kepler-251 d,1015.8,5.172,536.0,19.55,3.14,5527.0,4.488,2.0
Kepler-251 b,251.3,2.603,990.0,227.24,1.36,5527.0,4.488,2.0
Kepler-110 c,363.4,4.819,743.0,71.97,3.09,5869.0,4.024,2.0
Kepler-251 e,952.5,4.448,360.0,3.97,2.64,5527.0,4.488,2.0
Kepler-720 b,7912.7,3.16114,1162.0,431.02,10.6,5560.0,4.246,2.0
Kepler-721 b,1151.4,2.9804,850.0,123.33,2.68,5198.0,4.589,2.0
Kepler-730 b,7163.3,4.301,1062.0,301.54,9.66,6123.0,4.413,2.0
Kepler-731 b,16653.0,3.2179,1212.0,508.65,13.61,6033.0,4.46,2.0
Kepler-468 b,23530.0,5.04169,484.0,13.01,13.26,5510.0,4.539,2.0
Kepler-724 b,1398.2,1.8007,1155.0,421.03,3.94,5609.0,4.481,2.0
Kepler-725 b,15664.0,6.5292,472.0,11.74,10.98,5231.0,4.455,2.0
Kepler-726 b,1144.9,3.4097,543.0,20.48,2.6,5481.0,4.629,2.0
Kepler-253 c,1110.7,3.4366,680.0,50.6,2.53,5196.0,4.593,2.0
Kepler-253 d,1506.9,4.2309,563.0,23.77,2.95,5196.0,4.593,2.0
Kepler-253 b,426.1,1.9012,949.0,191.78,1.7,5196.0,4.593,2.0
Kepler-727 b,697.5,3.228,964.0,204.1,2.94,5431.0,4.457,2.0
Kepler-469 b,13494.0,11.4813,745.0,72.71,20.7,5855.0,3.999,0.0
Kepler-728 b,1240.2,3.4412,982.0,219.95,3.13,5897.0,4.531,2.0
Kepler-729 b,1473.4,3.3129,1273.0,621.92,3.82,6007.0,4.47,2.0
Kepler-256 c,280.1,2.6849,1315.0,705.93,2.11,5553.0,4.221,2.0
Kepler-256 d,273.6,3.1915,1097.0,341.48,2.06,5553.0,4.221,2.0
Kepler-256 b,159.6,2.1888,1681.0,1893.42,1.57,5553.0,4.221,2.0
Kepler-256 e,307.8,3.605,897.0,152.75,2.3,5553.0,4.221,2.0
Kepler-734 b,2090.3,4.6912,784.0,89.25,3.18,5085.0,4.584,2.0
Kepler-77 b,11382.0,2.91089,1145.0,406.6,10.43,5524.0,4.421,2.0
Kepler-254 b,1539.1,2.9183,1013.0,248.57,4.09,5561.0,4.362,2.0
Kepler-254 c,611.3,3.739,787.0,90.65,2.58,5561.0,4.362,2.0
Kepler-254 d,796.8,3.895,686.0,52.38,3.05,5561.0,4.362,2.0
Kepler-31 b,1910.5,5.1937,781.0,87.76,5.5,6035.0,4.22,2.0
Kepler-31 c,1719.3,6.1998,615.0,33.82,5.22,6035.0,4.22,2.0
Kepler-31 d,1009.6,8.871,484.0,12.94,4.0,6035.0,4.22,2.0
Kepler-732 b,2237.0,2.4327,407.0,6.47,2.13,3582.0,4.807,2.0
Kepler-732 c,741.7,1.0981,893.0,151.14,1.24,3582.0,4.807,2.0
Kepler-15 b,11145.0,3.25346,1008.0,244.42,10.62,5514.0,4.459,2.0
Kepler-733 b,988.4,4.0454,595.0,29.62,2.74,5537.0,4.549,2.0
Kepler-255 c,994.5,3.3862,807.0,100.34,3.12,5344.0,4.365,2.0
Kepler-255 d,213.0,1.8955,1710.0,2031.84,1.45,5344.0,4.365,2.0
Kepler-255 b,297.8,2.336,971.0,210.16,1.78,5344.0,4.365,2.0
Kepler-24 b,446.8,5.073,1050.0,287.91,3.43,5896.0,4.197,2.0
Kepler-24 e,430.7,4.529,792.0,93.03,43.17,5896.0,4.197,2.0
Kepler-24 d,174.0,3.282,1305.0,686.99,2.07,5896.0,4.197,2.0
Kepler-112 c,824.9,4.9427,538.0,19.83,2.32,5551.0,4.508,2.0
Kepler-1739 b,574.4,1.1784,839.0,117.5,1.84,5757.0,4.597,2.0
Kepler-111 c,3487.5,11.1899,333.0,2.92,7.67,5873.0,4.293,2.0
Kepler-769 b,443.3,3.6379,1037.0,273.78,2.47,6049.0,4.353,2.0
Kepler-769 c,178.5,4.158,803.0,98.51,1.62,6049.0,4.353,2.0
Kepler-770 b,640.9,3.9835,1171.0,443.58,13.92,4941.0,3.317,2.0
Kepler-784 b,145.1,13.566,688.0,53.09,1.78,5676.0,4.1,2.0
Kepler-784 c,110.4,11.284,844.0,119.87,1.55,5676.0,4.1,2.0
Kepler-785 b,30222.0,1.82542,753.0,76.1,8.78,3807.0,4.762,2.0
Kepler-21 b,68.9,3.5599,1784.0,2388.98,1.69,6202.0,4.026,2.0
Kepler-755 b,340.9,1.4647,1331.0,740.47,1.41,5041.0,4.576,2.0
Kepler-755 c,277.1,1.465,1016.0,251.77,1.36,5041.0,4.576,2.0
Kepler-1734 b,393.1,3.1702,985.0,222.91,2.01,6061.0,4.486,2.0
Kepler-770 c,154.9,2.3155,2740.0,13331.51,5.88,4941.0,3.317,2.0
Kepler-770 d,223.4,2.5755,1941.0,3354.56,7.62,4941.0,3.317,2.0
Kepler-771 b,270.7,4.49,890.0,148.62,1.59,5982.0,4.493,2.0
Kepler-265 c,568.9,4.645,755.0,76.66,2.54,5839.0,4.327,2.0
Kepler-265 b,246.8,3.529,1022.0,258.41,1.67,5839.0,4.327,2.0
Kepler-265 e,507.8,7.358,476.0,12.14,2.39,5839.0,4.327,2.0
Kepler-265 d,447.8,3.198,554.0,22.21,2.39,5839.0,4.327,2.0
Kepler-756 b,196.0,1.7086,1741.0,2174.33,1.54,5553.0,4.32,2.0
Kepler-1736 b,570.3,8.733,566.0,24.27,2.33,6085.0,4.451,2.0
Kepler-268 b,414.5,4.6142,695.0,55.1,2.48,5952.0,4.287,2.0
Kepler-268 c,503.0,6.536,471.0,11.59,2.73,5952.0,4.287,2.0
Kepler-772 b,270.6,6.0175,866.0,132.94,2.03,5765.0,4.236,2.0
Kepler-79 d,2894.1,8.6388,592.0,29.07,7.14,6198.0,4.237,2.0
Kepler-1973 b,790.1,1.5693,942.0,186.31,2.29,5296.0,4.576,2.0
Kepler-260 b,517.6,3.0472,782.0,88.36,1.92,5251.0,4.494,2.0
Kepler-260 c,445.9,7.158,372.0,4.53,1.75,5251.0,4.494,2.0
Kepler-111 b,178.2,2.9254,1356.0,798.41,1.67,5873.0,4.293,2.0
Kepler-773 b,182.6,1.9826,1160.0,428.25,1.68,5751.0,4.447,2.0
Kepler-774 b,148.1,6.2877,1422.0,965.62,3.51,6353.0,3.698,2.0
Kepler-415 c,1419.6,2.4904,543.0,20.59,2.01,4362.0,4.722,2.0
Kepler-415 b,531.5,2.335,694.0,54.8,1.23,4362.0,4.722,2.0
Kepler-79 c,747.5,6.8491,734.0,68.46,3.63,6198.0,4.237,2.0
Kepler-743 b,200.9,1.0246,1101.0,347.01,1.21,5511.0,4.554,2.0
Kepler-261 b,801.5,2.715,672.0,48.37,2.18,5095.0,4.566,2.0
Kepler-261 c,764.2,3.587,505.0,15.33,2.82,5095.0,4.566,2.0
Kepler-43 b,7765.0,2.8021,1489.0,1162.54,12.14,6063.0,4.261,2.0
Kepler-757 b,129.2,1.3712,1734.0,2138.47,1.14,5366.0,4.363,2.0
Kepler-758 b,284.7,6.3461,1005.0,240.8,2.98,6021.0,4.093,2.0
Kepler-758 c,124.5,4.66,1372.0,835.65,1.7,6021.0,4.093,2.0
Kepler-758 d,242.9,8.536,843.0,119.42,2.96,6021.0,4.093,2.0
Kepler-786 b,1086.1,5.668,348.0,3.48,2.28,4736.0,4.624,2.0
Kepler-1741 b,563.1,0.9267,615.0,33.79,1.01,3683.0,4.84,2.0
Kepler-787 b,376.2,1.1899,1115.0,365.72,1.16,4109.0,4.672,2.0
Kepler-79 b,653.5,5.0197,929.0,176.29,3.39,6198.0,4.237,2.0
Kepler-276 c,910.0,6.122,563.0,23.82,3.7,5779.0,4.477,2.0
Kepler-744 b,300.2,2.0584,750.0,74.8,1.62,5547.0,4.451,2.0
Kepler-745 b,398.6,5.678,931.0,177.83,2.41,5782.0,4.28,2.0
Kepler-262 c,355.6,3.439,618.0,34.57,1.75,5830.0,4.54,2.0
Kepler-758 e,115.4,5.234,1144.0,405.75,1.74,6021.0,4.093,2.0
Kepler-759 b,434.4,6.057,533.0,19.02,2.02,5907.0,4.445,2.0
Kepler-48 b,473.0,2.7361,932.0,177.79,1.85,5192.0,4.489,2.0
Kepler-269 b,611.4,3.4045,1007.0,242.97,2.26,5831.0,4.517,2.0
Kepler-1740 b,864.3,3.902,858.0,127.95,3.29,5705.0,4.499,2.0
Kepler-262 b,236.6,3.215,734.0,68.66,1.45,5830.0,4.54,2.0
Kepler-760 b,1074.9,2.9385,748.0,74.13,2.86,5074.0,4.474,2.0
Kepler-269 c,224.1,3.727,875.0,138.51,1.39,5831.0,4.517,2.0
Kepler-775 b,197.6,1.6191,1612.0,1605.87,1.16,5487.0,4.563,2.0
Kepler-776 b,274.4,1.812,904.0,157.93,1.48,5093.0,4.483,2.0
Kepler-275 c,597.8,5.731,875.0,138.64,3.42,6157.0,4.224,2.0
Kepler-275 b,271.8,4.885,1015.0,251.55,2.2,6157.0,4.224,2.0
Kepler-275 d,471.2,7.381,671.0,47.96,3.02,6157.0,4.224,2.0
Kepler-263 b,1331.4,4.2647,548.0,21.27,2.54,4987.0,4.602,2.0
Kepler-263 c,931.5,2.708,386.0,5.25,2.18,4987.0,4.602,2.0
Kepler-264 b,313.9,13.135,772.0,83.75,3.71,6207.0,3.963,2.0
Kepler-760 c,308.7,1.6345,1139.0,398.42,1.56,5074.0,4.474,2.0
Kepler-266 b,549.1,3.6813,1066.0,304.65,2.98,5529.0,4.19,2.0
Kepler-266 c,1396.2,8.042,421.0,7.39,4.75,5529.0,4.19,2.0
Kepler-48 c,952.7,3.2641,736.0,69.42,2.63,5192.0,4.489,2.0
Kepler-276 b,628.7,3.685,739.0,70.5,2.73,5779.0,4.477,2.0
Kepler-276 d,641.8,5.464,489.0,13.57,4.14,5779.0,4.477,2.0
Kepler-788 b,340.1,6.344,984.0,221.66,2.0,6309.0,4.441,2.0
Kepler-789 b,395.9,5.4566,1419.0,958.35,5.99,5684.0,3.657,2.0
Kepler-264 c,266.8,18.503,511.0,16.17,3.42,6207.0,3.963,2.0
Kepler-746 b,135.2,1.8069,1156.0,421.61,1.17,5405.0,4.374,2.0
Kepler-747 b,4634.9,8.4559,456.0,10.19,5.17,5123.0,4.523,2.0
Kepler-761 b,477.4,3.517,767.0,81.77,1.95,5676.0,4.548,2.0
Kepler-762 b,12440.0,3.8077,1302.0,679.75,12.05,6322.0,4.426,2.0
Kepler-777 b,643.4,2.0295,569.0,24.74,1.38,3968.0,4.714,2.0
Kepler-778 b,417.4,2.2911,977.0,215.46,1.58,5311.0,4.588,2.0
Kepler-257 c,2318.9,3.0896,881.0,142.63,4.56,5188.0,4.4,2.0
Kepler-470 b,7382.3,7.03515,1485.0,1150.61,77.76,5313.0,2.936,2.0
Kepler-257 b,705.4,1.8888,1237.0,553.53,2.74,5188.0,4.4,2.0
Kepler-257 d,2398.8,2.8579,567.0,24.53,5.34,5188.0,4.4,2.0
Kepler-735 b,1357.4,2.006,657.0,43.96,2.9,5177.0,4.59,2.0
Kepler-18 c,2269.7,3.41018,899.0,154.25,4.91,5356.0,4.338,2.0
Kepler-748 b,442.0,3.675,938.0,183.15,2.01,5922.0,4.474,2.0
Kepler-88 b,1479.0,3.6496,758.0,78.19,3.93,5575.0,4.521,2.0
Kepler-267 b,1264.7,1.4598,615.0,33.76,1.65,3789.0,4.781,2.0
Kepler-267 c,1632.3,1.3692,484.0,12.95,2.05,3789.0,4.781,2.0
Kepler-267 d,1629.8,2.6657,301.0,1.95,1.87,3789.0,4.781,2.0
Kepler-48 d,555.3,5.6897,448.0,9.54,2.0,5192.0,4.489,2.0
Kepler-779 b,369.5,2.1059,425.0,7.73,0.74,3569.0,4.861,2.0
Kepler-736 b,777.7,2.2753,996.0,232.65,2.31,5052.0,4.48,2.0
Kepler-1666 b,537.4,5.985,672.0,48.23,2.4,6297.0,4.448,2.0
Kepler-1666 c,680.9,6.894,578.0,26.34,2.7,6297.0,4.448,2.0
Kepler-749 b,1473.0,3.1518,454.0,10.07,2.04,4719.0,4.753,2.0
Kepler-750 b,565.4,4.4481,1163.0,432.9,4.39,5897.0,3.98,2.0
Kepler-763 d,418.3,2.591,804.0,98.81,1.67,4999.0,4.49,2.0
Kepler-763 c,302.3,2.19,938.0,182.9,1.42,4999.0,4.49,2.0
Kepler-763 b,224.6,1.2592,1414.0,945.12,1.25,4999.0,4.49,2.0
Kepler-270 b,182.3,5.046,984.0,221.34,2.07,6071.0,4.202,2.0
Kepler-270 c,125.5,6.22,756.0,77.24,1.71,6071.0,4.202,2.0
Kepler-780 b,76.7,1.8361,2099.0,4572.56,0.9,5718.0,4.395,2.0
Kepler-271 b,210.2,3.4167,759.0,78.35,1.22,5528.0,4.499,2.0
Kepler-271 c,124.1,3.245,850.0,123.4,0.94,5528.0,4.499,2.0
Kepler-737 b,1585.1,3.6567,298.0,1.87,1.83,3755.0,4.781,2.0
Kepler-738 b,907.5,3.984,530.0,18.72,2.37,5474.0,4.605,2.0
Kepler-739 b,1145.9,4.0168,775.0,85.15,3.24,5997.0,4.522,2.0
Kepler-258 b,2141.4,3.4872,642.0,40.03,4.18,4954.0,4.462,2.0
Kepler-18 d,3269.0,3.5252,720.0,63.52,5.94,5356.0,4.338,2.0
Kepler-750 c,157.9,3.585,1537.0,1317.96,2.36,5897.0,3.98,2.0
Kepler-751 b,826.9,4.445,679.0,50.32,3.24,5568.0,4.413,2.0
Kepler-764 b,325.8,3.548,875.0,138.46,1.52,5795.0,4.554,2.0
Kepler-1735 b,306.8,1.84,502.0,15.01,0.9,3975.0,4.753,2.0
Kepler-765 b,469.2,6.633,641.0,39.94,2.21,6036.0,4.396,2.0
Kepler-473 b,956.9,7.7643,879.0,141.0,4.32,5774.0,4.159,2.0
Kepler-258 c,1140.8,3.9616,470.0,11.5,3.05,4954.0,4.462,2.0
Kepler-32 b,1525.2,2.1979,514.0,16.54,1.94,3731.0,4.75,2.0
Kepler-32 c,1367.6,2.3742,451.0,9.76,1.83,3731.0,4.75,2.0
Kepler-32 d,1925.1,3.3002,328.0,2.73,2.17,3731.0,4.75,2.0
Kepler-32 e,614.1,1.6776,652.0,42.53,1.23,3731.0,4.75,2.0
Kepler-32 f,843.3,0.6688,1026.0,262.51,1.47,3731.0,4.75,2.0
Kepler-752 b,1006.2,4.664,632.0,37.82,2.7,5687.0,4.538,2.0
Kepler-753 b,820.1,1.8923,641.0,40.07,1.86,4252.0,4.64,2.0
Kepler-18 b,315.1,1.9811,1165.0,435.21,2.03,5356.0,4.338,2.0
Kepler-418 b,8244.1,10.1289,434.0,8.41,9.83,5822.0,4.351,2.0
Kepler-418 c,1843.4,2.6969,835.0,114.59,5.1,5822.0,4.351,2.0
Kepler-1737 b,2486.6,5.796,383.0,5.09,5.4,5043.0,4.47,2.0
Kepler-781 b,1154.8,3.5641,629.0,36.95,2.77,5333.0,4.62,2.0
Kepler-272 c,385.2,3.7419,947.0,189.98,1.94,5334.0,4.372,2.0
Kepler-740 b,2608.1,2.7316,1131.0,386.66,4.66,5739.0,4.518,2.0
Kepler-13 b,4590.6,3.16877,3559.0,37958.27,21.42,9107.0,3.867,2.0
Kepler-471 b,6536.0,4.589,1308.0,692.13,10.63,6490.0,4.32,2.0
Kepler-259 b,834.9,3.211,879.0,140.92,3.1,5926.0,4.532,2.0
Kepler-259 c,902.0,4.9381,530.0,18.7,3.01,5926.0,4.532,2.0
Kepler-1732 b,677.8,6.569,699.0,56.49,4.84,5821.0,4.108,2.0
Kepler-1733 b,492.1,2.235,1021.0,257.11,2.79,6320.0,4.347,2.0
Kepler-754 b,290.6,5.624,758.0,78.26,1.64,5959.0,4.46,2.0
Kepler-472 b,1360.1,3.6716,876.0,139.48,3.07,4957.0,4.594,2.0
Kepler-766 b,766.6,4.7476,990.0,227.15,2.59,5957.0,4.506,2.0
Kepler-112 b,798.9,3.4967,809.0,101.22,2.28,5551.0,4.508,2.0
Kepler-272 d,421.6,3.0822,777.0,86.28,2.41,5334.0,4.372,2.0
Kepler-272 b,233.3,2.716,1200.0,490.13,1.52,5334.0,4.372,2.0
Kepler-782 b,898.3,11.5372,350.0,3.53,3.08,5751.0,4.34,2.0
Kepler-273 b,352.3,1.771,1209.0,505.22,1.92,5359.0,4.375,2.0
Kepler-741 b,529.8,3.8633,1051.0,288.92,2.45,6321.0,4.434,2.0
Kepler-742 b,2039.7,2.7144,690.0,53.68,3.67,4743.0,4.516,2.0
Kepler-1731 b,1300.7,1.243,486.0,13.18,2.53,4859.0,4.612,2.0
Kepler-767 b,4653.6,3.6734,366.0,4.25,8.19,5778.0,4.285,2.0
Kepler-768 b,448.6,2.303,618.0,34.55,1.67,4983.0,4.617,2.0
Kepler-24 c,536.4,6.221,915.0,165.3,4.12,5896.0,4.197,2.0
Kepler-273 c,363.0,3.0137,865.0,132.46,2.0,5359.0,4.375,2.0
Kepler-783 c,511.5,1.7244,840.0,117.33,2.36,5357.0,4.498,2.0
Kepler-783 b,61.4,2.7,991.0,227.69,0.68,5357.0,4.498,2.0
Kepler-1738 b,503.0,1.9374,957.0,198.67,2.8,6063.0,4.47,2.0
Kepler-42 b,1821.0,0.5532,525.0,18.03,0.78,3292.0,5.215,2.0
Kepler-42 c,1461.5,0.4445,729.0,66.14,0.76,3292.0,5.215,2.0
Kepler-42 d,1124.8,0.4279,455.0,10.1,0.66,3292.0,5.215,2.0
Kepler-290 c,1346.6,4.42,437.0,8.6,2.83,5142.0,4.602,2.0
Kepler-290 b,831.3,2.4184,594.0,29.53,2.32,5142.0,4.602,2.0
Kepler-290 d,128.2,1.103,1589.0,1503.79,0.86,5142.0,4.602,2.0
Kepler-61 b,1419.1,4.8027,273.0,1.31,2.19,4016.0,4.658,2.0
Kepler-297 c,4119.2,4.74,409.0,6.62,6.39,5618.0,4.46,2.0
Kepler-297 d,4319.7,4.3823,325.0,2.62,32.6,5618.0,4.46,2.0
Kepler-844 b,599.7,1.9588,713.0,61.24,1.5,3883.0,4.725,2.0
Kepler-845 b,515.3,1.4279,1361.0,813.3,1.79,4815.0,4.631,2.0
Kepler-1750 b,2378.8,9.992,298.0,1.85,4.68,5644.0,4.457,2.0
Kepler-23 b,131.0,5.1462,1157.0,422.8,1.72,5761.0,4.091,2.0
Kepler-280 b,266.1,2.0678,1425.0,974.3,1.76,5534.0,4.338,2.0
Kepler-280 c,450.5,0.9393,1088.0,330.84,2.96,5534.0,4.338,2.0
Kepler-56 c,409.3,11.721,1087.0,330.0,11.64,4838.0,3.299,2.0
Kepler-56 b,183.4,14.522,1378.0,852.28,5.68,4838.0,3.299,2.0
Kepler-285 b,259.8,2.0206,1131.0,387.43,1.38,5114.0,4.463,2.0
Kepler-285 c,202.6,2.909,851.0,123.96,1.21,5114.0,4.463,2.0
Kepler-286 b,210.9,1.9139,1367.0,827.82,1.2,5576.0,4.503,2.0
Kepler-286 c,243.9,2.361,1098.0,343.57,1.29,5576.0,4.503,2.0
Kepler-286 d,253.2,2.661,919.0,168.51,1.31,5576.0,4.503,2.0
Kepler-476 b,716.4,4.6919,807.0,100.09,3.11,5788.0,4.323,2.0
Kepler-291 b,442.7,2.2746,1212.0,510.26,2.18,5993.0,4.489,2.0
Kepler-291 c,379.8,1.6408,1035.0,270.62,2.03,5993.0,4.489,2.0
Kepler-292 f,803.1,4.522,563.0,23.82,2.26,5296.0,4.538,2.0
Kepler-292 d,705.6,3.0479,808.0,100.88,2.13,5296.0,4.538,2.0
Kepler-298 b,1070.7,2.3024,540.0,20.15,2.11,4463.0,4.677,2.0
Kepler-298 c,908.9,2.0831,416.0,7.09,2.08,4463.0,4.677,2.0
Kepler-298 d,1543.6,4.168,277.0,1.4,2.63,4463.0,4.677,2.0
Kepler-299 c,428.5,4.148,946.0,189.35,2.68,5616.0,4.394,2.0
Kepler-474 b,737.8,4.6483,1115.0,365.53,3.24,5746.0,4.266,2.0
Kepler-798 b,316.4,5.5677,864.0,131.94,1.98,6387.0,4.41,2.0
Kepler-286 e,394.0,4.014,539.0,20.03,1.81,5576.0,4.503,2.0
Kepler-287 c,780.8,3.5729,513.0,16.35,3.35,5514.0,4.345,2.0
Kepler-287 b,564.6,2.3351,667.0,46.93,2.88,5514.0,4.345,2.0
Kepler-11 g,1083.3,9.5574,376.0,4.75,3.4,5657.0,4.364,2.0
Kepler-811 b,429.2,5.5545,730.0,66.96,3.0,5655.0,4.152,2.0
Kepler-292 e,707.9,3.751,678.0,49.87,2.11,5296.0,4.538,2.0
Kepler-292 c,331.7,2.558,1001.0,237.42,1.46,5296.0,4.538,2.0
Kepler-292 b,270.2,2.1729,1130.0,386.18,1.31,5296.0,4.538,2.0
Kepler-293 b,987.7,4.6509,657.0,44.17,3.04,5798.0,4.507,2.0
Kepler-299 d,256.4,4.801,729.0,66.72,1.6,5616.0,4.394,2.0
Kepler-299 b,170.2,2.545,1258.0,593.23,1.29,5616.0,4.394,2.0
Kepler-299 e,322.8,6.512,534.0,19.24,1.77,5616.0,4.394,2.0
Kepler-846 b,616.3,3.453,624.0,35.89,2.08,5775.0,4.558,2.0
Kepler-847 b,246.5,2.0424,1054.0,292.31,1.18,4798.0,4.533,2.0
Kepler-812 b,288.7,4.6677,1163.0,433.41,3.07,6306.0,4.077,2.0
Kepler-813 b,451.2,3.9622,817.0,105.25,4.23,5372.0,4.007,2.0
Kepler-1667 b,630.8,7.2487,655.0,43.62,6.63,6056.0,3.788,2.0
Kepler-814 b,249.6,3.3153,1164.0,433.72,2.04,6110.0,4.285,2.0
Kepler-293 c,1109.8,4.432,466.0,11.12,3.88,5798.0,4.507,2.0
Kepler-5 b,7251.5,4.56904,1640.0,1708.28,14.92,6290.0,4.074,2.0
Kepler-477 b,636.3,3.3759,649.0,42.07,2.08,5078.0,4.581,2.0
Kepler-828 b,334.8,1.0258,1848.0,2760.23,1.55,5073.0,4.483,2.0
Kepler-300 c,563.9,8.587,516.0,16.76,2.2,5968.0,4.534,2.0
Kepler-300 b,354.2,2.749,812.0,102.77,2.18,5968.0,4.534,2.0
Kepler-301 b,211.6,2.2664,1278.0,629.8,1.28,5814.0,4.523,2.0
Kepler-301 d,348.5,3.853,725.0,65.24,1.66,5814.0,4.523,2.0
Kepler-114 c,591.0,2.6332,507.0,15.59,1.29,3980.0,4.722,2.0
Kepler-815 b,160.6,8.653,1374.0,841.68,4.26,4986.0,3.462,2.0
Kepler-1743 b,55.4,6.625,1144.0,404.99,1.43,5855.0,4.125,2.0
Kepler-11 b,316.1,4.2246,849.0,122.98,1.84,5657.0,4.364,2.0
Kepler-1745 b,222.5,2.8349,1449.0,1044.49,2.25,5611.0,4.144,2.0
Kepler-829 b,458.4,2.2702,857.0,127.67,1.69,5679.0,4.581,2.0
Kepler-301 c,231.0,2.3379,989.0,225.71,1.38,5814.0,4.523,2.0
Kepler-1751 b,255.5,3.567,984.0,221.46,1.61,6052.0,4.456,2.0
Kepler-848 b,201.7,5.6743,1086.0,328.65,1.9,5685.0,4.194,2.0
Kepler-849 b,2013.3,24.108,325.0,2.65,7.79,5910.0,4.03,2.0
Kepler-850 b,255.3,3.407,995.0,232.36,1.59,6185.0,4.472,2.0
Kepler-420 b,7311.6,4.2326,419.0,7.28,9.4,5522.0,4.323,2.0
Kepler-281 c,2828.4,7.06,513.0,16.36,5.3,5717.0,4.538,2.0
Kepler-281 b,593.5,5.688,694.0,54.95,2.22,5717.0,4.538,2.0
Kepler-281 d,1707.4,4.192,321.0,2.51,4.3,5717.0,4.538,2.0
Kepler-816 b,13356.0,3.7769,668.0,47.21,9.01,5127.0,4.589,2.0
Kepler-1746 b,2358.6,4.012,310.0,2.17,7.25,6018.0,4.257,2.0
Kepler-830 b,198.5,4.623,907.0,160.18,1.74,6096.0,4.358,2.0
Kepler-116 b,510.6,3.651,1251.0,579.9,3.26,6122.0,4.173,2.0
Kepler-854 b,19837.0,6.2701,1736.0,2146.82,59.19,6296.0,4.24,2.0
Kepler-799 b,5032.9,11.4997,433.0,8.29,11.21,5588.0,4.047,2.0
Kepler-114 b,358.7,2.3683,586.0,27.95,1.0,3980.0,4.722,2.0
Kepler-799 c,367.8,3.106,893.0,150.25,3.69,5588.0,4.047,2.0
Kepler-817 b,6154.9,2.4108,1124.0,378.53,7.45,5926.0,4.519,2.0
Kepler-818 b,2829.7,3.4062,786.0,90.33,4.42,5813.0,4.561,2.0
Kepler-831 b,172.3,2.4143,992.0,229.04,1.37,5637.0,4.439,2.0
Kepler-851 b,295.5,2.938,900.0,155.42,1.9,5822.0,4.428,2.0
Kepler-407 b,131.8,1.6274,1983.0,3643.96,1.13,5475.0,4.426,2.0
Kepler-852 b,438.4,6.539,565.0,24.17,2.49,6121.0,4.397,2.0
Kepler-800 b,1033.0,4.0136,675.0,49.18,3.02,5616.0,4.564,2.0
Kepler-801 b,915.6,3.9908,419.0,7.32,1.48,3823.0,4.765,2.0
Kepler-819 b,1112.5,5.022,485.0,13.09,2.85,5102.0,4.463,2.0
Kepler-288 c,709.1,4.2902,815.0,104.41,4.0,5661.0,4.09,2.0
Kepler-478 b,876.5,2.7884,640.0,39.56,2.38,5211.0,4.556,2.0
Kepler-853 b,112.8,4.6766,1187.0,469.56,1.61,6221.0,4.198,2.0
Kepler-57 b,865.4,1.1816,850.0,123.03,2.41,5320.0,4.589,2.0
Kepler-114 d,1430.8,2.8971,446.0,9.37,2.08,3980.0,4.722,2.0
Kepler-57 c,489.3,2.2603,671.0,48.06,1.71,5320.0,4.589,2.0
Kepler-802 b,1239.4,5.595,489.0,13.57,3.43,5668.0,4.545,2.0
Kepler-288 b,217.6,3.431,1197.0,485.84,2.22,5661.0,4.09,2.0
Kepler-288 d,589.7,6.172,570.0,24.87,3.68,5661.0,4.09,2.0
Kepler-115 c,469.7,4.2447,960.0,200.35,2.78,5881.0,4.315,2.0
Kepler-855 b,6331.2,5.2147,996.0,232.07,8.99,5847.0,4.304,2.0
Kepler-856 b,8725.4,3.0942,824.0,109.35,8.43,5569.0,4.546,2.0
Kepler-421 b,2319.1,18.003,178.0,0.24,4.53,5305.0,4.489,2.0
Kepler-803 b,1119.3,6.3212,543.0,20.59,3.88,5900.0,4.309,2.0
Kepler-1991 c,617.9,5.0394,634.0,38.27,2.57,5478.0,4.354,2.0
Kepler-1991 b,199.4,3.912,760.0,78.79,1.47,5478.0,4.354,2.0
Kepler-820 b,1829.9,10.914,554.0,22.21,9.46,6505.0,3.973,2.0
Kepler-58 b,445.3,3.802,920.0,169.13,2.33,6100.0,4.376,2.0
Kepler-58 c,468.1,5.326,799.0,96.38,2.94,6100.0,4.376,2.0
Kepler-58 d,550.0,5.246,583.0,27.31,2.92,6100.0,4.376,2.0
Kepler-58 e,188.1,2.867,1212.0,511.6,1.61,6100.0,4.376,2.0
Kepler-1747 b,1449.2,1.6493,875.0,138.33,3.7,5477.0,4.557,2.0
Kepler-479 b,715.7,2.2614,649.0,42.08,2.2,5207.0,4.561,2.0
Kepler-294 c,814.6,3.1752,895.0,151.59,2.54,5616.0,4.529,2.0
Kepler-294 b,327.4,2.523,1087.0,330.02,1.62,5616.0,4.529,2.0
Kepler-790 b,746.4,2.769,634.0,38.11,2.71,5196.0,4.524,2.0
Kepler-791 b,319.7,6.973,939.0,183.48,3.45,6143.0,4.177,2.0
Kepler-79 e,476.0,3.001,511.0,16.12,3.01,6198.0,4.237,2.0
Kepler-282 d,624.4,6.148,588.0,28.22,2.16,5600.0,4.455,2.0
Kepler-11 c,778.4,4.5706,786.0,90.1,2.88,5657.0,4.364,2.0
Kepler-282 e,791.7,6.43,484.0,13.0,2.45,5600.0,4.455,2.0
Kepler-282 b,140.0,4.907,817.0,105.63,1.02,5600.0,4.455,2.0
Kepler-282 c,162.7,5.425,717.0,62.6,1.1,5600.0,4.455,2.0
Kepler-821 b,259.7,1.8604,1215.0,514.44,1.28,5194.0,4.559,2.0
Kepler-822 b,232.7,2.9247,1239.0,558.65,1.47,5823.0,4.427,2.0
Kepler-823 b,263.0,2.8084,1277.0,628.73,2.28,5689.0,4.202,2.0
Kepler-1748 b,888.7,2.2441,955.0,196.33,3.0,5774.0,4.526,2.0
Kepler-832 b,512.9,3.981,965.0,205.23,2.24,6014.0,4.486,2.0
Kepler-833 b,995.3,3.0331,382.0,5.03,1.67,3976.0,4.721,2.0
Kepler-792 b,277.1,4.022,852.0,124.42,1.85,5730.0,4.34,2.0
Kepler-793 b,188.1,2.971,1177.0,452.95,1.44,5776.0,4.34,2.0
Kepler-277 b,241.3,8.045,964.0,204.1,3.14,5968.0,3.972,2.0
Kepler-804 b,335.8,4.7892,779.0,87.24,1.94,5768.0,4.358,2.0
Kepler-804 c,103.2,4.296,890.0,148.32,1.08,5768.0,4.358,2.0
Kepler-1742 b,496.6,2.493,462.0,10.73,1.88,5776.0,4.554,2.0
Kepler-805 b,256.5,8.864,743.0,72.05,3.01,5977.0,4.08,2.0
Kepler-115 b,74.9,1.4012,1489.0,1164.85,1.24,5881.0,4.315,2.0
Kepler-824 b,230.7,3.0083,1231.0,543.73,1.84,5940.0,4.306,2.0
Kepler-825 b,176.0,2.7282,1270.0,614.52,1.29,6224.0,4.404,2.0
Kepler-825 c,299.6,2.4566,981.0,218.9,1.77,6224.0,4.404,2.0
Kepler-834 b,781.3,3.2208,378.0,4.83,1.26,3751.0,4.813,2.0
Kepler-480 b,425.7,4.1988,1312.0,702.13,2.86,6236.0,4.246,2.0
Kepler-835 b,509.2,5.135,921.0,170.33,3.32,6311.0,4.398,2.0
Kepler-836 b,569.5,4.1886,869.0,134.97,2.6,6244.0,4.46,2.0
Kepler-1749 b,510.6,3.3094,420.0,7.34,1.36,3957.0,4.693,2.0
Kepler-277 c,278.1,7.118,778.0,86.38,3.13,5968.0,3.972,2.0
Kepler-794 b,211.2,4.2372,952.0,194.31,2.06,5800.0,4.202,2.0
Kepler-795 b,314.7,4.9595,580.0,26.79,1.74,5618.0,4.401,2.0
Kepler-113 c,977.5,2.6766,628.0,36.89,2.36,4728.0,4.628,2.0
Kepler-806 b,65.3,5.7696,1089.0,331.65,1.44,5774.0,4.106,2.0
Kepler-11 d,960.0,5.4921,653.0,42.95,3.2,5657.0,4.364,2.0
Kepler-826 b,112.0,2.874,1305.0,684.07,1.37,6060.0,4.227,2.0
Kepler-837 b,700.8,2.611,701.0,57.28,2.94,5818.0,4.436,2.0
Kepler-838 b,659.5,4.6672,777.0,86.18,2.77,6191.0,4.454,2.0
Kepler-839 b,412.5,9.109,626.0,36.25,3.04,5988.0,4.278,2.0
Kepler-295 b,200.4,9.117,741.0,71.28,1.55,5607.0,4.447,2.0
Kepler-295 c,190.0,8.392,621.0,35.03,1.36,5607.0,4.447,2.0
Kepler-295 d,224.1,6.538,533.0,19.13,1.74,5607.0,4.447,2.0
Kepler-796 b,133.6,2.5561,1109.0,357.44,1.91,5426.0,4.107,2.0
Kepler-278 b,175.9,7.874,836.0,115.69,4.54,5010.0,3.62,2.0
Kepler-278 c,141.5,11.233,702.0,57.28,3.66,5010.0,3.62,2.0
Kepler-807 b,8506.6,5.8796,418.0,7.2,10.36,6392.0,4.425,2.0
Kepler-289 c,12390.0,9.0191,394.0,5.71,12.37,5933.0,4.342,2.0
Kepler-289 b,429.8,3.482,607.0,32.02,2.67,5933.0,4.342,2.0
Kepler-23 c,415.2,6.0633,1008.0,243.94,3.06,5761.0,4.091,2.0
Kepler-840 b,25070.0,4.2721,1408.0,929.47,15.75,6039.0,4.426,2.0
Kepler-113 b,748.7,2.5394,775.0,85.23,2.0,4728.0,4.628,2.0
Kepler-6 b,10559.0,3.59385,1356.0,797.62,13.06,5640.0,4.236,2.0
Kepler-11 e,1376.1,4.2817,582.0,27.17,4.12,5657.0,4.364,2.0
Kepler-827 b,3425.8,5.2637,574.0,25.6,8.49,5671.0,4.128,2.0
Kepler-1987 d,1397.9,2.2599,744.0,72.38,2.66,4769.0,4.622,2.0
Kepler-475 b,904.6,1.7458,980.0,217.91,2.68,4989.0,4.585,2.0
Kepler-296 c,1336.3,1.8734,446.0,9.38,1.38,3526.0,4.866,2.0
Kepler-296 d,1607.5,2.8407,297.0,1.83,1.52,3526.0,4.866,2.0
Kepler-23 d,206.7,6.0765,896.0,152.62,2.17,5761.0,4.091,2.0
Kepler-283 b,1462.5,2.013,488.0,13.39,2.15,4141.0,4.684,2.0
Kepler-283 c,1105.1,5.506,240.0,0.78,1.87,4141.0,4.684,2.0
Kepler-432 b,946.7,14.9066,812.0,102.94,12.41,4976.0,3.331,2.0
Kepler-808 b,434.5,1.1487,1322.0,726.72,1.2,4441.0,4.71,2.0
Kepler-284 b,797.4,2.9899,686.0,52.55,2.62,5291.0,4.489,2.0
Kepler-1987 e,779.5,2.6277,643.0,40.33,1.92,4769.0,4.622,2.0
Kepler-1987 c,371.7,1.9985,860.0,129.44,1.33,4769.0,4.622,2.0
Kepler-1987 b,316.7,1.6795,997.0,233.38,1.23,4769.0,4.622,2.0
Kepler-1744 b,1357.5,5.5556,532.0,18.95,3.19,5986.0,4.527,2.0
Kepler-296 b,748.7,1.853,363.0,4.09,1.14,3526.0,4.866,2.0
Kepler-841 b,4107.0,3.7197,416.0,7.07,10.3,5066.0,3.974,2.0
Kepler-842 b,494.9,1.5681,1252.0,578.96,1.51,4838.0,4.625,2.0
Kepler-843 b,546.7,2.1635,1523.0,1271.11,2.74,5632.0,4.282,2.0
Kepler-297 b,1004.9,6.0573,509.0,15.89,2.81,5618.0,4.46,2.0
Kepler-279 c,778.8,8.491,774.0,84.66,5.47,6366.0,4.045,2.0
Kepler-279 b,396.0,6.74,1104.0,350.46,3.82,6366.0,4.045,2.0
Kepler-279 d,598.0,8.559,574.0,25.6,3.2,6781.0,4.422,2.0
Kepler-797 b,514.2,6.9592,605.0,31.58,2.18,5936.0,4.501,2.0
Kepler-284 c,935.0,5.303,478.0,12.38,2.68,5291.0,4.489,2.0
Kepler-809 b,853.0,7.316,478.0,12.33,3.13,5949.0,4.493,2.0
Kepler-11 f,588.8,6.3794,513.0,16.41,2.52,5657.0,4.364,2.0
Kepler-810 b,313.0,2.909,1105.0,352.4,1.69,5999.0,4.494,2.0
Kepler-1758 b,252.9,5.908,1028.0,263.89,2.53,5557.0,4.037,2.0
Kepler-904 b,171.9,2.8264,1332.0,744.35,1.31,6201.0,4.472,2.0
Kepler-316 b,436.3,1.3988,837.0,115.98,1.22,4198.0,4.689,2.0
Kepler-1766 b,296.0,7.426,406.0,6.44,2.29,5868.0,4.363,2.0
Kepler-935 b,343.0,2.5574,879.0,141.0,1.55,4929.0,4.481,2.0
Kepler-936 b,238.4,3.2645,867.0,133.56,2.43,5610.0,4.316,2.0
Kepler-937 b,961.1,9.556,495.0,14.24,3.39,6127.0,4.356,2.0
Kepler-861 b,807.2,1.5485,966.0,206.05,2.32,5155.0,4.523,2.0
Kepler-1753 b,831.9,3.9475,583.0,27.41,2.24,5180.0,4.597,2.0
Kepler-862 b,550.5,2.1978,1097.0,342.76,2.15,5258.0,4.458,2.0
Kepler-304 b,1745.7,1.8268,875.0,138.38,2.81,4723.0,4.628,2.0
Kepler-304 d,1308.6,2.9029,611.0,32.98,2.41,4723.0,4.628,2.0
Kepler-304 c,965.9,1.1165,746.0,73.19,2.33,4723.0,4.628,2.0
Kepler-484 b,671.4,3.2027,766.0,81.61,2.19,5632.0,4.554,2.0
Kepler-304 e,258.9,1.4259,1137.0,395.06,1.09,4723.0,4.628,2.0
Kepler-905 b,276.7,1.7732,928.0,175.06,1.4,5430.0,4.555,2.0
Kepler-311 b,206.9,4.2642,960.0,200.99,1.66,5903.0,4.3,2.0
Kepler-311 c,168.1,4.894,744.0,72.32,1.61,5903.0,4.3,2.0
Kepler-906 b,440.8,5.7047,537.0,19.61,2.03,5997.0,4.466,2.0
Kepler-1767 b,1043.8,5.514,393.0,5.66,3.59,5243.0,4.547,2.0
Kepler-938 b,675.8,6.118,544.0,20.65,3.68,5339.0,4.096,2.0
Kepler-427 b,9655.7,4.28889,996.0,233.08,13.43,5803.0,4.134,2.0
Kepler-939 b,322.8,7.491,692.0,54.19,1.63,5822.0,4.557,2.0
Kepler-940 b,993.4,6.888,486.0,13.23,3.63,6108.0,4.471,2.0
Kepler-1754 b,792.8,2.824,672.0,48.2,2.04,4723.0,4.557,2.0
Kepler-863 b,867.7,5.0478,718.0,62.88,2.74,5900.0,4.5,2.0
Kepler-482 b,1037.0,3.4449,352.0,3.63,2.59,4802.0,4.582,2.0
Kepler-408 b,30.7,1.262,1561.0,1406.11,0.69,6139.0,4.291,2.0
Kepler-907 b,77.3,4.25,879.0,141.18,1.31,6099.0,4.193,2.0
Kepler-425 b,14431.0,2.2608,982.0,219.64,10.07,5167.0,4.527,2.0
Kepler-908 b,107.5,1.6484,1783.0,2393.35,1.16,5992.0,4.385,2.0
Kepler-941 b,770.9,4.929,722.0,64.13,3.29,6018.0,4.46,2.0
Kepler-1651 b,1472.7,1.8915,393.0,5.65,1.6,3609.0,4.843,2.0
Kepler-942 b,811.6,4.981,379.0,4.89,2.0,4827.0,4.615,2.0
Kepler-943 b,3529.2,10.065,455.0,10.16,5.12,5774.0,4.567,2.0
Kepler-864 b,532.9,3.9988,1143.0,403.49,2.98,6213.0,4.387,2.0
Kepler-864 c,171.5,2.965,1532.0,1305.04,1.62,6213.0,4.387,2.0
Kepler-865 b,728.1,4.3031,694.0,54.95,2.35,5440.0,4.438,2.0
Kepler-865 c,101.9,2.637,914.0,164.98,0.89,5440.0,4.438,2.0
Kepler-305 b,1328.6,2.93,836.0,115.29,3.24,5103.0,4.562,2.0
Kepler-305 c,1033.9,3.613,728.0,66.47,3.21,5103.0,4.562,2.0
Kepler-305 e,453.6,2.143,1000.0,236.11,1.7,5103.0,4.562,2.0
Kepler-305 d,996.8,2.398,576.0,26.06,2.56,5103.0,4.562,2.0
Kepler-909 b,131.6,2.6239,852.0,124.53,1.66,6026.0,4.321,2.0
Kepler-910 b,28.4,3.372,1752.0,2228.09,0.82,6250.0,4.184,2.0
Kepler-911 b,164.6,5.3357,931.0,177.81,2.41,6065.0,3.97,2.0
Kepler-912 b,463.0,4.5716,1218.0,519.95,2.02,5662.0,4.532,2.0
Kepler-944 b,987.5,4.995,459.0,10.47,2.42,5654.0,4.59,2.0
Kepler-945 b,645.2,5.253,616.0,34.03,2.72,6090.0,4.447,2.0
Kepler-866 b,499.4,2.046,996.0,233.23,1.57,4831.0,4.568,2.0
Kepler-867 b,2378.5,10.849,327.0,2.72,4.6,5604.0,4.451,2.0
Kepler-891 b,3437.0,5.3091,486.0,13.23,5.82,5919.0,4.485,2.0
Kepler-306 c,864.9,2.9153,716.0,62.1,2.14,4955.0,4.61,2.0
Kepler-306 b,446.5,2.5137,830.0,112.18,1.82,4955.0,4.61,2.0
Kepler-913 b,1011.8,2.7292,1129.0,384.86,5.75,6068.0,4.04,2.0
Kepler-913 c,424.5,2.285,1357.0,801.92,3.7,6068.0,4.04,2.0
Kepler-312 c,480.7,3.4444,754.0,76.57,2.62,6243.0,4.406,2.0
Kepler-486 b,21125.0,6.0134,459.0,10.47,10.99,4939.0,4.541,2.0
Kepler-914 b,132.7,2.1418,1192.0,476.94,1.51,5836.0,4.347,2.0
Kepler-1671 b,168.1,2.2136,962.0,202.48,1.07,5251.0,4.541,2.0
Kepler-946 b,415.4,3.036,857.0,127.75,2.41,5619.0,4.264,2.0
Kepler-947 b,601.7,3.792,573.0,25.56,2.2,5754.0,4.534,2.0
Kepler-948 b,217.8,3.689,841.0,118.09,1.35,5447.0,4.481,2.0
Kepler-868 b,439.1,4.213,1047.0,283.49,2.53,5970.0,4.521,2.0
Kepler-869 b,916.1,7.102,494.0,14.08,2.92,5813.0,4.561,2.0
Kepler-870 b,640.1,5.823,691.0,53.89,2.52,6170.0,4.472,2.0
Kepler-871 b,804.8,5.22,640.0,39.69,3.05,5900.0,4.509,2.0
Kepler-306 d,800.0,4.269,535.0,19.38,2.23,4955.0,4.61,2.0
Kepler-306 e,1051.6,5.902,390.0,5.45,2.75,4955.0,4.61,2.0
Kepler-892 b,1215.6,2.8831,556.0,22.57,2.81,4802.0,4.616,2.0
Kepler-893 b,721.7,3.4617,1034.0,270.47,3.31,6108.0,4.466,2.0
Kepler-915 b,109.7,3.1381,1319.0,716.65,1.85,6056.0,4.217,2.0
Kepler-916 b,472.2,4.561,503.0,15.14,1.9,5246.0,4.47,2.0
Kepler-917 b,530.7,2.2369,991.0,228.11,1.7,5068.0,4.608,2.0
Kepler-422 b,10345.0,4.2854,1028.0,263.54,12.63,5972.0,4.313,2.0
Kepler-872 b,334.3,2.3581,1230.0,540.56,1.63,5743.0,4.553,2.0
Kepler-483 b,443.4,6.6751,755.0,76.88,3.49,6325.0,4.188,2.0
Kepler-894 b,813.4,4.4617,896.0,152.12,2.99,6170.0,4.472,2.0
Kepler-1755 b,2090.8,3.2245,631.0,37.43,4.22,6086.0,4.511,2.0
Kepler-918 b,196.4,3.198,1052.0,288.7,1.72,5778.0,4.483,2.0
Kepler-919 b,308.3,4.799,869.0,134.66,1.8,6093.0,4.429,2.0
Kepler-1759 b,156.9,1.892,954.0,195.7,0.99,5017.0,4.516,2.0
Kepler-949 b,1117.0,2.563,782.0,88.24,2.92,5211.0,4.447,2.0
Kepler-949 c,1131.8,2.454,582.0,27.2,2.97,5211.0,4.447,2.0
Kepler-488 b,16456.0,2.1878,1303.0,680.79,14.16,6122.0,4.471,2.0
Kepler-1768 b,255.7,2.236,933.0,179.16,2.57,6050.0,4.137,2.0
Kepler-303 b,312.3,1.4727,802.0,97.94,0.87,4042.0,4.761,2.0
Kepler-303 c,481.7,1.0406,521.0,17.41,1.23,4042.0,4.761,2.0
Kepler-873 b,678.3,5.3136,749.0,74.49,3.19,6325.0,4.409,2.0
Kepler-874 b,970.9,5.8875,560.0,23.27,3.1,6026.0,4.411,2.0
Kepler-87 b,4850.0,12.0355,476.0,12.13,12.28,5597.0,3.963,2.0
Kepler-87 c,1061.2,16.942,401.0,6.14,6.47,5597.0,3.963,2.0
Kepler-307 b,825.3,2.7719,797.0,95.64,3.01,5511.0,4.426,2.0
Kepler-313 b,290.5,5.884,883.0,143.33,2.53,5726.0,4.123,2.0
Kepler-313 c,223.9,8.622,683.0,51.5,2.31,5726.0,4.123,2.0
Kepler-1760 b,392.1,3.073,480.0,12.56,2.43,5229.0,4.441,2.0
Kepler-1761 b,416.2,1.965,613.0,33.34,1.75,3871.0,4.744,2.0
Kepler-317 b,491.0,2.826,976.0,214.86,2.25,5334.0,4.372,2.0
Kepler-317 c,351.9,3.176,837.0,115.84,1.91,5334.0,4.372,2.0
Kepler-875 b,580.7,5.907,569.0,24.71,2.58,5783.0,4.539,2.0
Kepler-876 b,310.7,2.703,923.0,171.63,1.55,5157.0,4.445,2.0
Kepler-877 b,535.3,3.3703,632.0,37.81,2.5,5311.0,4.419,2.0
Kepler-878 b,569.7,4.045,501.0,14.85,1.95,5167.0,4.585,2.0
Kepler-1711 b,301.2,5.2472,669.0,47.39,1.78,5706.0,4.382,2.0
Kepler-307 c,662.0,3.0401,739.0,70.51,2.71,5511.0,4.426,2.0
Kepler-423 b,18136.0,2.69382,1265.0,603.57,12.73,5561.0,4.411,2.0
Kepler-895 b,599.6,1.6271,771.0,83.53,1.41,4153.0,4.684,2.0
Kepler-920 b,771.9,3.3351,907.0,159.66,3.09,5301.0,4.391,2.0
Kepler-921 b,498.9,5.359,492.0,13.86,2.07,6032.0,4.508,2.0
Kepler-922 b,217.4,1.3015,1876.0,2919.17,1.58,5499.0,4.323,2.0
Kepler-426 b,14319.0,2.11481,1185.0,464.73,11.38,5720.0,4.473,2.0
Kepler-318 b,1630.6,2.757,1039.0,274.98,3.86,5729.0,4.514,2.0
Kepler-318 c,1003.0,2.834,762.0,79.66,3.48,5729.0,4.514,2.0
Kepler-411 c,2018.1,2.89,689.0,53.33,3.47,4920.0,4.62,2.0
Kepler-411 b,691.6,2.0747,949.0,191.27,2.2,4920.0,4.62,2.0
Kepler-879 b,553.2,5.0361,580.0,26.73,2.48,5833.0,4.407,2.0
Kepler-880 b,233.9,4.5871,1622.0,1636.72,4.65,6900.0,3.843,2.0
Kepler-881 b,163.0,3.686,1217.0,518.45,1.71,6240.0,4.426,2.0
Kepler-896 c,879.9,13.902,515.0,16.56,3.15,5510.0,4.572,2.0
Kepler-896 b,1035.2,16.599,303.0,1.99,3.06,5510.0,4.572,2.0
Kepler-897 b,486.0,5.159,855.0,126.56,2.33,5840.0,4.553,2.0
Kepler-898 b,505.6,2.5736,616.0,33.99,1.44,4166.0,4.66,2.0
Kepler-487 b,14638.0,4.1223,662.0,45.46,10.89,5422.0,4.484,2.0
Kepler-1762 b,403.3,4.139,714.0,61.49,2.51,6572.0,4.365,2.0
Kepler-116 c,251.1,3.0946,964.0,203.87,2.47,6122.0,4.173,2.0
Kepler-882 b,190.0,1.591,903.0,157.1,0.93,5229.0,4.643,2.0
Kepler-59 c,213.9,4.605,752.0,75.61,1.58,6296.0,4.46,2.0
Kepler-59 b,101.9,4.653,864.0,131.58,1.09,6296.0,4.46,2.0
Kepler-883 b,257.2,3.4497,818.0,105.74,1.64,5948.0,4.384,2.0
Kepler-899 b,752.8,5.144,640.0,39.65,2.4,5767.0,4.538,2.0
Kepler-900 b,555.4,2.1568,716.0,62.05,1.95,4847.0,4.606,2.0
Kepler-901 b,532.8,1.5639,704.0,58.08,1.42,4132.0,4.699,2.0
Kepler-923 b,119.6,4.608,1104.0,351.27,1.7,5861.0,4.212,2.0
Kepler-924 b,437.5,8.378,610.0,32.74,3.38,6309.0,4.154,2.0
Kepler-925 b,894.8,3.72,394.0,5.69,2.31,4564.0,4.593,2.0
Kepler-884 b,159.4,2.3906,964.0,204.18,1.16,5646.0,4.493,2.0
Kepler-885 b,241.5,5.2706,830.0,112.43,2.49,6109.0,4.247,2.0
Kepler-886 b,163.7,3.0998,1111.0,360.09,1.6,5810.0,4.25,2.0
Kepler-887 b,189.3,6.22,785.0,89.74,1.78,6119.0,4.274,2.0
Kepler-84 b,446.7,4.473,985.0,222.19,2.86,6036.0,4.326,2.0
Kepler-84 c,460.5,5.676,865.0,132.23,3.15,6036.0,4.326,2.0
Kepler-84 e,472.6,5.038,672.0,48.29,2.56,6036.0,4.326,2.0
Kepler-84 d,159.1,3.128,1254.0,584.24,1.6,6036.0,4.326,2.0
Kepler-84 f,362.1,6.0,572.0,25.3,2.29,6036.0,4.326,2.0
Kepler-926 b,558.3,3.0089,524.0,17.76,2.92,5565.0,4.251,2.0
Kepler-487 d,665.4,2.0744,1226.0,535.84,2.25,5422.0,4.484,2.0
Kepler-927 b,268.3,4.558,906.0,159.34,1.78,5962.0,4.431,2.0
Kepler-69 b,571.1,5.1231,746.0,73.16,2.23,5637.0,4.399,2.0
Kepler-1668 b,1785.9,4.2572,721.0,63.79,4.3,5900.0,4.509,2.0
Kepler-887 c,71.7,3.957,1089.0,333.3,1.12,6119.0,4.274,2.0
Kepler-888 b,357.7,6.632,417.0,7.11,1.63,5811.0,4.536,2.0
Kepler-889 b,73.3,2.9191,1328.0,736.89,1.1,5876.0,4.269,2.0
Kepler-1756 b,266.9,1.796,1093.0,338.4,1.34,4915.0,4.512,2.0
Kepler-1757 b,843.2,3.226,549.0,21.5,2.83,5288.0,4.613,2.0
Kepler-1764 b,922.4,6.653,511.0,16.17,3.46,6461.0,4.396,2.0
Kepler-928 b,455.5,2.1763,894.0,151.31,1.65,4841.0,4.533,2.0
Kepler-929 b,101.5,2.6077,2362.0,7380.64,1.62,5843.0,4.069,2.0
Kepler-314 c,828.3,2.8617,890.0,148.26,2.85,5418.0,4.534,2.0
Kepler-857 b,4674.7,6.7504,390.0,5.44,6.31,5584.0,4.478,2.0
Kepler-419 b,4491.2,3.7177,613.0,33.3,11.65,6430.0,4.107,2.0
Kepler-1669 c,728.5,1.6067,958.0,199.28,1.57,4224.0,4.662,2.0
Kepler-1669 b,1169.4,2.9497,530.0,18.66,1.99,4224.0,4.662,2.0
Kepler-1669 d,434.3,2.234,669.0,47.3,1.22,4224.0,4.662,2.0
Kepler-3 b,4315.8,2.36255,800.0,96.67,4.82,4778.0,4.591,2.0
Kepler-12 b,16388.0,4.69813,1338.0,757.65,18.05,5953.0,4.175,2.0
Kepler-458 c,1023.3,10.3939,798.0,95.68,4.24,6226.0,4.264,2.0
Kepler-308 b,515.2,2.75,833.0,114.06,2.08,5896.0,4.516,2.0
Kepler-308 c,550.5,3.815,714.0,61.61,2.14,5896.0,4.516,2.0
Kepler-902 b,732.0,5.2096,556.0,22.65,3.11,5509.0,4.265,2.0
Kepler-314 b,84.2,2.184,1195.0,483.09,0.84,5418.0,4.534,2.0
Kepler-931 b,286.5,2.9118,744.0,72.44,1.54,5044.0,4.511,2.0
Kepler-1752 b,2559.6,6.927,419.0,7.29,5.04,5446.0,4.525,2.0
Kepler-69 c,340.3,12.808,286.0,1.59,1.73,5637.0,4.399,2.0
Kepler-858 b,2949.5,7.9393,399.0,6.01,4.78,5591.0,4.494,2.0
Kepler-309 b,406.5,2.6302,531.0,18.87,0.99,3883.0,4.762,2.0
Kepler-309 c,1210.2,3.81,204.0,0.41,1.87,3883.0,4.762,2.0
Kepler-485 b,16451.0,3.03318,1243.0,563.17,12.91,5823.0,4.438,2.0
Kepler-310 c,1091.8,5.961,417.0,7.14,3.22,5497.0,4.57,2.0
Kepler-310 d,658.8,7.474,353.0,3.68,2.64,5497.0,4.57,2.0
Kepler-1650 b,841.0,1.2635,602.0,30.85,1.0,3364.0,4.978,2.0
Kepler-1765 b,670.0,3.0069,855.0,126.48,3.17,5692.0,4.36,2.0
Kepler-1670 b,437.8,6.501,731.0,67.67,2.8,6249.0,4.428,2.0
Kepler-932 b,278.7,1.9046,1276.0,626.79,1.77,5238.0,4.472,2.0
Kepler-315 b,982.3,9.877,409.0,6.59,4.01,5792.0,4.375,2.0
Kepler-859 b,1597.1,3.7922,528.0,18.36,3.16,4883.0,4.515,2.0
Kepler-860 b,894.6,2.595,1050.0,287.28,2.84,5869.0,4.479,2.0
Kepler-458 b,1743.4,24.42,264.0,1.15,5.8,6226.0,4.264,2.0
Kepler-310 b,186.5,2.312,665.0,46.19,1.4,5497.0,4.57,2.0
Kepler-1659 c,363.4,8.839,660.0,44.8,2.9,5823.0,4.472,2.0
Kepler-903 b,273.1,6.253,842.0,119.01,1.97,5534.0,4.338,2.0
Kepler-903 c,417.8,11.64,462.0,10.73,2.75,5534.0,4.338,2.0
Kepler-487 c,566.5,5.607,487.0,13.28,2.07,5422.0,4.484,2.0
Kepler-933 b,800.6,3.898,602.0,31.1,1.9,5350.0,4.647,2.0
Kepler-934 b,765.1,3.778,384.0,5.16,2.19,4998.0,4.53,2.0
Kepler-316 c,545.8,2.3726,577.0,26.31,1.34,4198.0,4.689,2.0
Kepler-302 c,8088.6,7.1545,392.0,5.61,12.04,5733.0,4.281,2.0
Kepler-481 b,460.2,4.5718,899.0,154.16,2.58,5705.0,4.297,2.0
Kepler-302 b,974.9,5.879,634.0,38.2,3.65,5733.0,4.281,2.0
Kepler-890 b,5805.8,6.6517,540.0,20.08,8.76,6228.0,4.413,2.0
Kepler-341 e,334.0,7.253,539.0,19.93,2.03,5616.0,4.327,2.0
Kepler-342 b,224.8,4.3311,905.0,158.23,2.47,6297.0,4.26,2.0
Kepler-342 d,244.8,9.557,658.0,44.26,2.8,6297.0,4.26,2.0
Kepler-66 b,776.8,3.6765,699.0,56.48,3.12,5964.0,4.484,2.0
Kepler-1026 b,861.3,3.6577,425.0,7.71,2.55,4847.0,4.54,2.0
Kepler-1063 b,169.5,1.375,931.0,177.81,2.08,5821.0,4.097,2.0
Kepler-1064 b,370.0,2.5996,570.0,24.87,1.57,5064.0,4.572,2.0
Kepler-1065 b,1375.1,1.7752,1092.0,336.16,3.26,5668.0,4.545,2.0
Kepler-1066 b,504.9,1.614,1290.0,655.43,2.25,5461.0,4.552,2.0
Kepler-353 c,755.6,2.4553,472.0,11.71,1.8,3757.0,4.718,2.0
Kepler-964 b,690.6,3.987,652.0,42.82,2.11,5338.0,4.557,2.0
Kepler-965 b,832.1,9.0636,393.0,5.63,3.43,5818.0,4.276,2.0
Kepler-490 b,10091.0,3.45188,1597.0,1539.0,16.91,5927.0,4.046,2.0
Kepler-966 b,1287.0,6.804,391.0,5.55,3.94,5620.0,4.363,2.0
Kepler-492 b,9763.3,3.0039,660.0,44.89,7.94,5215.0,4.564,2.0
Kepler-1002 b,108.5,4.1445,1453.0,1054.56,1.75,6180.0,4.133,2.0
Kepler-330 c,762.6,3.9851,573.0,25.54,2.18,4891.0,4.516,2.0
Kepler-330 b,298.4,2.928,714.0,61.43,1.35,4891.0,4.516,2.0
Kepler-1674 b,1372.6,5.907,417.0,7.13,3.54,5662.0,4.56,2.0
Kepler-343 b,234.3,4.4073,1024.0,259.95,2.17,5808.0,4.185,2.0
Kepler-1027 b,120.5,1.8707,1268.0,609.28,0.91,5435.0,4.578,2.0
Kepler-1028 b,228.4,1.6239,1217.0,517.89,1.27,5662.0,4.56,2.0
Kepler-494 b,3120.4,5.3694,1093.0,336.73,7.79,6002.0,4.196,2.0
Kepler-353 b,334.3,2.272,534.0,19.23,1.05,3757.0,4.718,2.0
Kepler-1995 b,1836.9,2.69,375.0,4.66,4.28,5029.0,4.429,2.0
Kepler-85 b,365.6,3.751,809.0,101.43,1.69,5435.0,4.495,2.0
Kepler-967 b,812.0,3.2861,638.0,39.1,2.22,5180.0,4.548,2.0
Kepler-324 c,1025.4,6.343,410.0,6.71,2.6,5191.0,4.53,2.0
Kepler-324 b,198.5,2.5126,935.0,180.22,1.15,5191.0,4.53,2.0
Kepler-324 d,183.2,5.1691,471.0,11.67,1.1,5191.0,4.53,2.0
Kepler-324 e,356.1,1.2325,635.0,38.44,1.97,5191.0,4.53,2.0
Kepler-1003 b,232.9,2.1004,1157.0,425.04,1.29,6068.0,4.565,2.0
Kepler-1004 b,343.9,8.5274,1661.0,1802.31,7.1,4994.0,3.433,2.0
Kepler-331 b,1320.3,2.2906,540.0,20.08,1.87,4347.0,4.73,2.0
Kepler-331 c,1562.8,2.829,425.0,7.75,2.04,4347.0,4.73,2.0
Kepler-331 d,1262.0,2.691,346.0,3.39,1.84,4347.0,4.73,2.0
Kepler-1774 b,574.5,4.843,522.0,17.53,3.17,6214.0,4.382,2.0
Kepler-1029 b,279.2,2.323,790.0,92.16,1.57,4766.0,4.645,2.0
Kepler-1778 b,568.1,2.9884,942.0,186.14,3.15,6310.0,4.417,2.0
Kepler-1779 b,829.4,5.474,730.0,67.34,3.26,5730.0,4.394,2.0
Kepler-344 b,693.4,2.7509,643.0,40.41,2.57,5774.0,4.447,2.0
Kepler-344 c,925.7,7.105,360.0,3.95,2.89,5774.0,4.447,2.0
Kepler-85 c,430.8,4.301,706.0,58.69,1.88,5435.0,4.495,2.0
Kepler-85 d,197.8,4.364,626.0,36.38,1.39,5435.0,4.495,2.0
Kepler-85 e,174.1,5.76,559.0,23.05,1.19,5435.0,4.495,2.0
Kepler-1067 c,259.0,2.5342,973.0,211.66,1.48,5594.0,4.489,2.0
Kepler-1785 b,532.9,1.755,666.0,46.51,3.09,5618.0,4.401,2.0
Kepler-325 b,879.3,1.8141,1017.0,253.48,3.0,5445.0,4.458,2.0
Kepler-325 c,653.8,2.0688,721.0,63.86,3.18,5445.0,4.458,2.0
Kepler-325 d,694.8,3.441,498.0,14.55,2.62,5445.0,4.458,2.0
Kepler-968 b,763.3,1.7744,745.0,72.66,1.74,4402.0,4.682,2.0
Kepler-433 b,4676.5,6.2226,1495.0,1180.64,13.08,6332.0,4.016,2.0
Kepler-1005 b,190.9,2.4384,1026.0,262.18,1.87,5727.0,4.328,2.0
Kepler-1006 b,392.5,3.9097,791.0,92.38,2.81,6327.0,4.327,2.0
Kepler-1007 b,430.1,2.1397,652.0,42.62,1.15,4325.0,4.68,2.0
Kepler-1775 b,476.0,6.866,522.0,17.51,3.56,5818.0,4.065,2.0
Kepler-1030 b,935.5,3.794,529.0,18.57,2.26,5026.0,4.604,2.0
Kepler-1032 b,645.3,1.5151,802.0,97.96,1.49,4484.0,4.654,2.0
Kepler-424 b,5976.5,1.4049,1116.0,365.94,9.06,5461.0,4.499,2.0
Kepler-119 b,1871.8,2.5613,1213.0,511.66,3.55,5598.0,4.565,2.0
Kepler-1786 b,658.7,8.689,501.0,14.85,3.55,5808.0,4.172,2.0
Kepler-1068 b,1125.3,4.1864,702.0,57.37,3.4,5786.0,4.465,2.0
Kepler-354 b,648.0,2.5482,741.0,71.0,2.01,4650.0,4.589,2.0
Kepler-326 c,308.3,2.097,889.0,147.56,1.38,5103.0,4.558,2.0
Kepler-326 b,263.2,2.0361,1127.0,380.75,1.25,5103.0,4.558,2.0
Kepler-326 d,249.3,1.7062,781.0,87.79,1.31,5103.0,4.558,2.0
Kepler-969 b,635.0,4.7679,465.0,11.09,2.37,5201.0,4.573,2.0
Kepler-970 b,1147.0,2.151,464.0,10.99,2.73,4334.0,4.618,2.0
Kepler-1008 b,254.3,3.176,627.0,36.57,1.3,4987.0,4.531,2.0
Kepler-332 b,296.1,2.4168,703.0,57.89,1.21,4955.0,4.61,2.0
Kepler-1009 b,1221.0,2.2792,403.0,6.25,1.75,3597.0,4.734,2.0
Kepler-1780 b,1269.6,3.792,340.0,3.14,3.04,5403.0,4.5,2.0
Kepler-1033 b,659.8,3.8573,914.0,164.9,2.4,5895.0,4.503,2.0
Kepler-1034 b,788.4,3.3091,675.0,48.98,2.37,5094.0,4.469,2.0
Kepler-345 c,384.6,1.6165,575.0,25.83,1.69,4500.0,4.656,2.0
Kepler-345 b,150.4,1.973,622.0,35.37,0.79,4500.0,4.656,2.0
Kepler-354 d,458.0,4.046,451.0,9.8,1.5,4650.0,4.589,2.0
Kepler-1069 b,293.4,15.955,823.0,108.3,3.26,5511.0,3.914,2.0
Kepler-1070 b,165.0,3.4117,1101.0,348.15,1.59,6277.0,4.417,2.0
Kepler-1071 b,750.5,2.1094,814.0,104.06,2.12,5149.0,4.551,2.0
Kepler-1072 b,147.2,2.7803,1849.0,2763.39,1.68,5821.0,4.172,2.0
Kepler-971 b,544.6,3.452,1087.0,329.34,3.93,5476.0,3.904,2.0
Kepler-972 b,836.7,3.514,1060.0,298.33,4.67,5846.0,4.278,2.0
Kepler-973 b,626.7,2.9575,402.0,6.17,2.12,5187.0,4.592,2.0
Kepler-1770 b,822.1,2.6194,699.0,56.43,3.08,5602.0,4.404,2.0
Kepler-74 b,8510.5,2.9987,1155.0,421.03,14.31,6056.0,4.191,2.0
Kepler-333 b,494.1,3.1293,480.0,12.56,1.34,4213.0,4.669,2.0
Kepler-493 b,8538.0,3.2848,1438.0,1011.87,10.96,6311.0,4.398,2.0
Kepler-333 c,387.2,3.952,386.0,5.26,1.16,4213.0,4.669,2.0
Kepler-334 c,187.9,4.1828,822.0,107.96,1.49,5782.0,4.34,2.0
Kepler-334 b,112.0,3.1441,1090.0,334.27,1.15,5782.0,4.34,2.0
Kepler-346 b,695.1,1.6919,1008.0,243.67,3.09,6032.0,4.465,2.0
Kepler-346 c,833.7,2.4453,654.0,43.19,3.37,6032.0,4.465,2.0
Kepler-1035 b,143.5,1.3115,1301.0,675.86,1.38,5815.0,4.461,2.0
Kepler-1036 b,717.7,7.835,326.0,2.66,2.7,5413.0,4.51,2.0
Kepler-1781 b,679.6,2.034,1003.0,239.11,2.45,5568.0,4.499,2.0
Kepler-1076 b,119.7,2.7645,770.0,83.18,0.79,4997.0,4.598,2.0
Kepler-1788 b,706.7,1.0237,956.0,197.81,2.13,4786.0,4.579,2.0
Kepler-1077 b,599.4,4.4408,576.0,26.1,2.75,6091.0,4.487,2.0
Kepler-495 b,3868.7,2.61366,1200.0,490.24,6.62,5392.0,4.314,2.0
Kepler-1078 b,285.8,4.4302,1122.0,373.99,1.56,5667.0,4.587,2.0
Kepler-974 b,660.7,1.7807,577.0,26.2,1.57,3706.0,4.747,2.0
Kepler-975 b,403.2,1.7901,1599.0,1540.07,3.97,4883.0,3.972,2.0
Kepler-975 c,748.3,1.132,1168.0,439.8,10.69,4883.0,3.972,2.0
Kepler-977 b,965.8,4.4557,544.0,20.77,2.65,5329.0,4.455,2.0
Kepler-334 d,167.6,2.7727,656.0,43.84,1.59,5782.0,4.34,2.0
Kepler-1010 b,699.3,4.8251,477.0,12.2,2.44,5083.0,4.468,2.0
Kepler-1011 b,733.8,1.7948,920.0,169.44,3.14,5445.0,4.51,2.0
Kepler-1012 b,203.9,3.0788,934.0,179.62,1.49,5448.0,4.489,2.0
Kepler-1013 b,684.0,3.372,766.0,81.42,4.41,5015.0,3.987,2.0
Kepler-1677 b,388.7,4.1,712.0,60.81,2.67,6232.0,4.432,2.0
Kepler-1782 b,623.6,1.071,773.0,84.16,2.24,4931.0,4.605,2.0
Kepler-1038 b,1532.1,5.499,285.0,1.56,3.61,5159.0,4.548,2.0
Kepler-1039 b,270.4,1.4083,2080.0,4435.29,3.21,4777.0,3.909,2.0
Kepler-355 c,619.5,6.908,633.0,37.99,2.66,5739.0,4.381,2.0
Kepler-355 b,182.3,4.753,840.0,117.67,1.45,5739.0,4.381,2.0
Kepler-119 c,114.7,2.877,1016.0,252.18,0.88,5598.0,4.565,2.0
Kepler-356 c,196.9,3.6138,913.0,164.48,1.99,6140.0,4.265,2.0
Kepler-978 b,505.5,7.222,546.0,20.99,3.33,5938.0,4.331,2.0
Kepler-979 b,952.9,1.8334,792.0,92.93,2.94,5269.0,4.494,2.0
Kepler-980 b,402.8,3.3601,845.0,120.76,2.17,5907.0,4.395,2.0
Kepler-981 b,553.9,1.813,1103.0,350.69,2.26,5988.0,4.507,2.0
Kepler-982 b,313.6,4.957,955.0,196.14,2.72,6283.0,4.129,2.0
Kepler-335 b,260.8,4.0144,1290.0,654.67,3.07,5878.0,4.005,2.0
Kepler-336 d,323.9,4.6395,749.0,74.36,2.42,5865.0,4.266,2.0
Kepler-117 c,5671.1,10.8474,612.0,33.12,10.6,6163.0,4.185,2.0
Kepler-336 c,271.2,4.3206,967.0,206.91,2.08,5865.0,4.266,2.0
Kepler-336 b,63.3,2.55,1625.0,1652.5,1.01,5865.0,4.266,2.0
Kepler-1040 b,584.8,10.328,300.0,1.92,2.28,5646.0,4.447,2.0
Kepler-1041 b,458.7,6.998,644.0,40.74,2.44,6106.0,4.487,2.0
Kepler-347 b,336.6,6.401,908.0,160.33,2.88,5592.0,4.115,2.0
Kepler-1042 b,911.6,3.1683,574.0,25.66,1.67,4777.0,4.689,2.0
Kepler-1043 b,695.2,5.941,532.0,18.98,2.45,5974.0,4.504,2.0
Kepler-356 b,133.2,3.0643,1294.0,663.8,1.6,6140.0,4.265,2.0
Kepler-1073 b,540.6,3.5317,905.0,158.43,2.56,5509.0,4.308,2.0
Kepler-1787 b,500.1,5.0137,540.0,20.04,2.07,6060.0,4.509,2.0
Kepler-1074 b,401.2,2.1604,568.0,24.71,1.12,3974.0,4.7,2.0
Kepler-1075 b,364.7,1.4796,818.0,105.95,1.26,3746.0,4.736,2.0
Kepler-491 b,7563.0,2.82038,1111.0,360.46,9.0,5574.0,4.403,2.0
Kepler-983 b,432.2,7.007,485.0,13.07,2.4,6028.0,4.459,2.0
Kepler-984 b,541.6,6.571,484.0,13.01,2.5,5550.0,4.476,2.0
Kepler-1771 b,625.5,7.82,391.0,5.51,2.51,5661.0,4.471,2.0
Kepler-1776 b,436.7,2.868,603.0,31.35,2.97,5872.0,4.332,2.0
Kepler-1014 b,644.9,2.9052,614.0,33.53,2.03,5483.0,4.589,2.0
Kepler-1015 b,377.5,6.5047,1040.0,276.53,3.71,6384.0,4.029,2.0
Kepler-1016 b,392.8,2.0944,1540.0,1331.18,2.38,5741.0,4.331,2.0
Kepler-1017 b,453.3,2.165,831.0,112.48,1.78,5411.0,4.523,2.0
Kepler-1044 b,520.3,2.6215,1058.0,295.82,2.5,6246.0,4.433,2.0
Kepler-118 c,5368.1,3.1488,564.0,24.0,6.24,5064.0,4.474,2.0
Kepler-1045 b,991.1,3.0715,512.0,16.27,2.45,5448.0,4.613,2.0
Kepler-1783 b,197.2,2.713,1088.0,331.35,2.46,5129.0,3.884,2.0
Kepler-1046 b,251.1,3.208,786.0,90.16,2.05,5931.0,4.403,2.0
Kepler-1678 b,1267.1,6.854,329.0,2.78,3.33,5578.0,4.44,2.0
Kepler-1079 b,156.1,4.4078,887.0,146.31,1.77,5636.0,4.147,2.0
Kepler-1080 b,589.5,10.214,548.0,21.37,3.7,6564.0,4.255,2.0
Kepler-1081 b,127.8,2.0808,972.0,210.44,0.93,5272.0,4.574,2.0
Kepler-985 b,1586.3,7.025,323.0,2.59,3.26,5354.0,4.533,2.0
Kepler-416 b,581.1,3.3422,986.0,223.15,2.71,5670.0,4.397,2.0
Kepler-416 c,538.1,4.1808,791.0,92.68,2.61,5670.0,4.397,2.0
Kepler-416 d,216.7,2.6326,1253.0,583.25,1.61,5670.0,4.397,2.0
Kepler-409 b,123.3,3.128,402.0,6.17,1.11,5455.0,4.497,2.0
Kepler-117 b,2431.4,7.5235,852.0,124.64,7.39,6163.0,4.185,2.0
Kepler-1675 b,658.7,7.3702,465.0,11.1,2.59,5798.0,4.411,2.0
Kepler-337 c,141.8,5.6725,1017.0,253.08,1.89,5683.0,4.108,2.0
Kepler-1047 b,346.2,6.5272,503.0,15.13,2.56,5700.0,4.327,2.0
Kepler-1048 b,529.7,4.3591,619.0,34.85,1.48,4461.0,4.661,2.0
Kepler-1049 b,262.5,1.7292,625.0,36.05,0.81,3758.0,4.769,2.0
Kepler-1050 b,185.1,4.662,1039.0,275.53,2.94,5817.0,3.877,2.0
Kepler-1662 b,4033.5,5.9288,412.0,6.81,10.52,5791.0,4.185,2.0
Kepler-950 b,7320.0,6.593,360.0,3.97,6.99,5808.0,4.583,2.0
Kepler-951 b,5904.3,5.9189,340.0,3.15,5.76,4855.0,4.542,2.0
Kepler-412 b,10184.0,2.0243,1647.0,1743.61,13.25,5742.0,4.297,2.0
Kepler-986 b,580.0,4.7381,465.0,11.04,2.37,5534.0,4.381,2.0
Kepler-1673 b,649.2,5.496,611.0,33.01,2.71,6202.0,4.436,2.0
Kepler-1772 b,158.0,4.365,1155.0,421.21,1.54,5541.0,4.472,2.0
Kepler-337 b,80.7,4.8069,1458.0,1068.95,1.39,5683.0,4.108,2.0
Kepler-338 b,199.2,7.3419,1005.0,241.58,2.38,5951.0,4.017,2.0
Kepler-338 c,184.4,8.7682,831.0,112.64,2.3,5951.0,4.017,2.0
Kepler-338 d,238.5,10.306,680.0,50.42,2.61,5951.0,4.017,2.0
Kepler-338 e,81.7,6.18,1143.0,403.44,1.56,5951.0,4.017,2.0
Kepler-339 b,287.3,2.5719,1023.0,258.91,1.75,5353.0,4.358,2.0
Kepler-1050 c,176.7,3.852,935.0,180.55,2.88,5817.0,3.877,2.0
Kepler-118 b,286.7,2.845,784.0,89.41,1.42,5064.0,4.474,2.0
Kepler-1051 b,350.3,6.2732,850.0,123.11,3.25,6369.0,4.088,2.0
Kepler-952 b,5128.7,6.474,369.0,4.36,7.7,5970.0,4.463,2.0
Kepler-41 b,10570.0,2.35672,1436.0,1004.89,10.05,5657.0,4.441,2.0
Kepler-954 b,908.0,3.7386,545.0,20.82,2.25,4925.0,4.588,2.0
Kepler-987 b,1362.2,6.214,351.0,3.58,3.18,5534.0,4.515,2.0
Kepler-327 b,495.1,1.6999,682.0,50.9,1.11,3716.0,4.74,2.0
Kepler-327 d,1110.0,1.5871,387.0,5.29,2.04,3716.0,4.74,2.0
Kepler-327 c,430.0,2.098,537.0,19.7,1.04,3716.0,4.74,2.0
Kepler-988 b,1287.2,1.6679,368.0,4.34,1.93,3826.0,4.744,2.0
Kepler-339 d,194.2,3.366,796.0,94.94,1.41,5353.0,4.358,2.0
Kepler-339 c,193.2,3.103,914.0,164.86,1.39,5353.0,4.358,2.0
Kepler-340 c,322.7,6.617,946.0,189.46,3.36,6642.0,4.057,2.0
Kepler-1018 b,845.6,6.341,498.0,14.57,3.28,5393.0,4.299,2.0
Kepler-348 b,130.0,2.0261,1196.0,483.95,1.68,6388.0,4.244,2.0
Kepler-1052 b,767.7,5.333,522.0,17.62,2.4,5818.0,4.554,2.0
Kepler-1053 b,191.0,1.2701,953.0,195.08,0.97,4507.0,4.573,2.0
Kepler-1054 b,257.0,4.1107,1177.0,453.2,1.95,6108.0,4.466,2.0
Kepler-447 b,3387.4,1.1081,882.0,142.82,16.51,5494.0,4.405,2.0
Kepler-955 b,1355.9,3.13,664.0,46.06,3.11,5345.0,4.473,2.0
Kepler-956 b,601.2,1.917,1056.0,293.42,2.84,5807.0,4.437,2.0
Kepler-989 b,746.0,1.5342,805.0,99.42,2.44,5185.0,4.44,2.0
Kepler-1996 c,1257.5,6.83,276.0,1.38,2.81,4580.0,4.641,2.0
Kepler-17 b,20824.0,2.2874,1562.0,1404.81,14.48,5624.0,4.432,2.0
Kepler-328 c,2138.0,8.813,475.0,12.01,4.94,6194.0,4.445,2.0
Kepler-1019 b,388.2,1.4325,1164.0,436.04,1.71,4575.0,4.564,2.0
Kepler-1020 b,862.8,6.065,325.0,2.64,2.37,5162.0,4.559,2.0
Kepler-1021 b,729.6,2.5995,634.0,38.21,1.96,5395.0,4.615,2.0
Kepler-1055 b,172.1,1.654,1304.0,681.51,1.18,5637.0,4.482,2.0
Kepler-1056 b,483.3,4.858,590.0,28.66,2.11,5657.0,4.401,2.0
Kepler-1057 b,889.4,4.1847,724.0,64.97,2.66,5853.0,4.529,2.0
Kepler-71 b,21340.0,2.8213,1046.0,282.59,12.78,5543.0,4.54,2.0
Kepler-1058 b,1283.2,12.831,239.0,0.77,2.11,4441.0,4.695,2.0
Kepler-319 c,825.0,1.8899,876.0,139.05,2.96,5527.0,4.491,2.0
Kepler-489 b,10458.0,3.94738,538.0,19.88,7.31,4941.0,4.599,2.0
Kepler-319 d,570.2,3.856,528.0,18.32,2.08,5527.0,4.491,2.0
Kepler-319 b,341.6,2.2375,1023.0,258.7,1.76,5527.0,4.491,2.0
Kepler-329 c,1251.5,3.7965,402.0,6.16,1.93,4156.0,4.712,2.0
Kepler-329 b,505.5,2.1362,547.0,21.1,1.24,4156.0,4.712,2.0
Kepler-990 b,457.9,3.2241,903.0,157.41,2.85,5539.0,4.244,2.0
Kepler-991 b,1895.4,4.8556,260.0,1.08,2.45,4316.0,4.678,2.0
Kepler-992 b,343.6,4.13,510.0,16.03,1.75,4975.0,4.614,2.0
Kepler-1022 b,884.7,1.5929,512.0,16.24,1.71,4302.0,4.661,2.0
Kepler-1978 b,1122.1,3.474,676.0,49.3,2.67,5251.0,4.592,2.0
Kepler-1777 b,499.3,2.5014,819.0,106.52,2.59,5771.0,4.374,2.0
Kepler-1059 b,558.4,2.0111,908.0,160.99,1.7,5063.0,4.617,2.0
Kepler-349 b,412.1,2.518,972.0,210.95,1.92,5741.0,4.492,2.0
Kepler-349 c,402.7,3.209,763.0,80.29,1.9,5741.0,4.492,2.0
Kepler-1784 b,621.9,3.784,724.0,64.8,2.4,5442.0,4.409,2.0
Kepler-1060 b,539.8,10.041,484.0,13.01,2.62,5504.0,4.418,2.0
Kepler-1769 b,868.3,4.0104,483.0,12.83,3.81,6071.0,4.239,2.0
Kepler-321 c,398.7,2.2805,752.0,75.58,2.2,5772.0,4.487,2.0
Kepler-321 b,225.5,2.7757,1042.0,279.43,1.46,5772.0,4.487,2.0
Kepler-958 b,585.4,2.1649,749.0,74.48,2.54,5371.0,4.513,2.0
Kepler-1773 b,436.1,3.158,623.0,35.68,3.44,6183.0,4.301,2.0
Kepler-993 b,3157.4,2.1727,352.0,3.63,3.34,3828.0,4.712,2.0
Kepler-994 b,578.4,1.0907,957.0,199.25,1.28,3951.0,4.73,2.0
Kepler-44 b,6998.2,3.0535,1459.0,1072.7,12.4,5763.0,4.15,2.0
Kepler-1023 b,886.3,4.2938,524.0,17.88,5.14,5123.0,3.992,2.0
Kepler-350 c,391.2,5.8919,888.0,146.82,3.29,6188.0,4.152,2.0
Kepler-350 d,362.2,6.613,782.0,88.29,2.8,6188.0,4.152,2.0
Kepler-350 b,143.3,5.3,1037.0,273.37,1.81,6188.0,4.152,2.0
Kepler-1061 b,211.0,2.1489,1332.0,744.97,1.69,5919.0,4.435,2.0
Kepler-959 b,501.4,5.762,1912.0,3158.09,17.38,6327.0,3.092,2.0
Kepler-960 b,794.6,1.1926,1391.0,886.72,5.12,4854.0,3.939,2.0
Kepler-961 b,818.4,3.7917,642.0,40.09,2.54,5497.0,4.512,2.0
Kepler-962 b,523.9,2.3462,689.0,53.26,1.96,5365.0,4.537,2.0
Kepler-995 b,1160.2,4.5839,517.0,16.84,2.93,5132.0,4.457,2.0
Kepler-996 b,314.4,2.029,1272.0,619.65,2.13,5714.0,4.274,2.0
Kepler-997 b,69.5,3.4378,1709.0,2012.12,1.36,6045.0,4.069,2.0
Kepler-1024 b,2053.2,7.061,376.0,4.71,3.44,5383.0,4.603,2.0
Kepler-341 c,294.1,4.2713,940.0,184.38,1.88,5616.0,4.327,2.0
Kepler-341 d,324.0,6.315,622.0,35.27,2.04,5616.0,4.327,2.0
Kepler-341 b,116.0,3.748,1085.0,327.78,1.18,5616.0,4.327,2.0
Kepler-351 c,1455.6,6.083,431.0,8.17,3.19,5642.0,4.542,2.0
Kepler-351 b,1028.8,5.439,498.0,14.59,3.19,5642.0,4.542,2.0
Kepler-352 c,300.4,2.174,591.0,28.76,1.61,5208.0,4.563,2.0
Kepler-352 b,147.7,2.951,694.0,54.96,0.92,5208.0,4.563,2.0
Kepler-1062 b,637.3,1.9254,583.0,27.35,1.67,4458.0,4.611,2.0
Kepler-322 c,358.5,2.4973,996.0,231.86,1.63,5390.0,4.499,2.0
Kepler-322 b,124.4,1.7242,1373.0,838.03,0.97,5390.0,4.499,2.0
Kepler-1672 b,659.9,8.6797,423.0,7.56,4.37,5504.0,3.999,2.0
Kepler-323 c,191.8,3.1029,1292.0,658.37,1.62,6015.0,4.37,2.0
Kepler-323 b,146.3,2.5123,1659.0,1797.15,1.57,6015.0,4.37,2.0
Kepler-998 b,366.8,1.9483,1020.0,256.14,1.82,5988.0,4.507,2.0
Kepler-999 b,186.3,1.7215,1355.0,796.76,2.75,6157.0,4.049,2.0
Kepler-1000 b,886.0,11.637,473.0,11.84,4.54,6469.0,4.253,2.0
Kepler-1001 b,863.4,4.535,693.0,54.59,3.05,5741.0,4.555,2.0
Kepler-1001 c,363.6,4.343,804.0,98.61,2.17,5741.0,4.555,2.0
Kepler-1814 b,1052.6,1.5043,1022.0,258.48,3.15,4922.0,4.505,2.0
Kepler-1158 b,134.2,4.389,1079.0,320.19,2.32,6109.0,3.985,2.0
Kepler-1159 b,298.8,3.503,677.0,49.67,1.72,6170.0,4.472,2.0
Kepler-1160 b,490.8,2.6675,839.0,116.77,1.81,5774.0,4.567,2.0
Kepler-1195 b,834.0,2.2128,702.0,57.43,2.14,5093.0,4.586,2.0
Kepler-1196 b,560.5,5.155,436.0,8.57,2.72,5640.0,4.447,2.0
Kepler-1197 b,287.5,1.1596,1011.0,247.21,1.12,4670.0,4.635,2.0
Kepler-501 c,180.6,2.7868,1304.0,683.84,1.62,5794.0,4.282,2.0
Kepler-1096 b,360.5,1.3596,794.0,93.66,1.31,4229.0,4.655,2.0
Kepler-1097 b,1583.0,5.885,267.0,1.2,2.95,5303.0,4.55,2.0
Kepler-1098 b,152.0,2.8473,1319.0,716.3,1.26,5579.0,4.389,2.0
Kepler-121 b,1134.3,1.5262,997.0,233.26,2.65,5303.0,4.63,2.0
Kepler-1099 b,466.9,1.458,1558.0,1389.18,2.41,6153.0,4.382,2.0
Kepler-367 b,286.4,4.662,401.0,6.09,1.21,4856.0,4.624,2.0
Kepler-367 c,224.9,5.194,357.0,3.82,1.16,4856.0,4.624,2.0
Kepler-1802 c,825.2,4.163,357.0,3.86,2.05,4245.0,4.641,2.0
Kepler-1802 b,382.2,2.042,581.0,26.91,1.71,4245.0,4.641,2.0
Kepler-1161 b,1198.6,2.7186,485.0,13.09,2.02,4175.0,4.715,2.0
Kepler-1162 b,578.3,5.418,490.0,13.63,2.05,5225.0,4.505,2.0
Kepler-1815 b,665.8,1.8832,763.0,80.01,2.46,5516.0,4.399,2.0
Kepler-1163 b,60.5,3.458,1211.0,509.24,1.05,6226.0,4.247,2.0
Kepler-1164 b,206.0,2.2029,936.0,181.47,1.11,5143.0,4.561,2.0
Kepler-1198 b,274.1,2.447,830.0,112.06,1.47,5344.0,4.469,2.0
Kepler-1199 b,97.9,5.823,931.0,177.24,1.51,5798.0,4.025,2.0
Kepler-1200 b,234.8,1.5534,1174.0,447.97,0.98,4496.0,4.65,2.0
Kepler-1100 b,161.6,2.6192,1000.0,236.21,1.25,5985.0,4.468,2.0
Kepler-1679 b,430.8,2.348,813.0,103.3,1.87,5806.0,4.528,2.0
Kepler-1101 b,715.5,5.807,393.0,5.64,2.55,5325.0,4.39,2.0
Kepler-1102 b,692.3,9.357,546.0,21.06,3.06,6119.0,4.353,2.0
Kepler-1103 b,383.7,3.787,736.0,69.48,2.58,6285.0,4.441,2.0
Kepler-368 b,254.1,10.068,800.0,96.89,3.2,5508.0,3.897,2.0
Kepler-1132 b,791.0,6.831,384.0,5.13,2.5,5052.0,4.48,2.0
Kepler-369 c,944.9,2.4076,391.0,5.51,1.59,3825.0,4.749,2.0
Kepler-369 b,613.1,1.1102,687.0,52.68,1.42,3825.0,4.749,2.0
Kepler-498 b,797.9,4.654,931.0,177.26,3.27,5997.0,4.364,2.0
Kepler-1165 c,309.5,6.678,644.0,40.76,1.91,6249.0,4.428,2.0
Kepler-1166 b,341.9,4.675,486.0,13.17,1.51,5382.0,4.571,2.0
Kepler-1201 b,292.5,4.509,789.0,91.56,1.94,6136.0,4.414,2.0
Kepler-1202 b,689.1,6.307,547.0,21.09,2.69,5726.0,4.559,2.0
Kepler-1203 b,297.4,1.1451,1188.0,473.45,0.99,3814.0,4.687,2.0
Kepler-1204 b,747.7,7.625,448.0,9.54,2.94,6096.0,4.397,2.0
Kepler-1205 b,300.5,1.3394,1667.0,1817.38,1.98,5325.0,4.384,2.0
Kepler-1104 b,76.3,2.0619,1321.0,720.22,1.55,6387.0,4.271,2.0
Kepler-360 b,234.9,2.3274,1116.0,367.18,1.37,5463.0,4.492,2.0
Kepler-360 c,402.0,1.4972,860.0,129.48,2.19,5463.0,4.492,2.0
Kepler-417 c,1093.7,3.4894,616.0,34.06,2.62,5376.0,4.576,2.0
Kepler-121 c,1004.5,4.376,425.0,7.72,2.64,5303.0,4.63,2.0
Kepler-1133 b,441.5,1.6758,703.0,57.75,2.11,5420.0,4.555,2.0
Kepler-1804 b,342.1,2.807,913.0,164.61,3.22,5109.0,3.96,2.0
Kepler-1134 b,850.2,3.0555,611.0,32.91,2.31,5477.0,4.578,2.0
Kepler-370 c,401.6,3.431,647.0,41.5,2.04,5569.0,4.459,2.0
Kepler-370 b,207.1,3.106,1040.0,276.82,1.35,5569.0,4.459,2.0
Kepler-1167 b,491.1,1.4361,1419.0,962.58,1.6,4949.0,4.552,2.0
Kepler-1168 b,879.6,5.457,379.0,4.85,2.13,5162.0,4.611,2.0
Kepler-1169 b,59.7,2.314,1125.0,378.84,0.93,6213.0,4.387,2.0
Kepler-502 b,1321.9,4.4726,1217.0,517.66,4.14,6228.0,4.441,2.0
Kepler-1828 b,352.8,3.252,799.0,96.27,1.68,5806.0,4.528,2.0
Kepler-381 c,48.9,3.391,1180.0,459.23,1.58,6197.0,3.837,2.0
Kepler-381 b,39.5,3.7295,1576.0,1459.41,1.39,6197.0,3.837,2.0
Kepler-381 d,37.3,2.0378,1387.0,874.56,1.49,6197.0,3.837,2.0
Kepler-417 b,872.2,3.0664,671.0,47.99,2.34,5376.0,4.576,2.0
Kepler-1105 b,684.0,2.1229,729.0,66.94,2.19,4299.0,4.604,2.0
Kepler-67 b,1313.1,3.8284,602.0,31.13,2.69,5332.0,4.597,2.0
Kepler-1106 b,200.0,2.1472,2199.0,5545.35,2.44,5907.0,4.041,2.0
Kepler-1795 b,699.9,2.788,520.0,17.3,1.84,4500.0,4.638,2.0
Kepler-1135 b,367.1,9.551,451.0,9.81,2.09,5878.0,4.363,2.0
Kepler-1805 b,460.2,2.0572,479.0,12.48,1.15,3867.0,4.718,2.0
Kepler-1170 b,988.4,3.7,705.0,58.26,2.48,5265.0,4.58,2.0
Kepler-499 b,634.4,2.1448,844.0,119.75,2.04,5216.0,4.58,2.0
Kepler-1171 b,166.0,2.9698,2700.0,12557.23,2.67,7216.0,3.983,2.0
Kepler-376 c,246.8,2.6297,873.0,137.33,2.39,5845.0,4.2,2.0
Kepler-376 b,81.0,4.046,1242.0,562.99,1.18,5845.0,4.2,2.0
Kepler-1830 b,411.9,8.704,681.0,50.79,4.43,6160.0,3.976,2.0
Kepler-124 c,765.2,3.985,560.0,23.15,2.2,4983.0,4.66,2.0
Kepler-1831 b,413.3,1.3966,1051.0,288.69,2.07,6063.0,4.476,2.0
Kepler-1208 b,771.8,1.751,665.0,46.17,2.5,5080.0,4.538,2.0
Kepler-1107 b,242.1,1.1267,1897.0,3069.59,1.65,5132.0,4.457,2.0
Kepler-1680 b,239.6,2.2245,771.0,83.63,1.75,5146.0,4.445,2.0
Kepler-1108 b,294.8,2.1533,1063.0,301.74,1.74,5362.0,4.352,2.0
Kepler-1109 b,427.4,6.344,787.0,90.85,5.37,5443.0,3.74,2.0
Kepler-1796 b,533.8,3.451,598.0,30.3,2.19,6036.0,4.491,2.0
Kepler-122 c,2232.1,5.0066,897.0,152.76,5.65,6038.0,4.284,2.0
Kepler-1136 b,587.0,1.2167,922.0,170.59,1.53,4478.0,4.615,2.0
Kepler-371 b,293.7,4.309,554.0,22.23,1.75,5670.0,4.387,2.0
Kepler-372 c,305.4,7.173,755.0,76.97,2.63,6056.0,4.332,2.0
Kepler-1138 b,325.4,1.6686,1080.0,321.28,1.69,5431.0,4.563,2.0
Kepler-377 c,287.6,5.385,677.0,49.65,2.0,5949.0,4.303,2.0
Kepler-377 b,155.3,3.479,875.0,138.54,1.54,5949.0,4.303,2.0
Kepler-1172 b,1164.4,4.965,675.0,49.09,4.53,5624.0,4.218,2.0
Kepler-1173 b,109.6,1.0243,1650.0,1756.8,0.93,5173.0,4.55,2.0
Kepler-1174 b,214.4,2.4921,1156.0,422.14,2.13,5862.0,4.148,2.0
Kepler-1210 b,318.2,2.393,856.0,126.94,1.53,5766.0,4.517,2.0
Kepler-1211 b,545.7,4.635,840.0,117.97,2.64,6075.0,4.486,2.0
Kepler-124 d,301.4,5.394,428.0,7.91,1.51,4983.0,4.66,2.0
Kepler-1797 b,570.1,5.389,684.0,51.68,2.98,6244.0,4.46,2.0
Kepler-1110 b,1130.7,2.734,609.0,32.4,2.12,4818.0,4.639,2.0
Kepler-1139 b,173.5,1.4122,1693.0,1945.44,1.14,5237.0,4.5,2.0
Kepler-1807 b,189.6,2.2874,1108.0,356.24,2.09,6455.0,4.125,2.0
Kepler-1140 b,1041.7,2.236,500.0,14.78,2.78,4973.0,4.537,2.0
Kepler-1175 b,1032.9,4.093,515.0,16.61,2.79,5861.0,4.546,2.0
Kepler-1176 b,532.6,3.056,595.0,29.69,2.21,5468.0,4.427,2.0
Kepler-1829 b,712.7,0.8023,860.0,129.37,2.4,5230.0,4.594,2.0
Kepler-1206 b,459.8,1.3285,1314.0,707.61,1.58,4859.0,4.545,2.0
Kepler-1207 b,179.6,4.153,802.0,97.74,1.43,6102.0,4.457,2.0
Kepler-1111 b,286.3,3.3781,938.0,183.26,1.77,6142.0,4.456,2.0
Kepler-1798 b,871.5,2.309,408.0,6.52,1.7,3967.0,4.674,2.0
Kepler-1112 b,349.4,4.564,918.0,167.88,2.31,6643.0,4.357,2.0
Kepler-1681 b,548.4,5.276,442.0,8.99,3.04,5390.0,4.303,2.0
Kepler-91 b,396.8,11.261,1902.0,3095.83,14.93,4604.0,2.936,2.0
Kepler-1141 b,58.9,1.4116,1471.0,1106.25,0.97,5821.0,4.328,2.0
Kepler-122 b,364.8,3.8314,1159.0,426.48,2.27,6038.0,4.284,2.0
Kepler-1142 b,186.7,8.262,902.0,156.71,2.72,5528.0,3.892,2.0
Kepler-1143 b,402.2,1.6043,976.0,215.06,1.68,4895.0,4.589,2.0
Kepler-1144 b,440.3,4.2354,811.0,102.24,3.64,5559.0,4.127,2.0
Kepler-378 b,128.5,2.1072,503.0,15.15,0.98,4657.0,4.641,2.0
Kepler-379 c,325.0,4.81,530.0,18.7,2.28,6053.0,4.279,2.0
Kepler-1816 b,704.8,4.842,310.0,2.18,1.82,5051.0,4.628,2.0
Kepler-1817 b,797.9,4.298,463.0,10.85,2.68,5316.0,4.459,2.0
Kepler-1832 b,174.1,1.6663,1022.0,257.32,0.97,5242.0,4.556,2.0
Kepler-430 b,269.7,2.839,674.0,48.68,2.95,5883.0,4.149,2.0
Kepler-1209 b,110.1,4.746,755.0,76.9,1.67,6126.0,4.224,2.0
Kepler-1833 b,82.0,1.725,1177.0,454.45,1.35,6164.0,4.227,2.0
Kepler-1113 b,507.9,4.372,558.0,22.94,2.54,5852.0,4.353,2.0
Kepler-361 c,375.5,9.133,568.0,24.56,2.47,6178.0,4.269,2.0
Kepler-1114 b,265.4,2.4461,631.0,37.53,1.28,5311.0,4.532,2.0
Kepler-1145 b,349.2,1.814,958.0,198.43,1.6,5178.0,4.521,2.0
Kepler-1146 b,318.6,1.7389,1019.0,255.03,1.29,4816.0,4.608,2.0
Kepler-1808 b,615.1,2.054,601.0,30.94,2.21,5530.0,4.425,2.0
Kepler-1683 b,374.9,3.272,669.0,47.32,1.7,5523.0,4.526,2.0
Kepler-1177 b,397.4,13.78,377.0,4.75,2.01,5679.0,4.435,2.0
Kepler-500 b,646.5,3.4559,909.0,161.66,2.6,5767.0,4.396,2.0
Kepler-1212 b,328.8,4.636,795.0,94.29,1.7,6119.0,4.497,2.0
Kepler-1213 b,88.8,4.279,1156.0,422.79,1.29,6074.0,4.368,2.0
Kepler-382 b,194.5,3.244,1166.0,436.61,1.95,5587.0,4.188,2.0
Kepler-382 c,306.3,2.3161,882.0,142.77,3.14,5587.0,4.188,2.0
Kepler-1115 b,95.2,7.3,1381.0,859.63,2.33,9565.0,4.088,2.0
Kepler-1116 b,684.8,5.513,488.0,13.45,2.26,5730.0,4.545,2.0
Kepler-1117 b,142.0,2.7219,938.0,183.02,1.01,5412.0,4.562,2.0
Kepler-1118 b,599.3,5.532,502.0,15.03,2.45,5432.0,4.42,2.0
Kepler-1119 b,267.9,5.483,938.0,182.69,1.8,6057.0,4.45,2.0
Kepler-373 b,260.6,2.793,1054.0,292.33,1.75,5588.0,4.331,2.0
Kepler-373 c,194.9,2.708,729.0,66.83,1.56,5588.0,4.331,2.0
Kepler-122 d,336.8,4.4968,747.0,73.42,2.18,6038.0,4.284,2.0
Kepler-1809 b,273.3,0.9269,877.0,139.89,1.23,4901.0,4.618,2.0
Kepler-374 c,142.5,3.2532,1467.0,1093.39,1.79,5640.0,4.087,2.0
Kepler-1818 b,147.4,3.366,1209.0,504.23,1.38,6047.0,4.343,2.0
Kepler-1819 b,987.9,1.431,760.0,78.99,27.45,6090.0,4.447,2.0
Kepler-1179 b,252.7,1.0473,1137.0,395.08,1.46,5266.0,4.484,2.0
Kepler-1180 b,273.4,5.557,765.0,80.9,1.71,6205.0,4.419,2.0
Kepler-1082 b,91.2,2.5779,1827.0,2636.85,1.23,5866.0,4.2,2.0
Kepler-357 d,965.2,5.772,402.0,6.2,2.49,4954.0,4.5,2.0
Kepler-357 b,530.6,2.7048,793.0,93.41,1.92,4954.0,4.5,2.0
Kepler-357 c,759.6,2.0728,576.0,26.05,2.51,4954.0,4.5,2.0
Kepler-1120 b,358.3,2.0311,1027.0,263.92,1.48,4983.0,4.512,2.0
Kepler-362 c,395.2,4.782,543.0,20.61,2.01,5757.0,4.431,2.0
Kepler-496 b,836.1,3.2747,747.0,73.53,2.42,5022.0,4.485,2.0
Kepler-363 d,178.5,6.205,905.0,158.22,1.83,5711.0,4.221,2.0
Kepler-363 c,132.5,4.73,1054.0,292.19,1.59,5711.0,4.221,2.0
Kepler-374 d,181.3,3.526,1272.0,620.0,2.03,5640.0,4.087,2.0
Kepler-374 b,132.4,2.7114,1761.0,2278.95,1.73,5640.0,4.087,2.0
Kepler-1147 b,326.7,4.576,872.0,136.34,1.87,6082.0,4.445,2.0
Kepler-1148 b,469.1,1.0458,1397.0,898.79,1.6,5002.0,4.543,2.0
Kepler-1181 b,138.3,3.485,1374.0,842.45,1.6,6688.0,4.304,2.0
Kepler-1182 b,324.8,3.307,796.0,94.84,1.64,5911.0,4.519,2.0
Kepler-1820 b,737.4,3.476,561.0,23.41,2.64,5841.0,4.52,2.0
Kepler-495 c,144.0,3.154,1000.0,237.1,1.28,5392.0,4.314,2.0
Kepler-1083 b,1166.8,4.645,448.0,9.56,3.13,5136.0,4.607,2.0
Kepler-1084 b,65.5,2.596,1737.0,2154.14,1.44,6084.0,4.204,2.0
Kepler-1085 c,884.3,6.864,491.0,13.74,3.21,6063.0,4.476,2.0
Kepler-1086 b,1009.5,3.1136,433.0,8.3,2.14,4243.0,4.637,2.0
Kepler-363 b,64.8,3.227,1347.0,776.7,1.14,5711.0,4.221,2.0
Kepler-1121 b,97.8,5.439,1008.0,243.84,1.87,6154.0,4.12,2.0
Kepler-1979 b,758.9,6.596,683.0,51.32,29.33,5942.0,4.506,2.0
Kepler-1122 b,488.7,7.083,526.0,18.08,2.35,5520.0,4.339,2.0
Kepler-1149 b,191.2,2.9095,1128.0,383.51,1.48,5709.0,4.489,2.0
Kepler-1150 b,197.4,2.0348,1432.0,993.06,2.33,4827.0,3.942,2.0
Kepler-122 e,403.7,6.7751,618.0,34.55,2.39,6038.0,4.284,2.0
Kepler-123 b,509.8,4.5568,817.0,105.47,2.79,6086.0,4.274,2.0
Kepler-1183 b,755.8,6.324,555.0,22.43,2.55,5712.0,4.534,2.0
Kepler-1184 b,523.1,6.811,529.0,18.54,2.49,6319.0,4.447,2.0
Kepler-1821 b,435.8,1.9637,644.0,40.61,1.82,5475.0,4.521,2.0
Kepler-1087 b,49.3,1.6197,2161.0,5182.78,0.83,5457.0,4.239,2.0
Kepler-358 c,955.4,6.21,411.0,6.76,2.95,5910.0,4.505,2.0
Kepler-358 b,818.9,2.471,554.0,22.32,2.96,5910.0,4.505,2.0
Kepler-1790 b,360.6,3.438,682.0,51.02,2.59,5866.0,4.175,2.0
Kepler-364 c,282.4,7.588,568.0,24.58,2.81,6103.0,4.202,2.0
Kepler-364 b,140.3,7.073,753.0,75.97,1.73,6103.0,4.202,2.0
Kepler-1799 b,709.3,6.152,770.0,83.04,2.43,5831.0,4.517,2.0
Kepler-1123 b,337.4,2.3652,1061.0,300.07,2.11,5330.0,4.366,2.0
Kepler-1124 b,1402.9,0.7051,621.0,34.95,1.66,3731.0,4.83,2.0
Kepler-1151 b,588.7,5.746,485.0,13.04,3.93,5565.0,4.251,2.0
Kepler-1682 b,783.0,3.927,694.0,54.74,2.54,5570.0,4.471,2.0
Kepler-1810 b,1502.9,4.366,380.0,4.91,3.87,5492.0,4.389,2.0
Kepler-1186 b,488.0,2.205,724.0,64.75,2.14,5957.0,4.498,2.0
Kepler-1187 b,588.0,3.4701,701.0,56.97,2.67,6103.0,4.496,2.0
Kepler-1822 b,654.6,2.049,507.0,15.65,1.76,5165.0,4.633,2.0
Kepler-1188 b,362.1,6.416,775.0,85.15,2.05,6218.0,4.421,2.0
Kepler-123 c,132.6,4.576,706.0,58.81,1.4,6086.0,4.274,2.0
Kepler-1791 b,267.0,1.8264,1021.0,257.14,2.53,5887.0,4.29,2.0
Kepler-120 b,1286.0,2.7455,575.0,25.94,2.0,4090.0,4.696,2.0
Kepler-1792 b,874.2,2.1557,1047.0,283.78,3.02,5229.0,4.378,2.0
Kepler-60 b,145.0,4.368,1102.0,349.21,1.64,5862.0,4.194,2.0
Kepler-60 c,180.6,4.141,1023.0,258.92,1.84,5862.0,4.194,2.0
Kepler-1800 b,81.6,2.8521,1533.0,1306.97,2.82,5343.0,3.764,2.0
Kepler-1125 b,348.4,6.693,778.0,86.37,2.89,5795.0,4.265,2.0
Kepler-1126 b,338.2,7.989,374.0,4.64,1.68,5678.0,4.409,2.0
Kepler-375 c,648.0,4.391,720.0,63.67,4.22,5500.0,4.218,2.0
Kepler-375 b,327.5,3.289,851.0,123.78,2.5,5500.0,4.218,2.0
Kepler-1811 b,578.4,7.218,455.0,10.11,2.81,5561.0,4.263,2.0
Kepler-122 f,348.8,8.114,543.0,20.49,2.22,6038.0,4.284,2.0
Kepler-1152 b,284.2,1.1966,806.0,99.8,0.86,3810.0,4.753,2.0
Kepler-1189 b,143.4,2.808,1158.0,424.17,1.23,5560.0,4.379,2.0
Kepler-1190 b,306.8,3.154,609.0,32.45,1.25,4641.0,4.557,2.0
Kepler-1823 b,192.5,2.059,718.0,62.99,1.56,6000.0,4.363,2.0
Kepler-1824 b,487.4,7.489,421.0,7.45,2.37,6002.0,4.424,2.0
Kepler-60 d,130.9,3.015,929.0,176.27,1.69,5862.0,4.194,2.0
Kepler-1088 b,157.3,4.901,667.0,46.89,1.44,5865.0,4.393,2.0
Kepler-1089 b,908.4,1.4575,584.0,27.41,1.69,3879.0,4.707,2.0
Kepler-1793 b,755.7,3.2201,713.0,61.24,2.12,5191.0,4.597,2.0
Kepler-359 c,1626.6,5.118,512.0,16.19,5.14,6228.0,4.441,2.0
Kepler-365 b,292.6,3.159,865.0,132.15,1.76,6014.0,4.436,2.0
Kepler-1127 b,286.2,2.7466,994.0,231.12,1.65,5364.0,4.394,2.0
Kepler-497 b,2975.0,2.88,1210.0,507.91,5.81,5646.0,4.37,2.0
Kepler-1128 b,1350.7,3.816,424.0,7.67,3.36,5480.0,4.485,2.0
Kepler-1129 b,777.3,3.891,737.0,69.79,5.09,5596.0,4.105,2.0
Kepler-1812 b,433.8,1.705,1034.0,270.34,2.31,6174.0,4.417,2.0
Kepler-1153 b,386.0,1.9425,1343.0,771.02,1.94,5569.0,4.566,2.0
Kepler-1154 b,252.6,4.054,1314.0,705.79,2.34,6172.0,4.198,2.0
Kepler-1155 b,370.7,4.749,609.0,32.52,2.45,5912.0,4.342,2.0
Kepler-1156 b,184.3,3.433,787.0,90.77,1.33,5649.0,4.411,2.0
Kepler-1825 b,270.7,0.8069,1520.0,1264.7,1.57,5123.0,4.501,2.0
Kepler-1191 b,329.2,2.6508,952.0,194.26,1.73,5288.0,4.391,2.0
Kepler-1192 b,697.1,4.515,600.0,30.62,2.42,5831.0,4.517,2.0
Kepler-1826 b,499.6,1.1435,806.0,99.32,1.37,3821.0,4.755,2.0
Kepler-501 b,1453.3,2.8354,1125.0,379.36,4.59,5794.0,4.282,2.0
Kepler-359 b,1124.9,4.685,671.0,47.94,4.0,6228.0,4.441,2.0
Kepler-120 c,816.7,3.4197,455.0,10.1,1.6,4090.0,4.696,2.0
Kepler-1090 c,632.4,5.907,496.0,14.33,3.44,5330.0,4.366,2.0
Kepler-1091 b,200.7,1.862,1664.0,1813.0,1.5,5806.0,4.4,2.0
Kepler-366 b,191.0,2.917,1326.0,728.9,1.6,5859.0,4.335,2.0
Kepler-366 c,263.0,4.853,848.0,122.54,1.87,5859.0,4.335,2.0
Kepler-1130 b,86.0,2.1328,904.0,158.12,0.92,5450.0,4.563,2.0
Kepler-1130 c,59.9,2.056,1072.0,312.85,0.68,5450.0,4.563,2.0
Kepler-1157 b,175.7,2.3226,732.0,67.7,0.79,4487.0,4.644,2.0
Kepler-1813 b,278.6,1.763,1059.0,298.2,1.3,5167.0,4.555,2.0
Kepler-1193 b,114.7,2.306,1453.0,1054.98,1.37,5865.0,4.266,2.0
Kepler-1827 b,68.6,5.408,1329.0,737.02,1.24,5423.0,4.105,2.0
Kepler-380 b,101.4,2.932,1317.0,711.45,1.2,6038.0,4.284,2.0
Kepler-380 c,124.0,2.78,1056.0,293.67,1.39,6038.0,4.284,2.0
Kepler-1194 b,262.3,2.5462,676.0,49.35,1.51,5547.0,4.46,2.0
Kepler-1794 b,553.2,3.064,703.0,57.59,1.94,5052.0,4.503,2.0
Kepler-1092 b,396.4,5.522,508.0,15.8,2.06,6250.0,4.44,2.0
Kepler-1093 b,244.6,6.423,776.0,85.76,2.26,6429.0,4.241,2.0
Kepler-1094 b,656.9,8.422,480.0,12.52,3.37,5779.0,4.238,2.0
Kepler-1095 b,180.4,2.2759,1108.0,356.54,1.22,5984.0,4.521,2.0
Kepler-1130 d,48.9,2.113,981.0,218.63,0.64,5450.0,4.563,2.0
Kepler-1131 b,224.2,2.765,1159.0,427.65,1.43,5761.0,4.492,2.0
Kepler-1801 b,821.5,3.743,829.0,111.52,3.41,5738.0,4.426,2.0
Kepler-1276 b,86.5,4.765,886.0,145.82,1.09,6084.0,4.319,2.0
Kepler-1277 b,264.8,4.956,496.0,14.3,1.5,5529.0,4.457,2.0
Kepler-2000 c,769.5,3.267,359.0,3.92,1.57,3757.0,4.681,2.0
Kepler-1299 b,758.9,4.283,588.0,28.29,2.42,5623.0,4.596,2.0
Kepler-1300 b,63.5,7.532,954.0,195.54,2.04,5979.0,3.854,2.0
Kepler-1864 b,36.3,2.679,1156.0,423.0,0.59,5854.0,4.469,2.0
Kepler-1228 b,400.4,1.0852,1757.0,2239.26,1.42,5255.0,4.617,2.0
Kepler-25 c,1180.1,2.7306,934.0,180.23,4.75,6267.0,4.28,2.0
Kepler-1835 b,784.2,4.526,808.0,100.96,3.21,5903.0,4.437,2.0
Kepler-383 b,412.4,3.28,545.0,20.91,1.49,4513.0,4.574,2.0
Kepler-1253 b,143.9,5.925,501.0,14.91,1.47,5753.0,4.2,2.0
Kepler-1254 b,391.7,2.657,660.0,44.77,1.68,4838.0,4.524,2.0
Kepler-1255 b,374.7,8.198,694.0,54.91,3.1,5843.0,4.069,2.0
Kepler-26 c,2054.8,2.0371,385.0,5.17,2.64,3879.0,4.708,2.0
Kepler-1686 b,114.5,3.455,913.0,164.38,1.21,5806.0,4.353,2.0
Kepler-1278 b,77.4,2.569,1213.0,511.14,0.77,6075.0,4.541,2.0
Kepler-1865 b,303.0,1.1968,1203.0,495.14,1.5,5420.0,4.487,2.0
Kepler-383 c,360.1,4.077,406.0,6.44,1.47,4513.0,4.574,2.0
Kepler-384 b,142.9,6.179,670.0,47.7,1.3,5610.0,4.301,2.0
Kepler-384 c,162.9,4.858,531.0,18.84,1.61,5610.0,4.301,2.0
Kepler-1836 b,461.8,2.9878,1093.0,338.15,2.12,6123.0,4.472,2.0
Kepler-1837 b,340.7,2.409,1012.0,247.83,1.77,5966.0,4.493,2.0
Kepler-1712 b,1032.6,2.3244,391.0,5.52,1.91,3732.0,4.736,2.0
Kepler-1256 b,108.1,4.298,933.0,179.24,1.5,5945.0,4.196,2.0
Kepler-1844 b,463.5,3.691,1074.0,314.25,1.82,5776.0,4.554,2.0
Kepler-1845 b,771.7,2.194,584.0,27.47,1.88,4703.0,4.582,2.0
Kepler-1257 b,266.2,2.4141,1252.0,581.38,1.48,5806.0,4.528,2.0
Kepler-1279 b,141.4,6.735,738.0,70.05,1.34,6384.0,4.361,2.0
Kepler-1280 b,214.2,10.532,757.0,77.68,4.96,5734.0,3.591,2.0
Kepler-45 b,36912.0,1.72722,730.0,67.3,10.6,3793.0,4.697,2.0
Kepler-1301 b,296.9,2.008,734.0,68.75,1.35,5354.0,4.587,2.0
Kepler-1684 b,1161.5,5.959,347.0,3.42,2.89,4551.0,4.609,2.0
Kepler-25 b,401.6,3.5255,1185.0,465.61,2.53,6267.0,4.28,2.0
Kepler-1229 b,751.0,7.464,196.0,0.35,1.68,3576.0,4.791,2.0
Kepler-1230 b,586.8,3.534,946.0,189.48,3.41,6165.0,4.365,2.0
Kepler-1231 b,210.4,4.125,870.0,135.34,1.64,5557.0,4.288,2.0
Kepler-1258 b,81.4,1.9724,2335.0,7044.68,1.49,5825.0,4.046,2.0
Kepler-1259 b,322.7,1.1522,1681.0,1894.94,1.6,5172.0,4.6,2.0
Kepler-1260 b,217.5,6.805,823.0,108.48,2.33,5862.0,4.148,2.0
Kepler-26 d,507.0,1.8717,652.0,42.68,1.21,3879.0,4.708,2.0
Kepler-1302 b,316.2,1.719,778.0,86.5,1.94,5330.0,4.491,2.0
Kepler-1303 b,180.6,2.851,891.0,149.17,1.2,5853.0,4.529,2.0
Kepler-395 c,498.5,4.208,292.0,1.71,1.14,3765.0,4.725,2.0
Kepler-395 b,359.3,1.716,497.0,14.46,1.0,3765.0,4.725,2.0
Kepler-1232 b,365.3,4.584,523.0,17.69,1.59,5242.0,4.512,2.0
Kepler-1233 b,373.1,6.656,604.0,31.54,2.32,6499.0,4.378,2.0
Kepler-1234 b,631.7,2.866,625.0,35.99,1.86,5073.0,4.607,2.0
Kepler-1261 b,886.4,4.03,396.0,5.81,2.78,4891.0,4.516,2.0
Kepler-49 b,1765.9,2.5418,509.0,15.87,2.25,3834.0,4.708,2.0
Kepler-390 b,92.9,2.591,786.0,90.19,0.73,5168.0,4.566,2.0
Kepler-505 b,2312.8,4.047,314.0,2.28,2.47,3780.0,4.746,2.0
Kepler-1304 b,389.0,6.271,715.0,61.87,2.94,5392.0,4.314,2.0
Kepler-1305 b,336.4,5.438,733.0,68.41,1.75,5853.0,4.529,2.0
Kepler-1306 b,369.6,2.116,678.0,49.81,1.83,5495.0,4.442,2.0
Kepler-1235 b,75.8,2.61,985.0,222.54,0.7,5481.0,4.574,2.0
Kepler-37 d,610.4,4.466,458.0,10.38,1.9,5437.0,4.571,2.0
Kepler-1846 b,184.9,3.902,552.0,21.92,0.96,4825.0,4.603,2.0
Kepler-1685 b,661.8,4.369,625.0,36.01,2.34,5681.0,4.524,2.0
Kepler-1262 b,301.6,2.864,949.0,191.84,1.79,6117.0,4.42,2.0
Kepler-1847 b,371.0,2.942,843.0,119.44,1.93,6122.0,4.487,2.0
Kepler-1859 b,145.6,2.721,1455.0,1056.15,1.53,5887.0,4.292,2.0
Kepler-1281 b,345.2,1.7763,1123.0,375.55,1.59,5591.0,4.559,2.0
Kepler-26 e,1537.7,1.9033,276.0,1.37,2.13,3879.0,4.708,2.0
Kepler-1860 b,100.8,3.358,697.0,55.82,0.87,5420.0,4.502,2.0
Kepler-1861 b,214.5,4.815,617.0,34.19,2.01,5855.0,4.227,2.0
Kepler-1310 b,240.7,1.2188,1883.0,2982.78,1.4,5440.0,4.491,2.0
Kepler-396 c,2518.7,6.8214,390.0,5.47,4.7,5593.0,4.45,2.0
Kepler-1236 b,636.6,3.401,480.0,12.57,1.85,5395.0,4.615,2.0
Kepler-385 c,479.8,7.332,829.0,111.74,3.12,6325.0,4.409,2.0
Kepler-385 b,437.9,5.548,951.0,193.39,2.94,6325.0,4.409,2.0
Kepler-1263 b,188.7,2.457,907.0,159.65,1.13,5009.0,4.491,2.0
Kepler-49 c,1387.2,2.1801,443.0,9.12,2.13,3834.0,4.708,2.0
Kepler-1998 b,42.4,1.774,1187.0,468.31,0.6,5640.0,4.492,2.0
Kepler-392 b,70.5,3.577,1125.0,379.09,0.95,5767.0,4.287,2.0
Kepler-1282 b,269.4,1.8061,1418.0,955.16,1.66,5845.0,4.469,2.0
Kepler-1283 b,168.7,9.568,764.0,80.34,1.13,6058.0,4.54,2.0
Kepler-1687 b,396.6,2.5213,598.0,30.22,1.5,4102.0,4.687,2.0
Kepler-1866 b,181.0,5.882,834.0,114.36,2.08,5791.0,4.381,2.0
Kepler-1307 b,499.5,4.016,768.0,82.38,2.39,6245.0,4.406,2.0
Kepler-1237 b,891.6,5.762,366.0,4.26,2.59,5418.0,4.543,2.0
Kepler-37 c,87.3,3.8763,564.0,23.89,0.72,5437.0,4.571,2.0
Kepler-1238 b,137.6,3.829,1389.0,878.32,1.93,6150.0,4.223,2.0
Kepler-2002 b,542.4,1.843,758.0,78.19,28.47,6347.0,4.423,2.0
Kepler-1264 b,114.6,1.3672,1677.0,1867.0,1.21,5580.0,4.538,2.0
Kepler-1284 b,212.6,1.0925,1703.0,1998.48,1.19,5178.0,4.585,2.0
Kepler-1658 b,1298.6,2.632,2034.0,4055.29,12.94,6244.0,3.657,2.0
Kepler-125 b,2338.0,1.8464,590.0,28.75,2.54,3808.0,4.754,2.0
Kepler-1308 b,242.1,1.1168,662.0,45.34,0.79,3605.0,4.837,2.0
Kepler-1309 b,756.7,3.171,491.0,13.77,2.66,5151.0,4.528,2.0
Kepler-1239 b,290.1,4.222,1183.0,462.91,1.92,6321.0,4.417,2.0
Kepler-1240 b,143.8,2.296,1121.0,372.7,1.32,5688.0,4.333,2.0
Kepler-386 c,481.2,4.62,513.0,16.34,1.95,5009.0,4.491,2.0
Kepler-1265 b,357.3,2.344,732.0,68.05,1.75,4769.0,4.557,2.0
Kepler-49 d,852.8,1.5997,717.0,62.42,1.57,3834.0,4.708,2.0
Kepler-1266 b,763.8,4.718,489.0,13.5,2.64,4996.0,4.497,2.0
Kepler-1285 b,56.1,5.613,874.0,138.25,0.98,6175.0,4.299,2.0
Kepler-1286 b,433.4,4.759,888.0,147.13,2.42,5995.0,4.351,2.0
Kepler-393 b,87.6,4.318,1052.0,289.74,1.24,6194.0,4.242,2.0
Kepler-393 c,72.8,5.266,901.0,155.87,1.12,6194.0,4.242,2.0
Kepler-396 b,1120.1,4.726,496.0,14.33,3.32,5593.0,4.45,2.0
Kepler-506 b,487.4,2.0674,1080.0,321.63,2.63,6139.0,4.359,2.0
Kepler-1311 d,2575.6,11.106,391.0,5.54,9.52,5616.0,4.004,2.0
Kepler-1311 b,76.8,6.106,1019.0,255.06,1.5,5616.0,4.004,2.0
Kepler-1311 c,68.0,3.989,1671.0,1842.18,1.36,5616.0,4.004,2.0
Kepler-387 b,102.6,3.343,994.0,230.81,1.01,5772.0,4.351,2.0
Kepler-387 c,92.9,3.381,826.0,110.03,1.0,5772.0,4.351,2.0
Kepler-1241 b,771.5,4.385,612.0,33.14,2.53,5569.0,4.566,2.0
Kepler-37 b,12.2,3.733,656.0,43.71,0.27,5417.0,4.567,2.0
Kepler-1266 c,366.7,1.885,881.0,142.39,1.94,4996.0,4.497,2.0
Kepler-1848 b,224.9,1.0273,774.0,84.65,1.25,4847.0,4.581,2.0
Kepler-1267 b,573.3,4.521,774.0,84.94,2.88,5514.0,4.345,2.0
Kepler-1268 b,297.3,7.336,627.0,36.5,2.41,5842.0,4.17,2.0
Kepler-1849 b,773.6,4.878,355.0,3.76,1.95,4806.0,4.564,2.0
Kepler-394 b,187.5,3.32,1035.0,271.68,1.52,6398.0,4.411,2.0
Kepler-394 c,211.2,3.843,901.0,155.85,1.61,6398.0,4.411,2.0
Kepler-394 d,162.3,2.905,1165.0,435.61,1.41,6398.0,4.411,2.0
Kepler-1214 b,795.8,2.344,591.0,28.85,2.34,5215.0,4.481,2.0
Kepler-124 b,136.2,2.866,892.0,149.88,1.06,4983.0,4.66,2.0
Kepler-1215 b,163.4,2.013,1046.0,282.97,1.19,5629.0,4.43,2.0
Kepler-1242 b,912.8,3.5374,639.0,39.48,3.28,5052.0,4.48,2.0
Kepler-1243 b,326.0,4.031,690.0,53.44,1.86,5518.0,4.4,2.0
Kepler-1850 b,85.4,1.6449,1008.0,245.15,0.55,4239.0,4.667,2.0
Kepler-1851 b,778.6,1.2667,776.0,85.78,3.28,5982.0,4.535,2.0
Kepler-436 c,1023.8,3.83,503.0,15.19,2.75,4652.0,4.617,2.0
Kepler-49 e,813.8,2.3052,371.0,4.48,1.53,3834.0,4.708,2.0
Kepler-125 c,245.3,1.768,529.0,18.6,0.8,3808.0,4.754,2.0
Kepler-1287 b,240.6,2.756,796.0,94.94,1.58,5550.0,4.384,2.0
Kepler-1216 b,177.8,2.845,1191.0,475.39,1.56,5657.0,4.282,2.0
Kepler-1244 b,55.7,3.37,1839.0,2708.57,1.45,6732.0,3.958,2.0
Kepler-1269 b,187.8,7.643,657.0,44.17,2.5,5623.0,4.079,2.0
Kepler-1852 b,488.4,1.2893,760.0,79.1,2.27,5237.0,4.572,2.0
Kepler-1270 b,89.5,10.049,1598.0,1540.84,3.34,4924.0,3.356,2.0
Kepler-1271 b,128.3,3.0008,1484.0,1148.47,1.62,6123.0,4.263,2.0
Kepler-1288 b,66.8,3.681,2017.0,3906.36,1.84,6381.0,3.897,2.0
Kepler-1217 b,315.5,1.6762,1542.0,1333.35,1.87,6156.0,4.443,2.0
Kepler-1245 b,277.1,2.427,1043.0,279.53,1.63,5455.0,4.421,2.0
Kepler-1246 b,311.0,3.517,554.0,22.24,1.51,4563.0,4.624,2.0
Kepler-1247 b,786.7,2.437,676.0,49.26,2.47,5550.0,4.562,2.0
Kepler-1838 b,70.7,6.197,1097.0,342.49,1.75,5877.0,3.927,2.0
Kepler-1248 b,75.7,3.633,1035.0,271.25,1.04,6161.0,4.399,2.0
Kepler-1853 b,462.8,6.468,386.0,5.23,2.96,4821.0,4.529,2.0
Kepler-1272 b,382.3,6.019,542.0,20.36,2.43,6071.0,4.353,2.0
Kepler-1854 b,388.8,2.442,420.0,7.33,1.46,5026.0,4.58,2.0
Kepler-504 b,1826.9,1.5832,374.0,4.62,1.57,3547.0,4.899,2.0
Kepler-1663 b,2292.1,3.716,362.0,4.07,2.64,3744.0,4.737,2.0
Kepler-1290 b,240.0,3.058,1098.0,343.6,1.49,5999.0,4.494,2.0
Kepler-503 b,3714.7,5.7297,880.0,141.3,5.53,5638.0,4.513,0.0
Kepler-1218 b,140.3,8.2,684.0,51.7,1.33,5897.0,4.357,2.0
Kepler-1219 b,124.1,5.712,1159.0,425.93,3.21,5822.0,3.683,2.0
Kepler-1220 b,205.2,3.206,899.0,154.52,1.4,5573.0,4.434,2.0
Kepler-388 b,204.5,1.9094,830.0,112.21,0.88,4500.0,4.632,2.0
Kepler-388 c,219.7,3.283,515.0,16.64,0.91,4500.0,4.632,2.0
Kepler-68 b,346.5,3.4303,1140.0,398.33,2.21,5790.0,4.279,2.0
Kepler-391 b,72.6,7.274,1425.0,973.85,3.36,4938.0,3.45,2.0
Kepler-1855 b,357.4,0.8323,849.0,122.92,0.67,3460.0,4.92,2.0
Kepler-1856 b,290.5,1.3692,1344.0,772.73,1.37,4948.0,4.508,2.0
Kepler-1291 b,325.8,3.144,739.0,70.63,1.43,5352.0,4.599,2.0
Kepler-1292 b,323.0,2.219,1195.0,482.56,1.71,5812.0,4.504,2.0
Kepler-1862 b,575.0,3.546,645.0,41.04,2.27,5644.0,4.575,2.0
Kepler-1834 b,302.5,2.6848,848.0,122.02,1.32,4821.0,4.529,2.0
Kepler-1221 b,420.7,3.266,632.0,37.81,1.47,5195.0,4.598,2.0
Kepler-1222 b,105.1,1.4243,1246.0,571.25,0.89,5083.0,4.468,2.0
Kepler-1839 b,137.9,3.926,1049.0,286.32,1.15,5926.0,4.506,2.0
Kepler-1249 b,323.1,6.557,647.0,41.3,1.74,6091.0,4.487,2.0
Kepler-1840 b,915.9,6.905,284.0,1.54,2.34,4898.0,4.518,2.0
Kepler-1841 b,217.1,4.548,542.0,20.35,1.66,5190.0,4.446,2.0
Kepler-1273 b,652.7,4.551,573.0,25.54,2.38,5774.0,4.508,2.0
Kepler-1274 b,38.0,6.527,1384.0,865.81,1.42,6054.0,3.923,2.0
Kepler-1857 b,215.1,2.469,946.0,188.93,1.48,6074.0,4.375,2.0
Kepler-26 b,2794.7,2.7096,431.0,8.14,2.83,3879.0,4.708,2.0
Kepler-2000 b,2313.2,1.7504,530.0,18.73,2.73,3757.0,4.681,2.0
Kepler-1293 b,53.6,3.673,1183.0,462.81,0.92,6187.0,4.341,2.0
Kepler-1294 b,945.9,4.65,401.0,6.09,3.52,5800.0,4.327,2.0
Kepler-1295 b,281.0,1.973,1029.0,264.63,1.37,5547.0,4.571,2.0
Kepler-1652 b,913.3,4.307,242.0,0.81,1.58,3554.0,4.867,2.0
Kepler-1223 b,259.5,3.974,557.0,22.73,1.54,4873.0,4.558,2.0
Kepler-1224 b,116.6,3.873,872.0,136.61,1.32,6113.0,4.341,2.0
Kepler-1250 b,351.5,1.3916,1431.0,993.79,2.07,6147.0,4.435,2.0
Kepler-389 b,371.9,1.992,1047.0,283.66,1.84,5094.0,4.469,2.0
Kepler-68 c,55.0,3.0063,941.0,185.15,0.91,5790.0,4.279,2.0
Kepler-1275 b,107.4,2.064,1368.0,828.52,1.32,6078.0,4.294,2.0
Kepler-1858 b,885.4,6.758,330.0,2.79,2.4,4939.0,4.506,2.0
Kepler-1296 b,108.5,5.2,1285.0,645.64,3.24,5405.0,3.741,2.0
Kepler-1297 b,83.2,2.992,1790.0,2432.14,1.27,5827.0,4.191,2.0
Kepler-1863 b,170.2,9.686,508.0,15.74,1.59,5871.0,4.493,2.0
Kepler-1298 b,45.9,5.522,1373.0,839.5,1.36,6311.0,3.998,2.0
Kepler-1225 b,222.8,2.1787,1453.0,1054.63,3.76,5814.0,3.745,2.0
Kepler-1226 b,203.1,7.042,809.0,101.22,2.13,5936.0,4.261,2.0
Kepler-1227 b,505.4,4.102,369.0,4.39,2.11,5632.0,4.537,2.0
Kepler-1842 b,403.6,1.2808,822.0,108.07,2.66,5970.0,4.355,2.0
Kepler-1843 b,138.6,8.567,772.0,84.0,2.11,5422.0,3.945,2.0
Kepler-1251 b,436.3,4.605,487.0,13.27,2.44,5790.0,4.528,2.0
Kepler-1252 b,221.5,4.422,665.0,46.3,1.44,5475.0,4.479,2.0
Kepler-1881 b,1033.0,8.432,289.0,1.65,2.73,5135.0,4.464,2.0
Kepler-446 b,2754.6,0.7572,648.0,41.85,1.73,3464.0,4.923,2.0
Kepler-446 d,2355.0,0.9613,436.0,8.54,1.72,3464.0,4.923,2.0
Kepler-1885 b,210.2,1.406,1205.0,499.07,25.82,5591.0,4.559,2.0
Kepler-1386 b,142.0,4.183,1011.0,246.9,1.48,5511.0,4.261,2.0
Kepler-509 b,421.8,4.6125,584.0,27.58,2.4,5978.0,4.316,2.0
Kepler-1318 b,1992.3,7.768,202.0,0.39,2.72,4477.0,4.649,2.0
Kepler-126 d,351.2,10.8636,475.0,12.07,2.51,6214.0,4.238,2.0
Kepler-445 c,6462.0,1.5916,341.0,3.18,1.56,3157.0,5.112,2.0
Kepler-445 b,2598.0,1.2637,401.0,6.12,0.92,3157.0,5.112,2.0
Kepler-1319 b,631.8,0.9879,557.0,22.75,1.24,3483.0,4.875,2.0
Kepler-1367 b,224.9,1.5796,998.0,234.92,0.93,4313.0,4.662,2.0
Kepler-1882 b,75.1,5.747,894.0,150.64,1.55,5691.0,4.139,2.0
Kepler-127 b,107.3,3.414,884.0,144.45,1.46,6075.0,4.264,2.0
Kepler-1692 b,133.1,2.899,897.0,153.48,1.02,5452.0,4.535,2.0
Kepler-1387 b,126.8,1.6202,1123.0,374.78,0.87,5017.0,4.516,2.0
Kepler-1388 b,1617.1,2.996,434.0,8.39,2.21,3891.0,4.718,2.0
Kepler-1388 c,1223.3,2.2942,566.0,24.23,2.2,3891.0,4.718,2.0
Kepler-399 d,807.1,5.584,486.0,13.17,3.21,5467.0,4.271,2.0
Kepler-399 b,221.2,3.754,773.0,84.28,1.68,5467.0,4.271,2.0
Kepler-399 c,474.8,2.696,630.0,37.15,2.69,5467.0,4.271,2.0
Kepler-1320 b,488.5,1.066,1389.0,880.33,1.52,4792.0,4.627,2.0
Kepler-404 b,191.0,3.337,730.0,67.13,1.18,5653.0,4.551,2.0
Kepler-404 c,261.1,1.25,678.0,49.97,1.63,5653.0,4.551,2.0
Kepler-100 b,68.7,4.4679,1155.0,420.97,1.3,5788.0,4.122,2.0
Kepler-1985 b,356.8,1.767,1129.0,382.68,2.27,5370.0,4.411,2.0
Kepler-1368 b,200.7,1.8261,2085.0,4473.06,1.36,5966.0,4.493,2.0
Kepler-36 c,501.6,7.461,926.0,174.1,3.54,5919.0,4.042,2.0
Kepler-126 c,125.5,5.5177,790.0,92.0,1.51,6214.0,4.238,2.0
Kepler-400 b,214.6,3.011,939.0,183.39,1.62,5885.0,4.348,2.0
Kepler-400 c,159.0,3.398,755.0,76.86,1.43,5885.0,4.348,2.0
Kepler-1369 b,694.4,5.085,667.0,46.82,2.88,6036.0,4.382,2.0
Kepler-1370 b,185.3,4.664,770.0,82.92,2.12,5937.0,4.251,2.0
Kepler-1370 c,79.7,4.554,1075.0,315.02,1.33,5937.0,4.251,2.0
Kepler-1389 b,538.0,7.208,300.0,1.93,2.17,5010.0,4.623,2.0
Kepler-1390 b,142.0,3.27,934.0,180.05,1.26,5496.0,4.417,2.0
Kepler-401 b,178.5,8.378,889.0,147.78,1.84,6115.0,4.249,2.0
Kepler-401 c,263.4,10.465,598.0,30.22,2.1,6115.0,4.249,2.0
Kepler-1321 b,6057.0,2.6118,408.0,6.52,4.04,3640.0,4.744,2.0
Kepler-1342 b,285.1,1.8211,1283.0,638.56,1.7,5417.0,4.447,2.0
Kepler-1875 b,431.0,7.434,559.0,23.05,1.88,6161.0,4.545,2.0
Kepler-1343 b,345.3,1.9855,1294.0,661.69,1.88,6198.0,4.464,2.0
Kepler-1371 b,83.5,2.101,1015.0,251.24,0.7,5374.0,4.555,2.0
Kepler-1371 c,59.5,1.934,1216.0,516.85,0.65,5374.0,4.555,2.0
Kepler-1392 b,476.8,4.359,714.0,61.42,1.93,5926.0,4.532,2.0
Kepler-1888 b,51.0,5.0,886.0,145.67,1.02,5557.0,4.198,2.0
Kepler-1393 b,59.1,1.852,1249.0,574.37,0.67,5561.0,4.486,2.0
Kepler-1321 c,1839.1,1.7073,697.0,55.76,2.1,3640.0,4.744,2.0
Kepler-1321 d,1316.0,2.744,509.0,15.84,1.78,3640.0,4.744,2.0
Kepler-1322 b,303.5,1.6802,1666.0,1828.67,1.52,5704.0,4.575,2.0
Kepler-96 b,646.7,3.9699,711.0,60.35,2.76,5683.0,4.422,2.0
Kepler-1322 c,394.2,1.979,883.0,144.06,1.8,5704.0,4.575,2.0
Kepler-1344 b,251.8,3.2363,1219.0,522.81,1.78,6237.0,4.374,2.0
Kepler-1345 b,239.7,7.831,693.0,54.56,2.31,6763.0,4.22,2.0
Kepler-1346 b,155.9,1.9617,1236.0,552.42,1.34,6177.0,4.516,2.0
Kepler-1347 b,169.9,3.399,617.0,34.32,0.98,5153.0,4.551,2.0
Kepler-1372 b,141.3,1.919,1655.0,1776.99,1.15,5926.0,4.501,2.0
Kepler-1373 b,66.0,1.855,1887.0,2993.7,0.89,6384.0,4.419,2.0
Kepler-454 b,298.9,1.7259,844.0,120.25,2.07,5720.0,4.4,2.0
Kepler-1395 b,33.5,2.924,1311.0,699.15,0.7,6017.0,4.326,2.0
Kepler-1396 b,201.8,5.109,786.0,90.43,1.78,5951.0,4.283,2.0
Kepler-1397 b,206.4,10.675,551.0,21.82,1.61,6007.0,4.353,2.0
Kepler-1323 b,108.7,1.743,2291.0,6514.57,1.48,6039.0,4.169,2.0
Kepler-1324 b,425.8,1.4858,895.0,151.55,1.93,4827.0,4.508,2.0
Kepler-1325 b,700.1,6.194,564.0,24.0,3.52,5533.0,4.348,2.0
Kepler-1348 b,296.3,5.256,636.0,38.62,1.94,5912.0,4.397,2.0
Kepler-1349 b,25.9,3.146,1668.0,1831.55,0.7,5952.0,4.227,2.0
Kepler-1374 b,740.7,2.684,737.0,69.81,2.2,5602.0,4.571,2.0
Kepler-1375 b,98.8,4.462,1543.0,1341.9,1.43,6333.0,4.229,2.0
Kepler-1886 b,702.2,4.59,580.0,26.68,2.25,5745.0,4.559,2.0
Kepler-1391 b,193.0,9.314,513.0,16.35,1.56,5746.0,4.309,2.0
Kepler-1887 b,861.3,1.756,625.0,36.14,2.52,5749.0,4.547,2.0
Kepler-36 b,84.6,7.2783,977.0,214.98,1.45,5919.0,4.042,2.0
Kepler-402 c,129.3,3.466,1140.0,399.43,1.51,6052.0,4.285,2.0
Kepler-402 e,136.0,4.241,931.0,177.7,1.44,6052.0,4.285,2.0
Kepler-402 b,100.4,3.173,1311.0,699.45,1.21,6052.0,4.285,2.0
Kepler-402 d,110.8,3.933,1006.0,241.79,1.27,6052.0,4.285,2.0
Kepler-50 b,117.3,4.098,1196.0,483.06,1.68,6237.0,4.136,2.0
Kepler-1713 b,107.8,6.7367,900.0,155.37,1.83,6477.0,4.224,2.0
Kepler-1351 b,98.5,1.1555,1212.0,507.47,0.6,4374.0,4.639,2.0
Kepler-1876 b,33.4,5.037,1194.0,479.87,1.06,6057.0,4.139,2.0
Kepler-1693 b,165.5,3.558,807.0,100.37,1.39,5553.0,4.33,2.0
Kepler-1693 c,114.3,2.94,1059.0,296.73,1.15,5553.0,4.33,2.0
Kepler-1394 b,24.3,4.655,1947.0,3388.82,1.36,6277.0,3.728,2.0
Kepler-450 b,1418.6,8.1593,769.0,82.7,6.08,6206.0,4.159,2.0
Kepler-1871 b,403.0,0.872,1403.0,917.15,2.58,5741.0,4.495,2.0
Kepler-1691 b,203.9,2.013,1283.0,641.53,1.72,5927.0,4.323,2.0
Kepler-1877 b,32.1,2.307,1278.0,632.62,0.53,5615.0,4.505,2.0
Kepler-1352 b,47.5,2.39,1701.0,1977.35,0.78,6324.0,4.352,2.0
Kepler-100 d,99.7,5.966,670.0,47.52,1.55,5788.0,4.122,2.0
Kepler-128 b,77.8,4.3349,968.0,207.64,1.42,6063.0,4.061,2.0
Kepler-1376 b,127.5,3.018,1042.0,279.21,1.08,5914.0,4.483,2.0
Kepler-1694 b,189.0,1.689,956.0,197.66,1.13,5018.0,4.492,2.0
Kepler-1377 b,195.5,1.0163,1873.0,2909.21,1.22,5618.0,4.494,2.0
Kepler-1889 b,551.7,7.793,493.0,14.0,2.31,5646.0,4.55,2.0
Kepler-1327 b,252.5,4.981,831.0,112.85,1.96,6143.0,4.344,2.0
Kepler-1328 b,106.2,3.4702,1214.0,513.68,1.31,5576.0,4.201,2.0
Kepler-403 b,85.4,5.922,1194.0,480.26,1.38,6170.0,4.192,2.0
Kepler-403 c,147.8,5.517,604.0,31.45,2.07,6170.0,4.192,2.0
Kepler-449 b,118.7,6.375,917.0,167.41,1.53,5587.0,4.091,2.0
Kepler-1378 b,855.9,2.656,525.0,17.92,2.1,4359.0,4.611,2.0
Kepler-1379 b,249.9,1.3117,1564.0,1419.46,1.24,5268.0,4.594,2.0
Kepler-1312 b,529.4,2.2213,978.0,215.95,2.17,5721.0,4.517,2.0
Kepler-1312 c,109.2,1.3235,1659.0,1797.63,1.0,5721.0,4.517,2.0
Kepler-1313 b,461.4,1.51,1012.0,247.8,2.25,5397.0,4.543,2.0
Kepler-50 c,118.4,2.1033,1125.0,379.3,1.89,6237.0,4.136,2.0
Kepler-1688 b,190.1,2.751,772.0,84.01,1.45,4868.0,4.6,2.0
Kepler-1872 b,857.2,1.8057,1005.0,241.25,3.45,5223.0,4.505,2.0
Kepler-1873 b,280.9,0.7918,1787.0,2412.15,1.33,5151.0,4.592,2.0
Kepler-1329 b,885.4,2.5449,577.0,26.22,2.39,4442.0,4.619,2.0
Kepler-1354 b,498.7,10.22,466.0,11.12,2.61,6173.0,4.408,2.0
Kepler-1355 b,286.0,1.3541,1448.0,1040.23,1.38,5467.0,4.578,2.0
Kepler-1356 b,316.9,0.9207,1714.0,2030.16,1.35,5226.0,4.606,2.0
Kepler-128 c,62.9,4.768,843.0,119.6,1.29,6063.0,4.061,2.0
Kepler-1884 b,160.8,4.96,864.0,131.92,1.39,5984.0,4.521,2.0
Kepler-397 c,5038.1,6.769,295.0,1.8,6.01,5307.0,4.572,2.0
Kepler-397 b,618.7,1.745,539.0,20.01,2.07,5307.0,4.572,2.0
Kepler-1330 b,294.9,3.828,879.0,140.75,1.98,5480.0,4.26,2.0
Kepler-449 c,170.9,8.2267,661.0,45.09,1.86,5587.0,4.091,2.0
Kepler-1357 b,191.4,2.228,1177.0,452.27,1.22,5713.0,4.541,2.0
Kepler-1878 b,441.4,2.3816,1063.0,302.6,1.94,5918.0,4.544,2.0
Kepler-1380 b,204.0,5.617,786.0,90.1,1.27,5708.0,4.521,2.0
Kepler-1868 b,1953.4,7.119,215.0,0.5,3.43,4658.0,4.632,2.0
Kepler-1869 c,59.5,2.068,1455.0,1056.84,0.74,5808.0,4.522,2.0
Kepler-1332 b,220.7,1.9797,728.0,66.33,1.32,5523.0,4.506,2.0
Kepler-1333 b,899.7,6.568,428.0,7.95,4.85,5332.0,4.083,2.0
Kepler-1334 b,572.1,3.959,710.0,60.08,2.18,5896.0,4.518,2.0
Kepler-1358 b,207.2,2.411,827.0,110.22,1.21,5305.0,4.489,2.0
Kepler-1381 b,594.0,3.576,649.0,42.01,2.44,6137.0,4.471,2.0
Kepler-129 b,203.1,7.2772,910.0,161.97,2.4,5758.0,4.072,2.0
Kepler-1869 b,104.9,3.337,865.0,132.43,1.03,5808.0,4.522,2.0
Kepler-100 c,220.5,6.3856,939.0,183.68,2.26,5788.0,4.122,2.0
Kepler-1314 b,7680.0,1.139,625.0,36.05,5.15,4137.0,4.658,2.0
Kepler-1870 b,432.3,1.0418,1046.0,283.23,2.04,5508.0,4.569,2.0
Kepler-1335 b,378.7,2.39,809.0,101.27,1.55,5032.0,4.511,2.0
Kepler-1336 b,224.7,9.821,793.0,93.34,2.61,5416.0,3.951,2.0
Kepler-1336 c,134.3,2.462,1260.0,596.37,2.17,5416.0,3.951,2.0
Kepler-1359 b,1262.1,5.404,369.0,4.36,2.92,4817.0,4.499,2.0
Kepler-1879 b,150.2,0.9829,987.0,224.63,1.77,5865.0,4.163,2.0
Kepler-127 d,339.8,7.0805,590.0,28.6,2.48,6075.0,4.264,2.0
Kepler-1360 b,360.7,10.604,933.0,178.81,5.92,6443.0,3.74,2.0
Kepler-1382 b,116.4,9.858,959.0,200.1,2.23,6133.0,4.084,2.0
Kepler-1383 b,86.8,6.765,928.0,175.14,1.33,6052.0,4.183,2.0
Kepler-398 b,171.9,2.3239,755.0,77.0,1.0,4498.0,4.661,2.0
Kepler-398 c,150.5,3.3075,536.0,19.47,0.99,4498.0,4.661,2.0
Kepler-398 d,177.1,2.2726,636.0,38.68,1.01,4498.0,4.661,2.0
Kepler-1337 b,860.5,2.987,437.0,8.64,2.47,4583.0,4.606,2.0
Kepler-1338 b,64.8,1.6172,2124.0,4811.82,1.05,5874.0,4.252,2.0
Kepler-1361 b,92.8,2.364,1061.0,299.19,0.89,5213.0,4.434,2.0
Kepler-1362 b,1209.3,5.568,248.0,0.89,2.35,4648.0,4.631,2.0
Kepler-1880 b,691.2,1.3251,606.0,31.73,1.37,4380.0,4.71,2.0
Kepler-1363 b,278.0,2.056,988.0,225.15,1.22,4901.0,4.544,2.0
Kepler-129 c,233.9,10.627,525.0,17.96,2.57,5758.0,4.072,2.0
Kepler-1384 b,468.3,3.736,608.0,32.23,1.8,5011.0,4.484,2.0
Kepler-1315 b,343.3,1.4474,1541.0,1329.99,1.7,4818.0,4.481,2.0
Kepler-1315 c,402.4,1.8455,777.0,86.27,1.83,4818.0,4.481,2.0
Kepler-126 b,106.1,4.7356,1009.0,244.59,1.34,6214.0,4.238,2.0
Kepler-1339 b,58.2,1.6462,1642.0,1715.26,0.74,5779.0,4.44,2.0
Kepler-1689 b,69.1,2.505,879.0,141.04,0.8,5827.0,4.471,2.0
Kepler-1340 b,104.7,1.7542,2174.0,5246.66,1.11,5884.0,4.408,2.0
Kepler-1690 b,868.5,6.965,267.0,1.2,2.56,5422.0,4.481,2.0
Kepler-1364 b,133.5,6.213,1299.0,672.06,2.88,6995.0,3.925,2.0
Kepler-1365 b,70.9,4.432,969.0,208.61,0.92,5727.0,4.328,2.0
Kepler-1365 c,54.3,3.804,1137.0,395.06,0.81,5727.0,4.328,2.0
Kepler-127 c,327.0,7.0445,698.0,55.98,2.5,6075.0,4.264,2.0
Kepler-1366 b,525.1,1.2862,783.0,88.91,1.27,3941.0,4.713,2.0
Kepler-1385 b,40.9,2.977,1423.0,969.05,0.84,5696.0,4.247,2.0
Kepler-1316 b,866.7,14.638,446.0,9.37,3.39,5837.0,4.305,2.0
Kepler-1317 b,378.4,1.2177,1796.0,2473.19,1.49,5223.0,4.593,2.0
Kepler-1874 b,688.5,4.188,356.0,3.79,2.69,4701.0,4.54,2.0
Kepler-507 b,98.4,3.2131,1407.0,926.89,1.36,6007.0,4.232,2.0
Kepler-1341 b,1275.4,7.436,241.0,0.8,2.51,4523.0,4.636,2.0
Kepler-135 b,202.0,4.1628,1209.0,504.79,2.33,6204.0,4.269,2.0
Kepler-135 c,75.2,4.953,975.0,213.39,1.32,6204.0,4.269,2.0
Kepler-516 b,776.2,9.182,1095.0,339.33,7.61,6967.0,3.864,2.0
Kepler-517 b,755.6,6.3336,467.0,11.28,2.78,5638.0,4.359,2.0
Kepler-518 b,597.8,2.1861,839.0,117.11,2.14,5767.0,4.538,2.0
Kepler-537 b,209.7,2.5146,1181.0,460.67,1.41,5703.0,4.498,2.0
Kepler-1408 b,45.4,4.398,1616.0,1611.51,1.12,5888.0,4.061,2.0
Kepler-1410 b,714.3,4.397,244.0,0.84,1.39,3808.0,4.734,2.0
Kepler-1901 b,161.6,1.422,1132.0,389.41,1.16,5696.0,4.519,2.0
Kepler-92 b,425.9,6.0968,975.0,213.84,3.63,5862.0,4.05,2.0
Kepler-99 b,440.4,2.3499,810.0,101.65,1.51,4783.0,4.602,2.0
Kepler-519 b,677.1,2.6054,532.0,18.87,2.14,5313.0,4.571,2.0
Kepler-520 b,204.9,3.7535,711.0,60.37,1.78,6023.0,4.423,2.0
Kepler-101 b,1298.8,3.83661,1445.0,1033.07,5.64,5576.0,4.065,2.0
Kepler-538 b,628.8,6.6923,385.0,5.2,2.16,5559.0,4.502,2.0
Kepler-1656 b,2125.4,2.12791,570.0,24.94,4.52,5733.0,4.442,2.0
Kepler-144 b,112.7,1.9531,1253.0,583.47,1.59,6070.0,4.157,2.0
Kepler-1411 b,875.2,6.058,441.0,8.93,3.11,6161.0,4.454,2.0
Kepler-1412 b,43.9,3.227,1397.0,900.38,0.9,5799.0,4.161,2.0
Kepler-130 b,77.4,3.2893,982.0,220.05,1.02,5903.0,4.304,2.0
Kepler-1902 b,362.7,1.924,601.0,30.84,1.05,3729.0,4.733,2.0
Kepler-1903 b,262.4,6.026,769.0,82.56,1.62,6347.0,4.464,2.0
Kepler-1424 b,120.1,7.433,629.0,37.12,1.74,5812.0,4.329,2.0
Kepler-1905 b,153.1,1.773,1212.0,508.75,1.25,5788.0,4.442,2.0
Kepler-520 c,102.7,3.3447,1107.0,354.82,1.18,6023.0,4.423,2.0
Kepler-1715 b,684.5,6.691,646.0,41.06,3.72,6212.0,4.309,2.0
Kepler-136 b,243.4,2.7207,951.0,193.48,2.06,6156.0,4.284,2.0
Kepler-144 c,114.6,2.369,1046.0,283.38,1.59,6070.0,4.157,2.0
Kepler-145 c,408.9,9.7471,709.0,59.6,3.61,6143.0,4.039,2.0
Kepler-63 b,3977.0,2.8112,791.0,92.39,5.73,5578.0,4.518,2.0
Kepler-145 b,129.8,4.4814,873.0,137.23,2.17,6143.0,4.039,2.0
Kepler-539 b,7841.6,9.108,388.0,5.35,10.02,5819.0,4.334,2.0
Kepler-1893 b,172.8,2.647,1194.0,478.98,1.52,5633.0,4.296,2.0
Kepler-1894 b,185.0,1.821,1231.0,544.05,1.25,5772.0,4.528,2.0
Kepler-431 d,43.2,5.009,851.0,123.89,0.87,6006.0,4.403,2.0
Kepler-431 b,32.7,4.608,1026.0,262.26,0.73,6006.0,4.403,2.0
Kepler-431 c,32.0,4.807,945.0,188.7,0.72,6006.0,4.403,2.0
Kepler-92 c,195.0,8.501,781.0,88.1,2.31,5862.0,4.05,2.0
Kepler-136 c,220.8,3.4108,847.0,121.53,1.94,6156.0,4.284,2.0
Kepler-137 c,567.2,3.0356,568.0,24.66,2.1,5188.0,4.547,2.0
Kepler-137 b,345.5,3.2451,742.0,71.51,1.5,5188.0,4.547,2.0
Kepler-138 c,756.0,2.3188,402.0,6.17,1.42,3846.0,4.738,2.0
Kepler-138 d,598.3,1.7012,338.0,3.1,1.24,3846.0,4.738,2.0
Kepler-101 c,54.6,3.961,1204.0,496.46,1.18,5576.0,4.065,2.0
Kepler-1718 b,663.4,8.8191,345.0,3.33,2.32,5731.0,4.451,2.0
Kepler-540 b,659.1,11.347,355.0,3.77,2.85,5851.0,4.302,2.0
Kepler-1704 b,5060.0,5.9504,223.0,0.58,10.81,5755.0,4.101,2.0
Kepler-9 b,6660.5,4.1281,661.0,45.05,7.74,5779.0,4.491,2.0
Kepler-1894 c,171.5,2.514,1007.0,243.06,1.21,5772.0,4.528,2.0
Kepler-1413 b,518.0,3.594,661.0,45.19,1.84,5382.0,4.571,2.0
Kepler-1414 b,237.4,1.381,1033.0,269.57,1.35,5094.0,4.45,2.0
Kepler-130 d,136.5,2.55,451.0,9.76,1.85,5903.0,4.304,2.0
Kepler-1426 b,206.1,4.796,797.0,95.22,1.73,6140.0,4.455,2.0
Kepler-1427 b,118.5,1.517,1844.0,2730.51,1.08,5866.0,4.473,2.0
Kepler-138 b,137.6,2.0138,443.0,9.07,0.59,3846.0,4.738,2.0
Kepler-1716 b,937.6,3.9885,408.0,6.54,2.03,4894.0,4.637,2.0
Kepler-139 b,547.1,5.0574,752.0,75.61,2.62,5620.0,4.333,2.0
Kepler-139 c,551.4,8.1289,350.0,3.53,2.63,5620.0,4.333,2.0
Kepler-139 d,264.9,1.4228,972.0,210.72,2.11,5620.0,4.333,2.0
Kepler-9 c,6159.1,4.5271,523.0,17.66,7.98,5779.0,4.491,2.0
Kepler-9 d,248.3,1.9313,1517.0,1251.43,1.48,5779.0,4.491,2.0
Kepler-1895 b,311.6,1.341,789.0,91.45,1.36,5076.0,4.598,2.0
Kepler-1906 b,429.3,1.3287,901.0,155.72,1.86,5868.0,4.53,2.0
Kepler-1428 b,151.0,4.594,1049.0,285.79,1.79,6460.0,4.267,2.0
Kepler-1429 b,134.9,2.752,1199.0,488.22,1.23,6217.0,4.437,2.0
Kepler-92 d,130.2,10.954,637.0,38.86,1.91,5862.0,4.05,2.0
Kepler-521 b,463.2,7.3327,803.0,98.36,3.02,6336.0,4.266,2.0
Kepler-522 b,1388.2,12.391,761.0,79.08,8.56,6273.0,4.04,2.0
Kepler-406 b,185.4,2.6624,1302.0,679.12,1.41,5678.0,4.484,2.0
Kepler-147 c,275.8,8.605,689.0,53.18,2.98,6007.0,4.178,2.0
Kepler-147 b,76.5,6.372,953.0,194.9,1.33,6007.0,4.178,2.0
Kepler-1415 b,217.9,0.947,1846.0,2754.93,1.31,5343.0,4.538,2.0
Kepler-1430 b,276.8,1.861,969.0,208.54,1.03,4811.0,4.626,2.0
Kepler-1431 b,183.0,3.985,1064.0,302.77,1.45,6020.0,4.427,2.0
Kepler-1432 b,294.0,4.996,709.0,59.76,1.91,6338.0,4.418,2.0
Kepler-406 c,62.0,3.0189,1050.0,287.25,0.77,5678.0,4.484,2.0
Kepler-523 b,553.3,2.062,884.0,144.5,1.92,5423.0,4.542,2.0
Kepler-541 b,222.8,5.207,1673.0,1851.94,3.95,6049.0,3.769,2.0
Kepler-542 b,300.8,3.6399,698.0,56.15,1.59,5411.0,4.477,2.0
Kepler-131 b,415.8,2.8943,718.0,62.74,2.13,5680.0,4.414,2.0
Kepler-1416 b,52.0,3.43,1870.0,2880.38,1.44,5635.0,4.117,2.0
Kepler-1417 b,101.8,7.225,695.0,55.07,1.01,5952.0,4.41,2.0
Kepler-1433 b,156.2,2.377,1226.0,535.42,1.43,5886.0,4.345,2.0
Kepler-1434 b,38.3,5.382,1320.0,717.7,1.28,6231.0,3.976,2.0
Kepler-140 b,159.9,2.9903,1301.0,675.56,1.38,5945.0,4.402,2.0
Kepler-140 c,210.0,8.707,428.0,7.93,1.57,5945.0,4.402,2.0
Kepler-146 b,959.0,5.1803,639.0,39.46,3.56,5951.0,4.319,2.0
Kepler-146 c,685.7,6.243,473.0,11.86,3.08,5951.0,4.319,2.0
Kepler-543 b,1121.7,3.5791,521.0,17.37,2.46,4538.0,4.607,2.0
Kepler-1719 b,333.7,5.5694,1287.0,649.26,3.26,5687.0,3.973,2.0
Kepler-1896 b,636.1,4.199,536.0,19.5,2.56,6122.0,4.471,2.0
Kepler-1435 b,46.6,3.654,1331.0,740.51,0.9,6256.0,4.269,2.0
Kepler-1436 b,140.8,7.702,1001.0,237.46,2.07,5808.0,4.178,2.0
Kepler-461 b,837.4,2.964,886.0,145.51,2.74,5900.0,4.509,2.0
Kepler-524 b,293.1,5.3503,974.0,212.75,1.85,5973.0,4.386,2.0
Kepler-524 c,59.0,3.486,1574.0,1449.92,0.83,5973.0,4.386,2.0
Kepler-525 b,381.5,6.9329,832.0,113.34,3.64,5548.0,4.038,2.0
Kepler-544 b,314.5,7.081,748.0,74.2,2.09,6156.0,4.331,2.0
Kepler-93 b,273.1,2.9267,1028.0,264.08,1.56,5648.0,4.472,2.0
Kepler-131 c,66.8,4.735,615.0,33.91,0.83,5680.0,4.414,2.0
Kepler-1695 b,151.6,1.746,957.0,198.57,0.97,5595.0,4.581,2.0
Kepler-1418 b,481.4,3.437,419.0,7.27,1.21,4563.0,4.704,2.0
Kepler-1907 c,220.6,2.705,620.0,35.04,2.9,5159.0,4.508,2.0
Kepler-1907 b,121.0,2.062,856.0,127.1,1.05,5159.0,4.508,2.0
Kepler-1437 b,196.9,5.893,770.0,83.14,1.21,5792.0,4.547,2.0
Kepler-526 b,255.9,4.0448,1099.0,344.32,1.91,5914.0,4.396,2.0
Kepler-527 b,377.6,6.283,1157.0,423.65,4.03,6534.0,3.973,2.0
Kepler-450 c,264.3,6.6358,944.0,187.39,2.59,6206.0,4.159,2.0
Kepler-1890 b,40.9,3.588,1328.0,735.25,1.08,6046.0,4.158,2.0
Kepler-1992 b,113.5,3.873,637.0,38.99,0.91,5383.0,4.528,2.0
Kepler-1419 b,685.6,5.723,510.0,15.97,2.45,5911.0,4.519,2.0
Kepler-1420 b,253.7,2.831,806.0,99.83,1.24,5296.0,4.586,2.0
Kepler-1909 b,189.2,1.906,1031.0,266.01,0.93,4935.0,4.589,2.0
Kepler-1910 b,241.5,2.55,645.0,40.88,0.99,4234.0,4.63,2.0
Kepler-1438 b,96.4,1.591,1490.0,1164.84,1.24,5624.0,4.256,2.0
Kepler-528 b,373.2,5.4898,708.0,59.39,2.1,5747.0,4.335,2.0
Kepler-141 c,327.3,3.0688,738.0,70.32,1.5,4908.0,4.567,2.0
Kepler-141 b,77.2,2.361,968.0,207.72,0.73,4908.0,4.567,2.0
Kepler-529 b,271.9,2.4743,1662.0,1808.41,2.1,6078.0,4.29,2.0
Kepler-529 c,281.0,3.846,891.0,149.42,2.55,6078.0,4.29,2.0
Kepler-1398 b,55.8,3.397,1510.0,1228.07,1.02,5758.0,4.168,2.0
Kepler-1398 c,63.8,3.449,1324.0,725.53,1.13,5758.0,4.168,2.0
Kepler-405 c,1010.2,3.45,557.0,22.7,3.02,5815.0,4.54,2.0
Kepler-132 d,177.7,3.516,758.0,77.99,1.93,5931.0,4.322,2.0
Kepler-405 b,559.8,3.498,785.0,89.65,2.06,5815.0,4.54,2.0
Kepler-1439 b,1056.0,2.455,420.0,7.33,1.59,3675.0,4.869,2.0
Kepler-1977 b,504.4,1.813,798.0,95.61,1.66,4805.0,4.633,2.0
Kepler-1440 b,155.5,7.987,597.0,29.97,1.62,5675.0,4.209,2.0
Kepler-414 c,863.3,2.9225,890.0,148.09,2.73,5497.0,4.437,2.0
Kepler-414 b,351.4,2.553,1024.0,260.54,1.74,5497.0,4.437,2.0
Kepler-142 c,497.1,3.3061,1201.0,491.37,2.75,5794.0,4.263,2.0
Kepler-142 b,239.4,2.5273,1597.0,1535.09,1.94,5794.0,4.263,2.0
Kepler-1655 b,332.7,2.5342,863.0,131.55,2.25,6147.0,4.412,2.0
Kepler-1399 b,166.9,1.952,1610.0,1585.07,1.29,6119.0,4.472,2.0
Kepler-1400 b,367.2,3.381,725.0,65.52,1.9,5142.0,4.515,2.0
Kepler-1891 b,227.8,0.853,1017.0,253.28,1.37,5516.0,4.544,2.0
Kepler-1421 b,39.1,4.73,1209.0,505.0,0.91,6296.0,4.21,2.0
Kepler-1983 b,277.8,1.211,807.0,100.13,2.33,5135.0,4.464,2.0
Kepler-1422 b,242.5,6.829,833.0,113.88,1.94,6572.0,4.365,2.0
Kepler-1441 b,172.4,7.029,682.0,51.14,2.51,5430.0,3.923,2.0
Kepler-1714 b,209.7,6.3093,1211.0,508.21,3.04,6150.0,3.96,2.0
Kepler-511 c,492.8,7.8709,742.0,71.75,3.13,5866.0,4.117,2.0
Kepler-511 b,2763.1,16.425,332.0,2.88,7.56,5866.0,4.117,2.0
Kepler-142 d,190.4,7.797,582.0,27.15,1.67,5794.0,4.263,2.0
Kepler-530 b,1132.1,5.77,488.0,13.46,2.87,5607.0,4.536,2.0
Kepler-531 b,1275.7,4.5612,453.0,9.95,2.81,4883.0,4.549,2.0
Kepler-532 b,959.0,2.6811,620.0,34.95,2.62,5103.0,4.584,2.0
Kepler-1892 b,306.6,2.688,822.0,108.04,1.31,5383.0,4.603,2.0
Kepler-1897 b,806.3,3.271,505.0,15.43,2.1,5165.0,4.599,2.0
Kepler-132 c,121.0,3.3629,1069.0,309.12,1.4,5931.0,4.322,2.0
Kepler-133 c,357.6,7.634,663.0,45.68,2.72,5611.0,4.144,2.0
Kepler-133 b,148.0,2.1492,1041.0,277.89,2.04,5611.0,4.144,2.0
Kepler-97 b,217.7,2.253,1328.0,735.48,1.44,5780.0,4.421,2.0
Kepler-533 b,1844.6,4.5941,423.0,7.55,3.27,4687.0,4.627,2.0
Kepler-1664 b,569.6,2.1417,776.0,85.46,2.54,5725.0,4.353,2.0
Kepler-90 h,8322.1,14.404,294.0,1.76,10.89,5970.0,4.317,2.0
Kepler-1401 b,219.9,4.562,808.0,100.91,1.7,6038.0,4.524,2.0
Kepler-410 A b,326.9,4.5112,866.0,132.94,2.43,6407.0,4.268,2.0
Kepler-510 b,298.9,8.087,797.0,95.35,2.45,5671.0,4.094,2.0
Kepler-1402 b,73.6,3.097,1789.0,2422.92,1.6,5282.0,3.913,2.0
Kepler-1423 b,228.7,3.204,741.0,71.16,2.84,5011.0,3.903,2.0
Kepler-512 b,424.5,5.82,652.0,42.68,2.78,5929.0,4.243,2.0
Kepler-134 b,292.5,2.9331,1105.0,351.52,1.94,5923.0,4.377,2.0
Kepler-134 c,116.8,2.0138,892.0,149.4,1.28,5923.0,4.377,2.0
Kepler-513 b,449.2,5.4033,623.0,35.56,2.53,5725.0,4.326,2.0
Kepler-90 g,4159.3,11.9922,342.0,3.22,7.7,5970.0,4.317,2.0
Kepler-90 d,566.4,8.0006,520.0,17.26,2.84,5970.0,4.317,2.0
Kepler-143 c,423.2,5.0119,703.0,57.77,3.25,5857.0,4.204,2.0
Kepler-1717 b,269.7,4.99,780.0,87.69,2.86,6200.0,4.072,2.0
Kepler-1403 b,272.9,3.167,1238.0,554.37,2.03,6415.0,4.374,2.0
Kepler-1404 b,556.7,2.435,596.0,29.83,1.77,5380.0,4.616,2.0
Kepler-1405 b,1113.4,5.782,565.0,24.03,2.82,5858.0,4.553,2.0
Kepler-1898 b,67.5,2.2,1167.0,439.42,0.92,5702.0,4.258,2.0
Kepler-1900 b,122.9,2.969,1356.0,798.35,1.16,6173.0,4.447,2.0
Kepler-132 b,101.9,3.2601,1082.0,324.69,1.22,5931.0,4.322,2.0
Kepler-514 b,134.1,3.0933,1248.0,574.71,2.03,6085.0,4.218,2.0
Kepler-515 b,270.9,2.6403,564.0,23.88,1.5,5250.0,4.541,2.0
Kepler-98 b,296.5,1.9118,1592.0,1517.84,1.88,5533.0,4.337,2.0
Kepler-534 b,523.2,4.3149,721.0,63.95,2.27,5936.0,4.501,2.0
Kepler-534 c,125.1,3.349,933.0,178.68,1.11,5936.0,4.501,2.0
Kepler-535 b,334.5,2.8887,1247.0,570.65,2.37,6045.0,4.276,2.0
Kepler-536 b,1164.7,1.96401,1877.0,2925.17,5.95,5311.0,3.864,2.0
Kepler-1406 b,88.0,2.97,854.0,125.89,1.31,5721.0,4.307,2.0
Kepler-130 c,639.2,5.9291,663.0,45.66,2.98,5903.0,4.304,2.0
Kepler-1407 b,405.7,6.354,826.0,110.19,3.2,5902.0,4.128,2.0
Kepler-279 e,423.0,24.708,552.0,21.96,4.13,6366.0,4.045,2.0
Kepler-176 d,738.9,2.7678,501.0,14.88,2.27,4963.0,4.501,2.0
Kepler-1989 b,1653.9,3.1627,904.0,157.97,4.62,6032.0,4.387,2.0
Kepler-177 c,3184.0,5.278,497.0,14.48,6.77,5768.0,4.434,2.0
Kepler-177 b,714.1,7.495,549.0,21.4,2.68,5768.0,4.434,2.0
Kepler-189 b,275.3,3.377,678.0,49.86,1.5,4963.0,4.501,2.0
Kepler-606 b,643.3,4.1344,683.0,51.53,2.8,6242.0,4.442,2.0
Kepler-607 c,611.2,5.04,473.0,11.85,2.29,5244.0,4.449,2.0
Kepler-548 b,16042.0,2.3061,1017.0,252.22,11.76,5359.0,4.425,2.0
Kepler-39 b,8894.7,5.92691,873.0,137.06,14.43,6266.0,4.101,2.0
Kepler-20 e,84.4,2.9815,927.0,174.3,0.84,5465.0,4.449,2.0
Kepler-567 b,726.0,3.8516,611.0,32.94,2.31,5215.0,4.518,2.0
Kepler-568 b,1795.5,1.4814,429.0,8.04,2.46,3744.0,4.718,2.0
Kepler-569 b,1063.2,5.3278,526.0,18.05,2.97,5515.0,4.453,2.0
Kepler-570 b,739.4,2.1055,1009.0,244.48,2.42,5480.0,4.509,2.0
Kepler-166 b,981.4,2.752,772.0,83.86,2.3,5409.0,4.609,2.0
Kepler-1721 b,1027.7,2.2748,924.0,172.6,2.51,5351.0,4.582,2.0
Kepler-65 c,322.8,4.0185,1246.0,569.5,2.56,6181.0,4.22,2.0
Kepler-586 b,905.5,1.7547,1365.0,821.44,2.89,5703.0,4.498,2.0
Kepler-608 b,1156.4,5.2677,1069.0,308.76,3.89,6026.0,4.366,2.0
Kepler-190 b,332.8,1.8073,1166.0,437.85,1.46,5103.0,4.562,2.0
Kepler-190 c,354.5,1.6011,948.0,190.67,1.63,5103.0,4.562,2.0
Kepler-609 b,760.4,2.7975,932.0,178.27,2.54,5822.0,4.529,2.0
Kepler-610 b,1317.4,2.7374,888.0,147.07,3.21,5713.0,4.541,2.0
Kepler-549 d,1798.0,2.6602,586.0,27.93,4.2,5312.0,4.384,2.0
Kepler-549 b,959.1,5.4154,487.0,13.29,2.98,5312.0,4.384,2.0
Kepler-549 c,770.4,6.822,349.0,3.49,2.68,5312.0,4.384,2.0
Kepler-166 d,465.8,1.7664,1313.0,704.5,1.59,5409.0,4.609,2.0
Kepler-166 c,1072.5,4.7743,468.0,11.36,2.41,5409.0,4.609,2.0
Kepler-571 b,817.4,3.0384,978.0,216.54,2.51,5631.0,4.557,2.0
Kepler-178 b,746.8,3.3603,846.0,121.26,2.88,5386.0,4.322,2.0
Kepler-178 d,951.3,5.6957,392.0,5.55,3.29,5386.0,4.322,2.0
Kepler-178 c,727.3,2.2013,656.0,43.8,2.99,5386.0,4.322,2.0
Kepler-587 b,538.6,2.3494,764.0,80.52,2.08,5749.0,4.547,2.0
Kepler-1649 c,1732.0,1.013,161.0,0.16,0.53,2703.0,5.274,2.0
Kepler-610 c,747.0,8.577,318.0,2.43,2.41,5713.0,4.541,2.0
Kepler-191 d,800.2,2.7004,857.0,127.64,2.69,5105.0,4.469,2.0
Kepler-1709 b,636.1,3.3104,472.0,11.72,2.78,5918.0,4.403,2.0
Kepler-191 c,605.5,3.0049,596.0,29.74,2.47,5105.0,4.469,2.0
Kepler-191 b,300.1,3.432,722.0,64.29,1.93,5105.0,4.469,2.0
Kepler-40 b,3753.8,6.8569,1482.0,1140.56,13.44,6490.0,3.942,2.0
Kepler-550 b,2791.6,4.0077,760.0,78.72,4.17,5246.0,4.501,2.0
Kepler-551 b,1709.0,2.7075,483.0,12.87,2.53,4200.0,4.664,2.0
Kepler-289 e,616.7,4.295,286.0,1.58,2.94,5933.0,4.342,2.0
Kepler-153 b,1096.6,3.1404,621.0,35.13,2.82,5402.0,4.452,2.0
Kepler-20 f,98.1,3.382,628.0,36.82,0.9,5465.0,4.449,2.0
Kepler-572 b,1080.6,3.6688,553.0,22.05,2.22,5211.0,4.643,2.0
Kepler-573 b,748.1,5.1364,646.0,41.24,2.78,5565.0,4.361,2.0
Kepler-574 b,668.2,3.0427,858.0,128.18,2.19,5657.0,4.508,2.0
Kepler-575 b,563.5,3.3427,803.0,98.22,2.03,5684.0,4.493,2.0
Kepler-588 b,658.0,3.0619,1176.0,453.2,2.87,6123.0,4.472,2.0
Kepler-589 b,744.5,4.3808,656.0,43.72,2.95,5372.0,4.434,2.0
Kepler-65 b,99.7,3.1341,1740.0,2162.35,1.42,6181.0,4.22,2.0
Kepler-589 c,129.7,2.484,1098.0,344.61,1.46,5372.0,4.434,2.0
Kepler-179 c,743.2,2.0004,810.0,101.72,2.52,5299.0,4.597,2.0
Kepler-611 b,244.0,3.2005,1513.0,1237.66,2.04,5573.0,4.177,2.0
Kepler-192 b,725.5,3.8428,803.0,98.34,2.76,5475.0,4.43,2.0
Kepler-192 c,582.9,4.9416,623.0,35.69,2.63,5475.0,4.43,2.0
Kepler-192 d,116.9,3.343,926.0,173.79,1.15,5475.0,4.43,2.0
Kepler-612 b,757.4,1.9941,1046.0,283.28,2.33,5617.0,4.574,2.0
Kepler-153 c,821.3,3.9264,458.0,10.44,2.6,5402.0,4.452,2.0
Kepler-552 b,1030.7,2.1446,1103.0,349.4,3.77,6099.0,4.456,2.0
Kepler-553 b,2908.3,2.7734,970.0,209.11,4.48,5234.0,4.542,2.0
Kepler-553 c,13889.0,12.2726,224.0,0.59,10.99,5234.0,4.542,2.0
Kepler-167 b,447.2,2.4455,807.0,99.9,1.41,4799.0,4.631,2.0
Kepler-102 e,941.1,3.7236,546.0,20.98,2.48,4900.0,4.602,2.0
Kepler-167 e,19046.0,16.1784,129.0,0.07,9.27,4799.0,4.631,2.0
Kepler-179 b,428.9,1.9359,1075.0,315.95,1.56,5299.0,4.597,2.0
Kepler-590 b,1146.5,4.5973,1056.0,293.93,3.46,6050.0,4.45,2.0
Kepler-591 b,1183.2,8.358,436.0,8.55,4.71,5460.0,4.263,2.0
Kepler-592 b,467.5,2.554,1367.0,824.92,2.53,5831.0,4.359,2.0
Kepler-593 b,636.0,5.89,706.0,58.63,2.97,6191.0,4.438,2.0
Kepler-613 b,541.4,4.0369,713.0,60.96,2.11,5941.0,4.519,2.0
Kepler-614 b,851.8,3.638,641.0,39.97,2.41,5258.0,4.513,2.0
Kepler-615 b,660.9,2.8431,620.0,34.93,1.92,4646.0,4.539,2.0
Kepler-89 d,5612.8,6.66405,785.0,89.61,9.99,6181.0,4.234,2.0
Kepler-193 b,438.0,3.6949,979.0,216.55,3.04,5876.0,4.151,2.0
Kepler-154 d,1564.3,5.5484,657.0,44.11,4.04,5688.0,4.415,2.0
Kepler-155 b,1007.4,2.4999,562.0,23.5,2.01,3984.0,4.72,2.0
Kepler-10 b,190.4,1.796,1980.0,3630.32,1.43,5676.0,4.347,2.0
Kepler-167 c,417.9,2.8826,678.0,49.89,1.37,4799.0,4.631,2.0
Kepler-167 d,246.4,3.369,473.0,11.82,1.11,4799.0,4.631,2.0
Kepler-576 b,942.0,6.6436,541.0,20.31,2.9,5275.0,4.397,2.0
Kepler-577 b,1130.8,4.0251,314.0,2.3,1.7,3787.0,4.775,2.0
Kepler-594 b,633.0,3.4098,678.0,49.89,2.06,5569.0,4.566,2.0
Kepler-4 b,727.8,3.98235,1515.0,1244.44,4.13,5795.0,4.101,2.0
Kepler-65 d,111.8,4.2386,1117.0,368.36,1.58,6181.0,4.22,2.0
Kepler-180 c,687.4,6.763,540.0,20.05,3.28,5735.0,4.356,2.0
Kepler-180 b,223.2,4.261,781.0,88.04,2.04,5735.0,4.356,2.0
Kepler-194 d,553.7,7.309,562.0,23.57,3.33,5565.0,4.117,2.0
Kepler-195 b,777.5,3.1516,751.0,75.09,2.15,5320.0,4.589,2.0
Kepler-195 c,472.7,3.896,469.0,11.42,1.71,5320.0,4.589,2.0
Kepler-1724 b,586.1,2.6772,999.0,234.98,2.48,6092.0,4.496,2.0
Kepler-618 b,383.7,3.1569,1296.0,666.88,2.39,5762.0,4.283,2.0
Kepler-155 c,1078.1,3.1592,271.0,1.28,1.87,3984.0,4.72,2.0
Kepler-554 b,2343.5,2.19877,1346.0,778.26,4.45,5400.0,4.463,2.0
Kepler-156 c,924.7,3.9879,588.0,28.32,2.35,5097.0,4.554,2.0
Kepler-156 b,741.6,1.6519,867.0,133.55,2.46,5097.0,4.554,2.0
Kepler-578 b,437.3,1.6325,1774.0,2342.49,4.47,4868.0,3.902,2.0
Kepler-168 c,585.7,5.0036,862.0,130.35,2.94,5946.0,4.309,2.0
Kepler-102 d,275.9,3.1818,634.0,38.13,1.34,4900.0,4.602,2.0
Kepler-168 b,179.0,3.504,1240.0,559.22,1.63,5946.0,4.309,2.0
Kepler-181 c,747.2,2.0289,937.0,182.7,2.46,5041.0,4.479,2.0
Kepler-181 b,305.7,1.91,1041.0,277.64,1.5,5041.0,4.479,2.0
Kepler-182 c,858.5,6.4415,729.0,66.83,3.28,6246.0,4.433,2.0
Kepler-193 c,610.9,5.972,595.0,29.58,3.58,5876.0,4.151,2.0
Kepler-1723 b,549.3,4.9641,568.0,24.54,2.37,6072.0,4.411,2.0
Kepler-616 b,638.7,3.4423,860.0,129.18,2.82,6004.0,4.484,2.0
Kepler-616 c,1265.0,7.106,413.0,6.86,3.96,6004.0,4.484,2.0
Kepler-157 c,461.0,4.4673,779.0,87.1,2.17,5767.0,4.389,2.0
Kepler-157 b,182.4,2.2139,1546.0,1345.92,1.37,5767.0,4.389,2.0
Kepler-157 d,190.7,2.245,969.0,208.92,1.56,5767.0,4.389,2.0
Kepler-555 b,758.3,4.9274,664.0,45.87,2.22,5837.0,4.577,2.0
Kepler-556 b,492.2,4.2064,766.0,81.46,2.08,5550.0,4.431,2.0
Kepler-579 b,411.7,2.4656,730.0,67.06,1.9,5288.0,4.541,2.0
Kepler-80 b,1480.1,2.3982,547.0,21.17,2.16,4041.0,4.697,2.0
Kepler-80 c,1491.3,2.3569,495.0,14.2,2.16,4041.0,4.697,2.0
Kepler-80 d,539.0,1.8732,722.0,64.09,1.3,4041.0,4.697,2.0
Kepler-80 e,565.5,2.0271,629.0,36.9,1.33,4041.0,4.697,2.0
Kepler-182 b,433.3,5.2498,935.0,180.36,2.66,6246.0,4.433,2.0
Kepler-595 b,2105.7,4.4903,535.0,19.39,3.95,5121.0,4.457,2.0
Kepler-596 b,659.8,4.0852,725.0,65.37,2.99,6008.0,4.35,2.0
Kepler-22 b,529.1,7.565,257.0,1.03,2.34,5516.0,4.446,2.0
Kepler-616 d,597.5,4.374,499.0,14.69,2.44,6004.0,4.484,2.0
Kepler-617 b,703.8,1.3867,750.0,74.7,1.23,3669.0,4.787,2.0
Kepler-194 c,633.0,5.1126,815.0,104.37,3.56,5565.0,4.117,2.0
Kepler-89 c,777.3,5.2257,1012.0,247.48,3.72,6181.0,4.234,2.0
Kepler-194 b,207.6,2.4062,1648.0,1746.66,2.06,5565.0,4.117,2.0
Kepler-10 c,477.1,6.83,524.0,17.75,2.26,5676.0,4.347,2.0
Kepler-158 b,839.8,2.7052,500.0,14.73,2.27,4621.0,4.605,2.0
Kepler-158 c,807.8,4.1502,418.0,7.21,1.97,4621.0,4.605,2.0
Kepler-159 b,1155.9,2.6446,447.0,9.41,1.68,3893.0,4.758,2.0
Kepler-159 c,1708.7,4.6814,275.0,1.35,2.05,3893.0,4.758,2.0
Kepler-80 f,450.0,1.1879,1054.0,292.35,1.19,4041.0,4.697,2.0
Kepler-102 f,136.4,3.747,457.0,10.34,0.95,4900.0,4.602,2.0
Kepler-580 b,1468.6,2.71,558.0,22.86,2.28,4213.0,4.658,2.0
Kepler-597 b,607.0,3.9734,743.0,71.85,2.3,5627.0,4.453,2.0
Kepler-183 c,604.3,3.3372,857.0,127.46,2.9,5576.0,4.257,2.0
Kepler-183 b,476.4,2.2682,1088.0,330.44,2.76,5576.0,4.257,2.0
Kepler-619 b,860.6,2.5315,1073.0,312.93,2.85,6122.0,4.487,2.0
Kepler-619 d,1185.1,1.2641,830.0,112.07,4.17,6122.0,4.487,2.0
Kepler-619 c,227.3,1.544,1767.0,2307.65,1.64,6122.0,4.487,2.0
Kepler-730 c,114.9,2.666,1398.0,903.77,1.23,6123.0,4.413,2.0
Kepler-620 b,487.9,5.3685,849.0,122.66,2.49,6253.0,4.41,2.0
Kepler-89 e,1975.0,8.5858,584.0,27.4,6.07,6181.0,4.234,2.0
Kepler-557 b,501.4,5.1658,1281.0,637.42,2.43,6187.0,4.409,2.0
Kepler-581 b,657.5,5.756,521.0,17.4,2.67,5538.0,4.384,2.0
Kepler-169 e,684.8,2.9105,595.0,29.55,2.24,5001.0,4.582,2.0
Kepler-169 c,296.4,2.952,776.0,85.77,1.37,5001.0,4.582,2.0
Kepler-169 b,218.4,2.2537,962.0,202.09,1.19,5001.0,4.582,2.0
Kepler-169 d,288.9,2.835,702.0,57.48,1.45,5001.0,4.582,2.0
Kepler-598 b,288.3,2.6061,1050.0,286.23,1.63,5252.0,4.442,2.0
Kepler-598 c,995.2,7.471,367.0,4.29,3.07,5252.0,4.442,2.0
Kepler-148 d,9636.3,4.7769,413.0,6.9,8.73,5227.0,4.535,2.0
Kepler-148 c,1765.6,2.4479,957.0,197.81,3.44,5227.0,4.535,2.0
Kepler-148 b,484.4,1.7442,1284.0,643.54,1.82,5227.0,4.535,2.0
Kepler-558 b,906.3,5.0274,498.0,14.59,2.64,5295.0,4.566,2.0
Kepler-160 c,1292.9,4.3409,771.0,83.6,3.85,5541.0,4.332,2.0
Kepler-160 b,310.7,2.8977,1134.0,390.76,1.89,5541.0,4.332,2.0
Kepler-161 b,761.3,1.8806,868.0,134.02,2.14,5076.0,4.55,2.0
Kepler-169 f,1129.1,7.0,321.0,2.52,2.95,5001.0,4.582,2.0
Kepler-582 b,1655.5,3.4744,603.0,31.27,3.34,5289.0,4.477,2.0
Kepler-170 b,826.1,3.6083,899.0,154.36,3.05,5674.0,4.446,2.0
Kepler-102 c,65.7,2.757,719.0,63.11,0.63,4900.0,4.602,2.0
Kepler-599 b,955.9,3.9305,623.0,35.62,2.55,5185.0,4.484,2.0
Kepler-1722 b,796.5,2.1945,753.0,76.14,2.3,5506.0,4.584,2.0
Kepler-600 b,980.4,4.647,528.0,18.38,2.76,5309.0,4.588,2.0
Kepler-149 b,2047.2,5.1227,540.0,20.05,4.15,5376.0,4.462,2.0
Kepler-149 d,1552.8,5.472,306.0,2.08,4.28,5376.0,4.462,2.0
Kepler-20 c,1034.4,3.7768,765.0,80.88,2.99,5465.0,4.449,2.0
Kepler-149 c,325.7,6.918,436.0,8.55,1.67,5376.0,4.462,2.0
Kepler-161 c,728.9,1.3867,769.0,82.76,2.37,5076.0,4.55,2.0
Kepler-162 c,926.0,3.6227,681.0,50.73,3.24,5815.0,4.421,2.0
Kepler-162 b,170.1,3.4253,961.0,201.41,1.39,5815.0,4.421,2.0
Kepler-170 c,754.2,4.1934,702.0,57.31,2.85,5674.0,4.446,2.0
Kepler-171 b,877.7,2.7535,1053.0,291.34,2.74,5456.0,4.45,2.0
Kepler-171 c,1048.6,2.599,752.0,75.57,3.0,5456.0,4.45,2.0
Kepler-171 d,572.7,6.487,497.0,14.47,2.22,5456.0,4.45,2.0
Kepler-172 b,472.4,2.7226,1256.0,588.66,2.59,5527.0,4.376,2.0
Kepler-601 b,483.4,2.7222,833.0,113.59,1.86,5077.0,4.567,2.0
Kepler-602 b,321.3,6.0768,852.0,124.4,2.7,5763.0,4.181,2.0
Kepler-603 b,496.6,7.1605,731.0,67.48,2.75,5751.0,4.254,2.0
Kepler-603 c,4020.6,14.475,401.0,6.09,8.03,5751.0,4.254,2.0
Kepler-603 d,211.2,4.4289,1098.0,343.21,1.81,5751.0,4.254,2.0
Kepler-150 c,1433.8,3.1152,876.0,138.88,3.42,5559.0,4.47,2.0
Kepler-559 b,1377.8,4.3773,706.0,58.6,4.03,5433.0,4.302,2.0
Kepler-560 b,2604.6,1.94,267.0,1.21,1.55,3395.0,4.97,2.0
Kepler-561 b,5374.7,6.3363,446.0,9.33,7.02,5592.0,4.467,2.0
Kepler-561 c,764.8,2.2647,989.0,226.02,2.6,5592.0,4.467,2.0
Kepler-172 c,543.3,3.5032,970.0,209.17,2.89,5527.0,4.376,2.0
Kepler-172 d,396.4,4.097,736.0,69.31,2.7,5527.0,4.376,2.0
Kepler-172 e,542.4,4.59,550.0,21.57,3.26,5527.0,4.376,2.0
Kepler-173 c,629.7,3.0549,956.0,197.06,2.36,6032.0,4.395,2.0
Kepler-173 b,182.0,2.2725,1179.0,457.15,1.28,6032.0,4.395,2.0
Kepler-462 b,347.7,10.0248,611.0,32.96,3.37,6688.0,4.062,2.0
Kepler-604 b,610.5,3.8737,637.0,38.81,2.4,6122.0,4.487,2.0
Kepler-184 b,777.7,3.3812,780.0,87.41,2.64,5788.0,4.524,2.0
Kepler-184 c,533.4,4.5038,630.0,37.12,2.16,5788.0,4.524,2.0
Kepler-150 d,923.1,3.7647,734.0,68.49,2.74,5559.0,4.47,2.0
Kepler-150 e,742.2,5.914,544.0,20.68,3.18,5559.0,4.47,2.0
Kepler-20 b,383.4,2.463,1095.0,340.33,1.78,5465.0,4.449,2.0
Kepler-150 b,178.4,2.417,1131.0,386.14,1.21,5559.0,4.47,2.0
Kepler-545 b,647.6,4.4859,806.0,99.54,2.86,5799.0,4.361,2.0
Kepler-562 b,3004.4,4.9611,658.0,44.29,4.96,5815.0,4.54,2.0
Kepler-563 b,1593.0,3.0397,546.0,21.06,3.18,5157.0,4.5,2.0
Kepler-102 b,41.5,2.579,792.0,92.97,0.51,4900.0,4.602,2.0
Kepler-583 b,602.8,3.3095,1017.0,253.24,2.78,5638.0,4.327,2.0
Kepler-584 b,987.7,7.545,664.0,45.89,4.17,6520.0,4.375,2.0
Kepler-184 d,637.6,4.0263,559.0,23.06,2.55,5788.0,4.524,2.0
Kepler-605 b,255.7,1.403,1133.0,389.19,1.65,5300.0,4.385,2.0
Kepler-605 c,94.1,1.593,1278.0,630.43,0.96,5300.0,4.385,2.0
Kepler-185 c,561.7,2.8066,530.0,18.68,1.94,4979.0,4.538,2.0
Kepler-185 b,209.2,1.5599,1237.0,554.07,1.13,4979.0,4.538,2.0
Kepler-546 b,3680.7,2.8997,1258.0,590.84,7.31,5818.0,4.266,2.0
Kepler-151 b,1124.8,2.5967,639.0,39.4,3.0,5456.0,4.562,2.0
Kepler-151 c,650.6,3.2648,544.0,20.71,2.33,5456.0,4.562,2.0
Kepler-564 b,2397.9,1.9457,1129.0,383.77,4.61,5776.0,4.512,2.0
Kepler-163 c,630.5,4.184,648.0,41.65,3.2,5395.0,4.324,2.0
Kepler-163 b,126.7,3.231,906.0,159.24,1.36,5395.0,4.324,2.0
Kepler-565 b,1409.7,3.3603,1063.0,301.46,3.16,5873.0,4.554,2.0
Kepler-585 b,791.9,2.0722,1178.0,455.43,2.54,5461.0,4.499,2.0
Kepler-174 b,1018.4,2.958,553.0,22.1,2.09,4859.0,4.615,2.0
Kepler-174 c,599.6,5.1115,377.0,4.79,1.56,4859.0,4.615,2.0
Kepler-174 d,1291.8,8.677,212.0,0.48,2.29,4859.0,4.615,2.0
Kepler-462 c,505.1,7.0686,453.0,9.97,4.52,6688.0,4.062,2.0
Kepler-186 c,659.1,2.2691,464.0,10.93,1.14,3751.0,4.8,2.0
Kepler-186 d,799.7,2.7399,379.0,4.87,1.29,3751.0,4.8,2.0
Kepler-186 b,471.3,1.7574,571.0,25.26,0.97,3751.0,4.8,2.0
Kepler-186 e,661.3,3.2881,319.0,2.44,1.15,3751.0,4.8,2.0
Kepler-20 d,814.5,7.1786,397.0,5.87,2.59,5465.0,4.449,2.0
Kepler-152 b,1596.9,3.7965,551.0,21.86,3.08,5176.0,4.612,2.0
Kepler-1720 b,871.7,2.395,697.0,55.86,2.75,5573.0,4.562,2.0
Kepler-164 c,532.8,3.0937,881.0,142.23,2.84,5888.0,4.342,2.0
Kepler-164 d,471.6,3.6233,637.0,38.82,2.7,5888.0,4.342,2.0
Kepler-164 e,641.7,6.923,429.0,7.99,4.24,5888.0,4.342,2.0
Kepler-164 b,151.5,1.804,1141.0,401.23,1.63,5888.0,4.342,2.0
Kepler-175 b,633.0,4.297,827.0,110.54,2.56,6063.0,4.47,2.0
Kepler-19 b,691.7,3.3649,762.0,79.68,2.1,5546.0,4.575,2.0
Kepler-175 c,727.8,6.695,583.0,27.24,2.76,6063.0,4.47,2.0
Kepler-176 c,882.1,3.5889,633.0,37.95,2.58,4963.0,4.501,2.0
Kepler-176 b,328.2,2.4012,841.0,118.56,1.61,4963.0,4.501,2.0
Kepler-187 c,455.3,5.4381,963.0,203.48,2.87,6112.0,4.281,2.0
Kepler-187 b,123.5,4.388,1244.0,566.38,1.44,6112.0,4.281,2.0
Kepler-188 c,711.4,3.3129,1025.0,260.49,2.96,5622.0,4.346,2.0
Kepler-188 b,214.0,1.9743,1463.0,1082.28,1.63,5622.0,4.346,2.0
Kepler-189 c,1035.2,3.7962,544.0,20.66,2.98,4963.0,4.501,2.0
Kepler-152 c,1132.2,4.539,326.0,2.67,2.96,5176.0,4.612,2.0
Kepler-547 b,2652.1,2.1939,768.0,82.31,3.8,4882.0,4.558,2.0
Kepler-165 b,723.5,2.7546,716.0,62.21,2.1,5081.0,4.596,2.0
Kepler-165 c,864.9,3.0935,581.0,26.98,2.34,5081.0,4.596,2.0
Kepler-566 b,706.6,2.9264,526.0,18.05,2.24,4768.0,4.536,2.0
Kepler-223 d,781.8,6.1191,827.0,110.42,3.46,5814.0,4.269,2.0
Kepler-625 c,120.0,3.2935,1048.0,284.49,1.0,5604.0,4.52,2.0
Kepler-626 b,457.1,3.1365,784.0,89.16,2.88,5784.0,4.352,2.0
Kepler-627 b,429.9,7.074,685.0,52.05,3.2,6419.0,4.175,2.0
Kepler-628 b,4253.2,8.79536,871.0,136.4,9.11,5868.0,4.169,2.0
Kepler-644 b,303.0,3.6069,1655.0,1769.83,3.07,6432.0,4.164,2.0
Kepler-223 c,436.7,5.7471,947.0,189.82,2.68,5814.0,4.269,2.0
Kepler-223 e,577.9,7.202,751.0,75.23,3.57,5814.0,4.269,2.0
Kepler-104 d,609.2,7.4355,515.0,16.6,2.61,5979.0,4.394,2.0
Kepler-223 b,349.8,5.7351,1042.0,278.67,2.42,5814.0,4.269,2.0
Kepler-629 b,268.2,3.1199,816.0,104.51,1.34,5411.0,4.561,2.0
Kepler-630 b,828.2,10.572,343.0,3.27,3.25,5761.0,4.383,2.0
Kepler-1725 b,523.1,3.317,767.0,81.63,2.52,6020.0,4.389,2.0
Kepler-645 b,274.9,3.0427,1730.0,2121.23,3.54,6185.0,4.013,2.0
Kepler-646 b,415.6,3.5246,632.0,37.68,1.53,5656.0,4.607,2.0
Kepler-595 c,151.3,2.604,679.0,50.23,1.11,5121.0,4.457,2.0
Kepler-464 b,463.2,4.9402,1163.0,432.1,3.53,5858.0,4.112,2.0
Kepler-647 c,668.0,8.412,644.0,40.68,2.83,5956.0,4.322,2.0
Kepler-647 b,120.4,6.471,788.0,90.93,1.21,5956.0,4.322,2.0
Kepler-656 b,1130.7,1.8594,1569.0,1435.82,3.57,5550.0,4.5,2.0
Kepler-656 c,169.0,3.078,975.0,213.25,1.41,5550.0,4.5,2.0
Kepler-224 c,1608.1,2.8874,758.0,77.91,3.15,5016.0,4.641,2.0
Kepler-224 d,1249.8,3.1101,610.0,32.75,2.39,5016.0,4.641,2.0
Kepler-199 b,1102.2,5.018,595.0,29.65,2.9,5750.0,4.538,2.0
Kepler-199 c,1254.2,7.334,420.0,7.38,3.51,5750.0,4.538,2.0
Kepler-631 b,459.1,5.5828,828.0,111.12,2.89,6141.0,4.272,2.0
Kepler-632 b,655.3,2.9182,500.0,14.72,2.43,5324.0,4.544,2.0
Kepler-213 b,180.1,1.8113,1326.0,730.86,1.33,5736.0,4.467,2.0
Kepler-213 c,332.1,0.8752,1060.0,297.73,2.22,5736.0,4.467,2.0
Kepler-214 c,253.2,8.349,619.0,34.65,1.95,6000.0,4.45,2.0
Kepler-214 b,384.1,7.012,758.0,78.01,2.05,6000.0,4.45,2.0
Kepler-648 b,928.1,4.9974,674.0,48.91,3.11,5679.0,4.487,2.0
Kepler-224 b,435.2,2.2207,937.0,181.84,1.39,5016.0,4.641,2.0
Kepler-224 e,813.4,1.8491,517.0,16.91,2.14,5016.0,4.641,2.0
Kepler-657 b,1151.3,7.2518,616.0,34.07,3.08,5955.0,4.52,2.0
Kepler-466 b,736.8,6.3729,503.0,15.17,2.75,5833.0,4.407,2.0
Kepler-649 b,588.0,4.8475,564.0,23.92,2.16,5739.0,4.476,2.0
Kepler-650 b,488.6,3.8627,1507.0,1218.88,3.62,5827.0,4.151,2.0
Kepler-103 b,482.2,4.5837,872.0,136.42,3.33,5880.0,4.154,2.0
Kepler-225 c,1529.0,3.2906,412.0,6.79,2.33,4126.0,4.668,2.0
Kepler-225 b,601.3,2.813,579.0,26.64,1.44,4126.0,4.668,2.0
Kepler-29 b,1184.6,3.075,777.0,86.46,2.98,5730.0,4.545,2.0
Kepler-633 b,188.9,2.9569,1021.0,257.22,1.95,5877.0,4.233,2.0
Kepler-633 c,256.5,7.939,725.0,65.26,2.01,5877.0,4.233,2.0
Kepler-634 b,210.6,4.5122,1309.0,694.32,2.06,6011.0,4.123,2.0
Kepler-215 d,551.3,2.9557,527.0,18.22,2.23,5677.0,4.563,2.0
Kepler-215 b,236.5,3.2069,784.0,89.47,1.42,5677.0,4.563,2.0
Kepler-215 c,198.1,3.742,675.0,49.12,1.21,5677.0,4.563,2.0
Kepler-215 e,295.6,5.662,405.0,6.34,1.45,5677.0,4.563,2.0
Kepler-29 c,1039.6,3.2825,715.0,61.8,2.78,5730.0,4.545,2.0
Kepler-658 b,729.4,1.4942,871.0,135.97,1.39,3736.0,4.724,2.0
Kepler-659 b,918.6,3.4202,513.0,16.38,2.44,4869.0,4.636,2.0
Kepler-635 b,315.6,8.6567,802.0,97.94,2.71,6188.0,4.196,2.0
Kepler-1990 b,952.6,2.2741,1554.0,1372.87,3.27,5751.0,4.391,2.0
Kepler-1665 b,903.4,2.1433,906.0,159.04,5.15,5059.0,3.976,2.0
Kepler-636 b,3076.0,2.8701,614.0,33.64,4.43,5303.0,4.547,2.0
Kepler-62 d,943.2,2.9355,508.0,15.72,1.98,4926.0,4.653,2.0
Kepler-62 b,425.9,2.3572,747.0,73.38,1.33,4926.0,4.653,2.0
Kepler-62 e,711.1,7.123,269.0,1.24,1.72,4926.0,4.653,2.0
Kepler-103 c,1273.0,13.755,389.0,5.41,5.47,5880.0,4.154,2.0
Kepler-200 b,336.5,3.254,854.0,125.48,1.75,5675.0,4.459,2.0
Kepler-200 c,238.2,1.1939,806.0,99.68,1.72,5675.0,4.459,2.0
Kepler-201 b,387.1,5.9629,683.0,51.47,2.68,6034.0,4.359,2.0
Kepler-201 c,360.6,12.091,378.0,4.81,2.47,6034.0,4.359,2.0
Kepler-1726 b,680.2,2.7838,582.0,27.09,2.47,5316.0,4.57,2.0
Kepler-33 d,797.9,7.9588,853.0,125.14,4.76,5900.0,4.022,2.0
Kepler-33 f,541.4,9.8052,691.0,53.8,3.92,5900.0,4.022,2.0
Kepler-202 b,549.1,2.0396,802.0,97.72,1.53,4671.0,4.636,2.0
Kepler-1990 c,79.8,2.8349,1170.0,442.08,0.98,5751.0,4.391,2.0
Kepler-202 c,792.6,2.9227,505.0,15.37,1.88,4671.0,4.636,2.0
Kepler-203 b,503.7,1.9529,1308.0,692.32,2.61,5821.0,4.355,2.0
Kepler-33 e,444.5,8.8077,752.0,75.59,3.55,5900.0,4.022,2.0
Kepler-33 c,280.0,6.6677,1009.0,244.58,2.82,5900.0,4.022,2.0
Kepler-33 b,119.7,4.9064,1336.0,752.7,1.85,5900.0,4.022,2.0
Kepler-216 c,586.9,6.864,814.0,104.04,2.95,6086.0,4.274,2.0
Kepler-203 c,491.3,2.1121,1096.0,341.68,2.54,5821.0,4.355,2.0
Kepler-203 d,162.4,3.845,855.0,126.21,1.37,5821.0,4.355,2.0
Kepler-637 b,342.5,4.3243,1002.0,238.21,5.86,5460.0,3.626,2.0
Kepler-638 b,290.8,7.1228,1111.0,360.77,2.32,5460.0,4.139,2.0
Kepler-204 b,379.6,4.1682,828.0,111.24,2.71,5815.0,4.27,2.0
Kepler-216 b,295.1,5.0324,1069.0,308.61,2.12,6086.0,4.274,2.0
Kepler-651 b,663.9,4.0819,574.0,25.63,2.17,5376.0,4.516,2.0
Kepler-217 b,155.8,3.9567,1413.0,942.35,2.12,6167.0,4.037,2.0
Kepler-217 c,102.1,3.3443,1208.0,503.98,1.84,6167.0,4.037,2.0
Kepler-217 d,58.3,3.683,1574.0,1448.04,1.29,6167.0,4.037,2.0
Kepler-621 b,936.8,1.8289,737.0,69.56,1.77,3939.0,4.705,2.0
Kepler-204 c,166.5,4.459,683.0,51.48,1.78,5815.0,4.27,2.0
Kepler-639 b,303.8,5.8201,957.0,198.34,2.29,5843.0,4.25,2.0
Kepler-205 b,536.7,1.8559,757.0,77.57,1.37,4121.0,4.709,2.0
Kepler-1710 b,864.5,3.325,694.0,54.87,2.62,5650.0,4.5,2.0
Kepler-205 c,715.4,2.8014,389.0,5.4,1.58,4121.0,4.709,2.0
Kepler-218 c,837.7,6.2289,500.0,14.81,3.05,5497.0,4.394,2.0
Kepler-218 b,206.6,3.0504,1156.0,422.53,1.47,5497.0,4.394,2.0
Kepler-218 d,689.9,9.654,356.0,3.78,2.69,5497.0,4.394,2.0
Kepler-622 b,983.2,2.6588,446.0,9.38,1.82,4102.0,4.675,2.0
Kepler-89 b,126.3,3.6888,1423.0,971.76,1.5,6181.0,4.234,2.0
Kepler-206 c,212.8,4.8655,825.0,109.68,1.85,5762.0,4.314,2.0
Kepler-206 b,106.9,3.947,983.0,220.8,1.32,5762.0,4.314,2.0
Kepler-206 d,85.0,5.768,681.0,50.72,1.29,5762.0,4.314,2.0
Kepler-207 d,436.5,4.1246,1254.0,584.32,3.6,5918.0,4.127,2.0
Kepler-207 b,101.1,3.0792,1930.0,3267.98,1.72,5918.0,4.127,2.0
Kepler-465 b,520.2,3.9092,996.0,233.04,2.87,6215.0,4.305,2.0
Kepler-652 b,847.4,2.2209,974.0,213.29,2.46,5328.0,4.551,2.0
Kepler-653 b,262.0,3.1506,819.0,106.22,2.04,5676.0,4.247,2.0
Kepler-196 b,616.1,3.1505,536.0,19.47,2.11,5132.0,4.571,2.0
Kepler-196 c,820.4,5.2679,407.0,6.46,2.33,5132.0,4.571,2.0
Kepler-434 b,3860.7,2.2491,926.0,173.5,11.26,5963.0,4.218,2.0
Kepler-207 c,86.0,4.0935,1556.0,1389.97,1.65,5918.0,4.127,2.0
Kepler-640 b,613.7,4.1483,609.0,32.58,2.72,5629.0,4.503,2.0
Kepler-94 b,1507.6,1.1134,997.0,234.06,3.25,4780.0,4.597,2.0
Kepler-653 c,41.4,1.257,2078.0,4399.18,0.82,5676.0,4.247,2.0
Kepler-219 b,383.5,3.4437,1307.0,688.54,3.29,5788.0,4.16,2.0
Kepler-219 c,575.1,6.0875,766.0,81.57,4.01,5788.0,4.16,2.0
Kepler-219 d,379.3,6.191,598.0,30.17,3.55,5788.0,4.16,2.0
Kepler-220 c,577.6,1.5501,586.0,27.87,1.8,4499.0,4.635,2.0
Kepler-623 b,1026.2,2.6903,825.0,109.61,2.94,5672.0,4.506,2.0
Kepler-51 b,6208.7,5.7845,523.0,17.68,7.65,6046.0,4.486,2.0
Kepler-641 b,262.2,3.587,926.0,173.79,2.16,5672.0,4.279,2.0
Kepler-208 b,150.0,3.3275,1379.0,854.59,1.83,5966.0,4.169,2.0
Kepler-208 c,120.9,3.87,1141.0,401.08,1.65,5966.0,4.169,2.0
Kepler-208 e,129.5,3.854,880.0,142.1,1.72,5966.0,4.169,2.0
Kepler-208 d,95.5,4.051,999.0,235.55,1.47,5966.0,4.169,2.0
Kepler-220 d,194.3,4.174,401.0,6.13,0.9,4499.0,4.635,2.0
Kepler-104 b,500.9,4.6074,852.0,124.31,2.35,5979.0,4.394,2.0
Kepler-220 e,361.8,5.0041,341.0,3.19,1.18,4499.0,4.635,2.0
Kepler-220 b,160.3,1.6261,759.0,78.4,0.86,4499.0,4.635,2.0
Kepler-221 c,1384.3,2.557,860.0,129.31,3.1,5244.0,4.538,2.0
Kepler-7 b,7458.4,5.16165,1496.0,1182.79,16.66,6036.0,3.968,2.0
Kepler-51 d,11571.0,8.4534,367.0,4.31,10.44,6046.0,4.486,2.0
Kepler-51 c,1902.6,2.7441,423.0,7.57,6.34,6046.0,4.486,2.0
Kepler-197 c,119.0,4.4859,930.0,177.25,1.44,6003.0,4.303,2.0
Kepler-209 b,612.5,3.095,668.0,47.17,2.56,5506.0,4.473,2.0
Kepler-209 c,1055.4,5.6098,486.0,13.22,2.94,5506.0,4.473,2.0
Kepler-642 b,291.0,2.965,1810.0,2536.07,3.95,6570.0,3.86,2.0
Kepler-463 b,1059.3,1.8478,880.0,141.77,3.14,5666.0,4.362,2.0
Kepler-643 b,1718.4,9.3599,963.0,203.31,10.47,4877.0,3.645,2.0
Kepler-221 d,1114.0,2.6577,712.0,60.74,2.97,5244.0,4.538,2.0
Kepler-221 e,1143.3,2.939,582.0,27.14,3.58,5244.0,4.538,2.0
Kepler-221 b,383.7,2.056,1090.0,333.31,1.66,5244.0,4.538,2.0
Kepler-654 b,281.8,6.9758,831.0,112.82,2.13,5817.0,4.293,2.0
Kepler-655 b,469.1,7.0281,588.0,28.23,2.66,6086.0,4.276,2.0
Kepler-197 d,115.5,5.5082,810.0,101.79,1.42,6003.0,4.303,2.0
Kepler-197 b,84.8,3.8944,1142.0,402.39,1.22,6003.0,4.303,2.0
Kepler-197 e,62.1,6.553,691.0,54.06,0.95,6003.0,4.303,2.0
Kepler-198 b,871.4,4.4116,655.0,43.5,2.7,5569.0,4.474,2.0
Kepler-198 c,730.0,4.002,465.0,11.09,2.91,5569.0,4.474,2.0
Kepler-14 b,2302.3,6.0437,1434.0,998.97,9.86,6372.0,3.954,2.0
Kepler-210 c,3139.0,2.9754,497.0,14.45,3.22,3912.0,4.728,2.0
Kepler-210 b,1723.2,1.6691,737.0,69.36,2.26,3912.0,4.728,2.0
Kepler-211 c,241.0,1.98,841.0,118.56,1.3,5297.0,4.578,2.0
Kepler-211 b,256.5,2.281,954.0,196.51,1.3,5297.0,4.578,2.0
Kepler-222 b,1266.0,1.887,1004.0,240.16,3.36,5431.0,4.563,2.0
Kepler-222 d,1840.3,4.5288,522.0,17.52,3.63,5431.0,4.563,2.0
Kepler-104 c,449.4,5.8297,668.0,47.11,2.32,5979.0,4.394,2.0
Kepler-222 c,1995.9,1.7726,734.0,68.62,4.71,5431.0,4.563,2.0
Kepler-198 d,245.1,1.7876,1562.0,1410.6,1.43,5569.0,4.474,2.0
Kepler-624 b,378.7,4.0249,852.0,124.89,2.45,6063.0,4.29,2.0
Kepler-625 b,407.3,3.5413,852.0,124.47,1.89,5604.0,4.52,2.0
Kepler-212 c,360.6,8.699,664.0,45.9,2.99,5867.0,4.235,2.0
Kepler-212 b,47.0,6.375,830.0,112.41,0.92,5867.0,4.235,2.0
Kepler-435 b,4510.2,9.0015,1703.0,1986.75,26.52,6093.0,3.475,2.0
Kepler-1936 b,366.4,8.079,524.0,17.85,4.59,6501.0,4.054,2.0
Kepler-379 b,157.8,5.207,775.0,85.34,1.58,6053.0,4.279,2.0
Kepler-1937 b,655.5,2.0,1014.0,250.25,3.09,6457.0,4.358,2.0
Kepler-1546 b,1014.1,4.508,671.0,47.9,3.78,5569.0,4.368,2.0
Kepler-1938 b,464.3,3.244,527.0,18.25,1.36,4522.0,4.615,2.0
Kepler-1557 b,165.6,2.394,1287.0,646.81,1.38,6260.0,4.433,2.0
Kepler-1547 b,61.0,1.1366,3186.0,24240.83,2.24,6105.0,3.805,2.0
Kepler-1178 b,141.7,3.979,378.0,4.84,0.63,4729.0,4.726,2.0
Kepler-1558 b,90.7,1.9464,1019.0,254.49,0.8,5115.0,4.477,2.0
Kepler-1548 b,647.5,6.479,350.0,3.56,2.57,5349.0,4.353,2.0
Kepler-1941 b,264.9,6.071,666.0,46.53,1.99,6404.0,4.393,2.0
Kepler-1549 b,759.2,9.581,286.0,1.59,2.68,5323.0,4.378,2.0
Kepler-1943 b,64.5,5.676,1098.0,344.04,1.1,6032.0,4.485,2.0
Kepler-1982 b,47.2,2.388,1282.0,638.38,0.77,6202.0,4.422,2.0
Kepler-1154 c,258.7,2.998,1117.0,367.05,2.52,6172.0,4.198,2.0
Kepler-440 b,878.1,8.029,229.0,0.65,1.61,4133.0,4.705,2.0
Kepler-1944 b,626.4,1.6018,801.0,97.62,2.41,5585.0,4.49,2.0
Kepler-154 c,859.3,7.509,454.0,10.05,3.05,5688.0,4.415,2.0
Kepler-368 c,366.4,8.279,575.0,25.83,4.21,5508.0,3.897,2.0
Kepler-1550 b,754.9,11.166,348.0,3.48,3.71,5929.0,4.243,2.0
Kepler-1551 b,449.1,5.43,722.0,64.25,2.74,6392.0,4.399,2.0
Kepler-1942 b,346.9,0.643,1012.0,247.34,1.65,5834.0,4.566,2.0
Kepler-1181 c,135.9,2.579,1124.0,377.25,1.83,6688.0,4.304,2.0
Kepler-1541 b,167.1,1.866,1048.0,285.67,1.95,5365.0,4.02,2.0
Kepler-1814 c,433.1,1.1812,1711.0,2011.27,1.76,4922.0,4.505,2.0
Kepler-1939 b,202.0,0.6871,816.0,104.74,0.99,4353.0,4.681,2.0
Kepler-1559 b,73.7,1.6023,1609.0,1591.27,0.79,5196.0,4.458,2.0
Kepler-1560 b,81.5,1.723,1269.0,614.2,0.9,5755.0,4.402,2.0
Kepler-1940 b,309.5,1.719,885.0,145.23,1.28,5431.0,4.623,2.0
Kepler-1561 b,97.5,1.63,1682.0,1893.23,0.85,5718.0,4.549,2.0
Kepler-1542 b,60.9,2.566,1160.0,427.07,0.83,5574.0,4.354,2.0
Kepler-1542 c,44.3,2.521,1287.0,647.55,0.7,5574.0,4.354,2.0
Kepler-1552 b,951.4,9.568,268.0,1.21,2.41,5273.0,4.566,2.0
Kepler-1162 c,424.4,5.42,401.0,6.14,1.81,5225.0,4.505,2.0
Kepler-1543 b,213.7,3.73,1774.0,2341.58,6.14,6303.0,3.595,2.0
Kepler-1544 b,614.4,6.582,241.0,0.8,1.69,4798.0,4.62,2.0
Kepler-371 c,321.8,7.948,443.0,9.09,1.71,5670.0,4.387,2.0
Kepler-372 d,242.6,6.654,660.0,44.79,2.25,6056.0,4.332,2.0
Kepler-154 f,186.7,4.326,838.0,116.43,1.32,5688.0,4.415,2.0
Kepler-1165 b,184.6,6.154,946.0,189.14,1.47,6249.0,4.428,2.0
Kepler-1553 b,187.6,2.582,926.0,174.24,1.1,5072.0,4.521,2.0
Kepler-1545 b,1138.0,6.853,274.0,1.34,2.75,4999.0,4.49,2.0
Kepler-1554 b,1027.7,7.955,288.0,1.63,3.24,5275.0,4.397,2.0
Kepler-1934 b,60.9,1.429,1700.0,1968.38,0.85,5925.0,4.394,2.0
Kepler-1701 b,640.7,8.931,273.0,1.31,2.21,5171.0,4.545,2.0
Kepler-1935 b,405.7,1.0582,1083.0,324.78,23.51,5570.0,4.458,2.0
Kepler-372 b,139.2,4.919,1081.0,322.19,1.83,6056.0,4.332,2.0
Kepler-378 c,99.0,3.099,414.0,6.94,0.79,4657.0,4.641,2.0
Kepler-1555 b,209.9,4.459,959.0,199.74,1.45,6201.0,4.472,2.0
Kepler-1556 b,368.6,2.019,797.0,95.25,1.67,5550.0,4.539,2.0
Kepler-1952 b,99.4,10.515,725.0,65.27,1.73,5973.0,4.171,2.0
Kepler-1955 b,66.3,3.601,853.0,125.45,1.06,5825.0,4.237,2.0
Kepler-1602 b,90.6,3.103,1159.0,426.61,1.81,6292.0,4.014,2.0
Kepler-1580 b,104.6,16.551,733.0,68.37,2.44,6237.0,3.862,2.0
Kepler-1592 b,144.0,3.571,1202.0,493.09,0.99,6021.0,4.57,2.0
Kepler-1569 b,118.5,3.474,1222.0,528.14,1.69,6174.0,4.244,2.0
Kepler-186 f,500.1,5.786,177.0,0.23,1.18,3751.0,4.8,2.0
Kepler-1570 b,142.0,7.968,836.0,115.61,2.54,5456.0,3.802,2.0
Kepler-1581 b,35.7,4.291,1108.0,356.49,0.73,5888.0,4.275,2.0
Kepler-1593 b,1530.0,6.689,186.0,0.28,1.74,4367.0,4.822,2.0
Kepler-1603 b,82.4,4.054,1522.0,1269.46,0.97,6274.0,4.434,2.0
Kepler-436 b,1112.5,4.724,322.0,2.55,2.48,4652.0,4.617,2.0
Kepler-1582 b,1544.0,1.096,354.0,3.7,0.79,3187.0,5.091,2.0
Kepler-1583 b,45.2,3.991,788.0,91.02,0.59,5525.0,4.514,2.0
Kepler-1594 b,98.5,1.744,1360.0,807.43,1.05,6011.0,4.452,2.0
Kepler-1571 b,121.9,1.879,1476.0,1122.9,1.63,5718.0,4.069,2.0
Kepler-1584 b,167.3,3.534,886.0,145.65,1.51,6401.0,4.389,2.0
Kepler-1595 b,201.8,2.271,980.0,218.18,1.22,5408.0,4.496,2.0
Kepler-1604 b,285.6,1.1554,2023.0,3991.16,1.72,5016.0,4.601,2.0
Kepler-1572 b,85.8,2.461,1293.0,661.04,1.3,6157.0,4.159,2.0
Kepler-391 c,89.5,10.229,1015.0,251.16,3.6,4938.0,3.45,2.0
Kepler-1585 b,360.5,1.523,1064.0,302.74,1.64,5448.0,4.517,2.0
Kepler-1586 b,73.4,4.543,1013.0,248.62,1.57,6254.0,4.019,2.0
Kepler-386 b,263.7,3.797,651.0,42.42,1.51,5009.0,4.491,2.0
Kepler-1573 b,120.4,2.777,1379.0,851.6,1.06,6088.0,4.446,2.0
Kepler-1574 b,160.8,3.491,1003.0,239.39,1.34,6108.0,4.466,2.0
Kepler-1587 b,79.5,4.882,981.0,219.36,1.14,5855.0,4.24,2.0
Kepler-1596 b,415.0,8.559,471.0,11.59,1.99,6143.0,4.47,2.0
Kepler-403 d,95.5,7.617,958.0,198.73,1.46,6170.0,4.192,2.0
Kepler-1953 b,212.0,2.459,731.0,67.62,1.06,4858.0,4.622,2.0
Kepler-196 d,799.9,4.054,297.0,1.83,2.92,5132.0,4.571,2.0
Kepler-1956 b,301.0,1.847,674.0,48.82,1.14,4391.0,4.598,2.0
Kepler-1605 b,159.1,5.695,528.0,18.44,2.99,5037.0,3.783,2.0
Kepler-1957 b,122.3,1.585,1099.0,345.07,0.98,4904.0,4.535,2.0
Kepler-1575 b,185.3,1.849,1312.0,699.7,1.25,5970.0,4.521,2.0
Kepler-1245 c,279.6,1.8952,1190.0,473.18,1.77,5455.0,4.421,2.0
Kepler-1950 b,185.6,2.616,752.0,75.83,1.15,5455.0,4.457,2.0
Kepler-1588 b,68.2,3.747,925.0,172.98,0.81,5678.0,4.365,2.0
Kepler-1597 b,57.0,3.155,1497.0,1187.5,0.89,6481.0,4.378,2.0
Kepler-1576 b,90.7,2.724,1059.0,297.15,1.19,5839.0,4.279,2.0
Kepler-1598 b,73.3,2.598,1236.0,552.7,0.94,6164.0,4.378,2.0
Kepler-1599 b,352.8,10.768,407.0,6.46,2.15,5998.0,4.324,2.0
Kepler-1600 c,370.5,3.024,786.0,90.04,1.6,5119.0,4.508,2.0
Kepler-1702 b,421.1,3.179,555.0,22.4,1.62,5242.0,4.613,2.0
Kepler-1254 c,296.3,1.938,927.0,174.45,1.36,4838.0,4.524,2.0
Kepler-1948 b,173.5,2.294,399.0,5.98,0.72,3872.0,4.714,2.0
Kepler-1859 c,149.6,2.661,1327.0,732.82,1.66,5887.0,4.292,2.0
Kepler-1951 b,98.2,8.798,728.0,66.27,1.27,5468.0,4.171,2.0
Kepler-430 c,150.2,11.312,463.0,10.84,1.86,5883.0,4.149,2.0
Kepler-1945 b,184.0,1.308,808.0,100.72,1.07,4991.0,4.513,2.0
Kepler-1946 b,696.9,0.6182,1143.0,403.53,3.59,5505.0,4.503,2.0
Kepler-1577 b,193.1,2.619,1125.0,378.9,2.52,4934.0,3.927,2.0
Kepler-1589 b,77.3,2.215,2102.0,4614.18,1.19,6117.0,4.315,2.0
Kepler-1947 b,68.1,3.192,1298.0,669.78,1.4,6040.0,3.978,2.0
Kepler-1562 b,1213.9,12.136,554.0,22.31,5.38,6341.0,4.278,2.0
Kepler-1563 b,63.2,4.001,1134.0,390.57,0.75,5757.0,4.536,2.0
Kepler-1578 b,135.7,1.753,1700.0,1970.75,1.21,6046.0,4.423,2.0
Kepler-1254 d,310.9,2.23,794.0,93.96,1.4,4838.0,4.524,2.0
Kepler-446 c,1820.5,0.9324,520.0,17.31,1.4,3464.0,4.923,2.0
Kepler-1564 b,283.1,4.587,635.0,38.57,1.51,5505.0,4.501,2.0
Kepler-1565 b,277.2,1.683,1234.0,547.92,1.29,5107.0,4.615,2.0
Kepler-1590 b,85.4,3.545,1020.0,255.32,1.0,6202.0,4.401,2.0
Kepler-1601 b,59.8,2.392,1507.0,1217.79,0.84,5991.0,4.375,2.0
Kepler-1954 b,217.7,2.556,949.0,192.09,1.27,5840.0,4.553,2.0
Kepler-1566 b,97.0,1.1466,1871.0,2901.68,0.82,5102.0,4.502,2.0
Kepler-1949 b,87.9,2.841,1709.0,2016.25,1.36,6028.0,4.189,2.0
Kepler-1579 b,124.3,1.141,1139.0,396.64,0.59,4296.0,4.733,2.0
Kepler-1993 b,163.4,4.954,903.0,157.45,4.15,5159.0,3.604,2.0
Kepler-1591 b,97.6,4.673,892.0,149.41,0.93,5984.0,4.521,2.0
Kepler-392 c,71.2,2.341,901.0,155.7,1.07,5767.0,4.287,2.0
Kepler-1567 b,792.5,9.028,330.0,2.82,2.53,5858.0,4.502,2.0
Kepler-385 d,480.1,8.075,535.0,19.37,2.9,6325.0,4.409,2.0
Kepler-1568 b,109.0,6.783,729.0,66.95,1.26,5821.0,4.283,2.0
Kepler-390 c,106.8,2.851,630.0,37.3,0.8,5168.0,4.566,2.0
Kepler-1617 b,83.2,7.5,736.0,69.3,1.52,5432.0,3.993,2.0
Kepler-1653 b,567.7,6.576,271.0,1.28,1.84,4821.0,4.529,2.0
Kepler-441 b,809.2,6.159,189.0,0.3,1.56,4339.0,4.711,2.0
Kepler-1911 b,69.9,1.699,987.0,223.93,1.03,5721.0,4.442,2.0
Kepler-1964 b,509.5,0.968,986.0,223.8,21.29,4803.0,4.623,2.0
Kepler-1619 b,57.0,6.852,797.0,95.35,1.07,6144.0,4.149,2.0
Kepler-1960 b,83.2,2.84,1547.0,1352.14,0.98,6371.0,4.426,2.0
Kepler-444 c,76.5,1.756,868.0,134.21,0.65,5051.0,4.562,2.0
Kepler-1609 b,239.8,14.077,429.0,8.02,2.09,5802.0,4.218,2.0
Kepler-1613 b,196.8,2.842,1926.0,3261.65,1.85,6302.0,4.259,2.0
Kepler-1620 b,152.5,5.991,428.0,7.92,1.31,6210.0,4.407,2.0
Kepler-62 c,78.4,3.572,576.0,26.03,0.57,4926.0,4.653,2.0
Kepler-1614 b,309.4,2.705,981.0,218.91,1.4,5376.0,4.576,2.0
Kepler-444 d,83.2,2.3316,783.0,88.79,0.65,5051.0,4.562,2.0
Kepler-1610 b,304.1,3.048,750.0,74.58,1.37,5295.0,4.548,2.0
Kepler-1615 b,217.4,11.444,658.0,44.26,3.71,5749.0,4.002,2.0
Kepler-1618 b,61.1,3.493,1267.0,608.39,1.06,6720.0,4.316,2.0
Kepler-1972 b,22.2,4.0329,1084.0,326.67,0.68,5788.0,4.178,2.0
Kepler-1967 b,111.6,1.723,1086.0,329.68,2.59,4970.0,3.924,2.0
Kepler-1610 c,617.8,4.164,433.0,8.34,2.09,5295.0,4.548,2.0
Kepler-444 e,77.8,2.7878,727.0,65.88,0.62,5051.0,4.562,2.0
Kepler-1961 b,210.0,2.885,866.0,132.98,1.11,5401.0,4.593,2.0
Kepler-1611 b,78.7,5.261,1243.0,565.42,1.31,5578.0,4.088,2.0
Kepler-1612 b,116.5,2.549,1030.0,266.81,0.94,5500.0,4.547,2.0
Kepler-444 f,121.4,1.6993,673.0,48.52,0.95,5051.0,4.562,2.0
Kepler-1616 b,50.9,6.204,1337.0,754.37,1.21,6547.0,4.122,2.0
Kepler-1965 b,150.7,5.783,492.0,13.89,1.25,5852.0,4.559,2.0
Kepler-1966 b,154.9,2.713,733.0,68.28,1.01,5009.0,4.491,2.0
Kepler-1606 b,631.9,8.556,292.0,1.72,2.33,5462.0,4.452,2.0
Kepler-1962 b,145.0,3.639,901.0,155.95,1.53,5700.0,4.434,2.0
Kepler-1607 b,75.0,8.331,913.0,164.06,1.25,5771.0,4.106,2.0
Kepler-1608 b,470.5,4.201,612.0,33.22,1.63,5364.0,4.529,2.0
Kepler-1963 b,68.3,1.45,1448.0,1038.36,0.81,5726.0,4.418,2.0
Kepler-444 b,50.2,2.396,938.0,182.81,0.5,5051.0,4.562,2.0
Kepler-1958 b,354.4,1.572,806.0,99.6,1.62,5749.0,4.547,2.0
Kepler-1959 b,223.7,1.201,811.0,102.25,1.19,5071.0,4.505,2.0
Kepler-1459 b,341.7,6.842,349.0,3.51,1.96,4762.0,4.535,2.0
Kepler-1460 b,893.2,2.6,391.0,5.55,2.24,4463.0,4.623,2.0
Kepler-274 b,292.3,5.466,961.0,201.96,2.61,5570.0,4.066,2.0
Kepler-1622 b,76.8,2.627,922.0,170.74,1.24,6025.0,4.331,2.0
Kepler-1461 b,659.2,4.313,451.0,9.81,2.02,4987.0,4.613,2.0
Kepler-1988 b,51.4,7.602,1105.0,351.79,1.53,6033.0,3.985,2.0
Kepler-1462 b,983.9,7.298,390.0,5.48,2.52,5436.0,4.573,2.0
Kepler-1463 b,358.1,5.198,619.0,34.7,1.76,5973.0,4.506,2.0
Kepler-1464 b,262.0,8.093,564.0,23.96,1.5,5638.0,4.391,2.0
Kepler-1705 b,191.6,5.92,789.0,91.74,1.07,5775.0,4.59,2.0
Kepler-1912 b,154.2,1.365,976.0,214.55,1.21,5734.0,4.462,2.0
Kepler-450 d,36.3,4.865,1199.0,488.52,0.96,6206.0,4.159,2.0
Kepler-274 c,336.7,4.709,678.0,49.9,3.21,5570.0,4.066,2.0
Kepler-1464 c,87.2,4.696,1023.0,259.32,0.86,5638.0,4.391,2.0
Kepler-1465 b,520.0,1.639,668.0,47.21,4.98,4774.0,3.838,2.0
Kepler-1971 b,183.1,0.855,746.0,73.09,0.42,3396.0,4.991,2.0
Kepler-1443 b,46.8,2.144,1602.0,1555.96,0.85,6258.0,4.307,2.0
Kepler-1444 b,436.6,5.307,581.0,27.02,2.46,5731.0,4.372,2.0
Kepler-1466 b,200.2,3.79,585.0,27.62,1.31,6086.0,4.511,2.0
Kepler-1467 b,1531.2,5.2232,411.0,6.72,2.84,5288.0,4.613,2.0
Kepler-1445 b,60.9,4.509,987.0,224.28,1.09,6035.0,4.212,2.0
Kepler-1469 b,871.0,3.542,551.0,21.77,2.37,5383.0,4.587,2.0
Kepler-296 f,983.0,3.651,202.0,0.39,1.18,3526.0,4.866,2.0
Kepler-1446 b,122.9,1.1688,1539.0,1336.82,0.78,4872.0,4.615,2.0
Kepler-1915 b,818.0,4.961,809.0,101.05,3.78,6020.0,4.403,2.0
Kepler-1468 d,297.0,6.745,819.0,106.48,2.64,5794.0,4.118,2.0
Kepler-1468 b,251.0,5.619,1093.0,338.17,2.35,5794.0,4.118,2.0
Kepler-437 b,536.9,5.744,308.0,2.14,1.56,4550.0,4.627,2.0
Kepler-1468 c,119.2,4.143,1448.0,1039.47,1.62,5794.0,4.118,2.0
Kepler-271 d,61.9,2.746,954.0,195.3,0.67,5528.0,4.499,2.0
Kepler-1447 b,883.1,5.516,522.0,17.59,4.01,5541.0,4.189,2.0
Kepler-1470 b,197.9,3.678,574.0,25.59,1.15,4915.0,4.512,2.0
Kepler-1448 b,295.5,3.002,811.0,102.25,1.67,6075.0,4.486,2.0
Kepler-1449 b,229.8,6.356,867.0,133.34,1.94,6269.0,4.405,2.0
Kepler-1968 b,333.8,2.716,744.0,72.16,1.4,5008.0,4.572,2.0
Kepler-1623 b,189.2,2.174,1000.0,236.01,1.2,5520.0,4.544,2.0
Kepler-1450 b,622.2,5.125,308.0,2.13,1.94,4406.0,4.67,2.0
Kepler-1913 b,196.2,3.605,818.0,105.7,1.66,6214.0,4.442,2.0
Kepler-1986 b,523.8,1.78,579.0,26.62,1.89,5549.0,4.6,2.0
Kepler-1451 b,651.1,4.845,523.0,17.67,2.24,5799.0,4.539,2.0
Kepler-442 b,502.1,5.869,241.0,0.79,1.3,4401.0,4.677,2.0
Kepler-1452 b,160.6,5.227,810.0,101.56,3.19,6049.0,3.8,2.0
Kepler-443 b,901.4,9.298,233.0,0.7,2.32,4721.0,4.615,2.0
Kepler-1621 b,296.9,8.605,469.0,11.42,2.22,6084.0,4.287,2.0
Kepler-1969 b,289.3,1.961,999.0,235.89,1.72,6046.0,4.478,2.0
Kepler-1442 b,762.3,14.175,522.0,17.53,4.63,6352.0,4.267,2.0
Kepler-1914 b,641.3,4.214,585.0,27.66,2.42,5982.0,4.493,2.0
Kepler-1453 b,723.2,4.003,503.0,15.07,2.58,5936.0,4.501,2.0
Kepler-1455 b,1132.9,3.787,271.0,1.28,1.75,3899.0,4.713,2.0
Kepler-438 b,352.8,3.674,288.0,1.62,0.97,3749.0,4.743,2.0
Kepler-1456 b,310.8,3.844,433.0,8.31,1.41,4257.0,4.648,2.0
Kepler-1457 b,330.0,7.712,478.0,12.38,1.6,5968.0,4.534,2.0
Kepler-1458 b,859.3,5.342,493.0,14.01,3.35,5641.0,4.408,2.0
Kepler-1703 b,71.7,3.69,676.0,49.23,0.79,6355.0,4.547,2.0
Kepler-328 b,500.0,7.343,602.0,31.13,2.39,6194.0,4.445,2.0
Kepler-1480 b,418.2,4.472,721.0,63.98,3.94,5312.0,4.103,2.0
Kepler-1499 b,235.6,4.949,409.0,6.59,1.14,5002.0,4.543,2.0
Kepler-1500 b,132.2,6.326,928.0,175.74,2.18,5849.0,4.076,2.0
Kepler-1481 b,250.0,2.169,797.0,95.34,1.23,4891.0,4.516,2.0
Kepler-1997 b,455.3,5.858,660.0,44.86,2.28,6215.0,4.44,2.0
Kepler-1501 b,103.8,4.554,787.0,90.4,1.08,6065.0,4.452,2.0
Kepler-1502 b,330.0,8.567,608.0,32.24,2.19,6434.0,4.394,2.0
Kepler-1980 b,507.1,6.032,564.0,23.95,2.21,5819.0,4.468,2.0
Kepler-990 c,190.2,1.5045,2386.0,7609.22,1.67,5539.0,4.244,2.0
Kepler-1483 b,97.9,4.372,1131.0,386.61,1.65,6144.0,4.106,2.0
Kepler-1918 b,762.0,4.807,497.0,14.43,2.57,5889.0,4.492,2.0
Kepler-1503 b,894.5,7.496,321.0,2.52,2.07,5340.0,4.633,2.0
Kepler-1504 b,737.0,15.404,485.0,13.05,4.47,5602.0,4.13,2.0
Kepler-320 c,142.7,6.25,1002.0,238.78,2.8,6426.0,4.013,2.0
Kepler-1484 b,472.1,6.896,624.0,35.92,2.6,6283.0,4.472,2.0
Kepler-1919 b,672.2,5.218,479.0,12.46,2.09,5513.0,4.551,2.0
Kepler-312 b,79.2,2.4592,1685.0,1904.34,1.02,6243.0,4.406,2.0
Kepler-1485 b,143.2,6.191,728.0,66.31,1.41,6047.0,4.387,2.0
Kepler-1505 b,128.9,4.216,525.0,17.96,1.08,5627.0,4.552,2.0
Kepler-320 b,98.0,5.252,1292.0,659.25,2.39,6426.0,4.013,2.0
Kepler-332 c,221.7,3.471,550.0,21.54,1.04,4955.0,4.61,2.0
Kepler-1506 b,210.9,6.684,783.0,88.83,1.45,6063.0,4.47,2.0
Kepler-1922 b,261.7,4.337,740.0,71.11,1.75,5931.0,4.545,2.0
Kepler-143 b,277.6,1.267,838.0,116.46,2.99,5857.0,4.204,2.0
Kepler-1486 b,432.5,7.962,538.0,19.86,2.64,5751.0,4.234,2.0
Kepler-920 c,1778.8,8.39,364.0,4.16,4.35,5301.0,4.391,2.0
Kepler-1507 b,94.4,3.171,630.0,37.12,0.81,5428.0,4.563,2.0
Kepler-1487 b,166.8,4.881,1682.0,1891.07,5.05,5745.0,3.499,2.0
Kepler-1487 c,417.4,8.219,991.0,227.68,7.97,5745.0,3.499,2.0
Kepler-1508 b,115.9,9.678,967.0,206.73,3.22,5668.0,3.792,2.0
Kepler-411 d,1286.6,5.348,354.0,3.7,3.46,4920.0,4.62,2.0
Kepler-1984 b,314.8,2.066,675.0,48.82,6.81,3638.0,4.844,2.0
Kepler-1488 b,199.1,10.757,650.0,42.32,2.23,5710.0,4.073,2.0
Kepler-1509 b,302.0,6.514,667.0,46.8,2.0,5806.0,4.321,2.0
Kepler-1923 b,203.7,8.202,553.0,22.13,1.83,5881.0,4.259,2.0
Kepler-967 c,2094.8,8.638,258.0,1.05,3.56,5180.0,4.548,2.0
Kepler-1916 b,438.0,5.662,635.0,38.54,2.29,6246.0,4.433,2.0
Kepler-132 e,145.3,4.427,414.0,6.96,1.41,5931.0,4.322,2.0
Kepler-880 c,88.1,4.472,1407.0,926.72,2.87,6900.0,3.843,2.0
Kepler-1488 c,57.7,6.329,1212.0,510.35,1.2,5710.0,4.073,2.0
Kepler-1489 b,371.1,7.048,400.0,6.07,1.82,5626.0,4.467,2.0
Kepler-1490 b,955.2,6.432,348.0,3.46,2.89,5595.0,4.606,2.0
Kepler-968 d,1175.0,1.4346,583.0,27.35,2.58,4402.0,4.682,2.0
Kepler-1491 b,231.3,7.043,821.0,107.25,2.09,5626.0,4.149,2.0
Kepler-1492 b,338.3,3.174,801.0,97.43,3.65,4807.0,3.906,2.0
Kepler-1924 b,179.2,5.467,821.0,107.44,1.91,5726.0,4.228,2.0
Kepler-1510 b,655.7,10.393,537.0,19.59,4.17,6085.0,4.115,2.0
Kepler-1471 c,267.6,3.409,841.0,118.5,1.88,5533.0,4.275,2.0
Kepler-1493 b,96.9,5.068,874.0,137.91,1.77,5831.0,4.162,2.0
Kepler-1494 b,738.6,10.304,415.0,7.02,3.26,5915.0,4.437,2.0
Kepler-1495 b,767.8,13.31,443.0,9.1,3.85,5922.0,4.349,2.0
Kepler-968 c,586.7,1.622,644.0,40.66,1.51,4402.0,4.682,2.0
Kepler-1471 b,209.6,2.252,1238.0,555.71,1.68,5533.0,4.275,2.0
Kepler-1472 b,180.4,6.53,613.0,33.43,1.54,6370.0,4.41,2.0
Kepler-1473 b,117.0,4.857,783.0,88.9,1.53,5929.0,4.403,2.0
Kepler-1917 b,354.4,2.446,675.0,48.99,1.49,5530.0,4.586,2.0
Kepler-1474 b,406.8,4.388,561.0,23.35,2.2,5566.0,4.329,2.0
Kepler-315 c,1040.7,10.28,291.0,1.7,4.2,5792.0,4.375,2.0
Kepler-1925 b,345.5,7.259,531.0,18.74,2.03,5856.0,4.386,2.0
Kepler-1475 b,546.4,8.664,441.0,8.92,2.24,6247.0,4.489,2.0
Kepler-1476 b,273.7,2.577,860.0,129.28,1.68,5893.0,4.423,2.0
Kepler-1920 b,576.3,2.134,660.0,44.87,2.8,6277.0,4.402,2.0
Kepler-1921 b,124.4,6.49,967.0,207.16,2.24,6120.0,3.934,2.0
Kepler-1921 c,49.7,3.762,1791.0,2436.47,1.41,6120.0,3.934,2.0
Kepler-1511 b,161.2,8.432,903.0,157.09,2.18,6602.0,4.108,2.0
Kepler-1512 b,345.7,2.1521,276.0,1.38,0.8,3419.0,4.904,2.0
Kepler-969 c,142.7,1.8846,1270.0,615.67,1.06,5201.0,4.573,2.0
Kepler-1477 b,250.0,3.499,674.0,48.88,1.7,5149.0,4.506,2.0
Kepler-1478 b,259.7,6.141,598.0,30.24,1.35,6083.0,4.563,2.0
Kepler-1496 b,235.4,7.71,535.0,19.39,2.12,5821.0,4.172,2.0
Kepler-1497 b,295.7,4.235,924.0,172.38,1.94,5596.0,4.298,2.0
Kepler-953 c,126.4,5.3181,873.0,137.45,1.32,5611.0,4.388,2.0
Kepler-1927 b,233.1,13.309,677.0,49.76,3.78,6056.0,3.797,2.0
Kepler-1696 b,580.4,7.776,454.0,10.04,2.33,5982.0,4.493,2.0
Kepler-1479 b,328.9,2.4212,746.0,73.37,1.69,6003.0,4.507,2.0
Kepler-937 c,388.0,12.205,377.0,4.78,2.14,6127.0,4.356,2.0
Kepler-1498 b,274.5,7.999,564.0,23.9,2.36,5332.0,4.083,2.0
Kepler-1526 b,867.2,1.7704,787.0,91.01,1.86,4518.0,4.613,2.0
Kepler-359 d,942.8,4.77,464.0,11.0,29.77,6228.0,4.441,2.0
Kepler-342 e,47.8,2.9122,1897.0,3071.95,1.18,6297.0,4.26,2.0
Kepler-348 c,67.9,5.02,888.0,146.92,1.16,6388.0,4.244,2.0
Kepler-154 b,577.4,3.3613,561.0,23.4,2.36,5688.0,4.415,2.0
Kepler-1527 b,1183.0,13.775,450.0,9.68,6.67,6092.0,4.056,2.0
Kepler-1073 c,265.3,2.8059,1169.0,440.08,1.79,5509.0,4.308,2.0
Kepler-342 c,196.5,3.536,754.0,76.31,2.76,6297.0,4.26,2.0
Kepler-1513 b,7590.4,10.8771,346.0,3.39,9.09,5650.0,4.313,2.0
Kepler-1657 b,12990.0,6.7645,352.0,3.62,11.49,5705.0,4.397,2.0
Kepler-1514 b,9148.7,21.306,343.0,3.29,11.17,6259.0,4.385,2.0
Kepler-1521 b,1113.8,3.1347,391.0,5.5,2.58,4975.0,4.579,2.0
Kepler-1073 d,181.1,2.376,1369.0,828.59,1.48,5509.0,4.308,2.0
Kepler-1929 b,233.6,13.972,566.0,24.33,2.23,5786.0,4.106,2.0
Kepler-1528 b,167.5,2.0917,1549.0,1356.76,1.29,6040.0,4.469,2.0
Kepler-1514 c,85.4,3.877,943.0,187.06,1.25,6259.0,4.385,2.0
Kepler-1515 b,4523.4,16.2938,380.0,4.93,9.17,6471.0,4.287,2.0
Kepler-1516 b,247.5,6.1394,967.0,206.88,1.57,5914.0,4.421,2.0
Kepler-1529 b,755.5,1.6415,817.0,105.25,1.9,5057.0,4.573,2.0
Kepler-343 c,210.4,2.744,746.0,73.08,2.42,5808.0,4.185,2.0
Kepler-351 d,905.4,8.75,318.0,2.42,2.52,5642.0,4.542,2.0
Kepler-1519 b,5022.9,16.666,342.0,3.22,10.31,5758.0,4.168,2.0
Kepler-1530 d,1243.1,3.365,972.0,211.08,5.5,5678.0,4.215,2.0
Kepler-1530 b,330.9,2.088,1484.0,1147.44,2.55,5678.0,4.215,2.0
Kepler-1530 c,342.4,2.714,1167.0,438.71,2.69,5678.0,4.215,2.0
Kepler-1522 b,323.3,1.8904,1374.0,843.8,1.51,5763.0,4.557,2.0
Kepler-1031 b,56.1,2.1689,2024.0,3973.86,1.0,5855.0,4.148,2.0
Kepler-352 d,85.3,2.214,788.0,90.91,0.72,5208.0,4.563,2.0
Kepler-154 e,234.9,2.9403,1140.0,399.84,1.5,5688.0,4.415,2.0
Kepler-1090 b,645.4,8.282,297.0,1.83,2.79,5330.0,4.366,2.0
Kepler-1531 b,66.2,2.1482,2537.0,9805.45,1.45,6520.0,4.01,2.0
Kepler-1093 c,263.7,10.963,508.0,15.69,2.21,6429.0,4.241,2.0
Kepler-1038 c,229.2,2.491,784.0,89.24,1.21,5159.0,4.548,2.0
Kepler-1698 b,159.1,1.434,1351.0,784.51,0.99,5014.0,4.559,2.0
Kepler-2001 b,174.8,1.5,1402.0,911.28,1.04,5081.0,4.596,2.0
Kepler-332 d,273.8,4.947,427.0,7.82,1.15,4955.0,4.61,2.0
Kepler-460 b,2579.0,21.693,308.0,2.14,7.23,6340.0,4.163,2.0
Kepler-1523 b,280.7,1.3568,1676.0,1874.28,1.46,5497.0,4.527,2.0
Kepler-335 c,211.2,11.757,592.0,29.08,2.65,5878.0,4.005,2.0
Kepler-347 c,279.6,4.836,705.0,58.35,3.61,5592.0,4.115,2.0
Kepler-1520 b,4595.9,1.63,1437.0,1004.07,22.95,4550.0,4.622,2.0
Kepler-1065 c,224.8,1.666,1256.0,588.1,1.29,5668.0,4.545,2.0
Kepler-1085 b,3628.7,12.4124,313.0,2.27,6.11,6063.0,4.476,2.0
Kepler-1928 b,432.6,1.9857,621.0,35.14,1.96,5620.0,4.533,2.0
Kepler-1524 b,784.7,6.9623,438.0,8.66,2.84,5818.0,4.464,2.0
Kepler-1016 c,1366.9,9.39,407.0,6.51,4.22,5741.0,4.331,2.0
Kepler-1047 c,66.2,2.722,1309.0,693.65,0.98,5700.0,4.327,2.0
Kepler-1067 b,63.7,1.22,1872.0,2913.14,0.75,5594.0,4.489,2.0
Kepler-1517 b,2211.0,2.717,2336.0,7027.09,22.27,7358.0,3.538,2.0
Kepler-1086 c,2215.3,6.548,211.0,0.47,2.88,4243.0,4.637,2.0
Kepler-340 b,177.9,6.091,1092.0,336.06,2.49,6642.0,4.057,2.0
Kepler-1525 b,83.6,1.9699,1343.0,770.05,0.92,5705.0,4.444,2.0
Kepler-86 b,9746.4,10.7965,264.0,1.15,8.98,5725.0,4.506,2.0
Kepler-953 b,1724.4,12.3079,410.0,6.65,4.55,5611.0,4.388,2.0
Kepler-1535 b,530.2,10.611,384.0,5.13,2.57,6014.0,4.362,2.0
Kepler-1763 b,60.5,2.486,1822.0,2597.27,0.97,5897.0,4.25,2.0
Kepler-963 b,966.8,3.4873,802.0,97.85,2.85,5500.0,4.416,2.0
Kepler-1536 b,1481.5,13.057,166.0,0.18,2.89,4386.0,4.629,2.0
Kepler-976 b,2286.4,6.9988,324.0,2.59,3.79,5327.0,4.581,2.0
Kepler-1126 c,251.9,8.996,305.0,2.06,1.45,5678.0,4.409,2.0
Kepler-930 b,216.9,6.276,561.0,23.44,2.19,6148.0,4.132,2.0
Kepler-1037 b,251.5,1.072,1650.0,1761.19,1.61,5265.0,4.4,2.0
Kepler-1867 b,68.0,4.23,768.0,82.32,0.68,5693.0,4.57,2.0
Kepler-1326 b,512.6,7.773,938.0,182.91,6.3,6864.0,3.783,2.0
Kepler-1331 b,215.1,0.9268,1244.0,564.46,0.91,4258.0,4.635,2.0
Kepler-1537 b,200.7,0.9753,1800.0,2479.44,2.03,5305.0,4.088,2.0
Kepler-957 b,5569.0,1.016,769.0,82.73,5.1,4963.0,4.585,2.0
Kepler-1350 b,1932.5,1.7306,535.0,19.34,1.93,3698.0,4.81,2.0
Kepler-1353 b,593.3,3.39,491.0,13.7,2.1,4852.0,4.519,2.0
Kepler-365 c,247.1,3.997,729.0,66.87,1.6,6014.0,4.436,2.0
Kepler-1994 b,29.1,2.695,1032.0,268.27,0.51,5495.0,4.442,2.0
Kepler-1289 b,165.9,3.273,1113.0,361.73,1.97,5689.0,4.065,2.0
Kepler-1129 c,652.2,5.574,503.0,15.15,3.73,5596.0,4.105,2.0
Kepler-1883 b,950.1,5.03,416.0,7.08,3.16,6208.0,4.454,2.0
Kepler-1932 b,236.8,0.7648,1891.0,3049.23,1.27,5278.0,4.576,2.0
Kepler-1933 b,126.2,2.9334,1058.0,296.74,1.41,5661.0,4.415,2.0
Kepler-439 b,678.8,9.654,291.0,1.7,2.25,5431.0,4.496,2.0
Kepler-1137 b,158.3,5.174,1020.0,255.65,3.01,7121.0,4.031,2.0
Kepler-1806 b,610.7,2.857,729.0,66.89,1.96,5311.0,4.588,2.0
Kepler-1699 b,336.8,1.4513,1010.0,245.65,1.32,5496.0,4.618,2.0
Kepler-1532 b,218.4,1.4399,1681.0,1880.33,1.29,5845.0,4.541,2.0
Kepler-1801 c,819.0,5.8,371.0,4.47,2.91,5738.0,4.426,2.0
Kepler-1538 b,634.5,10.767,346.0,3.39,3.06,5497.0,4.243,2.0
Kepler-1930 b,356.6,0.785,643.0,40.51,2.08,5083.0,4.512,2.0
Kepler-1700 b,464.1,12.925,329.0,2.77,3.41,5814.0,4.269,2.0
Kepler-1931 b,282.1,19.861,619.0,34.77,2.05,6167.0,4.333,2.0
Kepler-1539 b,1017.5,7.342,301.0,1.94,2.67,5064.0,4.474,2.0
Kepler-1540 b,1345.0,2.3241,266.0,1.18,3.14,4641.0,4.557,2.0
Kepler-508 b,153.7,5.7704,710.0,60.2,1.77,5949.0,4.272,2.0
Kepler-1533 b,586.8,18.503,330.0,2.81,3.28,6325.0,4.274,2.0
Kepler-1676 b,345.3,2.7716,782.0,88.52,3.09,6127.0,4.055,2.0
Kepler-361 b,110.8,5.267,1060.0,298.03,1.34,6178.0,4.269,2.0
Kepler-1025 b,307.5,7.2146,1654.0,1769.88,35.34,4907.0,2.41,2.0
Kepler-2001 c,530.4,4.1536,597.0,30.1,1.82,5081.0,4.596,2.0
Kepler-1789 b,888.7,4.656,380.0,4.91,3.24,5436.0,4.505,2.0
Kepler-362 b,126.9,1.889,838.0,116.56,1.25,5757.0,4.431,2.0
Kepler-76 b,5817.3,1.43586,1997.0,3765.46,13.43,6309.0,4.199,2.0
Kepler-296 e,788.0,2.945,248.0,0.89,1.06,3526.0,4.866,2.0
Kepler-1649 b,1679.0,1.1627,211.0,0.47,0.49,2703.0,5.274,2.0
Kepler-90 c,160.4,3.7454,987.0,224.47,1.53,5970.0,4.317,2.0
Kepler-90 b,116.4,3.812,1062.0,300.58,1.29,5970.0,4.317,2.0
Kepler-1996 b,745.4,4.4639,392.0,5.61,2.26,4580.0,4.641,2.0
Kepler-1662 c,1628.1,8.297,321.0,2.51,6.36,5791.0,4.185,2.0
Kepler-1409 b,150.2,1.16,1733.0,2145.14,1.04,5231.0,4.476,2.0
Kepler-1899 b,405.5,1.704,851.0,124.3,1.64,4791.0,4.577,2.0
Kepler-90 e,482.9,9.195,450.0,9.71,2.62,5970.0,4.317,2.0
Kepler-1904 b,710.0,0.949,567.0,24.38,1.33,3805.0,4.767,2.0
Kepler-1425 b,79.7,7.183,676.0,49.51,0.72,5559.0,4.496,2.0
Kepler-1659 b,376.1,5.175,755.0,76.81,22.29,5823.0,4.472,2.0
Kepler-1350 c,1009.8,1.3345,730.0,66.95,1.4,3698.0,4.81,2.0
Kepler-529 d,250.9,8.035,633.0,37.92,2.44,6078.0,4.29,2.0
Kepler-607 b,109.7,1.2313,1874.0,2928.31,0.91,5244.0,4.449,2.0
Kepler-1697 b,163.5,4.833,630.0,37.3,2.97,4928.0,3.966,2.0
Kepler-1926 b,1068.8,1.991,451.0,9.8,2.67,5256.0,4.483,2.0
Kepler-460 c,1796.4,19.528,389.0,5.4,5.94,6340.0,4.163,2.0
Kepler-1624 b,13553.0,1.7215,540.0,20.06,4.91,3386.0,4.81,2.0
Kepler-1626 b,106.7,3.31,1352.0,789.48,1.24,6535.0,4.373,2.0
Kepler-1625 b,4376.9,18.821,350.0,3.56,11.67,5548.0,3.964,2.0
Kepler-1627 b,1832.6,2.8305,794.0,93.79,3.06,5388.0,4.56,2.0
Kepler-62 f,471.9,7.788,207.0,0.44,1.43,4926.0,4.653,2.0
Kepler-354 c,346.3,3.408,508.0,15.77,1.31,4650.0,4.589,2.0
Kepler-389 c,355.8,4.163,636.0,38.6,2.08,5094.0,4.469,2.0
Kepler-1454 b,367.8,5.892,492.0,13.83,1.98,5370.0,4.337,2.0
Kepler-1628 b,11004.0,4.809,240.0,0.78,6.28,3869.0,4.674,2.0
Kepler-1633 b,147.5,8.711,925.0,172.96,6.71,5889.0,3.358,2.0
Kepler-1630 b,1267.0,8.481,182.0,0.26,2.62,5037.0,4.54,2.0
Kepler-1634 b,914.6,10.556,282.0,1.49,4.27,5636.0,4.218,2.0
Kepler-1636 b,996.6,17.856,248.0,0.89,3.2,5977.0,4.473,2.0
Kepler-1637 b,60.3,5.735,1093.0,337.78,0.79,6024.0,4.309,2.0
Kepler-1631 b,181.7,2.462,1122.0,374.3,1.75,5858.0,4.495,2.0
Kepler-1632 b,348.6,12.455,369.0,4.4,2.41,6072.0,4.133,2.0
Kepler-1635 b,1234.7,13.709,200.0,0.37,3.24,5474.0,4.598,2.0
Kepler-1638 b,349.7,16.04,449.0,9.65,6.04,5490.0,3.629,2.0
Kepler-1639 b,454.7,2.951,1003.0,238.98,2.64,6477.0,4.361,2.0
Kepler-311 d,290.8,12.235,327.0,2.71,2.05,5903.0,4.3,2.0
Kepler-1491 c,298.3,9.75,530.0,18.66,2.44,5626.0,4.149,2.0
Kepler-1703 c,79.0,4.17,589.0,28.37,0.8,6338.0,4.545,2.0
Kepler-1643 b,691.3,2.453,799.0,96.47,1.72,5101.0,4.63,2.0
Kepler-1534 b,431.7,1.97,955.0,196.51,1.92,5638.0,4.488,2.0
Kepler-176 e,259.2,4.637,398.0,5.96,1.51,4963.0,4.501,2.0
Kepler-1542 d,69.8,2.6502,1010.0,245.32,0.91,5574.0,4.354,2.0
Kepler-1542 e,65.1,2.657,1065.0,304.8,0.85,5574.0,4.354,2.0
Kepler-1981 b,861.0,17.026,390.0,5.45,9.23,5874.0,3.664,2.0
Kepler-1600 b,1336.4,11.007,209.0,0.45,2.96,5119.0,4.508,2.0
Kepler-1518 b,267.8,3.281,1351.0,788.0,2.81,6432.0,4.207,2.0
Kepler-1518 c,297.2,5.255,1094.0,338.33,2.9,6432.0,4.207,2.0
Kepler-1640 b,1005.0,3.918,1228.0,537.4,5.83,6264.0,4.133,2.0
Kepler-1644 b,417.6,4.751,606.0,31.86,1.88,5723.0,4.546,2.0
Kepler-1645 b,449.0,5.18,754.0,76.54,2.25,5929.0,4.413,2.0
Kepler-1185 b,243.8,3.695,355.0,3.74,1.39,5650.0,4.546,2.0
Kepler-1052 c,742.4,8.99,302.0,1.96,2.3,5818.0,4.554,2.0
Kepler-1641 b,649.9,4.812,908.0,160.98,4.07,6486.0,4.136,2.0
Kepler-1641 c,620.4,5.953,767.0,81.91,3.73,6486.0,4.136,2.0
Kepler-1642 b,1337.2,2.407,895.0,151.44,5.41,5254.0,4.05,2.0
Kepler-1642 c,1058.4,2.135,1095.0,340.06,4.81,5254.0,4.05,2.0
Kepler-1143 c,1657.8,8.419,234.0,0.71,3.23,4895.0,4.589,2.0
Kepler-1834 c,244.0,1.2638,1541.0,1334.22,1.22,4821.0,4.529,2.0
Kepler-401 d,292.2,11.94,380.0,4.93,2.57,6115.0,4.249,2.0
Kepler-1388 d,1917.9,3.493,363.0,4.11,2.38,3891.0,4.718,2.0
Kepler-1388 e,1661.7,4.49,299.0,1.88,2.25,3891.0,4.718,2.0
Kepler-1482 b,147.7,2.373,678.0,50.05,1.0,5413.0,4.579,2.0
Kepler-1972 c,17.1,5.86,1215.0,515.77,0.91,6003.0,3.825,2.0
Kepler-90 f,498.7,11.942,407.0,6.45,3.37,5970.0,4.317,2.0
Kepler-347 d,270.2,9.331,482.0,12.75,3.04,5592.0,4.115,2.0
Kepler-457 d,408.4,4.657,1008.0,244.47,2.71,6474.0,4.311,2.0
Kepler-1999 b,1431.0,3.866,577.0,26.17,3.29,4406.0,4.643,2.0
Kepler-1646 b,2265.0,0.8161,365.0,4.2,0.95,3236.0,5.097,2.0
Kepler-445 d,16536.0,1.746,305.0,2.03,2.44,3327.0,5.113,2.0
Kepler-452 b,189.9,9.969,220.0,0.56,1.09,5579.0,4.58,2.0
Kepler-1629 b,58.6,2.314,1081.0,323.21,0.68,5713.0,4.541,2.0
Kepler-1975 b,714.4,4.564,432.0,8.27,2.03,4450.0,4.583,2.0
TOI 1000.01,656.8860989,2.0172196,3127.2040524,22601.9485814,5.8181633,10249.0,4.19,0.0
TOI 1001.01,1286.0,3.166,4045.0,44464.5,11.2154,7070.0,4.03,1.0
TOI 1004.01,755.0,3.37,4260.0,54679.3,11.3113,9219.0,4.14,0.0
TOI 1007.01,2840.0,3.953,1282.0,448.744,14.7752,6596.0,3.71,1.0
TOI 101.01,18960.7122944,1.6165994,1525.9048089,1281.2408254,13.1874503,5600.0,4.48851,1.0
TOI 1011.01,250.0,2.191,1364.0,575.597,1.44656,5413.7,4.46,1.0
TOI 1016.01,3232.8527885,7.9201001,1158.1310368,425.1594177,14.0608342,7601.0,4.31,0.0
TOI 1017.01,14177.7,2.37,3926.0,39459.3,21.0448,6995.2,4.07,0.0
TOI 1018.01,7440.0,2.509,1419.0,673.55,22.9123,5889.0,3.86,0.0
TOI 1019.01,20796.9416293,3.7078139,1574.8381848,1453.6663847,24.2931408,7645.0,4.3,1.0
TOI 102.01,15062.0,3.65,1408.0,653.252,15.4706,6280.0,4.32092,1.0
TOI 1021.01,618.482,1.909,1561.0,985.807,3.34688,6022.6,4.52,0.0
TOI 1023.01,2180.0,3.435,3827.0,35623.2,21.8839,5050.8,3.56,0.0
TOI 1026.01,913.2067174,6.9350494,980.3628831,153.2069421,2.4765813,5690.0,4.58,0.0
TOI 1027.01,1558.0,1.537,992.0,161.092,2.87648,4272.0,4.6,1.0
TOI 1027.02,1694.0,2.715,548.0,15.0463,2.76586,4272.0,4.6,1.0
TOI 1027.03,1210.0,1.024,567.0,17.1793,2.52314,4272.0,4.6,1.0
TOI 1028.01,240.0,2.843,2023.0,2784.04,1.20704,4634.0,4.64,0.0
TOI 103.01,10424.3718,3.494333,1504.858953,1212.004376,14.581841,6351.0,4.22896,1.0
TOI 1030.01,7279.0,4.612,1057.0,207.32,17.6729,4807.6,4.17,0.0
TOI 1031.01,1250.0,3.434,2011.0,2717.06,8.94354,6415.4,3.98,0.0
TOI 1032.01,3491.8232968,3.8087395,2385.8536488,7657.6621505,14.7738943,10395.0,4.13,1.0
TOI 1034.01,476.3077321,2.5339234,2783.098027,9941.2265514,3.7025342,9810.0,4.43,0.0
TOI 1035.01,5982.5212406,2.4954821,1583.9398898,1487.5644344,30.9493217,5964.0,3.7,1.0
TOI 1036.01,2761.0,2.952,1294.0,466.528,5.98375,5771.0,4.31,1.0
TOI 1037.01,390.0,1.991,5952.0,208477.0,6.31106,9158.0,4.32,0.0
TOI 104.01,3572.1712499,5.586113,1755.0767383,2242.3605401,13.6237732,6036.0,3.93359,1.0
TOI 1041.01,8350.0,3.228,1924.0,2276.25,43.1068,9081.0,3.83,0.0
TOI 1042.01,583.93181,1.8184632,5499.7476332,216218.1005011,10.1273702,9917.0,3.75,1.0
TOI 1043.01,507.0,2.349,3174.0,16861.8,3.61078,6902.0,4.25,0.0
TOI 1045.01,7590.0,4.277,2149.0,3546.13,17.57,7013.8,4.21,0.0
TOI 1046.01,914.0,1.706,3569.0,26944.7,9.36472,6762.0,4.11,0.0
TOI 1047.01,1880.0,0.666,2101.0,3235.57,5.72162,5622.0,4.5,0.0
TOI 1048.01,1330.0,0.748,6413.0,280833.0,10.417,11892.0,4.14,0.0
TOI 1049.01,16340.1353205,2.969175,1654.404068,1770.4650539,16.808853,6599.0,4.21017,1.0
TOI 105.01,11708.0228549,2.86528,1549.4409801,1362.1381428,13.7028527,5630.0,4.37759,1.0
TOI 1050.01,17030.0,4.142,1670.0,1292.19,21.2315,6650.0,4.1639,1.0
TOI 1052.01,358.4157801,3.0912936,1006.9932829,243.011763,3.0629855,5958.2,4.34,2.0
TOI 1054.01,513.0,4.565,853.0,88.0718,2.43432,6122.0,4.30881,2.0
TOI 1055.01,1199.7541483,4.4284819,689.3568807,53.3700317,3.5766828,5783.54,4.49925,2.0
TOI 1056.01,391.3830934,3.2158594,1263.9861129,603.2401116,3.0486928,6124.3,4.38,1.0
TOI 1057.01,851.4547808,6.6641048,466.7322968,11.2148229,2.9366826,5599.0,4.46138,1.0
TOI 1058.01,951.6169809,7.0473822,1518.2372485,1255.6817164,12.8402271,5785.0,4.344,1.0
TOI 1059.01,19750.0,2.021,694.0,38.5799,17.0216,5509.0,4.39758,1.0
TOI 106.01,8049.0,3.567,1864.0,2005.83,16.3869,6900.0,4.438,1.0
TOI 1062.01,487.0,1.08,826.0,77.3573,2.30057,5394.0,4.50942,2.0
TOI 1063.01,839.9044871,2.4023189,694.1792631,54.8791715,2.7272824,5552.0,4.61783,1.0
TOI 1064.01,1121.9512275,1.9309449,712.2812841,60.831305,2.460344,4803.0,4.52079,2.0
TOI 1064.02,1206.3693293,2.1904379,575.3502049,25.8970378,2.6014766,4803.0,4.52079,2.0
TOI 1067.01,14915.6943722,2.4579197,890.5622134,148.6544991,9.4995191,4351.0,4.438,1.0
TOI 1069.01,13022.0,2.962,1461.0,758.324,14.4339,5703.0,4.25824,1.0
TOI 107.01,13914.0,4.444,1570.0,1009.38,20.5357,6153.0,4.18077,1.0
TOI 1070.01,43218.111683,3.25697,1386.5,873.27,26.88423,5740.0,4.29219,0.0
TOI 1071.01,10164.8753396,2.0550535,1214.9876435,515.0014435,13.200677,5639.0,4.37172,1.0
TOI 1072.01,10539.0192794,9.8464123,1225.0,374.129,25.4886382,5765.0,4.34773,0.0
TOI 1073.01,31510.9004906,1.8736007,788.0973496,91.167589,13.3368705,4444.0,4.438,2.0
TOI 1074.01,1015.395543,3.7522756,587.1759148,28.0927293,2.4233421,5206.0,4.63095,1.0
TOI 1075.01,1027.6833479,1.0403847,1222.5973095,528.0253155,1.8625587,4046.0,4.60963,2.0
TOI 1076.01,14921.4021936,2.6173308,1337.8645148,757.1284067,12.9171288,5659.0,4.44653,1.0
TOI 1077.01,16725.3019333,1.9561305,1374.8018137,844.2700581,12.6436029,5192.0,4.4617,1.0
TOI 1078.01,831.8920424,0.8565249,1019.3295979,255.1405815,1.3485121,3325.0,4.88693,2.0
TOI 1079.01,5603.4635466,2.0576293,1747.9490013,2206.1550476,14.8814743,6519.0,4.22068,1.0
TOI 108.01,22236.0165376,2.5984575,1075.3184542,315.9871326,12.1086799,5523.0,4.52192,1.0
TOI 1080.01,3680.7544436,1.0112593,386.6684768,5.2829448,1.2305102,3296.0,4.96636,1.0
TOI 1082.01,2212.4257252,3.5865698,441.7489067,8.9995944,3.5059571,4310.0,4.57345,1.0
TOI 1083.01,2407.2608671,2.5034417,376.2093904,4.7341229,2.4241912,3614.0,4.81257,1.0
TOI 1084.01,18463.7636682,2.4074261,1839.6713042,2706.9606225,15.8824638,6346.0,4.38484,1.0
TOI 1086.01,4864.8405125,5.5277827,1689.4116185,1925.1426172,14.6986197,5818.0,4.33787,1.0
TOI 1087.01,2220.0,3.464,1067.0,215.208,14.2968,6907.0,3.63,0.0
TOI 1089.01,2410.0,3.902,4243.0,53821.0,25.7144,11600.0,4.13,0.0
TOI 109.01,14947.4387827,2.6872178,1209.5741229,505.8840075,12.2867389,5346.0,4.48823,1.0
TOI 1090.01,4933.74,4.586,3722.0,31883.5,22.7769,7009.8,3.6,0.0
TOI 1091.01,2710.0,3.674,4175.0,50469.2,15.0024,7348.0,3.9,1.0
TOI 1092.01,3730.0,3.119,3958.0,40771.2,30.666,6534.0,3.95,0.0
TOI 1095.01,2102.6568299,2.1867078,2962.2418039,18197.1354531,13.7339261,7066.0,3.78,1.0
TOI 1096.01,360.8801529,1.8602735,3430.7622437,32740.3629399,5.7349089,6553.0,3.65,0.0
TOI 1097.01,460.0,2.492,786.0,63.4589,2.16591,5876.0,4.48,2.0
TOI 1097.02,647.2701039,2.1264429,756.6987586,77.4841883,2.6136848,5876.0,4.48,2.0
TOI 1098.01,667.4752458,2.8275109,957.1991659,198.394783,3.0538057,6153.0,4.34814,2.0
TOI 1099.01,914.0,1.812,853.0,87.8902,2.56374,4867.0,4.438,2.0
TOI 110.01,15457.3247576,2.751086,1320.6518234,718.9096994,14.9172256,5943.0,4.42524,1.0
TOI 1100.01,1152.9645461,3.8449215,736.1368293,69.3993155,4.0506906,6033.0,4.37,0.0
TOI 1101.01,3110.0,1.548,1268.0,429.86,9.36823,5803.5,4.07,0.0
TOI 1102.01,1555.34,2.122,610.0,22.9987,2.75375,4138.1,4.54,0.0
TOI 1104.01,972.5797241,6.303026,846.173434,121.1597998,4.7531892,6058.6,4.2,0.0
TOI 1105.01,1553.0,2.375,594.0,20.7383,2.90726,4664.0,4.55,1.0
TOI 1107.01,6046.6959687,4.8475616,1617.8267296,1619.0081232,13.898174,6501.0,4.08,2.0
TOI 1109.01,1580.0,2.979,1505.0,852.336,8.46404,5317.0,4.49,0.0
TOI 111.01,12142.2238514,1.4688934,1308.0417533,691.8428073,13.086872,5380.0,4.4337,1.0
TOI 1110.01,4248.0,2.321,1899.0,2162.73,11.1276,6610.0,4.15,0.0
TOI 1111.01,8341.0,0.808,512.0,11.4585,14.1098,7262.0,4.0,0.0
TOI 1112.01,490.0,2.456,1680.0,1323.21,4.92567,6819.0,3.92,0.0
TOI 1113.01,7076.0,1.798,471.0,8.2114,4.59203,3469.0,4.71,0.0
TOI 1116.01,409.4812214,2.0644756,971.6657708,210.6631712,2.3107394,5551.0,4.46214,1.0
TOI 1117.01,630.0,2.015,1434.0,702.927,2.56778,5731.0,4.43,1.0
TOI 112.01,14621.2059647,2.865171,1399.9894384,907.8624196,13.8516093,5650.0,4.28867,1.0
TOI 1120.01,6030.0,3.321,2561.0,7149.89,13.3343,7301.0,4.23,0.0
TOI 1125.01,211.3168519,1.3744974,3996.2877922,60276.5000547,4.1624907,8271.0,3.95,1.0
TOI 1126.01,1502.0,3.231,1850.0,1946.23,2.36498,5034.0,4.64,0.0
TOI 1128.01,1180.0,1.795,660.0,31.6652,6.24633,6209.0,4.09,0.0
TOI 1129.01,1520.0,3.365,2653.0,8233.41,19.9664,7101.9,3.91,0.0
TOI 113.01,17163.60419,2.63426,1270.187448,615.165921,14.201803,6050.0,4.45061,1.0
TOI 1130.01,16680.0,1.836,588.0,19.9348,11.1424,4236.0,4.52,2.0
TOI 1130.02,2650.0950013,1.8373729,772.378302,84.108766,3.7548333,4236.0,4.52,2.0
TOI 1131.01,410.5241553,0.8098934,3263.6721812,26813.1057089,4.906408,5579.0,3.67,1.0
TOI 1132.01,411.0,2.938,2839.0,10796.6,3.34528,7851.0,4.17,0.0
TOI 1133.01,450.0,3.297,2569.0,7233.01,4.86242,6244.0,3.84,0.0
TOI 1134.01,11126.0,7.765,1141.0,282.175,18.1458,6277.0,4.09,0.0
TOI 1135.01,5705.0,4.284,1106.0,248.619,9.06883,5962.7,4.38,2.0
TOI 1136.01,2320.0,5.38,1393.0,626.362,5.58857,5729.0,4.47,2.0
TOI 1136.02,813.0,3.201,1087.0,232.392,2.51593,5729.0,4.47,2.0
TOI 1136.03,800.0,4.414,631.0,26.4328,2.71349,5729.0,4.47,2.0
TOI 1136.04,470.6731965,4.3425576,672.9826313,48.477077,2.1597669,5729.0,4.47,2.0
TOI 1138.01,620.0,2.076,4731.0,83182.0,6.23181,9994.0,4.02,0.0
TOI 1139.01,1054.0,4.513,3715.0,31621.7,11.3678,7947.0,4.2,1.0
TOI 114.01,7005.7247902,3.4367717,1338.8392647,759.3373533,10.5135877,5800.0,4.28004,1.0
TOI 1141.01,156467.5479643,4.2887767,758.5937679,78.263287,45.2204505,5894.7,4.37,0.0
TOI 1142.01,3288.0,3.012,2775.0,9856.24,42.2321,7518.0,3.82,0.0
TOI 1143.01,3276.0,4.366,1487.0,813.063,17.4989,6152.0,3.84,0.0
TOI 1144.01,4279.0,2.184,810.0,71.6805,5.29152,4757.3,4.56,1.0
TOI 1146.01,473.0939303,1.6349369,5717.1532477,252487.7638842,6.1672487,8598.7,4.1,0.0
TOI 1147.01,2743.0,2.468,1129.0,270.142,49.1695,6259.0,3.59,0.0
TOI 1148.01,9493.0,4.335,1482.0,802.858,15.8043,6403.9,4.16,1.0
TOI 115.01,12650.8110411,2.4988145,970.6340996,209.7699043,10.5505922,5377.0,4.42476,1.0
TOI 1150.01,6788.5145388,4.1588291,3446.0210572,33326.7304874,20.3402421,9435.0,4.11,1.0
TOI 1151.01,15748.0,3.317,2084.3330866,3453.07,21.2912,8894.8,4.38,1.0
TOI 1154.01,659.0,4.196,642.0,28.2504,2.10208,5704.0,4.51,1.0
TOI 1157.01,4080.0,3.044,1074.0,221.343,35.7944,5709.8,3.37,0.0
TOI 116.01,16708.7151957,2.3801043,1089.1458169,332.556249,11.9514993,4920.0,4.49371,1.0
TOI 1165.01,20820.0,2.05,1348.0,549.715,14.688,5787.0,4.5,1.0
TOI 1166.01,1391.0,2.46,3091.0,15173.2,8.29008,5900.4,4.39,0.0
TOI 1168.01,10325.0,1.559,1745.0,1540.95,23.6019,5969.0,4.17,0.0
TOI 117.01,5729.3246858,3.3710943,1658.3915202,1787.5955937,16.4747611,5704.8,3.84,1.0
TOI 1170.01,1406.0,2.166,3751.0,32867.0,29.3616,7875.0,3.61,0.0
TOI 1171.01,4924.0,3.183,1499.0,838.609,31.8624,7266.0,4.06,0.0
TOI 1173.01,8268.0,2.424,890.0,104.311,9.39131,5429.6,4.44,2.0
TOI 1174.01,1136.0,2.696,723.0,45.5604,2.35888,5029.5,4.61,2.0
TOI 1175.01,1760.0,2.605,940.0,129.866,5.55812,6229.0,4.31,0.0
TOI 1176.01,5924.8349672,5.8727493,1028.5320293,264.4796635,12.4023108,6557.7,4.18,1.0
TOI 1177.01,1418.0,2.886,5800.0,187927.0,11.2371,9121.5,4.21,0.0
TOI 1178.01,819.0,3.49,2045.0,2905.35,2.35964,4043.4,4.69,0.0
TOI 118.01,1800.0,1.89,788.0,64.2648,4.44029,5586.0,4.36763,2.0
TOI 1180.01,1669.0,2.512,707.0,41.6645,3.00336,4738.1,4.59,2.0
TOI 1181.01,7142.0,5.059,3037.0,14140.0,16.7087,6122.0,3.93,2.0
TOI 1184.01,1041.0,1.76,820.0,75.272,2.35215,4534.0,4.61,2.0
TOI 1185.01,824.0,1.879,3534.0,25917.9,10.3239,5997.0,4.0,0.0
TOI 1186.01,7576.0,7.391,1218.0,365.938,17.6677,6115.7,3.89,0.0
TOI 1187.01,907.0,0.861,1159.0,300.014,4.47229,6389.0,4.26,1.0
TOI 119.01,633.0,2.467,1117.0,258.843,2.04482,5332.0,4.56429,1.0
TOI 119.02,535.0,3.002,710.0,42.2657,1.79811,5332.0,4.56429,1.0
TOI 1191.01,2540.0,3.288,1219.0,367.588,24.3218,6800.0,3.91,0.0
TOI 1194.01,6911.0,1.294,1052.0,203.685,8.76741,5339.9,4.41,2.0
TOI 1196.01,5390.0,2.517,1206.0,351.929,15.6557,6689.0,3.96,1.0
TOI 1197.01,5000.0,4.744,1937.0,2340.04,16.2166,7649.0,4.04,1.0
TOI 1198.01,11794.0,4.142,2344.0,5011.92,19.3662,8324.0,4.28,1.0
TOI 1199.01,4340.0,2.149,1182.0,324.114,10.678,5618.0,4.06,2.0
TOI 1200.01,2065.0,1.043,2345.0,5021.63,6.4875,6105.0,4.31,0.0
TOI 1201.01,2093.9594201,1.4338141,639.9817426,39.6452664,2.2187585,3948.0,4.68962,2.0
TOI 1202.01,878.134108,2.726775,448.0162269,9.5212941,1.710706,3773.0,4.438,0.0
TOI 1203.01,558.3758637,6.6877451,662.8890748,45.6335702,2.9641461,5742.22,4.29,2.0
TOI 1204.01,117.7553083,2.7372191,2222.614552,5767.3673643,2.2402361,6711.0,4.06358,1.0
TOI 1205.01,63.575141,9.0053425,2954.822621,18015.5142019,3.5905923,6090.0,3.29864,1.0
TOI 1206.01,248.969585,1.985538,1999.3796659,3776.6095365,1.881684,5824.0,4.438,0.0
TOI 1207.01,75.2858004,2.0930597,1418.1144376,955.7979966,0.9817044,6282.0,4.37809,1.0
TOI 1208.01,443.6391381,1.9601023,1056.3800546,294.3078003,1.7581475,5626.0,4.56195,1.0
TOI 1208.02,725.1724567,3.7478987,716.2888325,62.2119369,2.5070075,5626.0,4.56195,1.0
TOI 1208.03,747.7725499,3.4404719,610.6445415,32.8605569,2.261664,5626.0,4.56195,1.0
TOI 1209.01,355.619391,4.2436925,668.3063106,47.143655,3.2352713,5914.0,3.98,1.0
TOI 1210.01,1227.0,5.392,368.0,3.05331,2.17454,5168.33,4.60584,0.0
TOI 1211.01,624.0,2.464,562.0,16.6472,2.80447,5572.9,3.83,1.0
TOI 1212.01,462.9116325,11.6068811,429.5758177,8.047858,2.5033335,5909.57,4.26154,1.0
TOI 1213.01,4731.4046225,3.7190483,573.0537137,25.4860381,8.3475973,6270.0,4.54537,0.0
TOI 1214.01,544.5602695,3.9621084,611.0168649,32.9407734,2.4311768,5262.4,3.98,1.0
TOI 1215.01,501.2911711,0.9984653,1092.1250255,336.2098533,0.879419,3751.0,4.75718,1.0
TOI 1216.01,187.8286128,7.8146963,694.0557871,54.8401357,0.8887417,4280.0,4.61209,1.0
TOI 1217.01,959.7522291,6.6899368,1035.0005398,271.196017,12.5121956,6354.0,4.24472,1.0
TOI 1218.01,338.2166234,2.9992376,730.4597521,67.2831271,1.8971927,5455.96,4.46737,1.0
TOI 1219.01,248.0,3.256,2462.0,6105.33,2.04421,6734.0,4.18582,1.0
TOI 122.01,5923.1283069,1.2100353,431.253644,8.1743139,2.6347763,3318.0,4.9581,2.0
TOI 1221.01,713.2183569,9.7504857,399.0780255,5.9944903,3.239855,5802.0,4.44521,2.0
TOI 1222.01,317.3261147,2.2648785,994.4291411,231.1087411,2.7392825,6082.0,4.33287,1.0
TOI 1223.01,242.7923919,2.5483426,1134.2791474,391.2017546,3.41248,6516.0,3.99366,0.0
TOI 1224.01,2537.6781602,1.675904,492.7241583,13.9295288,2.1023854,3442.0,4.893,2.0
TOI 1224.02,5480.684864,3.0740072,303.1226876,1.9952383,3.3839124,3442.0,4.893,2.0
TOI 1225.01,748.5332881,3.5885605,686.1495861,52.3837065,2.4586343,5522.87,4.67156,1.0
TOI 1225.02,594.6443745,3.1040945,820.6868999,107.208941,2.3157186,5522.87,4.67156,1.0
TOI 1226.01,485.9762569,1.8165271,1123.4398689,376.4612937,2.329279,5668.15,4.52573,1.0
TOI 1227.01,20690.6684294,4.0586418,243.7718547,0.8345555,6.4522449,3050.0,4.438,2.0
TOI 1228.01,318.0,7.117,1115.0,257.066,2.84674,8208.0,4.25979,2.0
TOI 123.01,4736.0,6.114,3184.0,17074.7,24.9862,6188.0,4.27166,2.0
TOI 1230.01,533.486013,7.5424225,688.6094029,53.1389289,3.2396838,5696.0,4.26563,2.0
TOI 1231.01,6260.6703602,3.3725583,122.2177444,0.05273,3.878568,3535.0,4.84874,2.0
TOI 1232.01,7899.6939555,4.7250029,785.7055082,90.0658585,10.7048234,5739.0,4.28235,1.0
TOI 1233.01,907.1324529,3.7543827,690.9961983,53.8795095,2.6231641,5723.87,4.438,2.0
TOI 1233.02,1182.6678641,4.002861,620.3638839,35.0031418,3.0026428,5723.87,4.438,2.0
TOI 1233.03,548.9044399,3.01098,910.1452592,162.1675094,2.056748,5723.87,4.438,2.0
TOI 1233.04,317.5272928,2.4602856,1072.0653989,312.1807495,1.553135,5723.87,4.438,2.0
TOI 1234.01,15019.9420903,3.8193701,616.7174475,34.1873897,5.1936764,3443.0,4.81617,0.0
TOI 1235.01,796.0,1.912,1086.0,231.437,2.00495,3912.0,4.62642,2.0
TOI 1236.01,21794.6136956,2.5466671,1077.4145935,318.4581858,12.7529892,5242.82,4.52404,1.0
TOI 1237.01,1070.0,2.401,705.0,41.1042,4.96046,6212.0,4.17664,1.0
TOI 1237.02,373.5681138,3.6178567,1255.4607699,587.1290759,2.9728283,6212.0,4.17664,1.0
TOI 1238.01,1324.0402774,1.7483103,700.5995436,56.9377632,2.5248559,3853.0,4.63168,2.0
TOI 1238.02,394.9832006,1.07057,1140.0845694,399.2723837,1.2407226,3853.0,4.63168,2.0
TOI 1239.01,3292.6812864,3.3830702,640.0266601,39.6563977,4.6025162,5217.0,4.59186,2.0
TOI 1240.01,10014.2587401,1.8346409,1758.3994294,2259.3896676,13.4646314,5832.83,4.20893,1.0
TOI 1241.01,1015.4550043,1.4588658,1654.2989516,1770.0151344,7.6126429,5826.0,3.7213,1.0
TOI 1242.01,570.0,0.565,1539.0,931.396,2.0605,4255.0,4.55641,1.0
TOI 1243.01,1725.1706259,0.9011821,519.9004855,17.2664038,2.1961507,3489.0,4.74553,1.0
TOI 1244.01,1026.6018729,2.1559875,699.0536347,56.4368797,2.2730301,4599.0,4.58487,2.0
TOI 1245.01,1930.0,1.756,572.0,17.8782,2.36747,3692.0,4.71598,1.0
TOI 1246.01,1495.4449473,5.4431451,585.8091542,27.832077,4.3869878,5141.0,4.49143,2.0
TOI 1246.02,1094.8419495,2.3379196,954.8757629,196.4755358,3.2819879,5141.0,4.49143,2.0
TOI 1246.03,773.9266468,2.7678313,859.6105665,129.0410781,2.4489454,5141.0,4.49143,2.0
TOI 1246.04,1370.7888539,3.5345219,462.4282696,10.8068346,3.241643,5141.0,4.49143,2.0
TOI 1247.01,493.0,4.021,735.0,48.5414,2.18203,5711.85,4.38315,2.0
TOI 1248.01,5592.2909183,2.3408909,961.6063113,202.0738994,6.9564258,5227.0,4.50479,2.0
TOI 1249.01,1143.0,2.97,735.0,48.6058,3.25485,5453.0,4.41707,2.0
TOI 125.01,978.0,2.709,1343.0,540.772,2.66889,5154.0,4.47072,2.0
TOI 125.02,1101.0,2.457,710.0,42.2592,2.62011,5154.0,4.47072,2.0
TOI 125.03,909.0,2.724,562.0,16.5853,2.54717,5154.0,4.47072,2.0
TOI 125.04,738.7670156,4.6235211,465.178087,11.0661868,2.9700035,5154.0,4.47072,1.0
TOI 1252.01,3997.6445916,0.8226121,1479.5361862,1132.461295,3.9968417,5780.0,4.67672,1.0
TOI 1253.01,738.0,1.914,1085.0,230.204,4.03134,5779.0,4.88162,0.0
TOI 1255.01,854.0,1.391,483.0,9.06856,2.63881,5126.0,4.49772,2.0
TOI 1256.01,26111.5081972,3.8017836,516.1833775,16.7778791,4.087988,2972.0,5.15741,0.0
TOI 1257.01,7750.0,3.401,1271.0,433.78,14.5502,6509.0,4.17233,1.0
TOI 1258.01,726.0,4.855,1152.0,372.358,3.60391,6124.0,4.15391,1.0
TOI 1259.01,27021.6932424,2.5103489,897.2038496,153.1388971,12.5541925,4699.0,4.54638,2.0
TOI 126.01,16196.2158157,2.8809533,1324.2404714,726.7556694,14.1334903,5751.0,4.35036,1.0
TOI 1260.01,1331.83693,1.9812695,813.0378617,103.2675998,2.5802896,4225.0,4.5756,2.0
TOI 1260.02,1650.6470497,1.9339295,607.6028794,32.2107098,2.7733674,4225.0,4.5756,2.0
TOI 1260.03,2059.4069037,3.8714976,323.1161011,2.5760566,3.8319135,4225.0,4.5756,2.0
TOI 1261.01,1198.0572128,3.592177,704.2235859,58.1250403,3.8092663,5897.0,4.45922,1.0
TOI 1262.01,771.0,3.562,572.0,17.8402,2.16145,5396.0,4.50457,1.0
TOI 1263.01,319.0,1.252,1449.0,733.19,1.46266,5098.0,4.54682,1.0
TOI 1264.01,5650.0,1.418,1009.0,172.233,7.84317,5040.0,4.38482,1.0
TOI 1265.01,6872.0,3.996,2634.0,7992.22,17.9781,6532.23,3.96818,1.0
TOI 1266.01,3168.3853584,2.0719394,390.8242112,5.5137471,2.4691414,3618.0,4.79432,2.0
TOI 1266.02,1686.7881033,1.9093524,325.8292621,2.6636757,1.9112282,3618.0,4.79432,2.0
TOI 1267.01,2158.1733568,6.0786576,1192.2564672,477.5289979,9.7548481,6378.0,4.438,1.0
TOI 1268.01,10273.0,3.788,860.0,91.0972,9.31888,5091.2,4.47,2.0
TOI 1269.01,758.584999,2.5733867,994.5309519,231.2034004,2.3483383,5591.0,4.38111,2.0
TOI 1269.02,660.0,2.535,757.0,54.6767,2.22995,5591.0,4.38111,1.0
TOI 127.01,52278.9940979,2.0198135,525.9431131,18.0832336,10.3261619,3424.0,4.438,2.0
TOI 1270.01,48840.0,3.135,551.0,15.38,18.4949,5056.6,4.53,0.0
TOI 1271.01,3860.0,5.661,1509.0,861.554,13.1383,5828.7,3.84,1.0
TOI 1272.01,2770.0,1.494,923.0,120.595,4.5947,4972.7,4.54,2.0
TOI 1273.01,4860.0,1.435,1078.0,225.013,9.34848,5736.0,4.39,2.0
TOI 1274.01,13910.0,4.215,534.0,13.544,9.38964,4968.1,4.5,1.0
TOI 1277.02,1127.0,3.711,788.0,64.0545,2.72638,5544.0,4.5609,1.0
TOI 1278.01,9618.5798534,1.6182484,407.866275,6.5402175,8.6976173,3841.0,4.69364,2.0
TOI 1279.01,933.6532689,3.4271882,749.8978043,74.7359105,3.2264735,5477.0,4.5707,2.0
TOI 128.01,455.0,1.954,1178.0,320.012,2.3216,6086.0,4.26269,2.0
TOI 1280.01,1838.2370548,3.0182304,626.5734732,36.4257934,3.289074,4665.0,4.56182,1.0
TOI 1281.01,435.0,3.766,1227.0,376.532,2.47201,6191.0,4.27017,1.0
TOI 1282.01,13532.9710157,2.5496309,2332.2259008,6992.032823,17.1331258,6430.0,4.25113,1.0
TOI 1283.01,18162.0,4.242,903.0,110.512,11.8729,5336.96,4.55466,1.0
TOI 1284.01,1961.318203,2.012261,923.6720985,172.0252913,2.558112,3855.0,4.68499,0.0
TOI 1285.01,1229.4965125,1.9190118,841.1003116,118.2802346,1.866263,3526.0,4.71105,0.0
TOI 1287.01,380.4193796,4.9882857,950.8147029,193.1543783,2.4070295,5891.0,4.30161,1.0
TOI 1288.01,2798.0,2.208,1639.0,1198.41,4.94551,6180.0,4.57956,2.0
TOI 1289.01,3206.6010016,1.3261177,952.4881815,194.5178158,2.2014886,3446.0,4.83941,0.0
TOI 129.01,6178.392421,0.5405036,1320.951709,719.5629045,5.9162923,4486.0,4.49914,2.0
TOI 1290.01,352.0,3.127,1192.0,335.249,2.25345,5875.23,4.26474,1.0
TOI 1291.01,800.0,7.668,1649.0,1230.42,5.05452,6229.0,4.0,1.0
TOI 1292.01,12927.0,1.666,1626.0,1160.55,17.0442,5672.9,4.13,0.0
TOI 1293.01,990.0,0.916,1198.0,342.918,3.76716,5923.0,4.38,1.0
TOI 1294.01,3350.0,2.562,1170.0,311.498,9.43435,5714.0,4.05,2.0
TOI 1295.01,7958.980656,3.7533697,1671.1249287,1843.1329908,14.9685779,6470.0,4.15,2.0
TOI 1296.01,6732.488454,4.8652146,1461.6208264,1078.5986988,14.5727196,5494.0,3.93,2.0
TOI 1298.01,4199.7558754,4.042155,1326.6264827,732.0077048,9.8153513,5731.0,4.1,2.0
TOI 130.01,392.6346872,4.6064739,841.9410276,118.7538488,2.2963233,6295.7,4.438,2.0
TOI 1300.01,8568.0,4.668,2281.0,4494.25,18.1267,6840.0,4.05,1.0
TOI 1301.01,1142.4891745,2.3632965,737.3642914,69.8633506,2.5856853,4820.4,4.6,2.0
TOI 1301.02,2143.3712267,8.0555709,177.5215972,0.2347069,4.258255,4820.4,4.6,1.0
TOI 1302.01,9780.0,3.604,1277.0,442.536,14.8589,6530.0,4.23,1.0
TOI 1303.01,1690.0,2.751,3900.0,38412.5,18.4825,6897.0,3.89,0.0
TOI 1304.01,1949.0,4.059,1591.0,1064.98,6.0401,5992.0,4.34,0.0
TOI 1308.01,1320.0,2.352,3626.0,28702.5,22.2329,5924.0,3.68,0.0
TOI 1310.01,7590.0,2.771,1492.0,823.434,11.8862,5938.0,4.23,0.0
TOI 1312.01,4400.0,4.692,1033.0,189.348,12.8076,6460.0,4.0,0.0
TOI 1315.01,1010.0,3.472,4400.0,62241.5,18.687,8321.0,3.75,0.0
TOI 1316.01,1280.0,3.347,1644.0,1214.11,8.57193,6555.5,3.83,0.0
TOI 1317.01,1290.0,3.952,4252.0,54264.3,24.2511,8542.0,3.66,0.0
TOI 1319.01,1100.0,1.784,2099.0,3225.32,2.89678,5159.2,4.5,0.0
TOI 132.01,1309.7297126,2.1344043,1284.923458,644.2138136,3.6396725,5673.0,4.55383,2.0
TOI 1323.01,430.0,2.26,3550.0,26394.8,6.42307,9003.0,3.94,0.0
TOI 1324.01,1400.0,4.073,3452.0,23595.1,9.70968,6854.0,4.1,0.0
TOI 1325.01,1562.0,2.196,2612.0,7736.05,3.31116,4349.3,4.62,0.0
TOI 1328.01,1150.0,2.706,1417.0,669.61,6.47219,6585.0,3.94,0.0
TOI 1329.01,3963.85,3.394,2444.0,5926.69,7.3626,7274.6,4.18,0.0
TOI 133.01,903.3694431,2.1168277,577.2199136,26.2353114,1.9226211,4028.0,4.55902,1.0
TOI 1331.01,773.369,2.475,1545.0,948.066,12.1711,6135.4,3.4,0.0
TOI 1333.01,6710.0,4.416,1609.0,1112.85,15.2105,6696.0,4.08,2.0
TOI 1335.01,2620.0,2.77,1916.0,2238.0,14.3988,7965.0,3.98,0.0
TOI 1336.01,1020.0,1.678,1933.0,2320.32,13.8394,7396.0,3.89,0.0
TOI 1337.01,13626.0,3.322,2277.0,4468.21,21.2012,9364.0,4.32,1.0
TOI 1338.01,2600.061605,11.6316864,254.6525048,0.9938316,7.8498891,5723.2,3.6,2.0
TOI 1339.01,1238.0,2.71,777.0,60.7382,3.20594,5555.7,4.49,2.0
TOI 1339.02,1081.396943,4.5139977,545.0001759,20.8500726,3.1455035,5555.7,4.49,2.0
TOI 1339.03,1029.0917261,5.9120193,494.1094771,14.086845,3.2843583,5555.7,4.49,2.0
TOI 134.01,593.7540922,1.1583061,891.6389885,149.3747543,1.4616853,3794.0,4.67812,2.0
TOI 1340.01,1904.8131484,5.1458902,895.5943008,152.0429498,5.3744721,5929.0,4.48275,0.0
TOI 1341.01,9270.0,2.643,1443.0,720.601,48.9878,6477.6,4.13,0.0
TOI 1343.01,935.0,4.837,4701.0,81123.4,5.34279,9622.0,4.39,0.0
TOI 1344.01,5046.0,2.73,1015.0,176.671,25.7481,5941.5,4.23,0.0
TOI 1346.01,844.7022676,3.1711008,811.847988,102.6644008,2.7049797,4965.0,4.56,2.0
TOI 1346.02,733.5550822,0.8779711,1186.6066429,468.5415425,2.5235818,4965.0,4.56,2.0
TOI 1347.01,424.3932848,0.8758764,1678.5549814,1876.1315489,1.7536544,5300.0,4.56,2.0
TOI 1347.02,318.6638392,2.4105648,938.9141348,183.6641995,1.6177405,5300.0,4.56,2.0
TOI 1348.01,355.8315803,2.029,1174.0,316.156,1.83828,4567.0,4.39,0.0
TOI 135.01,10831.0,4.405,1715.0,1436.49,17.0952,6888.0,4.23416,2.0
TOI 1350.01,2710.0,7.713,1925.0,2282.41,17.4013,6415.0,3.49,1.0
TOI 1353.01,2085.0,2.252,2535.0,6855.78,9.91393,9706.0,4.29,0.0
TOI 1354.01,1768.0,2.93,5621.0,165726.0,9.00484,9224.0,4.37,0.0
TOI 1355.01,5156.7735359,2.1417853,2652.9602078,11706.9549101,15.2590586,9218.0,4.27,1.0
TOI 1357.01,529.0,1.351,2725.0,9164.98,2.96097,7387.0,4.39,0.0
TOI 1358.01,390.0,2.54,3304.0,19786.3,5.10182,10445.0,4.09,0.0
TOI 1359.01,1870.0,2.386,2311.0,4740.94,13.4294,5915.0,3.82,0.0
TOI 136.01,4489.9119215,0.5588219,723.3961549,64.718104,1.3543237,3043.0,5.09707,2.0
TOI 1360.01,570.0,2.49,4453.0,65312.0,5.18865,8999.0,4.05,0.0
TOI 1361.01,4281.0,2.991,2085.0,3143.23,10.2256,7050.0,4.19,1.0
TOI 1363.01,1393.0,2.819,1045.0,198.127,13.5133,6012.0,3.39,0.0
TOI 1364.01,878.0,2.034,2597.0,7558.32,9.49405,9598.0,3.81,1.0
TOI 1365.01,7283.0,3.37,3235.0,18194.7,21.4433,6046.3,4.43,0.0
TOI 1366.01,8264.2193919,3.3250502,962.2429589,202.6095767,26.5090911,5705.0,3.97,0.0
TOI 1367.01,730.0,2.307,2665.0,8383.12,5.41738,6255.8,4.11,0.0
TOI 1368.01,290.0,2.304,2024.0,2790.4,2.95064,5717.0,3.97,0.0
TOI 1369.01,1200.0,5.23,1948.0,2393.29,6.14418,9139.0,4.29,0.0
TOI 1370.01,3450.0,2.463,1993.0,2619.14,11.2446,8728.0,4.32,0.0
TOI 1372.01,1120.0,1.67,964.0,143.457,8.22262,5772.0,4.07,0.0
TOI 1373.01,8913.0,3.225,1604.0,1099.44,15.4014,6893.4,4.22,1.0
TOI 1374.01,470.0,2.512,3736.0,32361.2,10.3628,9222.0,3.42,0.0
TOI 1375.01,1360.0,3.1,1480.0,796.96,5.78741,7465.0,4.31,0.0
TOI 1376.01,956.0,1.496,1476.0,787.969,4.42263,6026.0,4.16,0.0
TOI 1378.01,4990.0,2.348,1921.0,2264.51,42.6903,8224.0,3.81,0.0
TOI 1381.01,2474.0,4.058,3318.0,20126.7,28.2675,9976.0,4.01,1.0
TOI 1383.01,1250.0,2.698,3568.0,26916.4,10.8699,6023.1,4.24,0.0
TOI 1384.01,450.0,2.428,3234.0,18159.7,4.89712,5128.9,3.88,0.0
TOI 1386.01,1806.0,5.209,667.0,32.9135,4.31235,5769.0,4.43,2.0
TOI 1387.01,426.099,1.443,2743.0,9401.36,3.89595,7842.0,4.22,0.0
TOI 1388.01,14440.0,2.502,1118.0,259.687,14.5331,6051.2,4.35,1.0
TOI 139.01,1149.7328034,2.1937617,554.9934842,22.4219066,2.3337648,4356.0,4.53491,2.0
TOI 1390.01,1683.0,3.55,3551.0,26423.9,12.8098,7495.0,3.88,0.0
TOI 1391.01,1165.0,2.703,2317.0,4788.29,4.98036,5256.0,4.59,0.0
TOI 1392.01,1030.0,2.422,1983.0,2571.69,8.48351,8342.0,3.9,0.0
TOI 1394.01,980.0,3.769,2311.0,4739.26,4.47387,6294.0,4.13,0.0
TOI 1395.01,370.0,1.464,1987.0,2591.32,3.41784,6301.3,4.07,0.0
TOI 1396.01,3892.81,4.783,1667.0,1282.52,6.35126,4731.1,4.35,0.0
TOI 1397.01,10160.0,3.628,1366.0,578.958,24.132,6057.0,4.43,0.0
TOI 1399.01,1573.0,2.4,3488.0,24595.6,5.91488,6483.0,4.28,0.0
TOI 1400.01,910.0,3.29,1987.0,2592.62,11.8401,6004.0,4.06,0.0
TOI 1402.01,650.0,0.947,3049.0,14357.3,6.69456,7111.0,3.91,0.0
TOI 1403.01,3066.2492749,6.0165684,2362.6020308,7363.4830838,18.3852989,7577.0,4.05,0.0
TOI 1404.01,779.0,3.488,1157.0,297.944,2.4024,6051.5,4.48,1.0
TOI 1404.02,1687.0,3.265,749.0,52.4908,3.73311,6051.5,4.48,1.0
TOI 1406.01,5460.0,4.04,1007.0,171.146,9.43898,6519.0,4.36,2.0
TOI 1407.01,179.2248456,4.2281711,1062.3035336,300.9646623,2.0515332,6073.5,4.1,1.0
TOI 1408.01,2447.0,1.318,1293.0,465.179,8.3621,6594.0,4.23,2.0
TOI 1408.02,87.0,2.461,1864.0,2005.35,1.39527,6594.0,4.23,1.0
TOI 141.01,228.0,1.41,1835.0,1882.94,1.7202,5795.29,4.438,2.0
TOI 1410.01,1240.0,0.86,980.0,153.719,3.43106,4634.6,4.51,2.0
TOI 1411.01,393.0,1.339,1125.0,266.85,1.404,4184.0,4.57376,2.0
TOI 1413.01,1805.1895773,0.6671441,891.1240042,149.0299553,6.1579891,5427.0,4.51461,1.0
TOI 1415.01,1061.4991496,5.1737619,942.9968937,186.8796664,4.7909139,6383.0,4.24518,1.0
TOI 1416.01,376.0,1.356,1590.0,1061.92,1.60037,4946.0,4.53834,2.0
TOI 1417.01,10471.4949697,2.2602485,1793.7963398,2446.8848714,19.9197757,7164.0,4.25661,2.0
TOI 1419.01,13760.0,1.849,1015.0,176.587,10.0433,5224.0,4.55801,1.0
TOI 142.01,25080.3290695,1.2018737,1026.213105,262.1025386,12.600718,3658.0,4.438,1.0
TOI 1420.01,15989.231101,3.3628003,872.4987884,136.9557694,12.090823,5387.0,4.46259,2.0
TOI 1422.01,1339.5837664,4.4847322,786.6834253,90.515093,3.84805,5914.0,4.46,2.0
TOI 1423.01,2854.4589288,3.3967282,967.6926252,207.2386368,6.4145519,4993.0,4.66918,0.0
TOI 1424.01,1186.0289925,2.362418,796.4215716,95.080851,3.5246468,4528.99,4.48318,1.0
TOI 1426.01,5750.0,1.153,2398.0,5497.38,1.99,5558.0,4.43,0.0
TOI 1428.01,2190.0,6.047,1731.0,1493.65,12.9372,6314.0,3.87,0.0
TOI 1429.01,1029.5348333,1.1161082,2573.9569471,10373.5192117,4.841202,5854.65,4.1262,0.0
TOI 143.01,6829.4236495,3.4303821,2068.197749,4324.0354536,17.30428,6371.0,3.94807,1.0
TOI 1430.01,701.0,2.424,733.0,48.0098,1.97737,5064.0,4.57887,2.0
TOI 1431.01,6449.0,2.03,1720.0,1454.53,15.9327,7400.0,4.11,2.0
TOI 1432.01,510.0,2.441,916.0,117.102,2.19963,5587.0,4.51,1.0
TOI 1434.01,712.5668187,4.6960535,474.9939578,12.0302137,2.4078494,5393.86,4.67802,1.0
TOI 1435.01,148.2277582,1.3936363,1707.7366899,2010.0397143,0.9996714,5142.0,4.54622,1.0
TOI 1436.01,321.4840933,1.3814953,1474.8095115,1118.0589981,1.4302423,5011.22,4.6136,1.0
TOI 1437.01,331.0,5.765,868.0,94.5008,2.00342,6093.0,4.32207,2.0
TOI 1438.01,769.5996824,0.8991981,883.3765229,143.9144538,2.259057,5374.0,5.96065,2.0
TOI 1438.02,799.0,1.377,623.0,25.1545,2.49195,5374.0,5.96065,2.0
TOI 1439.01,560.0,5.321,801.0,68.4355,3.68027,5873.0,4.043,2.0
TOI 144.01,321.0,2.789,1052.0,203.434,1.99779,5950.0,4.438,2.0
TOI 1440.01,434.0,5.322,1056.0,207.048,2.43592,5780.0,4.438,1.0
TOI 1440.02,152.4142924,4.6582573,1239.4886654,557.8163511,1.43332,5780.0,4.438,1.0
TOI 1441.01,435.0,5.813,790.0,64.932,2.33525,5885.0,4.27782,1.0
TOI 1442.01,1281.2294665,0.6165726,967.4422529,207.0242436,1.1833779,3328.0,4.91612,2.0
TOI 1443.01,956.0,4.025,564.0,16.8576,2.11441,5236.0,4.63898,2.0
TOI 1444.01,209.49313,1.3258819,2147.7419002,5028.6262848,1.4344026,5466.0,4.48625,2.0
TOI 1445.01,630.0,3.91,1013.0,175.261,2.67352,6240.0,4.46607,1.0
TOI 1445.02,390.0,2.947,1267.0,428.772,2.14401,6240.0,4.46607,1.0
TOI 1446.01,688.3375977,2.4466954,822.8089031,108.3220651,2.4720516,5180.0,4.54308,1.0
TOI 1446.02,428.7456455,1.885675,920.906304,169.9741138,1.7133121,5180.0,4.54308,1.0
TOI 1448.01,4723.0724376,3.127852,388.1291894,5.3632275,2.6354043,3391.0,4.84373,2.0
TOI 1449.02,699.3113402,1.6840374,1160.0492093,427.9831307,1.614201,5780.0,4.64751,1.0
TOI 145.01,3376.0,4.78,1501.0,842.866,8.86428,5430.7,4.4,1.0
TOI 1450.01,465.1929875,1.008937,660.3898166,44.9492524,1.0924808,3407.0,4.7606,2.0
TOI 1451.01,608.0,2.796,751.0,53.0216,2.51948,5781.0,4.43068,2.0
TOI 1452.01,3249.1164334,1.7587777,304.152939,2.0225025,1.6184944,3248.0,4.95407,2.0
TOI 1453.01,852.0,1.678,646.0,28.9612,2.12746,4920.0,4.64,2.0
TOI 1453.02,274.0,1.874,963.0,142.833,1.17405,4920.0,4.64,2.0
TOI 1454.01,13578.3447901,2.988801,1444.134709,1027.9022729,13.6925582,6075.0,4.38,1.0
TOI 1456.01,6066.0,6.475,1008.0,171.765,10.3984,6125.0,4.29,2.0
TOI 1458.01,13613.0,3.074,1761.0,1597.59,15.4018,6140.0,4.32,1.0
TOI 1460.01,8029.880305,3.3079378,977.1959895,215.5002138,16.4578474,5766.0,4.438,0.0
TOI 1462.01,110.0,2.098,1462.0,759.183,1.28228,5801.89,4.25132,2.0
TOI 1463.01,11426.6170088,2.7497683,1308.6978872,693.2320081,12.0920506,5583.0,4.33946,1.0
TOI 1464.01,861.7265878,2.5943007,698.0518398,56.1140618,2.686447,5290.0,4.53286,1.0
TOI 1465.01,23730.0,1.431,1231.0,382.328,12.5242,4910.0,4.57248,1.0
TOI 1466.01,920.0,1.475,1001.0,167.099,2.40733,4201.0,4.5079,1.0
TOI 1467.01,1437.1086027,1.5478671,525.9795517,18.0882455,1.8721145,3834.0,4.74552,2.0
TOI 1468.01,2937.4953214,1.7640717,308.4743596,2.1399188,2.013576,3382.0,4.85532,2.0
TOI 1468.02,1214.0066593,1.1911684,623.5511988,35.7280633,1.4548629,3382.0,4.85532,2.0
TOI 1469.01,254.2319025,0.8776502,950.5390679,192.9304989,1.2815317,4884.29,4.59034,1.0
TOI 1469.02,269.0,1.421,789.0,64.6487,1.39215,4884.29,4.59034,1.0
TOI 147.01,8643.1016455,2.4377583,1900.9587948,3086.1129325,35.4084057,5620.9,3.6,0.0
TOI 1470.01,1847.4872236,1.265861,661.896336,45.3608214,2.2007181,3624.0,4.74607,2.0
TOI 1471.01,1415.0,5.508,1060.0,209.722,3.91576,5625.56,4.46798,2.0
TOI 1471.02,1193.0,6.5,542.0,14.3711,3.28372,5625.56,4.46798,2.0
TOI 1472.01,2368.6952027,2.692302,826.0146095,110.0200699,4.4784698,5103.0,4.50257,2.0
TOI 1473.01,567.0,2.898,1144.0,284.941,2.1916,5958.0,4.48217,2.0
TOI 1474.01,15867.9920175,4.693629,329.6508495,2.7908584,3.7216015,3453.0,4.95337,0.0
TOI 1475.01,718.4869448,0.9060555,1813.345207,2555.3062468,5.2961699,10012.0,4.29876,1.0
TOI 1476.01,6969.0,2.57,2361.0,5165.92,12.9438,6596.04,4.2467,1.0
TOI 1477.01,9548.2806012,2.2139341,1809.0414376,2531.1335542,18.2785375,6695.0,4.17494,1.0
TOI 1478.01,11500.0,4.613,1119.0,261.013,12.3422,5623.0,4.4,2.0
TOI 1479.01,2054.0,1.804,550.0,15.2595,17.1854,6423.0,3.74,0.0
TOI 148.01,4210.0,3.103,1272.0,435.152,7.42915,5814.3,4.34,2.0
TOI 1481.01,1168.0,1.656,1952.0,2412.11,14.8742,8332.0,3.54,0.0
TOI 1482.01,7555.0,4.775,1570.0,1009.66,15.4584,6720.0,4.09,1.0
TOI 1483.01,1950.0,4.154,2028.0,2812.53,6.77338,6109.0,4.42,0.0
TOI 1484.01,1099.0,1.266,1723.0,1464.16,8.21669,5843.7,3.82,0.0
TOI 1486.01,230.0,1.075,2072.0,3064.12,1.30468,4154.0,4.53,0.0
TOI 1491.01,2513.0,2.758,1180.0,322.83,5.56985,5899.0,4.29,1.0
TOI 1492.01,662.925,1.089,1739.0,1519.96,3.54647,5904.0,4.31,0.0
TOI 1493.01,3710.0,5.405,1760.0,1594.76,18.0411,6064.0,3.57,2.0
TOI 1494.01,6358.0060702,2.754044,1378.3967823,853.1354811,12.9814741,6434.0,4.21,2.0
TOI 1496.01,5890.0,6.877,1463.0,760.667,11.5303,5113.0,4.71,0.0
TOI 1497.01,468.0,2.294,5356.0,136662.0,4.12435,8911.0,4.26,0.0
TOI 1498.01,2730.0,3.661,4713.0,81940.9,11.8932,8014.0,4.32,0.0
TOI 150.01,6489.7302346,5.8548029,1335.1143401,750.9220273,13.8892762,5982.9,4.03,2.0
TOI 1501.01,2680.0,2.682,4387.0,61535.5,10.1773,7274.0,4.25,0.0
TOI 1502.01,1460.0,2.39,2565.0,529.9,11.1685,5647.0,3.68,0.0
TOI 1503.01,600.0,3.102,4329.0,58331.7,6.07704,6928.0,4.29,0.0
TOI 1504.01,691.0,1.354,1695.0,1370.47,3.80598,6194.0,4.16,0.0
TOI 1505.01,569.4677099,5.9083927,1836.8876704,2690.6140029,7.7503736,6338.0,3.9,0.0
TOI 1506.01,1039.0,3.269,3198.0,17372.4,18.4382,9195.0,3.75,0.0
TOI 1507.01,1592.12,1.25,5361.0,137211.0,7.77804,7960.5,4.23,0.0
TOI 1508.01,550.0,2.236,2244.0,4213.12,11.8527,8326.0,3.58,0.0
TOI 1509.01,1055.0,1.646,2058.0,2982.64,9.73924,7856.0,3.78,0.0
TOI 151.01,1713.69,1.49,1548.0,955.676,3.59995,5037.6,4.72,0.0
TOI 1510.01,440.0,3.138,2736.0,9304.06,7.11712,6524.0,3.5,0.0
TOI 1511.01,2919.0,2.321,5314.0,132458.0,15.8737,9218.0,4.21,0.0
TOI 1513.01,730.0,3.807,2509.0,6579.97,4.06597,6221.0,4.13,0.0
TOI 1514.01,1170.0,4.156,3254.0,18625.3,11.8886,7339.8,3.56,0.0
TOI 1515.01,910.0,2.346,1352.0,555.083,7.19016,6370.0,3.81,0.0
TOI 1516.01,17453.0,2.773,1839.0,1899.83,17.2767,6485.0,4.37,2.0
TOI 1518.01,8984.9897271,2.3653693,2917.5260913,17123.005499,19.576504,9918.0,4.32,2.0
TOI 152.01,3666.99,2.68,1161.0,302.511,8.1288,6347.0,4.23,0.0
TOI 1520.01,1034.0,5.386,2649.0,8177.52,6.96236,6153.0,4.15,0.0
TOI 1521.01,4280.0,4.394,1585.0,1049.28,15.448,6146.0,3.78,0.0
TOI 1522.01,580.0,2.737,2704.0,8878.81,4.92227,9024.0,4.24,0.0
TOI 1523.01,1070.0,2.649,1123.0,264.81,5.19273,6745.0,4.23,0.0
TOI 1525.01,519.0,1.433,3260.0,18771.3,7.26341,9603.0,3.83,0.0
TOI 1526.01,654.0,1.37,1613.0,1124.09,6.01061,6298.0,3.77,0.0
TOI 1527.01,2884.0,3.69,1757.0,1582.94,15.2343,7664.0,3.81,1.0
TOI 1532.01,6702.0,2.71,1092.0,236.656,12.3602,6659.0,4.29,1.0
TOI 1533.01,1168.0,1.828,1011.0,173.908,2.93272,5053.0,4.48,1.0
TOI 1533.02,2301.0,0.804,628.0,25.9007,9.29431,5053.0,4.48,1.0
TOI 1534.01,560.0,2.728,2481.0,6293.46,3.93221,6329.0,4.08,0.0
TOI 1535.01,3240.0,2.774,1559.0,982.822,15.3823,7715.3,3.96,0.0
TOI 1536.01,822.8974252,2.1214907,3580.9202252,38859.7127334,9.0269074,10310.0,4.01,0.0
TOI 1537.01,1080.0,2.545,990.0,159.69,3.24146,5999.0,4.52,1.0
TOI 1538.01,2400.0,4.589,1306.0,483.652,5.62882,6034.0,4.39,1.0
TOI 1539.01,700.0,4.378,2985.0,13184.6,9.54526,5855.0,3.45,0.0
TOI 154.01,2970.0,1.803,833.0,80.0277,16.2785,5910.7,3.59,0.0
TOI 1543.01,930.0,4.45,2355.0,5106.92,7.04152,9238.0,4.08,0.0
TOI 1545.01,1590.0,1.607,1954.0,2422.33,7.73846,6905.3,4.03,0.0
TOI 1546.01,490.0,1.894,2159.0,3611.25,3.03424,6223.0,4.23,1.0
TOI 1547.01,478.823,1.474,2210.0,3964.33,3.45648,5758.0,4.21,0.0
TOI 1549.01,5740.0,3.413,2619.0,7814.19,25.2815,6116.5,4.18,0.0
TOI 155.01,973.0,4.319,1499.0,839.203,5.28759,6220.5,3.99,1.0
TOI 1550.01,1720.0,1.988,3151.0,16378.0,32.1007,6628.0,3.43,0.0
TOI 1551.01,1250.0,1.202,1506.0,855.787,6.44889,6745.5,4.09,1.0
TOI 1552.01,420.0,2.656,1479.0,795.635,10.2119,9146.0,3.45,0.0
TOI 1554.01,4001.924935,2.8505348,799.4458445,96.5333103,6.3734064,5450.4,4.48,1.0
TOI 1555.01,27336.4,0.908,1263.0,422.491,10.1564,6025.3,4.46,0.0
TOI 1556.01,2750.0,2.605,3409.0,22433.7,9.20279,8009.0,4.29,0.0
TOI 1557.01,860.0,1.967,2042.0,2889.01,4.98445,5751.0,4.0,0.0
TOI 1559.01,1339.0,1.046,1225.0,374.648,9.72728,8455.3,3.95,1.0
TOI 156.01,3800.0,3.599,1148.0,288.531,10.6751,5823.9,4.6,0.0
TOI 1560.01,812.7310325,0.5351356,5634.0594403,238125.9359212,6.2776081,9035.0,4.16,1.0
TOI 1561.01,1020.0,3.32,3374.0,21521.5,13.266,6777.0,3.55,0.0
TOI 1562.01,420.0,2.05,2612.0,7729.29,3.95137,6208.0,3.99,0.0
TOI 1563.01,4496.0,6.121,93.0,0.0125876,5.13949,4582.0,4.55,1.0
TOI 1568.01,2840.0,2.831,3113.0,15609.5,10.3751,5421.0,4.46,0.0
TOI 1569.01,681.449,2.038,1550.0,958.34,14.1349,5511.5,3.28,0.0
TOI 157.01,12504.825019,2.017038,1463.9513087,1085.4942586,13.4432705,5638.0,4.35,2.0
TOI 1570.01,1110.0,3.88,3218.0,17804.9,5.62786,8348.0,4.24,0.0
TOI 1571.01,663.745,1.563,1660.0,1263.34,6.05271,5624.8,3.92,0.0
TOI 1572.01,9854.3,6.104,1998.0,2647.36,27.4804,6322.2,3.77,0.0
TOI 1573.01,6499.0,3.045,581.0,18.9464,13.1431,5925.0,4.1,1.0
TOI 1575.01,1795.0,3.13,2685.0,8632.97,12.3334,5429.5,4.01,0.0
TOI 1577.01,2730.0,1.632,1963.0,2465.96,5.29489,6082.0,4.39,0.0
TOI 1578.01,5470.0,6.549,4083.0,46143.6,17.5768,6742.0,3.95,0.0
TOI 158.01,2790.01,2.411,1478.0,793.471,13.3617,5988.0,4.08,0.0
TOI 1580.01,6864.0,4.799,1574.0,1021.14,18.3428,6333.0,3.86,1.0
TOI 1582.01,3415.0,3.118,3814.0,35143.2,21.043,6904.3,4.05,0.0
TOI 1583.01,450.0,2.923,2363.0,5181.65,10.0329,10097.0,3.52,0.0
TOI 1584.01,870.0,1.679,4438.0,64431.5,24.9348,6919.0,3.36,0.0
TOI 1587.01,1517.0,4.572,1292.0,463.57,8.71775,7275.0,3.91,0.0
TOI 1589.01,12666.0,4.221,766.0,57.342,21.7639,7455.0,4.17,0.0
TOI 159.01,11360.0,3.956,1660.7594667,1797.8272074,17.3305867,6979.2,4.22,1.0
TOI 1592.01,1186.1481873,3.4553092,1190.3562406,474.4919122,4.8217692,5669.9,4.16,0.0
TOI 1593.01,600.0,2.157,1831.0,1866.39,11.9118,6716.5,3.24,0.0
TOI 1594.01,640.0,2.59,3240.0,18303.0,11.1245,9447.0,3.54,0.0
TOI 1595.01,2549.0,1.641,1520.0,886.867,8.13315,6222.3,4.15,0.0
TOI 1596.01,1295.0,3.69,3193.0,17275.6,16.6678,7962.9,3.6,0.0
TOI 1597.01,980.0,1.057,1853.0,1958.84,4.68288,6001.0,4.14,0.0
TOI 1598.01,580.0,0.864,1549.0,958.145,4.33066,6011.0,4.04,1.0
TOI 1599.01,12160.1096043,2.8341804,2510.7866744,9392.0471009,18.2179311,7398.5,4.25,1.0
TOI 160.01,3213.22,3.383,1445.0,724.001,7.99698,5935.0,4.29,0.0
TOI 1600.01,710.0,0.756,2003.0,2677.39,6.69136,6056.9,3.99,0.0
TOI 1601.01,4220.0,6.191,1593.0,1071.42,14.6101,5917.0,3.78,2.0
TOI 1603.01,8121.0,2.589,1229.0,379.567,14.269,6739.0,4.21,1.0
TOI 1604.01,1620.0,4.403,3450.0,23536.1,20.8363,7249.8,3.69,0.0
TOI 1605.01,4510.0,3.027,1185.0,327.472,20.9625,5597.0,4.03,2.0
TOI 1608.01,2929.0,2.341,2298.0,4630.82,23.6289,6057.7,3.84,0.0
TOI 1610.01,387.0,1.286,1083.0,228.804,2.29951,5740.2,4.3,1.0
TOI 1611.01,885.0,2.792,641.0,28.0911,2.38101,5071.0,4.58,2.0
TOI 1612.01,9597.0,2.417,1373.0,591.067,15.5276,6082.0,4.13,1.0
TOI 1613.01,1180.0,3.45,1381.0,604.151,5.46087,6651.0,4.27,0.0
TOI 1615.01,13317.0,1.991,1600.0,1090.26,25.3897,7170.0,4.31,0.0
TOI 1616.01,1052.0,0.662,1218.0,365.857,4.72169,6713.0,4.27,1.0
TOI 1617.01,1532.0,1.562,1857.0,1975.13,3.7143,5521.0,4.48,0.0
TOI 1618.01,560.0,1.39,2820.0,10508.5,5.32848,10596.0,4.27,0.0
TOI 1620.01,296.0,2.254,2451.0,5992.53,2.28827,6594.0,4.23,1.0
TOI 1621.01,200.0,3.582,1423.0,680.81,1.35756,7257.0,4.64,1.0
TOI 1622.01,340.0,3.128,2285.0,4528.0,2.01928,5932.2,4.48,0.0
TOI 1624.01,1111.0,5.137,1664.0,1275.72,3.79308,6406.0,4.34,0.0
TOI 1625.01,890.0,2.114,2065.0,3024.1,4.21366,6587.0,4.27,0.0
TOI 1626.01,8310.5066162,3.5620066,1590.6670806,1512.9973764,15.6399082,5768.2,4.0,1.0
TOI 1627.01,14236.9594003,3.7363301,1143.9473896,404.711186,13.5478019,5930.0,4.4,1.0
TOI 1628.01,9203.7552743,3.1539349,1949.0214829,3410.2601185,18.0537588,6148.0,4.01,1.0
TOI 1629.01,9760.0,4.294,1491.0,821.405,17.3816,5939.3,4.0,1.0
TOI 163.01,7261.2759361,4.3531635,1584.3518526,1489.1126253,14.6260711,6671.0,4.14,2.0
TOI 1630.01,807.0,1.959,584.0,19.3677,2.39173,5504.0,4.58,2.0
TOI 1632.01,117724.0282614,4.9807847,264.4172054,1.1552603,8.0476984,2990.0,5.13581,0.0
TOI 1634.01,1519.669587,1.0357615,848.0098579,122.2150262,1.8303854,3455.0,4.76798,2.0
TOI 1635.01,110264.9392094,2.7546907,242.488665,0.8171218,18.8285063,3496.0,4.9,0.0
TOI 1636.01,26694.3797428,1.8255671,1076.8402129,317.7796355,14.9468862,4769.0,4.64845,0.0
TOI 1637.01,10459.727229,4.4132181,1571.9653862,1443.0883389,17.5223182,6531.44,4.13711,0.0
TOI 1638.01,4304.9322224,0.6662728,1109.3660254,357.9484179,5.386904,3810.0,4.56875,1.0
TOI 1639.01,3156.5658264,2.5562155,1083.3609617,325.5470241,3.4348127,3896.0,4.64192,0.0
TOI 164.01,3809.3,3.771,1296.0,468.718,8.79673,5926.0,4.27,0.0
TOI 1640.01,2089.2444115,0.8060618,560.7827791,23.3722044,1.3929217,3414.0,4.97292,2.0
TOI 1641.01,570.0,1.028,2202.0,3903.88,12.8352,9898.0,3.77846,1.0
TOI 1643.01,1065.5355707,1.2186554,508.9693869,15.8594327,2.7170462,4763.0,4.54306,1.0
TOI 1645.01,17864.5520776,2.7480823,1677.7485906,1872.5289135,18.0850347,6198.0,4.27912,0.0
TOI 1647.01,9189.0,2.124,1103.0,245.906,37.9891,5821.7,3.97,0.0
TOI 1648.01,893.0,1.287,637.0,27.4026,2.77433,4871.6,4.48,1.0
TOI 1649.01,6423.0,2.164,2058.0,2978.62,16.0772,8170.0,4.24,0.0
TOI 165.01,7336.6908822,2.8561356,993.2304197,161.5793695,12.7936991,6038.0,3.96,0.0
TOI 1650.01,1370.0,2.986,1132.0,272.763,11.1497,7719.0,3.74,0.0
TOI 1651.01,14735.0,2.642,1367.0,580.386,17.8182,6724.0,4.29,1.0
TOI 1652.01,260.0,1.38,2004.0,2681.48,3.217,5329.0,3.8,0.0
TOI 1655.01,1101.0,2.631,1243.0,396.593,3.61232,5411.0,4.29,1.0
TOI 1657.01,1683.0,3.877,1933.0,2320.13,7.00844,5304.0,4.6,0.0
TOI 1658.01,565.5754223,2.0674164,4165.8164478,71174.0244493,8.1888041,7325.5,3.71,0.0
TOI 1659.01,412.2881337,2.9027641,1031.1383185,267.1706249,2.1822904,5977.0,4.47,2.0
TOI 1659.02,171.0,2.197,1288.0,456.908,1.18609,5977.0,4.47,1.0
TOI 166.01,5276.0349302,1.5562414,1002.9601068,239.1418795,9.1484302,5254.0,4.45,1.0
TOI 1660.01,482.0,2.504,2908.0,11881.9,4.12493,6375.0,4.0,0.0
TOI 1663.01,1940.0,2.957,3490.0,24634.5,13.5855,7895.7,4.06,0.0
TOI 1664.01,336.0,2.094,750.0,52.6622,2.5354,6225.0,5.06078,1.0
TOI 1666.01,650.0,2.169,2165.0,3651.29,5.20733,7185.0,4.04,0.0
TOI 1668.01,1121.0,3.294,1697.0,1379.02,2.74038,5420.0,4.38,0.0
TOI 1669.01,456.0,1.758,1198.0,342.997,2.3437,5550.0,4.37,2.0
TOI 1670.01,6026.0,4.873,544.0,14.5514,10.1271,6453.0,5.20004,2.0
TOI 1670.02,315.0,2.636,1043.0,196.694,2.35616,6453.0,5.20004,2.0
TOI 1670.03,485.2393663,9.7316587,443.4993569,9.1430897,2.9538423,6453.0,5.20004,1.0
TOI 1672.01,911.0,2.832,1359.0,566.299,5.15915,6064.0,3.94,0.0
TOI 1675.01,1192.0,1.237,1922.0,2269.81,10.3743,7478.0,4.05,1.0
TOI 1676.01,8587.0,2.756,1626.0,1161.72,16.4091,6673.0,4.13,1.0
TOI 1677.01,876.6807794,0.6659322,2608.950134,10949.2435224,4.8452813,5919.7,4.12,1.0
TOI 1680.01,4358.1157678,1.1658648,370.455897,4.4510969,1.4202459,3231.0,5.04064,2.0
TOI 1681.01,1135.0,0.766,1677.0,1313.48,8.73996,5672.5,4.51,1.0
TOI 1682.01,9209.0,3.205,1808.0,1775.39,17.805,6767.9,4.1,1.0
TOI 1683.01,1117.9638175,1.3790503,848.2229732,122.3379291,2.4878486,4402.0,4.59,2.0
TOI 1685.01,1254.3711932,0.9921631,964.704855,204.6910522,1.9200407,3457.0,4.7705,2.0
TOI 1686.01,575.2056582,3.8459321,1209.2246588,505.2996309,3.7076274,6141.0,4.17616,1.0
TOI 1687.01,1080.9213165,1.8234891,819.8012135,106.7468895,3.9130735,5734.0,4.4674,1.0
TOI 1688.01,9138.715071,7.5037208,1484.8121463,1148.7011293,22.875658,5843.0,3.7177,0.0
TOI 169.01,5283.7103901,1.6678604,1579.7828847,1472.0095217,11.0535293,5817.0,4.23,2.0
TOI 1691.01,989.0,4.561,834.0,80.3869,2.88015,5759.0,4.44767,2.0
TOI 1692.01,1086.4618139,6.4427868,909.5495957,161.7433903,4.9572307,6554.0,4.24316,1.0
TOI 1692.02,2409.2943157,7.519958,793.0,72.9642265,7.3178089,6554.0,4.24316,1.0
TOI 1693.01,830.5082973,1.4196682,700.8548645,57.0208084,1.5574734,3474.0,4.77152,2.0
TOI 1694.01,4361.1801082,2.8512056,953.4195932,195.2881696,5.4800266,5058.0,4.53907,2.0
TOI 1695.01,1183.6060713,1.2158796,618.3628631,34.5537033,1.7992966,3575.0,4.72334,2.0
TOI 1696.01,12579.3504758,0.8809865,491.6465759,13.8080731,3.1713853,3181.0,4.94798,2.0
TOI 1697.01,1280.0,3.075,587.0,19.7169,2.34185,4067.0,4.50609,1.0
TOI 1699.01,813.7370725,2.382923,1096.3569775,341.4514343,3.0070741,5654.4,4.41,1.0
TOI 170.01,12280.0,2.685,1245.0,399.006,13.941,5973.0,4.31,1.0
TOI 1700.01,1020.0,1.611,2055.0,2963.42,3.49799,5524.0,4.41,0.0
TOI 1701.01,2283.6562849,1.3470884,1320.8410635,719.3218467,4.5073642,4685.1,4.42,1.0
TOI 1702.01,1000.0,0.853,1645.0,1215.98,2.95177,4252.9,4.37,0.0
TOI 1703.01,2414.8791188,0.6498366,1759.6991613,2266.0772453,5.3210497,5747.6,4.39,1.0
TOI 1704.01,2270.0,2.153,1244.0,398.651,6.51515,6621.9,4.33,0.0
TOI 1705.01,644.0,4.875,1039.0,193.559,3.74642,6653.0,4.14,0.0
TOI 1706.01,449.0,2.628,1297.0,470.034,2.07194,5617.0,4.47,1.0
TOI 1706.02,325.0,2.778,1111.0,253.592,1.67743,5617.0,4.47,1.0
TOI 1707.01,1710.0,2.585,1952.0,2411.54,5.96472,6582.0,4.24,0.0
TOI 1709.01,10850.0,3.311,1194.0,338.345,18.0261,6157.0,4.1,1.0
TOI 171.01,12167.5309178,1.9048913,1639.963909,1709.4569331,12.1897562,5237.0,4.2427,1.0
TOI 171.02,4166.2802035,1.0753316,1819.5378757,2590.3914807,7.660458,5237.0,4.2427,0.0
TOI 1710.01,2844.0,5.132,654.0,30.5138,5.21152,5675.0,4.46,2.0
TOI 1711.01,5740.0,5.088,934.0,126.859,7.44683,5326.0,4.43,0.0
TOI 1712.01,3870.0,4.197,1851.0,1949.16,20.2251,6831.4,3.61,0.0
TOI 1713.01,1198.7212417,0.5671304,1949.7515652,3415.3727761,3.2761782,5097.6,4.42,1.0
TOI 1714.01,12920.0,4.258,1789.0,1701.38,19.6131,6642.3,4.14,1.0
TOI 1715.01,950.9544382,1.1692366,1795.9446278,2458.6277073,4.8112209,7072.0,4.28,0.0
TOI 1716.01,559.0,3.284,959.0,140.474,2.72432,5878.6,4.28,2.0
TOI 1717.01,8976.0,2.169,1227.0,377.016,13.1098,6578.0,4.31,1.0
TOI 1718.01,1907.0,2.745,948.0,134.155,4.24332,5378.0,4.46,1.0
TOI 1719.01,338.0,1.17,1481.0,799.261,9.65945,6096.4,3.26,1.0
TOI 172.01,2980.0,4.392,993.0,161.969,9.80856,5801.8,4.32,2.0
TOI 1720.01,13363.0,2.517,1267.0,428.036,13.1204,5267.0,4.32,1.0
TOI 1721.01,8804.0,4.454,1608.0,1112.27,15.3479,6304.0,4.11,1.0
TOI 1722.01,1437.0,3.628,952.0,136.86,3.86469,6137.0,4.43,1.0
TOI 1723.01,901.0,4.007,802.0,68.9542,2.95921,5777.0,4.38035,2.0
TOI 1724.01,2675.7176662,1.0565887,922.0627729,170.8295335,1.9806358,3541.0,4.8452,0.0
TOI 1725.01,15377.7920504,3.05123,2428.5408709,8220.5839513,22.6154555,6154.0,4.02046,1.0
TOI 1726.01,501.6058242,3.440833,885.9071544,145.5706555,2.2881711,5694.11,4.53108,2.0
TOI 1726.02,799.3817133,4.0537919,621.931143,35.3582059,2.5734283,5694.11,4.53108,2.0
TOI 1727.01,464.5713657,1.5764906,1430.8837135,990.6913333,2.1988321,5566.0,4.44006,1.0
TOI 1728.01,5400.0,1.763,718.0,44.3221,4.9395,3907.0,4.62346,2.0
TOI 173.01,6350.8299407,8.0780445,777.9510591,86.5625631,11.9868976,6409.0,4.20097,1.0
TOI 173.02,305.9835677,5.6855842,1151.7002703,415.7946307,2.6317754,6409.0,4.20097,1.0
TOI 1730.01,1488.0,2.239,910.0,114.271,2.75524,3691.0,4.70931,1.0
TOI 1730.02,742.0,1.445,944.0,132.347,1.47809,3691.0,4.70931,1.0
TOI 1730.03,2170.0,2.722,439.0,6.20302,2.4359,3691.0,4.70931,1.0
TOI 1731.01,13970.0,3.205,1369.0,583.697,15.8493,6193.0,4.2858,1.0
TOI 1732.01,1236.5042452,2.1841675,657.7908482,44.2458262,2.2236629,3876.0,4.62394,1.0
TOI 1733.01,1710.0,1.569,781.0,61.8583,6.3744,5846.0,4.11,0.0
TOI 1734.01,584.5089133,4.4849765,586.7970552,28.0202951,2.7122882,5773.0,4.46229,1.0
TOI 1735.01,380.0,3.101,904.0,110.973,2.37414,6439.0,4.35142,1.0
TOI 1736.01,439.0,3.819,1099.0,242.723,2.69175,5656.0,4.1408,2.0
TOI 1737.01,218.0,6.353,1605.0,1104.29,2.79468,6669.0,4.01,1.0
TOI 1738.01,3061.8238445,1.5474205,709.1406179,59.7654849,4.3816478,3948.0,4.59404,1.0
TOI 1739.01,571.0,1.705,685.0,36.5628,1.95844,4814.0,4.54519,2.0
TOI 174.01,854.0,2.525,462.0,7.60884,1.87042,4813.0,4.38,2.0
TOI 174.02,671.0,2.782,374.0,3.2713,1.60982,4813.0,4.38,2.0
TOI 174.03,317.0,2.614,638.0,27.5458,1.15643,4813.0,4.38,2.0
TOI 174.04,142.0,1.859,855.0,89.0886,0.757588,4813.0,4.38,2.0
TOI 174.05,217.0,2.611,720.0,44.8107,0.969819,4813.0,4.38,2.0
TOI 1740.01,850.4127883,3.5727154,582.3179815,27.1745153,2.4616462,5366.0,4.56253,1.0
TOI 1741.01,440.0,2.175,503.0,10.665,1.36492,4324.0,4.697,1.0
TOI 1742.01,350.0,5.893,770.0,58.618,1.87711,5707.0,4.31886,2.0
TOI 1743.01,1700.0,0.69,506.0,10.8837,3.30511,3281.0,4.90415,2.0
TOI 1744.01,472.0,2.582,598.0,21.2584,2.54102,6179.0,4.3969,2.0
TOI 1745.01,2583.7788262,2.2695614,519.0,13.8196717,3.4443503,3759.0,4.80439,1.0
TOI 1746.01,1258.5718559,0.989829,576.4840036,26.1017752,1.4761503,3340.0,4.81708,1.0
TOI 1746.02,1077.9105507,1.0297542,499.6923767,14.7343811,1.365807,3340.0,4.81708,1.0
TOI 1747.01,394.0,0.561,808.0,71.0366,2.08088,4435.0,4.58929,1.0
TOI 1748.01,403.1219726,1.4211172,1144.0968579,404.9227459,1.5299007,4837.0,4.51662,1.0
TOI 1749.01,1271.1867023,1.8833377,625.4009463,36.1538988,1.9980298,3959.0,4.68416,2.0
TOI 1749.02,1611.0010188,1.7653148,495.1628187,14.2073509,2.2493746,3959.0,4.68416,2.0
TOI 1749.03,569.8511771,1.032409,771.7556976,83.8378977,1.3399401,3959.0,4.68416,1.0
TOI 175.01,1657.0,1.107,479.0,8.77401,1.36751,3469.0,4.9401,2.0
TOI 175.02,1542.0,0.475,329.0,1.96064,3.04528,3469.0,4.9401,2.0
TOI 175.03,682.3972723,0.9939837,567.3025213,24.4782213,0.826635,3469.0,4.9401,2.0
TOI 1750.01,1194.0451617,2.8611319,612.9150641,33.3520232,2.619494,4765.0,4.55138,1.0
TOI 1751.01,429.0,7.685,1037.0,192.521,2.56325,6114.0,4.293,2.0
TOI 1752.01,1150.2871156,0.7694649,952.065635,194.1728744,1.8032935,3652.0,4.71387,1.0
TOI 1752.02,1469.2598788,5.075467,291.1102616,1.6972705,2.4202837,3652.0,4.71387,1.0
TOI 1753.01,630.6901313,3.2617296,1001.7564461,237.9959598,2.6170633,5700.0,4.48088,2.0
TOI 1754.01,1553.7064339,3.8395249,404.1671972,6.3061639,2.8235075,3849.0,4.65688,1.0
TOI 1756.01,916.2640701,1.7406295,696.3924073,55.5823764,1.7104603,3756.0,4.68309,1.0
TOI 1757.01,570.6858828,1.4649664,970.7631647,209.8814988,1.6780073,4428.0,4.57977,1.0
TOI 1757.02,560.4159621,0.9457107,729.4723335,66.920057,1.6316574,4428.0,4.57977,1.0
TOI 1758.01,1822.0,3.348,531.0,13.1989,3.39245,5169.0,4.57,2.0
TOI 1759.01,2610.0,3.407,435.0,5.95531,3.09094,3960.0,4.62853,2.0
TOI 176.01,71225.723174,1.556705,297.2885497,1.8460086,10.424281,3270.0,4.98242,0.0
TOI 1760.01,4957.8780942,2.0842156,293.8838939,1.7628857,2.6437021,3212.0,4.98029,0.0
TOI 1761.01,373.1625573,3.4868947,926.7725725,174.3466841,2.4230886,6311.0,4.37813,1.0
TOI 1762.01,1612.7795426,3.069765,637.122924,38.9416122,4.0770689,6156.0,4.55262,1.0
TOI 1763.01,1501.0825028,1.0636976,554.7006125,22.3746156,1.9296055,3520.0,4.76125,1.0
TOI 1764.01,19550.0,1.81,248.0,0.636581,9.77368,4415.0,4.69831,1.0
TOI 1765.01,3650.0,1.961,984.0,156.241,5.65971,5203.4,4.47,1.0
TOI 1766.01,10340.0,2.927,1790.0,1704.57,16.72,6518.0,4.15,1.0
TOI 1767.01,10270.0,3.869,1388.0,617.309,16.2509,5914.0,4.07,1.0
TOI 1768.01,795.0,4.243,1566.0,998.435,3.2807,5994.0,4.4,2.0
TOI 177.01,1395.0,1.142,610.0,23.0419,2.02068,3703.0,4.76229,2.0
TOI 1770.01,874.580104,1.2245785,2235.1877779,5898.9818226,6.5935026,6273.0,4.2,0.0
TOI 1771.01,14429.0,2.653,1183.0,325.569,13.0356,5357.7,4.37,1.0
TOI 1772.01,706.8165307,3.0287161,877.6725493,140.2332705,2.8337706,5583.1,4.44,2.0
TOI 1772.02,2162.8449313,5.3489749,811.6771905,102.5780334,4.7263644,5583.1,4.44,1.0
TOI 1773.01,384.6733121,1.5732208,1831.2668801,2657.8322415,2.0231121,5250.0,4.42,1.0
TOI 1774.01,615.2873631,5.4004652,747.4400609,73.7609475,2.7396616,5853.7,4.38636,2.0
TOI 1775.01,9950.0,3.538,760.0,55.4426,8.69623,5251.0,4.54337,2.0
TOI 1776.01,204.8553325,1.4985399,1240.8853925,560.3349224,1.4033915,5723.87,4.49543,2.0
TOI 1777.01,330.0,2.08,580.0,18.7938,1.81908,5859.45,4.4776,2.0
TOI 1778.01,415.430891,3.1190657,1149.830319,413.1007903,2.8972637,6023.0,4.23995,2.0
TOI 1779.01,99270.0,1.236,606.0,22.5072,10.9698,3138.0,4.91873,1.0
TOI 178.01,1596.0,2.08,622.0,24.9125,2.54474,4111.0,4.55528,2.0
TOI 178.02,1657.067907,2.236524,535.9397866,19.4977725,3.751004,4111.0,4.55528,2.0
TOI 178.03,1084.4327062,2.4648052,551.2319188,21.8201851,2.2807327,4111.0,4.55528,2.0
TOI 178.04,532.7580623,1.9941055,801.6779386,97.6159379,1.5148369,4111.0,4.55528,1.0
TOI 178.05,1228.5332287,2.5318138,225.1300261,0.6070922,2.6196767,4111.0,4.55528,1.0
TOI 1780.01,10980.0,1.359,1091.0,235.772,10.1999,4974.0,4.44059,1.0
TOI 1781.01,6440.0,4.41,1848.0,1939.51,15.6498,6101.12,3.92024,1.0
TOI 1782.01,1192.3398198,2.2769107,697.8376698,56.0452278,2.4703077,4336.0,4.62012,2.0
TOI 1782.02,704.8493933,1.6679098,974.9472494,213.5233995,2.1268375,4336.0,4.62012,2.0
TOI 1782.03,1506.818331,2.5550705,448.7537809,9.5841474,2.9737536,4336.0,4.62012,1.0
TOI 1783.01,465.2106205,1.3058497,1520.4997021,1263.1832531,2.2822776,5406.0,4.42475,1.0
TOI 1785.01,298.0,5.305,1120.0,261.664,4.25882,6264.0,4.25903,1.0
TOI 1786.01,2788.0,2.036,1135.0,275.837,15.6118,6505.0,4.04,0.0
TOI 1787.01,9660.0,2.58,1172.0,313.381,28.8458,6427.0,4.11,1.0
TOI 1788.01,6980.0,1.426,751.0,52.9343,10.4171,5776.0,4.25,0.0
TOI 1789.01,1960.0,1.639,1287.0,455.479,12.3921,5971.4,3.77,2.0
TOI 179.01,1125.5354645,1.8454937,918.6796864,168.3361754,2.6757659,5058.0,4.51761,2.0
TOI 1792.01,170.0,3.895,973.0,149.167,1.28915,5502.5,4.43,1.0
TOI 1793.01,2509.0,5.709,562.0,16.5899,4.36639,5175.0,4.51,2.0
TOI 1794.01,572.6986983,4.0264463,992.0587214,228.9130329,3.3302665,5707.0,4.21803,2.0
TOI 1795.01,1018.9771433,1.4664254,1435.6065273,1003.8358436,6.0002066,6071.0,4.36,0.0
TOI 1796.01,6404.7051471,0.9689289,594.0533593,29.4322068,3.812114,3456.0,4.8,1.0
TOI 1797.01,780.0,2.055,1143.0,283.719,2.99324,5922.0,4.43,2.0
TOI 1797.02,210.0,1.588,1926.0,2287.71,1.53671,5922.0,4.43,2.0
TOI 1798.01,882.3089291,3.2087652,737.0887807,69.7589934,2.3381058,5165.2,4.59,2.0
TOI 1798.02,290.8856184,1.1404291,1943.1657306,3369.4605233,1.374002,5165.2,4.59,2.0
TOI 1799.01,284.2381135,2.5107626,911.9619079,163.4661355,1.6277147,5690.0,4.48062,2.0
TOI 1800.01,9590.0,3.567,1289.0,459.542,12.4249,5634.0,4.24009,1.0
TOI 1801.01,1240.0,2.713,504.0,10.7276,1.98891,3815.0,4.69775,2.0
TOI 1802.01,1816.2755985,3.4989302,397.8391483,5.9204002,2.5066457,3859.0,4.66612,1.0
TOI 1803.01,3170.0,2.098,576.0,18.3406,4.21693,4868.61,4.6604,1.0
TOI 1803.02,1810.0,2.188,769.0,58.2524,2.98555,4868.61,4.6604,1.0
TOI 1804.01,803.0,2.756,1060.0,210.206,2.74529,5428.81,4.3631,1.0
TOI 1805.01,1194.9103544,3.3687329,538.7398234,19.9084441,2.9822257,5232.43,4.52455,1.0
TOI 1806.01,4955.304292,2.3438166,308.7009384,2.1462129,2.8411799,3272.0,4.82521,2.0
TOI 1806.02,4699.5344472,1.4883227,378.8654659,4.8692389,2.7663658,3272.0,4.82521,1.0
TOI 1806.03,1536.5683135,0.9470423,961.1999156,201.7325126,1.8451862,3272.0,4.82521,1.0
TOI 1807.01,370.0,0.883,1706.0,1407.22,1.53904,4612.99,4.56172,2.0
TOI 1808.01,4256.1743008,1.9093483,1896.6316071,3058.1088297,11.7706128,6351.66,4.13453,0.0
TOI 1809.01,12210.0,3.555,1281.0,447.82,12.4681,5797.0,4.36164,1.0
TOI 181.01,7874.5852788,2.3754425,850.9218562,123.9023995,7.0590799,4983.0,4.61445,2.0
TOI 1810.01,18850.0,2.083,1697.0,1378.13,15.4709,5555.05,4.36832,1.0
TOI 1811.01,19610.0,1.654,762.0,55.9743,11.7215,4719.0,4.49738,2.0
TOI 1812.01,9219.8978429,7.3027567,571.1843728,25.1551128,7.0430812,5059.36,4.62542,1.0
TOI 1812.02,1391.5795455,3.5623705,623.412155,35.6962064,2.7371461,5059.36,4.62542,1.0
TOI 1812.03,4780.0505501,5.3736904,307.5828267,2.1152872,5.0923959,5059.36,4.62542,1.0
TOI 1813.01,190.0,0.679,1525.0,898.537,2.95586,6194.2,4.0,0.0
TOI 1815.01,6550.0,5.14,2259.0,4328.46,20.5128,6454.0,3.77,0.0
TOI 1817.01,1329.4475111,2.2302111,957.0695694,198.2873611,6.0631073,6131.3,4.18,1.0
TOI 1818.01,3342.8070054,4.7379743,1378.4287279,853.2145726,10.0325305,6236.9,4.09,1.0
TOI 1820.01,6140.0,2.632,1151.0,292.245,11.4272,5778.2,4.16,2.0
TOI 1821.01,940.0,2.757,708.0,41.924,2.4304,5120.0,4.6,1.0
TOI 1823.01,9593.0,5.944,486.0,9.29717,8.20695,4760.0,4.49,2.0
TOI 1824.01,977.0,3.847,544.0,14.6287,2.45459,5182.0,4.55,2.0
TOI 1825.01,10610.0,2.788,768.0,57.9125,10.7723,5450.0,4.42,1.0
TOI 1826.01,10130.9411804,2.3809654,1182.988488,462.8529919,12.9812632,5418.3,4.31,2.0
TOI 1827.01,1550.632368,1.0069313,639.3631768,39.492214,1.3241394,3297.0,4.89,2.0
TOI 1828.01,2570.0,4.389,1020.0,180.272,8.09838,5759.8,4.07,2.0
TOI 1829.01,24300.0,3.044,930.0,124.221,15.9901,5565.0,4.41544,1.0
TOI 183.01,9664.2985634,3.1443388,2139.9713716,4956.2460141,29.7749124,6270.0,3.61332,0.0
TOI 1830.01,20040.0,3.736,1079.0,225.192,18.205,6327.16,4.37297,0.0
TOI 1832.01,8700.0,2.19,837.0,81.7443,7.61178,4652.0,4.52358,1.0
TOI 1833.01,8580.4318905,4.466185,1622.8246189,1639.1071763,17.0086591,6097.47,3.99566,1.0
TOI 1835.01,543.838848,3.0871502,843.1141848,119.4171181,1.8245844,5297.0,4.61016,1.0
TOI 1835.02,886.4838237,3.9454498,672.7171326,48.4006234,2.5398986,5297.0,4.61016,1.0
TOI 1836.01,2371.5221505,6.6590149,897.7592727,153.5184581,8.2227994,6351.0,4.12,2.0
TOI 1836.02,243.0,1.519,2058.0,2981.98,2.73549,6351.0,4.12,0.0
TOI 1838.01,11173.1929564,2.846111,1618.6367047,1622.2528254,14.231871,6046.76,4.28918,1.0
TOI 1839.01,721.0458571,1.5009585,1405.3497526,921.846663,2.6855348,5382.69,4.55152,1.0
TOI 184.01,23137.3629965,3.1822663,1416.8065929,952.2769628,24.4342674,6380.0,4.24852,0.0
TOI 1840.01,7020.0,5.892,1442.0,718.188,14.2866,6266.0,4.08874,1.0
TOI 1841.01,22050.0,2.982,1027.0,185.119,15.3684,5115.16,4.34437,1.0
TOI 1842.01,3170.0,4.172,1208.0,354.639,12.4956,6115.0,3.87646,2.0
TOI 1843.01,8770.0961182,4.618497,999.320223,235.6892132,12.7002634,5954.0,4.26,0.0
TOI 1844.01,22530.0,2.169,918.0,118.075,11.0975,4652.87,4.61265,1.0
TOI 1845.01,18701.4218317,2.6047415,1066.031538,305.2117259,13.3480688,5271.0,4.44,1.0
TOI 1846.01,1637.1984269,1.4305142,523.4432264,17.7418678,1.7902006,3512.0,4.81618,2.0
TOI 1847.01,9890.0,3.867,485.0,9.24196,8.9807,5076.0,4.53,1.0
TOI 1847.02,3000.0,2.132,550.0,15.1947,4.21676,5076.0,4.53,1.0
TOI 1848.01,2770.0,5.031,1507.0,856.944,8.64837,5923.0,4.05,0.0
TOI 185.01,11445.0,2.05,2251.0,4266.74,15.342,6400.0,4.36583,1.0
TOI 1852.01,21460.0,2.455,1321.0,505.623,13.4654,5356.0,4.49,1.0
TOI 1853.01,1790.0,1.211,1272.0,435.33,3.89334,4968.8,4.5,2.0
TOI 1854.01,17543.876912,2.2654363,1089.5431103,333.0417477,12.697976,4836.0,4.45,1.0
TOI 1855.01,7820.0,0.952,1505.0,852.162,19.5876,5347.0,4.33,2.0
TOI 1856.01,11900.0,7.338,316.0,1.65744,12.0713,5616.4,4.44,0.0
TOI 1858.01,20760.0,1.144,933.0,126.014,18.3695,4220.9,4.49,1.0
TOI 1859.01,5357.0,5.457,615.0,23.786,11.1495,6415.0,4.26,2.0
TOI 186.01,1575.0,3.512,505.0,10.8612,3.12194,4628.53,4.32239,2.0
TOI 186.02,194.0,2.376,966.0,144.765,1.00084,4628.53,4.32239,2.0
TOI 1860.01,151.0,1.142,1515.0,876.703,1.0883,5668.0,4.51,2.0
TOI 1861.01,8486.4050981,6.5744451,466.0296958,11.1474457,11.1888239,5490.0,4.45,1.0
TOI 1862.01,4136.2010063,2.980996,1379.0312841,854.7074229,11.4462895,6310.0,4.1,2.0
TOI 1863.01,1890.0,1.788,2877.0,11388.0,9.21032,6404.0,4.31,0.0
TOI 1864.01,19310.0,2.59,1818.0,1816.48,19.0536,6023.0,4.25,1.0
TOI 1866.01,2983.5525823,3.9576915,2134.7771952,4908.3013736,10.9791817,6728.0,4.03,1.0
TOI 1867.01,10340.0,4.562,1047.0,199.63,19.3734,6615.0,4.14,0.0
TOI 1868.01,5877.74804,3.4318591,1126.900714,381.1216482,12.1777996,6016.0,4.1,1.0
TOI 1869.01,1372.6016905,1.0090014,1858.5229504,2819.6338493,5.5640916,5435.9,4.2,1.0
TOI 1870.01,12405.1873299,3.5061663,1666.9054026,1824.5880178,16.4097207,6511.0,4.25,1.0
TOI 1871.01,1740.0,1.714,1560.0,985.653,8.60495,5955.3,4.06,0.0
TOI 1873.01,1390.0,4.964,672.0,34.0216,3.93465,5699.0,4.47,1.0
TOI 1873.02,1344.4884882,6.3963069,183.0091807,0.2651017,3.6185236,5699.0,4.47,1.0
TOI 1873.03,766.894462,3.3182125,923.4952393,171.8935756,3.1039232,5699.0,4.47,1.0
TOI 1875.01,11960.0,1.713,631.0,26.4473,15.4356,5817.0,4.27,1.0
TOI 1876.01,4140.8329483,2.2930359,1412.5995193,941.0164562,11.487382,6748.0,4.12,1.0
TOI 1877.01,18950.0,2.752,1242.0,395.697,14.4297,6051.0,4.48,0.0
TOI 1878.01,3974.2319128,0.9645922,1293.8496408,662.3022648,6.9705803,5976.0,4.43,1.0
TOI 1879.01,10116.0470111,5.8535412,1001.2767573,237.5404319,17.0437214,6531.0,4.22,1.0
TOI 1880.01,10118.353972,1.7874582,667.2699818,46.8519157,8.0540139,3631.4,4.69,1.0
TOI 1881.01,1901.0,1.665,2267.0,4388.96,5.96207,6564.4,4.26,0.0
TOI 1882.01,5784.3735169,1.7898868,2248.1874488,6037.4156662,18.4456585,8828.7,4.39,1.0
TOI 1883.01,12522.9613662,2.0392007,524.924579,17.943561,5.5521734,3477.0,4.74303,2.0
TOI 1884.01,10143.2450255,2.6460451,833.6239348,114.1304957,9.0508641,5225.0,4.5,1.0
TOI 1885.01,6060.0,3.777,1176.0,318.224,14.1513,6232.0,4.03,2.0
TOI 1886.01,18573.9655629,2.5536063,1274.3892523,623.3463235,12.8342008,5744.0,4.51952,1.0
TOI 1887.01,1295.5985443,1.7564486,913.1591724,164.3262502,2.5006782,4250.0,4.58048,1.0
TOI 1888.01,3350.0,5.412,2122.0,3368.08,11.48,7397.0,4.1,0.0
TOI 1890.01,6084.3435425,6.280493,759.6234924,78.6890952,10.0136343,5857.0,4.26,1.0
TOI 1892.01,784.5879336,5.1231542,557.2150449,22.7830749,2.231604,5256.0,4.55251,1.0
TOI 1893.01,560.4004393,16.2000201,797.1246051,95.4170227,3.9646898,6996.0,4.29542,1.0
TOI 1894.01,3106.7675633,19.1259714,197.8803761,0.362353,6.2876421,5611.0,4.37718,1.0
TOI 1895.01,4627.3105593,5.0652033,256.91938,1.0296947,9.5710516,6762.0,4.39031,1.0
TOI 1896.01,2816.5224185,16.1046282,1018.8300331,254.6407802,8.9556287,6750.0,4.18569,1.0
TOI 1897.01,62170.0,6.661,144.0,0.0730269,26.827,5937.0,4.44855,0.0
TOI 1897.02,4730.0,6.137,341.0,2.2453,7.9008,5937.0,4.44855,0.0
TOI 1898.01,3028.5453279,4.3839392,681.5974916,51.0073705,9.7055757,6303.91,4.11765,2.0
TOI 1899.01,37562.3332736,4.6769826,323.8830195,2.600601,12.1826517,3854.0,4.63619,2.0
TOI 190.01,8218.1442865,5.7591694,972.9644217,211.7916534,11.7679183,6038.0,4.35513,1.0
TOI 1900.01,12517.5203529,2.3926375,1265.7755651,606.6634527,12.5182693,5735.0,4.41,1.0
TOI 1901.01,21070.0,1.967,1676.0,1310.22,15.437,5790.4,4.44,1.0
TOI 1902.01,13450.0,1.63,1587.0,1054.66,16.7675,6393.0,4.24,1.0
TOI 1903.01,3580.0,5.242,1761.0,1599.92,12.3434,5909.0,4.42,1.0
TOI 1904.01,6380.0,4.267,1597.0,1080.87,17.0257,6457.0,3.9,1.0
TOI 1905.01,25549.0,2.648,687.0,37.0251,12.8433,4233.2,4.64,1.0
TOI 1906.01,10230.0,4.297,925.0,121.918,12.3182,5473.0,4.26,1.0
TOI 1907.01,9010.0,5.277,1735.0,1506.5,20.3433,6942.0,3.94,1.0
TOI 1908.01,7040.0,3.542,1527.0,903.013,12.8031,6239.0,4.15,1.0
TOI 1909.01,12310.0,1.702,1138.0,278.886,12.7595,5818.8,4.24,1.0
TOI 191.01,15337.0,4.288,1059.0,209.118,12.7393,5600.0,4.50501,1.0
TOI 1910.01,14310.0,3.385,1087.0,232.397,13.3752,5652.0,4.36,1.0
TOI 1911.01,3650.0,4.98,1125.0,266.851,9.95177,5549.0,4.0,1.0
TOI 1912.01,6770.0,4.859,1507.0,857.119,13.4237,6410.0,4.14,1.0
TOI 1913.01,10987.1747675,3.3546298,1330.3337928,740.224566,13.011038,5711.0,4.27,1.0
TOI 1914.01,4804.157266,1.8220996,1531.5517841,1300.3125192,11.5425702,6405.0,4.13,1.0
TOI 1915.01,10585.2906021,3.1812507,1622.3537935,1637.2058065,13.2497142,6208.0,4.31,1.0
TOI 1916.01,4358.3260875,3.6693894,2800.5022616,14536.662674,14.4776426,8549.0,4.11,1.0
TOI 1917.01,12340.0,3.049,1958.0,2440.7,15.6593,6155.0,4.24,1.0
TOI 1918.01,4340.0,2.634,1413.0,662.808,7.06633,6271.0,4.45,0.0
TOI 1919.01,7690.0,2.008,1491.0,822.444,19.6222,6333.7,4.21,1.0
TOI 192.01,11953.0,2.555,1091.0,235.573,7.23153,4800.0,4.53527,1.0
TOI 1920.01,6780.0,2.128,1301.0,476.965,10.5577,5652.0,4.2,1.0
TOI 1921.01,7620.0,4.524,1416.0,669.018,14.829,6116.0,4.07,1.0
TOI 1922.01,10869.4903086,3.5592795,1599.5559785,1547.1013862,19.1571223,6687.0,4.09,1.0
TOI 1923.01,12080.0,2.124,1210.0,355.909,12.1025,6781.0,4.54,1.0
TOI 1924.01,8970.0,3.808,2332.0,4913.69,17.7861,8004.2,4.2,1.0
TOI 1925.01,15340.0,1.814,1178.0,320.327,13.4487,5515.0,4.39,1.0
TOI 1926.01,1226.6760556,1.7026098,1391.8701134,886.9841113,3.0265786,5111.9,4.5,1.0
TOI 1927.01,22017.8853537,2.1575648,1032.6277308,268.7176151,15.4112805,5424.8,4.49,1.0
TOI 1928.01,13638.9588751,2.159825,1346.0744113,775.8848566,14.7731999,4879.0,4.5,1.0
TOI 1929.01,18650.0,3.392,1298.0,471.61,14.7144,5697.0,4.39,1.0
TOI 193.01,1464.0,0.466,1571.0,1013.69,12.9674,5422.0,4.42223,2.0
TOI 1930.01,8710.0,2.207,1297.0,471.142,12.863,6017.0,4.22,1.0
TOI 1931.01,3240.0,4.282,1639.0,1200.24,11.3749,6090.0,3.88,1.0
TOI 1932.01,6651.6899169,6.3384834,1583.7517779,1486.8578958,18.3701736,6013.5,4.17,1.0
TOI 1933.01,5011.5725027,5.2814337,1912.7466985,3163.3762217,15.0902486,6561.0,3.93,1.0
TOI 1934.01,11170.0,4.525,1599.0,1085.35,18.5483,6540.6,4.26,1.0
TOI 1935.01,6410.0,1.89,1365.1232387,196.663,11.2110231,6245.0,4.24,1.0
TOI 1936.01,15940.0,2.369,1361.0,570.233,12.801,5593.0,4.46,1.0
TOI 1937.01,16490.0,1.09,1646.0,1220.35,14.6661,5707.0,4.39,2.0
TOI 1940.01,2841.7825532,1.9196262,1860.4566612,2831.3869926,19.3376794,5986.0,3.66,1.0
TOI 1941.01,100.0,1.073,1536.0,925.999,2.16887,5883.8,3.77,0.0
TOI 1942.01,246.0,1.741,1566.0,1000.88,1.42047,5614.1,4.34,0.0
TOI 1944.01,8857.7284148,5.408818,1566.6261042,1423.581832,24.9943945,7023.2,4.11,0.0
TOI 1945.01,710.0,2.558,3262.0,18801.9,7.59717,5342.5,4.01,0.0
TOI 1946.01,3120.0,3.379,1516.0,878.752,21.6846,6670.3,4.29,0.0
TOI 1948.01,162.7642577,4.4572847,1470.447248,1104.8893752,1.9083777,5928.0,4.24,0.0
TOI 1949.01,11700.0,3.882,1546.0,948.955,15.4381,6531.7,4.29,1.0
TOI 195.01,14761.0,2.619,1708.0,1414.87,14.2954,5640.0,4.43703,1.0
TOI 1951.01,8222.9837003,2.6761872,1620.2980383,1628.9232666,19.9103402,5877.5,4.18,1.0
TOI 1952.01,5940.0,5.369,1419.0,673.704,11.3151,5488.0,4.14,0.0
TOI 1953.01,810.0,0.803,3080.0,14950.4,10.6207,6422.1,3.86,0.0
TOI 1954.01,1704.6576752,6.5416975,1685.6817323,1908.1975034,9.7548163,7119.5,4.14,1.0
TOI 1955.01,2500.0,1.992,630.0,26.312,2.23088,3625.0,4.81,0.0
TOI 1956.01,1240.0,1.844,2273.0,4433.23,3.8492,5586.2,4.21,0.0
TOI 1957.01,429.0,2.897,714.0,43.2598,3.60283,5844.8,4.13,0.0
TOI 196.01,409.6006588,1.4568603,3797.3512801,49141.0122425,8.4237328,6495.0,3.32048,1.0
TOI 1960.01,330.0,4.99,1724.0,1467.54,5.7387,6466.2,3.7,1.0
TOI 1962.01,2640.0,2.749,3207.0,17578.1,27.921,8049.0,3.3,0.0
TOI 1963.01,27095.439949,4.0982077,819.7441326,106.7171624,20.5105778,5394.6,3.77,0.0
TOI 1964.01,1063.700888,1.0248899,2978.9067943,18610.0980659,5.8435673,6308.3,4.0,1.0
TOI 1966.01,565.9410837,1.0110042,3509.3947426,35846.7581896,6.3159749,6390.7,3.83,1.0
TOI 1969.01,488.2401788,2.0491187,1674.1918061,1856.700481,3.5729712,5796.0,4.14,0.0
TOI 197.01,827.9264426,8.6972718,789.1468373,91.6541814,8.3566078,5105.0,3.39182,2.0
TOI 1970.01,11049.7594662,2.9695871,1833.2621832,2669.4348198,17.5040682,6432.2,4.11,1.0
TOI 1971.01,1288.0,1.735,1081.0,227.191,5.84702,5418.0,4.17,0.0
TOI 1972.01,850.0,1.838,1026.0,184.105,4.06445,6105.1,4.12,1.0
TOI 1977.01,2730.0,3.384,1158.6125921,425.8669904,17.1048027,9184.7,4.09,0.0
TOI 1978.01,16168.288913,4.8904528,998.7280008,235.1310083,16.9877965,8719.5,4.08,0.0
TOI 198.01,994.1089045,1.9683066,420.9334696,7.4195034,1.4777754,3763.0,4.83739,2.0
TOI 1980.01,9020.0,6.514,1589.0,1058.72,15.0807,5898.8,4.08,0.0
TOI 1982.01,3610.0,5.016,897.0,107.942,9.89011,6617.0,4.21,1.0
TOI 1983.01,1098.152672,4.2566318,1013.3467617,249.203041,5.873208,5725.0,4.54,0.0
TOI 1984.01,510.0,1.295,2674.0,8493.1,3.01498,6237.0,4.24,0.0
TOI 199.01,12183.0,6.554,358.0,2.75278,10.223,5350.0,4.52347,2.0
TOI 1990.01,4345.4373432,5.5268401,1263.4194534,602.1590809,11.7871267,5579.5,4.22,0.0
TOI 1991.01,7164.0,5.285,1336.0,528.884,14.8934,5805.6,4.13,0.0
TOI 1993.01,12840.0,2.537,1722.0,1460.48,19.6321,6190.4,4.15,0.0
TOI 1994.01,2868.0,3.48,1841.0,1910.26,11.5159,7369.0,4.27,2.0
TOI 1995.01,800.0,1.772,1546.0,949.504,13.2277,7804.8,3.78,1.0
TOI 1996.01,7120.0,8.03,1630.0,1173.53,20.0285,6249.4,4.19,0.0
TOI 1997.01,1073.0,1.062,1363.0,573.168,5.11603,6311.5,4.17,1.0
TOI 1998.01,1060.0,2.288,2270.0,4415.23,4.58274,5972.0,4.08,0.0
TOI 200.01,3852.0299874,3.2797025,836.7056912,115.8275563,6.1757682,5414.0,4.438,2.0
TOI 2000.01,4568.0,3.549,970.0,147.466,8.34235,5400.0,4.43,2.0
TOI 2000.02,496.0,1.963,1185.0,328.067,2.47118,5400.0,4.43,2.0
TOI 2001.01,1518.9012847,1.8047048,3128.1792663,22630.1553062,22.0496668,7896.3,3.6,1.0
TOI 2002.01,2795.0,3.005,2951.0,12107.6,15.6213,5986.5,4.32,0.0
TOI 2003.01,3860.0,3.529,1040.0,194.656,15.7171,7043.2,3.98,1.0
TOI 2004.01,180.0,3.518,2505.0,6540.68,3.32197,6136.9,3.85,0.0
TOI 2005.01,2807.066874,4.1729767,1221.3889754,525.9409472,12.4978402,6995.5,4.1,1.0
TOI 2007.01,912.2762923,9.1654068,282.0314027,1.4952399,3.1563904,5249.0,4.48682,1.0
TOI 2008.01,3119.2983693,7.382946,275.2869842,1.3572621,13.1361697,5463.0,3.77778,0.0
TOI 2009.01,865.169438,2.1734134,276.8338183,1.3880259,2.2407785,4755.33,4.62683,1.0
TOI 201.01,6347.2690959,4.7965246,598.2132842,30.2653161,11.4471492,6461.8,4.35,2.0
TOI 201.02,109.0,3.257,1237.0,389.669,1.18919,6461.8,4.35,1.0
TOI 2010.01,11679.2159464,8.6844623,437.2015486,8.6347102,11.7582195,5842.0,4.39929,2.0
TOI 2011.01,217.3994918,3.8772499,806.3295569,99.9013415,1.5422129,5739.0,4.51,1.0
TOI 2011.02,555.3352929,3.2743016,603.6616824,31.3830711,2.7050278,5739.0,4.51,1.0
TOI 2011.03,195.1972939,3.5341354,1091.635552,335.6075222,1.6208326,5739.0,4.51,1.0
TOI 2012.01,8800.0,4.145,1715.0,1438.0,15.1633,5981.0,4.07,1.0
TOI 2013.01,1120.6014184,1.134893,533.2271643,19.1060128,1.0972867,3352.0,4.8984,2.0
TOI 2014.01,6965.0,6.696,1869.0,2029.17,22.6223,6417.0,3.7,1.0
TOI 2015.01,7210.0,1.207,657.0,31.0153,5.37673,3223.0,4.89993,2.0
TOI 2016.01,1377.0,2.718,850.0,86.7877,2.98458,5175.0,4.54,1.0
TOI 2016.02,1179.0,1.862,1160.0,301.374,2.74738,5175.0,4.54,1.0
TOI 2016.03,1330.0,3.214,624.0,25.3267,3.23582,5175.0,4.54,1.0
TOI 2018.01,1310.6803156,2.3450321,576.3403106,26.0757607,2.2761564,4218.9,4.67,2.0
TOI 2019.01,665.0,6.425,933.0,126.052,3.99579,5588.0,3.92293,2.0
TOI 202.01,13710.7615026,1.1898354,1153.8594476,418.9214934,9.455763,4746.0,4.52746,1.0
TOI 2020.01,5651.0,4.132,1372.0,588.518,13.2583,6412.8,4.09,1.0
TOI 2021.01,21330.0,2.866,1179.0,321.85,13.8352,5729.0,4.52,1.0
TOI 2022.01,3572.0328032,2.8757897,1408.021727,928.877466,5.8054498,3975.0,4.62844,0.0
TOI 2024.01,3152.0,3.14,1602.0,1095.91,8.33267,6084.0,4.17,1.0
TOI 2025.01,6144.296801,3.6593396,1098.1716895,343.7177625,11.9849813,6042.0,4.15,2.0
TOI 2026.01,1180.0,2.551,821.0,75.7071,2.5719,5050.0,4.59,1.0
TOI 2027.01,750.0,2.431,2149.0,3541.21,3.54656,6168.0,4.29,0.0
TOI 2028.01,670.0,1.458,2789.0,10057.7,6.16036,7751.0,4.0,0.0
TOI 2029.01,920.0,3.824,2382.0,5344.87,10.7406,7125.0,3.54,0.0
TOI 2031.01,12240.9298817,4.0584797,1207.9176608,503.1185454,13.6015651,6664.0,4.44,1.0
TOI 2033.01,1915.0,4.397,860.0,90.9855,8.51397,7014.0,4.05,1.0
TOI 2034.01,550.0,3.327,2743.0,9411.16,6.20845,9714.0,3.98,0.0
TOI 2036.01,384.0,1.246,1807.0,1770.66,4.24615,6549.0,3.89,1.0
TOI 2037.01,580.0,4.623,1056.0,206.982,2.91771,6319.0,4.38,1.0
TOI 2037.02,550.6948044,3.4350999,1183.747051,464.0413077,2.8717764,6319.0,4.38,1.0
TOI 2039.01,1277.0,3.142,895.0,106.719,4.96692,6308.0,4.19,1.0
TOI 204.01,647.2685163,4.3011392,507.3369958,15.6569489,2.8243863,5605.0,4.39973,1.0
TOI 2040.01,14670.0,2.571,995.0,163.361,11.2224,5019.0,4.43,1.0
TOI 2041.01,960.0,1.601,1612.0,1122.82,3.0101,5825.0,4.44,0.0
TOI 2042.01,1160.0,2.685,1778.0,1660.52,7.23529,6535.0,3.9,0.0
TOI 2043.01,1171.0,4.274,964.0,143.432,3.7307,6178.0,4.33,1.0
TOI 2044.01,973.0,2.158,1963.0,2466.19,7.46471,9953.0,4.09,0.0
TOI 2045.01,5912.0,5.928,1236.0,388.441,12.6842,6125.9,4.03,1.0
TOI 2046.01,16266.2491958,2.4024159,1828.8199186,2643.654975,16.2528494,6081.0,4.31,2.0
TOI 2047.01,14765.0,3.019,1116.0,258.039,14.7857,5887.0,4.35,0.0
TOI 2048.01,1140.0,3.301,646.0,29.035,2.60168,5021.6,4.6,2.0
TOI 2049.01,1200.0,3.707,1299.0,473.142,11.7443,6054.7,3.41,1.0
TOI 205.01,283.0,3.138,1399.0,636.914,2.26991,6222.5,4.06,1.0
TOI 2050.01,604.0,2.781,708.0,41.8338,2.03572,5985.0,4.59,1.0
TOI 2051.01,384.9566815,1.7800569,4559.9324771,102177.3532273,5.5717234,11265.0,4.07,1.0
TOI 2059.01,470.0,1.878,1539.0,931.407,4.6716,8398.0,4.27,0.0
TOI 206.01,1322.5461054,0.6736853,840.1706554,117.7581671,1.5332682,3358.0,4.438,2.0
TOI 2060.01,388.0,3.419,3256.0,18671.1,8.00485,10125.0,3.62,0.0
TOI 2061.01,580.0,1.51,1273.0,436.167,1.83776,4475.0,4.59,0.0
TOI 2062.01,3100.0,1.719,1163.0,304.098,13.1608,6895.0,3.87,0.0
TOI 2063.01,1890.0,2.124,660.0,31.6166,11.6504,7577.0,3.9,1.0
TOI 2064.01,8360.0,2.997,813.0,72.699,8.9006,5701.0,4.47,1.0
TOI 2067.01,787.0,2.325,749.0,52.4568,2.33219,5491.0,4.5359,1.0
TOI 2068.01,1416.7912077,2.6251447,481.070845,12.6577686,2.3663308,3700.0,4.70036,2.0
TOI 2069.01,140.4285921,2.4606208,847.8110943,122.1004834,1.0470381,5268.0,4.56138,1.0
TOI 207.01,44346.559983,4.0424046,1144.213679,405.0881542,26.5608527,5963.0,4.31132,0.0
TOI 2070.01,358.7464972,1.5808909,1062.7584328,301.4805095,2.2843976,5849.0,4.33017,1.0
TOI 2071.01,641.2779235,2.8074156,1029.3310585,265.3024804,2.587582,5873.3,4.46212,1.0
TOI 2073.01,591.4602835,6.2024225,514.56613,16.568599,2.8396233,5729.0,4.32178,1.0
TOI 2074.01,456.0908234,4.7901443,443.7085028,9.1603487,3.5953731,6594.0,4.16825,1.0
TOI 2075.01,1051.0675882,2.1425123,669.0065237,47.3415434,2.3133532,4065.0,4.59496,1.0
TOI 2076.01,923.942127,3.4814933,671.7367777,48.1191014,2.4103206,5149.6,4.6,2.0
TOI 2076.02,2066.0,2.839,388.0,3.78846,3.17021,5149.6,4.6,2.0
TOI 2076.03,2072.0,4.315,641.0,28.033,3.78219,5149.6,4.6,2.0
TOI 2077.01,322.0,1.941,979.0,152.993,1.56167,5284.0,4.54246,1.0
TOI 2079.01,669.71826,1.1558314,773.6710387,84.6732757,1.2607994,3577.0,4.75448,1.0
TOI 2079.02,1790.5546209,1.7011801,420.1570972,7.3649163,2.0623382,3577.0,4.75448,1.0
TOI 208.01,445.0003089,7.1989719,615.4050768,33.8973151,2.1229458,5493.0,4.43001,1.0
TOI 2080.01,1446.5029644,3.6561358,339.8006415,3.1507778,3.0597346,4868.0,4.61964,1.0
TOI 2081.01,1320.6016253,2.4850401,432.3359777,8.2567001,1.947929,3742.0,4.72382,2.0
TOI 2081.02,540.1814411,1.6354976,549.743853,21.5855207,1.3996848,3742.0,4.72382,1.0
TOI 2082.01,520.0,4.517,668.0,33.1236,2.6056,6004.0,4.36245,1.0
TOI 2083.01,1231.0381518,4.238817,494.7274115,14.1574455,3.0570342,4410.0,4.507,1.0
TOI 2084.01,1810.0,2.117,554.0,15.739,2.07448,3630.0,4.76664,2.0
TOI 2084.02,2850.6795113,2.3210553,441.633629,8.990204,2.5781465,3630.0,4.76664,0.0
TOI 2085.01,1885.160909,6.7940415,277.6606693,1.4046835,3.4610442,5134.0,4.57244,1.0
TOI 2086.01,820.0,4.491,468.0,7.9761,2.75297,5337.0,4.48036,1.0
TOI 2086.02,612.9485468,2.9685197,598.3529678,30.2935939,2.4206095,5337.0,4.48036,1.0
TOI 2087.01,548.082765,16.0960466,423.9008895,7.6309448,2.2664482,5647.0,4.48001,1.0
TOI 2088.01,1781.9160024,7.2967692,292.6629465,1.7337719,3.5130935,4902.0,4.5026,2.0
TOI 2089.01,1080.0,5.109,434.0,5.92112,2.65286,5274.27,4.61038,1.0
TOI 2090.01,284.9247434,15.8602661,459.2148716,10.5095659,3.6785805,6395.0,3.89312,1.0
TOI 2091.01,294.429628,5.5590645,347.4769843,3.4452852,2.0323111,5809.0,4.33351,1.0
TOI 2092.01,710.7656808,2.5737232,1042.0,195.793,2.66568,5468.73,4.37458,1.0
TOI 2093.01,965.1696621,4.2655099,337.4556203,3.0646979,2.2249096,4455.0,4.55621,1.0
TOI 2094.01,1844.6985474,1.09889,297.7046646,1.8563658,1.7151271,3457.0,4.84825,1.0
TOI 2095.01,736.3925122,2.7644951,351.2711274,3.5982457,1.2984859,3746.0,4.76979,2.0
TOI 2095.02,950.5653623,3.3983448,300.6575117,1.9311199,1.4475246,3746.0,4.76979,2.0
TOI 2096.01,2964.5828911,1.1585974,454.5004101,10.0845871,1.6229796,3285.0,4.98992,2.0
TOI 2096.02,5857.0164704,1.4551851,357.8973634,3.8775285,2.041471,3285.0,4.98992,2.0
TOI 2097.01,391.6251669,1.9190564,1237.8242135,554.8261181,1.6741803,5264.0,4.59586,0.0
TOI 2098.01,230.8387014,12.4131426,491.7838032,13.8234959,2.4661884,7788.0,4.32577,1.0
TOI 2099.01,1770.0,4.603,780.0,61.4917,3.92839,4316.0,4.56,0.0
TOI 210.01,4125.0713,1.8443264,345.2246743,3.3568205,2.1513682,3275.0,4.438,1.0
TOI 2100.01,1180.9350567,2.308778,561.884745,23.5564568,3.0681221,5535.0,4.57126,1.0
TOI 2101.01,586.9172699,3.6156842,849.1403218,122.8680194,2.5831328,5619.0,4.44,1.0
TOI 2102.01,542.9365808,1.6782365,808.0950027,100.7791488,2.12647,5292.0,4.58201,1.0
TOI 2102.02,1474.5340825,3.3394704,213.6889395,0.4927756,3.219425,5292.0,4.58201,1.0
TOI 2103.01,220.9994213,1.7235054,1031.3932912,267.4349792,1.2172175,4884.0,4.54,1.0
TOI 2103.02,319.9395199,3.7402567,524.0644631,17.826244,1.7004976,4884.0,4.54,1.0
TOI 2104.01,464.0,1.815,947.0,133.517,1.46772,4907.0,4.62,1.0
TOI 2104.02,351.0,2.653,846.0,85.3357,1.35959,4907.0,4.62,1.0
TOI 2104.03,689.0,2.808,574.0,18.1396,1.86864,4907.0,4.62,1.0
TOI 2104.04,306.0,1.66,1160.0,301.491,1.16969,4907.0,4.62,1.0
TOI 2104.05,381.556764,3.0128111,643.7214903,40.5800926,1.6790876,4907.0,4.62,1.0
TOI 2105.01,652.5574248,1.1393111,561.0187018,23.4115602,2.2277479,4718.0,4.49012,1.0
TOI 2106.01,1191.4597195,0.8622011,2032.1990726,4030.7512475,5.3027904,5590.0,4.45374,0.0
TOI 2107.01,19250.0,2.39,1322.0,508.468,14.183,5565.0,4.45,2.0
TOI 2109.01,7890.0,1.801,3053.0,14429.0,15.7288,6647.0,4.12,2.0
TOI 2111.01,538.0,1.027,1320.0,504.879,2.24707,5477.0,4.46,0.0
TOI 2112.01,751.5203056,5.9348633,1091.1652269,335.0295174,4.4835127,7184.0,4.25,1.0
TOI 2112.02,1164.4006092,10.641846,902.0914695,156.5032302,5.5521957,7184.0,4.25,1.0
TOI 2114.01,4090.0,4.49,1670.0,1293.02,14.369,6382.0,3.9,1.0
TOI 2115.01,312.0,4.915,2433.0,5824.87,3.05838,8153.0,4.09,0.0
TOI 2116.01,531.0,5.876,1883.0,2090.71,3.29803,6927.0,4.18,0.0
TOI 2117.01,2600.0,4.351,921.0,119.851,12.4971,6280.0,4.05,0.0
TOI 2118.01,370.0,1.417,1367.0,580.577,4.2647,6398.0,3.89,0.0
TOI 2119.01,50063.0,2.03,491.0,9.67439,12.0629,3606.0,4.74,2.0
TOI 2120.01,8567.3390223,1.014374,354.6027378,3.7367095,2.6346124,3179.0,4.99978,2.0
TOI 2122.01,16909.228538,3.0197224,1233.5328348,547.1719916,14.5431829,5852.0,4.40684,1.0
TOI 2123.01,2122.245998,3.8012836,729.1224998,66.7917777,4.0217464,5432.0,4.56341,1.0
TOI 2124.01,9368.3887704,3.6341388,1761.6794429,2276.2950187,21.2028076,6184.0,3.9042,1.0
TOI 2125.01,4912.0,5.265,1656.0,1248.65,15.3999,6350.0,3.87,1.0
TOI 2126.01,24746.2794438,1.4177746,1443.2894048,1025.5021895,16.758883,5489.0,4.59342,1.0
TOI 2127.01,21584.7573167,2.6399995,768.0533689,82.2406616,10.7299795,4790.0,4.58765,1.0
TOI 2128.01,372.0970618,5.3764481,777.2060824,86.231465,2.629079,5991.11,4.37711,2.0
TOI 2129.01,6190.0,2.306,1581.0,1038.78,14.3694,6727.6,4.22,1.0
TOI 213.01,1243.0,3.222,500.0,10.453,2.30502,4566.4,4.93,1.0
TOI 213.02,286.2558604,2.4341043,629.8978948,37.2050274,1.1359985,4566.4,4.93,1.0
TOI 2130.01,7641.404098,4.9057646,1333.3240765,746.902456,13.6314528,6115.0,4.16703,1.0
TOI 2131.01,13237.0,2.565,1825.0,1845.3,16.4012,6352.0,4.27,1.0
TOI 2132.01,15011.9381969,3.6774272,1428.2108779,983.3097556,21.0498466,5703.0,4.16,1.0
TOI 2133.01,1181.8154296,2.0605848,765.3931102,81.1071602,2.4536347,4175.0,4.54,1.0
TOI 2134.01,1606.0,2.817,690.0,37.6631,3.21883,4406.0,4.50428,2.0
TOI 2134.02,5975.0,5.024,356.0,2.69104,5.95763,4406.0,4.50428,2.0
TOI 2135.01,14467.6854046,2.9462464,1377.4020358,850.6754194,13.9432645,5833.0,4.35385,1.0
TOI 2136.01,3873.9591492,1.6318726,379.2777558,4.8904688,2.1705803,3384.0,4.87998,2.0
TOI 2138.01,16269.2562793,2.5956827,2029.0310837,4005.675856,27.5079498,6835.31,4.37191,0.0
TOI 2139.01,19735.2001267,1.7042715,1403.6558119,917.4100949,13.9977478,4984.0,4.41028,1.0
TOI 214.01,448.0,3.438,623.0,25.0891,1.57606,5346.2,4.6,1.0
TOI 214.02,122.0,2.772,794.0,66.2914,0.808552,5346.2,4.6,1.0
TOI 2140.01,14310.7159758,1.794486,1363.7991993,817.5658193,13.7703405,5854.0,4.45,1.0
TOI 2141.01,971.0,3.434,767.0,57.4643,2.85973,5674.0,4.49483,2.0
TOI 2142.01,1595.2088627,2.3510062,374.0815959,4.6279256,1.5550304,3472.0,4.86042,1.0
TOI 2143.01,3840.0,5.032,1818.0,1816.63,12.1202,7437.0,4.09,1.0
TOI 2144.01,766.0,5.351,528.0,12.9381,2.1417,5452.0,4.53224,1.0
TOI 2145.01,1900.0,7.369,1327.0,515.939,12.2521,6202.0,3.63,2.0
TOI 2146.01,4530.0,3.134,1853.0,1958.56,17.4655,7272.0,4.0,0.0
TOI 2147.01,5593.1821784,5.8635323,733.1847347,68.292759,10.15497,6115.0,4.25,1.0
TOI 2148.01,6020.0,3.546,782.0,62.0856,14.0152,5930.0,4.11,0.0
TOI 2149.01,1041.0,0.559,1645.0,1217.74,5.50799,6020.0,4.18,1.0
TOI 215.01,975.2076991,2.7692779,592.4436342,29.1144876,3.082863,5821.0,4.44094,1.0
TOI 2150.01,1270.0,2.863,1877.0,2064.9,6.51393,6446.3,4.03,0.0
TOI 2151.01,6010.0,7.75,1181.0,323.367,16.1126,5660.0,3.86,0.0
TOI 2152.01,7216.4961357,3.6434514,1745.8918919,2195.7879328,15.3058361,6688.0,4.11,2.0
TOI 2153.01,329.1728205,6.1842922,1888.9879062,3009.1075587,4.2423946,5668.0,3.76,0.0
TOI 2154.01,10096.1098633,2.5172521,1436.3420387,1005.8946259,16.0547024,6243.0,4.24,2.0
TOI 2155.01,3320.0,3.078,1426.0,686.503,10.8811,6144.0,4.02,2.0
TOI 2157.01,21600.0,2.311,864.0,92.8193,15.0361,5756.0,4.51,0.0
TOI 2158.01,5090.0,3.304,837.0,81.4989,10.7988,5389.0,4.06,2.0
TOI 216.01,17387.9834231,3.8206653,448.7222169,9.5814512,10.4625162,5025.77,4.66348,2.0
TOI 216.02,2971.7532268,2.6516541,563.8759593,23.8921547,6.4840125,5025.77,4.66348,2.0
TOI 2160.01,490.0,1.64,1401.0,640.033,2.73215,6021.0,4.29,1.0
TOI 2161.01,110.0,1.51,1294.0,466.553,1.09083,5028.0,4.55,0.0
TOI 2162.01,997.0,4.391,1740.0,1521.69,7.75284,6610.0,4.14,0.0
TOI 2163.01,750.0,3.765,1410.0,657.521,3.72907,6318.0,4.2,1.0
TOI 2166.01,353.0,3.716,1518.0,882.558,3.3405,6515.0,3.97,1.0
TOI 2167.01,2940.0,1.228,466.0,7.85406,9.12613,5752.0,4.3,0.0
TOI 2168.01,8240.0,5.713,833.0,80.1971,13.5094,6641.0,4.38,0.0
TOI 2169.01,3140.0,3.839,1068.0,216.17,10.4375,6183.0,4.0,1.0
TOI 217.01,584.0,3.541,3201.0,17444.7,4.70639,6278.0,4.08153,0.0
TOI 2170.01,527.0,4.577,1097.0,240.688,2.23168,6018.0,4.39,1.0
TOI 2173.01,723.0,0.751,1968.0,2492.49,3.35129,5829.0,4.41,0.0
TOI 2174.01,960.0,2.014,1292.0,463.247,4.21067,6069.0,4.24,1.0
TOI 2175.01,16222.5125043,4.7176624,1414.0444235,944.8725135,20.3565337,5967.0,4.08,1.0
TOI 2176.01,9822.0002486,4.2653156,1042.3456808,278.9767986,12.9299942,5883.0,4.25,1.0
TOI 2177.01,8602.325645,3.2804955,1566.7048126,1423.8679407,15.9014832,6179.0,4.11,1.0
TOI 2178.01,7558.6411086,2.7209657,1509.6104781,1227.3844251,12.0899079,6041.0,4.22,1.0
TOI 2179.01,7818.5475582,2.0633315,770.7126737,83.3855897,11.7952966,5713.0,4.34,2.0
TOI 218.01,486.4774785,0.5192935,900.9491556,155.7120176,0.6505972,3146.0,4.438,1.0
TOI 218.02,3924.642229,1.6637119,337.3521453,3.0609406,1.8017268,3146.0,4.438,1.0
TOI 2180.01,4747.959592,24.0527095,360.169028,3.9769164,11.3192423,5739.0,4.03,2.0
TOI 2181.01,2930.0,2.899,846.0,85.2468,4.97002,5574.0,4.51,1.0
TOI 2182.01,7022.0056891,4.5123025,1678.3044553,1875.0117415,15.2165016,6295.0,4.03,1.0
TOI 2184.01,1751.7778572,6.6850674,1676.0537927,1864.9741402,13.4176028,5731.8,3.65,2.0
TOI 2185.01,8580.1836801,4.0147754,948.9016343,191.6045333,10.1239555,5440.3,4.4,1.0
TOI 2186.01,9095.8829177,2.971921,1281.2166202,636.8120268,14.3955457,5772.2,4.4,1.0
TOI 2187.01,11250.0,1.688,1131.0,271.924,12.683,5344.0,4.4,1.0
TOI 2188.01,8964.0239073,2.4293974,1368.9996875,830.1076146,14.2690959,5829.0,4.3,1.0
TOI 219.01,18854.6431909,5.4532494,1723.6509122,2086.0189812,31.9660922,6354.0,4.24472,0.0
TOI 2190.01,14202.6126293,4.3526595,1273.3471283,621.3098726,19.5006469,5477.0,4.4,1.0
TOI 2191.01,14587.5117969,2.2686483,1235.4438742,550.5706841,15.3487909,5741.0,4.3,1.0
TOI 2192.01,10552.2490654,3.8202596,985.937996,223.3157822,11.6261491,5262.0,4.4,1.0
TOI 2193.01,8056.3340252,1.5855365,1596.3943994,1534.9059997,12.9814367,6079.0,4.33912,2.0
TOI 2194.01,683.0,2.736,541.0,14.2526,1.7005,4669.0,4.63,2.0
TOI 2196.01,1127.2344564,1.5752293,1720.8556767,2072.5203184,3.5030245,5728.0,4.4217,2.0
TOI 2197.01,7357.0,3.639,1386.0,612.686,13.0889,6562.0,4.24,1.0
TOI 2198.01,8236.2566801,5.9565174,1584.4693148,1489.5542795,18.4504689,6282.4,3.92936,1.0
TOI 2199.01,4515.155077,2.4508029,1337.4811458,756.2609502,8.6110106,5614.86,4.21917,1.0
TOI 220.01,920.0,2.044,796.0,66.8553,2.84818,5272.71,3.98846,2.0
TOI 2200.01,6790.0,2.118,1147.0,288.087,7.18912,4983.6,0.2,1.0
TOI 2201.01,762.0,1.112,2547.0,6992.14,6.61528,6252.0,4.19,1.0
TOI 2202.01,19304.2778014,3.7520869,652.0656914,42.7254261,11.3754057,5064.0,4.53576,2.0
TOI 2204.01,13144.590055,2.3678871,1188.0003255,470.7466523,10.0926189,5103.0,4.48023,1.0
TOI 2205.01,44722.5890994,1.1970992,1043.8317455,280.571145,14.8249782,3653.0,4.60969,0.0
TOI 2206.01,10110.2139841,1.0172953,1073.1116296,313.4011658,10.5045599,4683.0,4.62,1.0
TOI 2207.01,4606.7419685,4.6706895,1178.0320316,455.1446051,10.9709265,6146.0,4.12,2.0
TOI 2208.01,103652.0705638,0.9010413,804.0969257,98.7994686,12.4716613,3228.0,4.90232,1.0
TOI 2209.01,12391.7493402,3.3615891,1306.3669377,688.3062667,13.6350253,4955.0,4.4,1.0
TOI 221.01,954.060325,0.774288,1106.2112728,353.894099,1.671618,3765.0,4.75169,0.0
TOI 2210.01,19658.0816662,4.8533784,675.6336681,49.2454527,11.7994875,5077.7,4.4,1.0
TOI 2211.01,349.193899,1.9714799,1057.0895356,295.0992437,1.666703,5253.0,4.54958,2.0
TOI 2212.01,9414.7547938,2.8939597,936.3411803,181.6592422,8.9112749,5116.3,4.45,1.0
TOI 2213.01,5746.9651279,2.6320655,1161.5074108,430.1391198,9.3730831,5784.0,4.3,1.0
TOI 2215.01,1470.3821261,2.56341,751.4597253,75.3605118,2.8693434,4882.7,4.6,2.0
TOI 2216.01,1892.9692302,4.1093897,1262.9460957,601.257159,6.2844217,6295.0,4.3,1.0
TOI 2217.01,7753.4083536,4.1744985,1360.8170209,810.4382547,11.7278481,5916.0,4.3,1.0
TOI 2219.01,7366.339761,4.3884108,1022.940591,258.7751983,12.8424534,5161.7,4.3,1.0
TOI 222.01,5530.0,0.68,777.0248613,86.1510668,8.85869,5709.0,4.438,0.0
TOI 2220.01,7098.4535786,2.0005269,1792.5088851,2439.8676565,13.3635819,5615.0,4.39,1.0
TOI 2221.01,2872.2887525,3.5738006,754.6240935,76.6379132,4.0269258,3588.0,4.60198,2.0
TOI 2222.01,12600.0,3.155,1943.0,2366.82,17.5083,6381.0,4.2,1.0
TOI 2223.01,6887.4200394,5.2921448,1254.9567552,586.1868131,13.513657,5847.0,4.3,1.0
TOI 2224.01,2269.199137,0.648232,2138.6881512,4944.3687757,4.9709812,4996.3,4.5,1.0
TOI 2226.01,958.0,0.635,1280.0,446.986,4.77441,5828.0,3.9,1.0
TOI 2228.01,750.0,2.594,1257.0,414.8,2.69668,5420.0,4.5,0.0
TOI 2229.01,860.0,2.267,1196.0,339.923,5.51463,6046.0,4.06,1.0
TOI 2236.01,7230.0,2.689,1349.0,551.242,14.2116,6209.0,4.09,2.0
TOI 2237.01,1000.0,0.572,2018.0,2758.3,5.57222,7000.0,4.33,0.0
TOI 2238.01,260.0,2.878,1464.0,764.344,2.40673,6113.8,4.19,1.0
TOI 2240.01,2920.0,2.483,1763.0,1605.05,5.41363,5285.0,4.7,0.0
TOI 2242.01,700.0,5.713,1485.0,808.553,6.77621,6037.2,3.66,1.0
TOI 2245.01,750.0,3.914,1530.0,911.152,4.13478,5042.0,4.04,1.0
TOI 2246.01,206.0,4.44,1927.0,2291.32,2.02837,5807.0,4.14,0.0
TOI 2248.01,3710.0,4.319,500.0,10.4285,10.3408,7546.0,4.24,1.0
TOI 225.01,4104.5873474,4.8120529,338.5973763,3.1063855,5.5237367,4658.0,4.53096,1.0
TOI 2250.01,189.0,1.373,2023.0,2785.3,1.19041,5729.0,4.47487,0.0
TOI 2251.01,14285.1321998,6.0493763,965.8481969,205.6631556,18.1309835,5776.0,4.13,1.0
TOI 2252.01,711.2691437,3.3314543,1420.5246749,962.3125052,8.6993926,6582.0,3.69,1.0
TOI 2254.01,397.0,3.372,794.0,66.2935,2.90965,5706.0,4.84423,1.0
TOI 2256.01,812.9002244,4.5245027,666.9105884,46.751059,2.3118575,5270.9,4.438,1.0
TOI 2257.01,4524.9353925,3.3254029,230.7752258,0.6703132,2.2253696,3446.0,4.89707,2.0
TOI 2258.01,15870.0,1.806,658.0,31.1433,14.6081,5980.0,4.39,0.0
TOI 2259.01,642.4369483,2.1573675,1030.9494518,266.9749353,5.4428798,6690.0,4.1059,1.0
TOI 226.01,13400.0,2.67,272.4674275,1.3025049,4.214299,3396.0,4.91468,0.0
TOI 2260.01,305.0,0.578,1825.0,1844.98,1.76224,5432.0,4.51,2.0
TOI 2262.01,160.0,2.044,1956.0,2431.71,1.62102,6328.0,4.32136,1.0
TOI 2263.01,357.7289632,14.9235889,245.4240451,0.8574118,1.6330887,5599.0,4.57217,1.0
TOI 2264.01,1830.5369311,6.1861599,373.1040687,4.5797413,4.1767182,6140.0,4.54184,1.0
TOI 2265.01,254.6127529,0.5583289,2142.9193755,4983.6132078,2.4799192,5951.67,4.438,1.0
TOI 2266.01,4153.6144436,1.2195051,502.933455,15.1203939,1.9763187,3244.0,4.97167,2.0
TOI 2267.01,2004.426903,1.0311342,400.3206181,6.0694989,1.2734423,3022.0,4.99625,2.0
TOI 2267.02,1142.0994266,0.958248,479.450797,12.4881234,0.901106,3022.0,4.99625,1.0
TOI 2267.03,1384.622855,0.8344032,460.9675388,10.6709326,0.9131404,3022.0,4.99625,2.0
TOI 2268.01,674.5586897,1.218975,1017.9407073,253.7528508,3.1263063,5910.35,4.35957,1.0
TOI 2269.02,530.0,1.174,682.0,35.9524,1.42162,3872.0,4.69525,1.0
TOI 2269.03,824.1851185,1.3721731,458.4764117,10.4421274,1.8465904,3872.0,4.69525,1.0
TOI 2270.01,261.9656428,4.6288711,389.8310122,5.4579122,2.7599934,6380.43,4.1278,1.0
TOI 2273.01,328.3531481,6.1832559,582.409103,27.1915284,2.1305645,6495.0,4.43957,1.0
TOI 2274.01,827.5423687,0.9028948,771.4561825,83.7078249,1.8334769,3943.0,4.62547,2.0
TOI 2274.02,427.0,1.119,1104.0,247.175,1.44009,3943.0,4.62547,1.0
TOI 2275.01,1039.4977103,1.3244754,494.4464236,14.1253091,2.3244125,4863.0,4.63136,1.0
TOI 2276.01,341.5578492,6.7753035,383.3506039,5.1039406,1.9249103,5482.02,4.5343,1.0
TOI 2277.01,178.9213506,12.4042036,644.2621741,40.7166029,3.3789105,6358.0,3.76624,1.0
TOI 2278.01,920.0,0.447,704.0,40.7842,1.87124,3412.0,4.9014,1.0
TOI 2279.01,803.0,1.501,1160.0,301.599,2.34132,4962.0,4.55115,1.0
TOI 228.01,12250.4189724,2.5524772,1432.3687809,994.8105653,13.7470239,5738.0,4.23836,1.0
TOI 2280.01,559.9932489,2.3690896,1375.4544745,845.8744041,9.1300283,6175.0,3.37301,1.0
TOI 2281.01,342.5966404,10.3865576,520.2849849,17.3175389,2.8961818,6683.0,4.22146,1.0
TOI 2282.01,202.0868952,6.8268193,1203.1992033,495.3032121,2.8228669,7020.0,4.09526,1.0
TOI 2284.01,487.0,2.586,1186.0,328.783,2.38733,6109.0,4.33438,0.0
TOI 2285.01,1154.3278885,2.4164839,287.0767134,1.6051398,1.5781136,3546.0,4.77262,2.0
TOI 2286.01,618.5780905,10.7569968,434.6883098,8.4378703,3.7472354,6863.0,4.27882,1.0
TOI 2287.01,189.027556,3.3324162,898.9288685,154.3200348,1.7481305,6037.0,4.32817,1.0
TOI 2288.01,2147.0816912,2.6426767,518.7006367,17.1075621,2.7931797,4066.0,4.67766,1.0
TOI 2289.01,851.8694759,5.1295954,453.9864688,10.0390505,3.3507179,5717.0,4.43377,1.0
TOI 229.01,11383.7527081,1.7185367,1085.5253926,328.1564535,10.9257115,5100.0,4.4651,1.0
TOI 2290.01,437.6381201,0.9122445,1386.5985937,873.6229278,1.1988782,3863.0,4.67991,1.0
TOI 2291.01,1425.9330181,1.5560322,451.5202868,9.8226818,1.977596,3869.0,4.75875,1.0
TOI 2292.01,630.0,2.444,894.0,106.205,2.4422,5781.0,4.45679,1.0
TOI 2293.01,1742.7332385,1.9825707,503.4234887,15.1794104,2.1199939,3668.0,4.73795,1.0
TOI 2294.01,718.3774619,9.2318877,314.1604363,2.3021148,3.6888424,6424.0,4.33722,1.0
TOI 2295.01,990.0,2.409,709.0,42.0912,7.64759,5660.0,4.10485,1.0
TOI 2296.01,403.2688035,15.5650549,315.0609123,2.3286226,1.8388146,5373.01,4.49164,1.0
TOI 2297.01,540.6928554,3.8087167,504.6753756,15.3309639,1.9509885,4836.0,4.53282,1.0
TOI 2298.01,1990.1263914,7.6412469,212.0685941,0.4779984,2.8951165,4239.0,4.61861,1.0
TOI 2300.01,1163.8416088,2.585881,933.2585799,179.2788125,3.2987328,5607.0,4.63178,1.0
TOI 2300.02,4652.019556,3.8493075,634.6510571,38.3407878,5.7063938,5607.0,4.63178,1.0
TOI 2300.03,8209.2875404,17.0708835,179.478432,0.245228,7.6712645,5607.0,4.63178,1.0
TOI 2301.01,255.0,4.592,2872.0,11299.9,4.01623,6187.0,4.09624,1.0
TOI 2303.01,4971.1456595,1.474746,2797.5117326,14474.6698966,12.2917419,6454.0,4.3,0.0
TOI 2304.01,967.7626685,2.6715391,1001.354025,237.6137635,3.9938238,6223.0,4.33525,1.0
TOI 2306.01,11083.8941211,2.0941681,1302.3502129,679.8798081,13.2344892,5535.6,4.4,1.0
TOI 2307.01,8514.9665485,1.8238879,1444.2022665,1028.0946298,14.1985341,5465.0,4.4,1.0
TOI 2308.01,8058.0771611,2.3101443,1418.9101379,957.9449856,13.9784675,6373.5,4.2,1.0
TOI 2309.01,802.3053384,6.4172007,822.6676779,108.2477155,4.03042,6276.1,4.25063,1.0
TOI 231.01,24081.7810523,2.5685869,1036.7433695,273.0272959,12.7400071,5375.0,4.49371,1.0
TOI 2314.01,4172.2924827,4.5395335,934.5436034,180.2682649,11.9220549,6093.1,4.1,1.0
TOI 2316.01,10354.9916952,1.8584684,1515.409487,1246.3528431,19.2443952,6764.0,4.3,0.0
TOI 2317.01,6007.8703021,8.4494541,676.5210666,49.504685,11.625865,5635.75,4.12397,0.0
TOI 2319.01,855.5836036,6.1120058,253.0759438,0.9694479,4.1844083,6329.0,4.24509,2.0
TOI 2319.02,486.0090375,5.6290584,1003.1064616,239.281495,3.207554,6329.0,4.24509,1.0
TOI 232.01,27137.0920051,2.1560676,1497.5477444,1188.6218545,14.8542602,5436.0,4.46024,1.0
TOI 2320.01,4111.2234826,4.4875335,769.2502648,82.7545001,18.0,5879.0,4.28122,0.0
TOI 2321.01,867.0,3.612,101.0,0.0174179,2.90826,5645.84,4.46148,1.0
TOI 2322.01,712.14897,2.2719961,458.0310383,10.4016117,1.9090249,4465.0,4.6,2.0
TOI 2322.02,264.0,2.824,581.0,18.9311,1.02968,4465.0,4.6,2.0
TOI 2323.01,390.0,0.724,1363.0,574.294,3.78687,5522.0,3.99,0.0
TOI 2324.01,348.0,2.93,3265.0,18869.1,2.62395,6413.0,4.2,1.0
TOI 2327.01,1017.8544172,5.8475847,406.5961278,6.459129,3.1369358,6115.0,4.5616,1.0
TOI 2328.01,11430.0,3.357,589.0,20.0982,10.1067,5302.3,4.4,2.0
TOI 2329.01,6370.0,3.304,925.0,121.853,10.7773,5424.0,3.35,1.0
TOI 233.01,2783.7905216,2.0534143,361.1637726,4.0210338,2.0205499,3644.0,4.79912,1.0
TOI 233.02,1662.8398306,2.1444681,424.2232195,7.6541813,1.7056002,3644.0,4.79912,1.0
TOI 2330.01,7770.0,2.544,1586.0,1052.08,11.6656,5960.4,4.27,1.0
TOI 2331.01,7460.0,2.436,919.0,118.46,7.48939,3798.0,4.67,1.0
TOI 2332.01,14480.0,3.589,964.0,143.814,11.9137,5596.2,4.43,1.0
TOI 2333.01,2390.0,6.416,1067.0,215.552,8.78678,6115.0,3.97,1.0
TOI 2334.01,3960.0,3.047,875.0,97.3629,10.9403,5556.0,3.97,1.0
TOI 2336.01,3176.0,4.058,1340.0,536.15,10.7188,6458.0,4.03,2.0
TOI 2338.01,11530.0,3.468,537.0,13.8485,12.2765,5523.0,4.33,2.0
TOI 2339.01,2279.7003176,7.4907772,1297.9266601,670.6896654,12.0232332,5636.8,3.66,1.0
TOI 234.01,35229.7098319,1.4011791,662.6197999,45.5594673,10.4761821,3642.0,4.438,1.0
TOI 2340.01,3880.0,1.033,1215.0,362.237,6.06894,5027.0,4.64,0.0
TOI 2341.01,12050.0,0.472,630.0,26.3008,8.59148,3495.0,4.64,0.0
TOI 2342.01,1880.0,1.699,809.0,71.367,3.86968,4794.0,4.47,0.0
TOI 2343.01,1920.0,2.061,1215.0,362.749,6.72917,5927.0,4.28,1.0
TOI 2344.01,2680.0,4.171,1094.0,237.935,10.7065,5929.0,3.86,1.0
TOI 2345.01,358.5076064,1.5288415,1314.8062038,706.2654804,1.4203085,4621.0,4.54,1.0
TOI 2345.02,961.655867,4.6130523,384.3775426,5.1588515,2.3404732,4621.0,4.54,1.0
TOI 2346.01,12390.0,3.705,1715.0,1437.43,14.877,6605.0,4.33,1.0
TOI 2348.01,1170.0,1.047,1613.0,1124.6,4.985,6595.0,4.3,1.0
TOI 2350.01,1690.0,2.704,993.0,161.98,7.55444,5484.0,4.35,1.0
TOI 2350.02,1180.0,2.643,1205.0,350.476,3.8394,5484.0,4.35,1.0
TOI 2352.01,2020.0,1.099,1496.0,833.25,5.37039,5695.0,4.41,1.0
TOI 2353.01,701.5728877,3.0489623,1534.0120939,1308.6880472,6.2303216,6510.3,3.97,1.0
TOI 2354.01,2720.0,0.709,2222.0,4048.85,9.54792,6095.0,4.13,0.0
TOI 2355.01,1400.0,2.335,2228.0,4096.84,4.10761,6296.0,4.39,1.0
TOI 2356.01,970.0,3.096,1473.0,782.333,3.52758,6150.0,4.33,1.0
TOI 2357.01,5540.0,2.869,1047.0,200.057,12.2608,6493.0,4.17,1.0
TOI 2358.01,1440.0,0.374,1361.0,570.852,13.1558,6423.0,4.36,0.0
TOI 2359.01,4550.0,7.191,1802.0,1753.41,18.5118,6130.0,3.64,1.0
TOI 236.01,23574.842911,4.936391,1435.559122,1003.7032593,23.183789,6421.5,4.19,0.0
TOI 2360.01,9210.0,7.215,862.0,91.9765,15.1752,5963.1,4.08,0.0
TOI 2361.01,12010.0,3.934,888.0,103.489,12.1387,5395.0,4.36,1.0
TOI 2362.01,5264.9280735,2.7056073,1174.4675265,449.6608267,13.4708551,6104.5,4.19,1.0
TOI 2363.01,5400.0,3.879,1434.0,702.661,13.5659,6510.0,4.05,1.0
TOI 2364.01,9750.0,2.688,1062.0,211.813,9.57594,5216.0,4.44,2.0
TOI 2365.01,1138.1047916,0.6731474,2343.7030204,7130.6861294,4.3019481,5832.0,4.26,0.0
TOI 2367.01,17690.0,3.734,1186.0,329.499,14.4892,6046.0,4.42,1.0
TOI 2368.01,13020.075325,2.0076562,910.9289033,162.7267425,11.4726621,5177.0,4.48,2.0
TOI 2369.01,7030.0,3.418,1435.0,705.699,10.7493,5713.3,4.24,1.0
TOI 237.01,4797.1288482,1.5419673,352.0718502,3.6311669,1.7175409,3139.0,5.04944,2.0
TOI 2370.01,2490.0,3.827,824.0,76.8372,5.24953,5851.0,4.43,1.0
TOI 2371.01,9930.0,3.752,1253.0,409.667,12.907,5774.0,4.23,1.0
TOI 2372.01,5398.6996811,1.7572263,2879.9468214,16257.6914094,26.9739777,6127.1,3.67,0.0
TOI 2373.01,8210.0,4.384,805.0,69.8726,11.2448,5517.0,4.26,2.0
TOI 2374.01,9490.0,1.709,755.0,54.2011,8.01917,4929.5,0.1,2.0
TOI 2375.01,18930.0,1.808,789.0,64.3828,17.7265,5669.0,4.29,1.0
TOI 2376.01,3746.6638386,3.0676639,1449.2615097,1042.5767464,9.3708418,5672.5,4.4,1.0
TOI 2378.01,17834.0824111,2.0988025,950.2186404,192.6704823,11.5840209,4940.0,4.53,1.0
TOI 2379.01,32411.855989,1.8076781,584.247334,27.5364506,11.5779216,3770.0,4.61871,2.0
TOI 238.01,414.0,1.48,1412.0,660.277,1.57925,5024.0,4.5685,2.0
TOI 2380.01,5205.8347338,5.5895721,1671.1997882,1843.4632721,17.7519701,6067.2,3.73,1.0
TOI 2381.01,13949.1155643,1.8549863,1078.5360791,319.7861956,18.0229867,5337.0,4.5,1.0
TOI 2382.01,5135.6657253,2.1408549,1366.4599455,823.9647363,12.7709747,5884.5,4.3,1.0
TOI 2386.01,9248.4759918,2.3808565,1509.0388299,1225.5263733,13.8044661,6034.0,4.26998,1.0
TOI 2389.01,11568.4008531,1.4487311,1235.1886902,550.1159381,10.5103504,5335.0,4.5,1.0
TOI 239.01,4830.1859522,3.9413609,1412.8217887,941.6088632,9.8517709,6362.5,4.59,1.0
TOI 2390.01,1701.2818142,1.5061152,2177.929595,5317.3634661,8.4965052,7022.0,4.2,1.0
TOI 2391.01,14532.9486121,6.8077198,1164.3472682,434.3612918,21.4721115,5774.8,4.4,1.0
TOI 2392.01,416.0,4.672,1431.0,697.86,3.28952,6187.3,3.87,1.0
TOI 2392.02,315.0,3.892,2021.0,2770.93,2.96344,6187.3,3.87,1.0
TOI 2392.03,186.1944669,4.9227951,1209.6187141,505.9586098,2.4628421,6187.3,3.87,1.0
TOI 2393.01,5970.0,3.184,653.0,30.3347,9.05304,5603.0,4.35,1.0
TOI 2394.01,1790.0,2.236,1105.0,248.389,3.47575,5356.0,4.59,1.0
TOI 2395.01,10335.986166,4.0228111,1036.7520296,273.0364186,11.8276114,6394.0,4.43,1.0
TOI 2397.01,4920.0,3.947,1130.0,271.529,7.59354,5527.0,4.37,1.0
TOI 2398.01,11150.0,1.961,398.0,4.19986,8.75357,5099.0,4.55,1.0
TOI 2399.01,4290.0,1.814,1109.0,251.65,11.2463,6597.0,4.16,1.0
TOI 240.01,1766.1828394,4.2893299,453.4125095,9.9883786,3.6117414,4333.0,4.5109,1.0
TOI 2400.01,520.0,1.404,1993.0,2619.59,5.37338,6444.0,3.84,0.0
TOI 2401.01,2639.0,3.651,1704.0,1402.27,18.1157,6294.0,3.55,1.0
TOI 2402.01,7700.0,2.892,999.0,165.972,8.55825,5519.0,4.45,1.0
TOI 2403.01,13033.5612701,3.7636624,2159.4341567,5139.026625,21.9555549,6278.2,3.97,1.0
TOI 2404.01,1126.8782473,4.5890238,751.630191,75.428916,4.2523478,6142.0,4.35874,1.0
TOI 2404.02,2304.7237253,4.8874071,487.5546513,13.3540875,9.1295659,6142.0,4.35874,0.0
TOI 2404.03,2377.6887561,3.6758167,487.555473,13.3541775,9.5163991,6142.0,4.35874,0.0
TOI 2405.01,2235.6640941,1.6873516,946.5097378,189.6799154,4.1930997,4001.0,4.47278,1.0
TOI 2406.01,18848.5607395,1.2491751,410.2983965,6.6976166,2.722618,3163.0,5.0701,2.0
TOI 2407.01,5132.6782834,1.6998642,657.0962083,44.0592242,3.7942392,3596.0,4.71597,2.0
TOI 2408.01,5050.0,3.061,787.0,63.7261,5.45543,4935.0,4.59823,1.0
TOI 241.01,14246.4665531,2.3006751,1679.40501,1879.9347662,12.9811619,6286.0,4.438,1.0
TOI 2411.01,519.1912192,1.2621481,1288.7431256,651.9082071,1.7472713,4099.0,4.52,2.0
TOI 2413.01,4668.5368695,5.9221882,914.4158726,165.23271,12.4259675,5184.9,3.9254,0.0
TOI 2414.01,14073.5021163,1.5669528,1449.482283,1043.2121756,12.9084635,5627.0,4.45645,1.0
TOI 2415.01,37197.8857871,1.0,1196.5565655,484.4555527,12.0910878,3558.0,4.63662,1.0
TOI 2416.01,6510.0,3.755,942.0,130.93,11.5451,5515.2,4.24,2.0
TOI 2417.01,830.0,2.308,993.0,161.807,4.9031,5485.4,3.9,0.0
TOI 2418.01,2240.0,4.923,883.0,100.989,7.41184,5095.0,4.56,0.0
TOI 2419.01,915.0,5.943,888.0,103.276,3.61081,5924.0,4.14,1.0
TOI 242.01,25410.703288,4.249306,1141.1166259,400.7201062,20.517917,6083.0,4.28983,0.0
TOI 2420.01,2670.0,3.747,1166.0,307.599,11.8252,5707.0,3.76,2.0
TOI 2421.01,3520.0,4.684,1475.0,786.037,10.753,5618.0,3.93,2.0
TOI 2423.01,12640.0,4.208,701.0,40.1659,14.2836,6057.0,4.41,1.0
TOI 2424.01,4155.6104825,6.6166181,1258.376981,592.6032964,17.1909846,6173.5,3.76326,0.0
TOI 2425.01,11200.0,4.068,364.0,2.93192,8.48837,5216.0,4.6039,1.0
TOI 2426.01,460.0,2.691,1226.0,376.072,2.38239,5716.0,4.42,1.0
TOI 2427.01,560.0,0.634,783.0,62.7136,1.99844,4072.0,4.58,2.0
TOI 2429.01,591.5301151,3.102328,835.9337133,115.4006791,2.1949984,5517.8,4.57,1.0
TOI 2430.01,680.0,0.909,1598.0,1082.9,4.67495,6409.0,4.14,1.0
TOI 2431.01,540.0,0.292,1998.0,2649.15,5.59553,4079.0,4.58,2.0
TOI 2432.01,870.0,1.491,1446.0,727.6,8.96794,6130.5,3.58,1.0
TOI 2433.01,3377.1602587,2.8686583,200.5072077,0.3819803,1.8103101,3323.0,4.91599,1.0
TOI 2435.01,1840.1196782,5.0482027,595.3675075,29.6935087,3.7761104,5650.08,4.55536,1.0
TOI 2436.01,367.8233419,8.7302689,656.555832,43.914471,2.4101533,6291.0,4.34633,1.0
TOI 2437.01,1263.5326305,3.01966,1126.8564017,381.0617054,4.1062551,5927.0,4.37728,1.0
TOI 2439.01,2859.7577713,4.0964994,679.0808773,50.2582088,5.0510341,5283.0,4.438,1.0
TOI 244.01,953.5477499,1.3164962,409.942287,6.6743946,1.2711131,3342.0,4.438,2.0
TOI 2441.01,3520.6971104,2.5413229,363.3971818,4.1214233,2.9698317,3478.0,4.76582,1.0
TOI 2441.02,1282.3227899,2.0186927,481.205367,12.6719325,2.0319062,3478.0,4.76582,1.0
TOI 2442.01,131000.0,6.507,1053.0,204.585,10.2267,5762.0,4.44944,0.0
TOI 2443.01,1393.3814802,4.562853,486.9971964,13.2931176,2.6868893,4214.44,4.52845,2.0
TOI 2445.01,2322.6218151,0.4918187,964.4647664,204.4873602,1.4062147,3333.0,4.95786,2.0
TOI 2446.01,1215.9529886,5.4844,690.8611696,53.8374071,4.2075538,5926.0,4.48242,1.0
TOI 2447.01,8735.0,8.291,719.0,44.5933,10.2185,5825.0,4.43,2.0
TOI 2448.01,492.0,3.08,1463.0,762.028,3.54998,9671.0,4.33,0.0
TOI 2448.02,483.0,3.198,1035.0,191.036,3.80858,9671.0,4.33,1.0
TOI 2449.01,10168.0,7.792,1215.0,362.642,11.9082,6054.0,4.43,2.0
TOI 245.01,1107.0,0.926,886.0,102.621,12.5053,6208.0,4.438,1.0
TOI 2450.01,6750.4878782,4.3420932,582.0683673,27.1279511,6.4171164,5426.0,4.63305,1.0
TOI 2451.01,24850.3953805,0.9696069,1174.242267,449.3159514,8.5611179,3199.0,4.70217,0.0
TOI 2453.01,3375.8183277,1.393441,550.7815271,21.7489585,3.0014777,3609.0,4.73522,1.0
TOI 2454.01,968.2734253,2.8291905,659.8835801,44.8115834,2.5051088,4431.2,4.45,1.0
TOI 2455.01,47110.570638,1.8316316,526.8565787,18.2091901,14.6186346,3553.0,4.74625,1.0
TOI 2456.01,1219.8107094,1.8522307,539.4735051,20.0171149,2.8398685,4968.0,4.55877,1.0
TOI 2457.01,1859.1571503,2.5629666,452.1179596,9.8747938,2.7591068,4045.0,4.63657,1.0
TOI 2458.01,310.4978088,1.9917422,1396.0501486,897.6872949,2.3797323,6092.0,4.25,2.0
TOI 2459.01,1906.0596245,3.2516728,435.7259839,8.5187297,2.9365337,4195.0,4.59888,2.0
TOI 246.01,14639.4155321,3.7599578,916.2147815,166.5367856,15.0953,5070.0,4.47933,1.0
TOI 2461.01,5383.8458373,4.1830206,1406.0290126,923.6302124,13.7037465,6513.0,4.08,1.0
TOI 2462.01,6907.9754982,4.7778345,1012.8837698,248.7479157,17.4453322,5365.0,4.41,1.0
TOI 2463.01,1233.9391066,12.7030565,1591.7023708,1516.940178,11.6613557,6481.0,3.54495,1.0
TOI 2464.01,19800.0,2.727,1061.0,210.575,12.5471,5160.0,4.49546,1.0
TOI 2465.01,892.1135724,2.9961712,1305.1938483,685.837258,3.1563691,6808.4,4.59,1.0
TOI 2466.01,10650.0,4.087,1973.0,2520.03,18.7969,6475.0,4.0609,1.0
TOI 2467.01,444.0879481,1.3491032,1197.6740653,486.2678796,1.7738475,4909.0,4.52554,1.0
TOI 2468.01,1920.0,3.788,782.0,62.1143,11.2009,6102.0,3.75,0.0
TOI 2469.01,7940.0,3.225,2006.0,2690.9,23.4044,6931.0,3.8,0.0
TOI 247.01,14223.1726719,2.4617762,1233.1457715,546.4855387,14.3752921,5540.0,4.42136,1.0
TOI 2470.01,800.0,2.347,687.0,37.1797,2.12356,4562.0,4.56,1.0
TOI 2471.01,1420.0,2.777,1522.0,891.424,13.2476,5908.4,3.55,1.0
TOI 2472.01,390.0,6.71,1088.0,232.874,3.35556,5824.0,4.0,1.0
TOI 2473.01,3562.0,2.756,3579.0,27258.8,17.567,6589.1,4.21,1.0
TOI 2475.01,1190.0,2.823,620.0,24.617,4.82429,5600.0,4.16,0.0
TOI 2477.01,1383.0,5.598,229.0,511.815,12.9584,7505.2,4.09,1.0
TOI 2478.01,568.2994163,2.8595222,1385.5952225,871.0969851,2.737769,5748.0,4.34,1.0
TOI 2479.01,965.1649482,4.9462843,565.8728882,24.2324067,3.7858994,5363.1,4.08,1.0
TOI 248.01,411.3820085,3.4644509,1046.7197587,283.6891271,2.3197704,5711.7,3.84,1.0
TOI 2480.01,2190.0,3.414,913.0,115.756,9.40688,6421.0,3.98,0.0
TOI 2481.01,1260.0,3.374,766.0,57.2917,3.11124,5567.0,4.56,1.0
TOI 2483.01,650.0,1.302,1675.0,1309.65,4.86539,6137.7,4.19,0.0
TOI 2484.01,2970.0,2.517,787.0,63.8466,5.183,5632.0,4.54,1.0
TOI 2485.01,4780.0,6.217,1121.0,262.58,12.196,6016.4,4.01,2.0
TOI 2487.01,14990.0,3.141,1430.0,695.002,15.364,5822.0,4.3,1.0
TOI 2488.01,1933.6811005,4.2439843,1187.3005031,469.63841,10.5027085,5394.0,4.4,1.0
TOI 249.01,1341.3720224,2.3345844,570.3462995,25.0078015,2.2695325,4157.0,4.59257,1.0
TOI 2490.01,4407.5735305,7.474737,770.4245689,83.2609761,7.8938765,5459.0,4.27837,1.0
TOI 2492.01,13680.0,4.977,1118.0,260.172,17.4827,6519.0,4.22,0.0
TOI 2493.01,1704.3313705,2.0935301,468.4364849,11.3795177,2.6595119,4242.0,4.62878,1.0
TOI 2494.01,9060.0,1.976,800.0,68.1559,9.53663,5376.0,4.49858,1.0
TOI 2494.02,590.0,1.881,1257.0,415.189,2.23597,5376.0,4.49858,1.0
TOI 2495.01,2783.9129229,1.6941573,379.9713444,4.92634,1.8939264,3356.0,4.8711,1.0
TOI 2496.01,77503.5100766,1.9286406,741.6362852,71.4965163,22.9576146,3273.0,4.66823,1.0
TOI 2497.01,2103.6578759,7.8236322,1433.4467118,997.808531,11.7630857,6715.0,3.79727,2.0
TOI 2498.01,1316.4622757,2.975208,1352.3587386,790.4759269,4.774123,5938.0,4.25146,2.0
TOI 250.01,13798.6701483,2.368249,1602.7450127,1559.4761539,12.9621642,5700.0,4.39502,1.0
TOI 2500.01,6470.0,3.031,1978.0,2541.33,13.1598,7837.0,4.31121,1.0
TOI 2501.01,1501.6874101,2.2585228,641.8756259,40.1166389,2.6350944,4066.0,4.60684,1.0
TOI 2502.01,5433.0348726,4.4361226,1762.1995122,2278.9841698,13.070864,6534.0,4.09026,1.0
TOI 2503.01,17781.0520005,2.2718194,1434.4366942,1000.567857,13.2366563,5457.0,4.44807,1.0
TOI 2504.01,3149.5795009,4.703902,1277.4513763,629.3590997,15.2559264,8389.0,4.29787,1.0
TOI 2505.01,640.0,1.958,1297.0,470.021,4.096,5879.0,4.09,1.0
TOI 2507.01,657.1128437,3.4976316,676.7077743,49.5593572,2.7663379,5824.0,4.53,1.0
TOI 251.01,844.8199092,2.1294254,1041.1942661,277.7461661,2.8269897,5862.0,4.51783,2.0
TOI 2510.01,500.0,1.282,1326.0,514.024,2.69714,6317.0,4.35,0.0
TOI 2511.01,1920.0,0.912,1906.0,2195.21,9.70612,6811.0,4.02,0.0
TOI 2512.01,150.0,5.507,2502.0,6511.62,2.03235,6393.0,4.08,1.0
TOI 2513.01,530.0,2.577,1727.0,1478.98,3.9587,6039.0,4.03,1.0
TOI 2514.01,510.0,4.047,1181.0,323.891,2.10043,5563.0,4.45,1.0
TOI 2515.01,2450.0,2.417,1493.0,826.195,13.6737,6127.0,4.02,1.0
TOI 2517.01,350.0,2.49,1726.0,1476.0,5.07891,6863.0,3.93,0.0
TOI 2518.01,550.0,3.401,1095.0,239.133,2.18563,6016.0,4.49,1.0
TOI 2519.01,770.0,2.062,691.0,38.0097,2.29124,4742.0,4.57,1.0
TOI 2520.01,320.0,4.133,2128.0,3407.6,1.39836,5298.0,4.62,1.0
TOI 2522.01,350.0,4.365,2033.0,2840.05,1.66554,5531.0,4.45,1.0
TOI 2523.01,660.0,2.849,1200.0,344.881,2.86438,5809.0,4.36,1.0
TOI 2524.01,11192.4995247,4.2542613,1061.0,210.609,13.1612,5758.3,4.3,2.0
TOI 2525.01,6473.602151,6.4129373,512.9721403,16.3642505,9.7267129,4944.0,4.51,2.0
TOI 2525.02,15606.4614867,6.5807145,399.9626824,6.0478205,10.3670919,4944.0,4.51,2.0
TOI 2526.01,7890.0,5.197,1268.0,429.98,11.7844,5923.0,4.25,1.0
TOI 2527.01,1260.0,3.706,2270.0,4411.81,12.146,6919.0,3.54,1.0
TOI 2528.01,8540.0,5.928,1056.0,206.968,8.72604,5980.0,4.56,1.0
TOI 2529.01,4240.0,8.943,808.0,70.9731,10.9718,5822.0,3.97,2.0
TOI 253.01,308.8285985,2.0,723.3731892,64.709886,1.328654,4020.0,4.438,1.0
TOI 2530.01,21624.0,4.646,405.0,4.48015,11.1787,4490.0,4.55,1.0
TOI 2531.01,13497.6071224,3.168587,789.8623006,91.987019,10.1405034,5320.0,4.52,1.0
TOI 2532.01,11640.0,4.223,721.0,44.9403,9.46753,5560.0,4.54,1.0
TOI 2533.01,6690.0,2.896,1008.0,171.835,9.65352,6144.3,4.4,1.0
TOI 2534.01,5180.0,8.475,1011.0,174.059,12.0956,6421.5,4.12,1.0
TOI 2535.01,11810.0,3.038,566.0,17.053,9.85518,5278.0,4.51,1.0
TOI 2537.01,20525.1201107,4.8738442,421.2871907,7.444474,14.5890881,4696.7,4.54,2.0
TOI 2538.01,1480.0,3.606,2282.0,4501.88,12.2597,7340.8,4.09,1.0
TOI 2539.01,1343.3387762,1.5285482,2118.8465446,4763.4215785,5.2012051,5799.4,4.11,1.0
TOI 2540.01,1144.1789073,3.1582562,477.2453303,12.2599233,2.5924633,4036.3,4.65,1.0
TOI 2541.01,520.0,2.702,2858.0,11077.2,8.14924,7839.6,4.13,1.0
TOI 2543.01,3098.3066655,6.4481914,1331.0393949,741.7962608,10.8099759,6349.8,4.11,2.0
TOI 2544.01,3392.7700746,3.7404027,952.5129011,194.5380096,15.3646915,5441.0,4.41,0.0
TOI 2545.01,404.6194381,4.271047,1022.9865778,258.8217348,2.5576021,5846.29,4.26525,2.0
TOI 2547.01,14975.1986739,2.7479753,1418.5620601,957.0053443,13.1879107,5785.79,4.39543,1.0
TOI 2548.01,18942.0,2.444,676.0,34.6952,12.0756,5238.0,4.54438,1.0
TOI 2548.02,549.0,0.779,1719.0,1452.18,4.98711,5238.0,4.54438,2.0
TOI 255.01,13994.0625365,2.8737522,1269.8918153,614.5934084,12.0658006,5700.0,4.39704,1.0
TOI 2550.01,3806.1953378,1.9063647,827.1534677,110.6280815,5.7395383,5509.1,4.52,0.0
TOI 2551.01,2660.0,2.335,1355.0,560.394,7.79881,7980.0,4.37685,1.0
TOI 2552.01,2049.0263458,1.8215643,847.8780456,122.1390568,3.0793796,4007.0,4.56359,1.0
TOI 2553.01,11925.6417552,4.5181283,936.3549718,181.6699451,11.5945537,5757.5,4.29,1.0
TOI 2554.01,7043.2784811,5.3639991,1574.6602021,1453.0093429,17.7665063,6969.2,4.17,0.0
TOI 2558.01,6535.8664276,4.2520718,805.3455558,99.4145767,12.0078948,5834.0,4.25,1.0
TOI 2559.01,25670.0,2.627,1093.0,236.94,14.9915,5709.9,4.53,1.0
TOI 256.01,6560.492087,2.069051,157.0898896,0.1439176,1.8439453,3131.0,5.05701,1.0
TOI 256.02,3469.450739,1.4759325,394.3844097,5.7174182,1.5659937,3131.0,5.05701,1.0
TOI 2560.01,19660.0,2.634,1117.0,258.816,13.8379,5321.0,4.42,1.0
TOI 2561.01,8510.0,3.142,1553.0,966.571,15.2778,5905.0,4.05,1.0
TOI 2562.01,12060.0,2.896,1256.0,413.846,13.766,6054.0,4.3,1.0
TOI 2563.01,16210.0,2.301,907.0,112.463,13.248,5487.0,4.41,1.0
TOI 2564.01,8787.4795537,2.38162,1237.0322556,553.4075728,11.5792771,5698.0,4.33,1.0
TOI 2565.01,3689.4781363,3.7793044,1588.9398662,1506.4365626,11.7222736,5840.0,3.9,1.0
TOI 2566.01,9271.0628122,2.9567547,900.6689155,155.5183712,8.4263554,4927.6,4.52,1.0
TOI 2567.01,3826.4375501,5.3886513,1278.9368045,632.2914999,10.7016592,5609.0,3.96,2.0
TOI 2568.01,10320.0,3.522,1799.0,1741.71,15.9782,7250.0,4.26,1.0
TOI 2569.01,3890.0,4.318,871.0,95.9399,9.79059,5496.1,4.04,1.0
TOI 257.01,1191.0283192,6.405153,972.3814218,211.2844875,6.3790962,6382.7,4.05,2.0
TOI 2570.01,15493.9490407,2.9847247,1307.2435081,690.1555373,14.0699828,5639.0,4.34,2.0
TOI 2572.01,6710.0,4.015,1678.0,1318.02,11.8109,6303.0,4.21,1.0
TOI 2573.01,19550.0,3.367,1150.0,290.593,15.1889,5525.0,4.37,1.0
TOI 2574.01,21180.0,2.186,1137.0,277.661,19.0204,6734.0,4.41,1.0
TOI 2575.01,8504.6805867,3.6276575,1551.4315362,1369.1513607,13.924729,6140.0,4.18,1.0
TOI 2576.01,11780.0,3.171,1377.0,598.34,13.5313,6166.4,4.34,1.0
TOI 2577.01,4860.0,2.452,1635.0,1186.51,13.2544,7899.0,4.16,1.0
TOI 2578.01,10218.255838,2.6231719,1444.3395468,1028.4855924,14.7324849,6427.8,4.35,1.0
TOI 2579.01,12620.0,3.835,1432.0,698.148,15.2308,5783.0,4.21,1.0
TOI 258.01,3648.2442456,1.8262867,1867.7902797,2876.2951268,15.146461,6474.57,4.26363,0.0
TOI 2580.01,9960.0,4.502,1870.0,2031.47,18.3834,6590.0,4.05,2.0
TOI 2581.01,12480.0,3.085,1253.0,409.771,12.4141,5450.0,4.35,1.0
TOI 2583.01,8520.0,4.175,1440.0,713.859,13.7321,6050.0,4.14,2.0
TOI 2584.01,12380.0,3.056,1290.0,459.903,16.2589,6502.7,4.25,1.0
TOI 2585.01,754.0,2.312,1065.0,213.735,1.90189,5276.5,4.6,0.0
TOI 2586.01,1150.0,2.405,1223.0,372.192,12.6233,5781.0,3.89,1.0
TOI 2587.01,4160.0,3.783,1230.0,381.078,10.9408,5674.8,4.04,2.0
TOI 2588.01,3120.0,1.23,1016.0,177.312,10.0104,6495.7,4.26,1.0
TOI 2589.01,8878.0,6.401,601.0,21.7464,11.7392,5581.0,4.16,2.0
TOI 259.01,16167.1783697,2.2484015,1235.0753497,549.914052,12.2562719,5410.0,4.47919,1.0
TOI 2590.01,240.0,1.754,2547.0,6994.61,1.77725,6162.0,4.4,1.0
TOI 2591.01,20750.0,3.733,1104.0,246.718,20.982,6287.0,4.23,0.0
TOI 2593.01,839.0,1.677,1836.0,1889.26,6.70217,6514.0,3.88,1.0
TOI 2597.01,940.0,3.737,1846.0,1930.96,9.20389,7080.0,3.67,1.0
TOI 2598.01,17740.0,1.146,588.0,19.8561,21.0528,4405.0,4.41,0.0
TOI 2599.01,1020.0,6.088,2009.0,2704.62,11.1924,6352.0,3.44,1.0
TOI 260.01,708.9461601,2.0643913,455.6136246,10.1837519,1.9840882,4111.0,4.6461,2.0
TOI 2603.01,37285.6090775,1.5960595,953.9400228,195.7065144,11.5968325,3947.0,4.65587,1.0
TOI 2604.01,5548.8279627,5.5607357,1680.067326,1882.9021211,15.9619759,6606.0,3.93691,1.0
TOI 2606.01,7270.0,1.123,1944.0,2374.67,20.5418,6472.0,4.37386,1.0
TOI 2608.01,6163.2889314,4.3082924,1325.4998462,729.5242428,12.5337443,5385.7,4.4,1.0
TOI 261.01,422.0610761,3.3430495,1387.0636575,874.7955667,3.0449863,5890.3,3.92,2.0
TOI 261.02,625.5995687,4.9218325,1007.5256829,243.5260946,3.3482223,5890.3,3.92,2.0
TOI 2610.01,96363.0926604,2.1776943,603.8106997,31.4140709,16.0166732,3148.0,4.75166,0.0
TOI 2613.01,35221.1348039,8.2467072,780.2446961,87.587938,21.1122163,6042.0,4.43,1.0
TOI 2615.01,13217.8124266,2.834542,1415.6677914,949.2189656,12.4983488,5690.0,4.38,1.0
TOI 2616.01,34220.0,2.019,1418.0,672.909,13.5946,5355.0,4.46,1.0
TOI 2617.01,28370.0,3.504,958.0,139.993,16.8683,4961.0,4.43,1.0
TOI 2618.01,2250.0,3.317,1764.0,1610.36,11.8684,7386.5,4.2,1.0
TOI 262.01,566.2736451,1.3947705,700.5241733,56.9132658,2.0671456,5302.58,4.53515,2.0
TOI 2620.01,18740.0,3.548,887.0,102.964,17.6401,5896.0,4.27,1.0
TOI 2621.01,10860.0,1.209,1221.0,369.1,13.7942,6190.0,4.34,1.0
TOI 2622.01,25580.0,2.186,1915.0,2232.93,17.4662,5991.0,4.43,1.0
TOI 2623.01,1430.0,1.789,2391.0,5430.93,10.9219,5073.0,3.5,0.0
TOI 2624.01,26980.0,2.189,1052.0,203.691,13.178,5141.0,4.6,1.0
TOI 2626.01,20448.8800177,2.3613816,847.3409174,121.8298519,10.5605032,4404.0,4.52,1.0
TOI 2627.01,14670.0,1.425,1773.0,1643.06,12.4794,5427.0,4.45,1.0
TOI 2628.01,6610.0,1.271,2291.0,4579.31,10.5535,5969.0,4.31,1.0
TOI 2629.01,11370.1513147,4.6321783,971.1166682,210.1873793,16.3774861,5893.0,4.16,1.0
TOI 263.01,45140.5350425,0.9712066,999.3239856,235.6927628,9.6870229,3116.0,5.06043,2.0
TOI 2630.01,3540.0,1.661,1027.4530905,54.3894,12.3196,6125.1,4.0,1.0
TOI 2631.01,10550.9077716,2.5431694,996.3968565,232.9433928,13.188691,5752.2,4.4,1.0
TOI 2632.01,1430.0,1.711,3617.0,28442.1,7.82059,6164.0,4.4,0.0
TOI 2633.01,2203.3245309,4.8596477,1575.3269703,1455.4719337,8.8304863,7811.0,4.25974,1.0
TOI 2634.01,2801.2247588,4.8897805,682.459665,51.2659437,5.8424203,5349.16,4.438,1.0
TOI 2635.01,2508.5862836,7.1681685,1684.4784991,1902.7550776,14.5247965,6502.0,3.65751,1.0
TOI 2636.01,6155.7750978,4.8079092,1824.8927205,2621.0201325,15.7521647,7176.0,4.13,1.0
TOI 2639.01,30096.5339932,4.1138054,674.851116,49.0176948,16.4071897,5417.0,4.46174,1.0
TOI 264.01,4580.0,3.604,1864.0,2007.96,18.2508,6250.0,3.98811,1.0
TOI 2640.01,71047.5639651,2.003082,645.1250281,40.9351669,7.3931803,2999.0,4.95462,1.0
TOI 2641.01,3385.5526856,1.6120362,1275.8083387,626.1274546,9.7354897,6309.0,4.32298,2.0
TOI 2642.01,11240.0,2.606,1406.0,649.429,13.3524,6229.0,4.34122,1.0
TOI 2643.01,580.0,7.169,1152.0,293.374,9.02881,4933.0,4.438,1.0
TOI 2645.01,43370.0,2.134,1552.0,964.415,20.6713,5465.0,4.47,1.0
TOI 2647.01,3098.8049112,0.7873882,2437.5293666,8342.9651284,7.4237633,5270.0,4.14,1.0
TOI 2648.01,11156.3496198,1.7107074,758.0,520.1148845,14.861327,5904.3,4.28,1.0
TOI 2649.01,11630.0,3.489,1609.0,1112.75,13.2361,6408.0,4.38,1.0
TOI 265.01,11796.3303624,2.8894449,845.3828218,120.7076171,9.3440442,5310.0,4.59604,1.0
TOI 2650.01,6708.4441146,2.044445,1652.1171129,1760.6957688,12.7809294,5913.0,4.2,1.0
TOI 2651.01,37130.0,2.235,738.0,49.3074,17.3698,4884.0,4.5,0.0
TOI 2654.01,10410.0,1.688,819.0,75.0167,8.00413,4396.0,4.52,1.0
TOI 2655.01,4000.0,2.5,1039.0,193.697,6.45464,5601.0,4.39,1.0
TOI 2656.01,11390.0,3.095,826.0,77.3001,9.36784,5091.5,4.48,1.0
TOI 2657.01,12220.0,2.459,1250.0,406.289,12.3741,5416.0,4.33,1.0
TOI 2658.01,25757.0688203,3.8366417,879.8492444,141.6296114,16.5775949,5528.3,4.38,1.0
TOI 2659.01,22260.0,1.795,1423.0,681.251,14.1053,4926.0,4.43,1.0
TOI 266.01,638.0928566,2.943424,787.3911722,90.8412638,2.3581827,5784.0,4.438,2.0
TOI 266.02,345.240264,3.4164,981.282679,219.1278279,1.759371,5784.0,4.438,2.0
TOI 2660.01,2500.0,3.218,1030.0,187.484,10.7644,5011.2,4.49,1.0
TOI 2661.01,10450.0,2.814,1228.0,377.929,12.2058,5606.0,4.3,1.0
TOI 2662.01,15240.0,2.958,1259.0,417.971,12.9604,5542.0,4.41,1.0
TOI 2664.01,6193.0,0.884,974.0,149.866,24.4489,5863.0,4.43,0.0
TOI 2665.01,2681.0,2.556,1462.0,758.965,6.4972,6112.0,4.27,1.0
TOI 2668.01,840.0,1.013,1780.0,1667.72,6.17322,6859.0,4.16,1.0
TOI 267.01,5284.9525713,5.4071598,1368.4712903,828.8267593,12.7442838,6180.0,4.11766,1.0
TOI 2671.01,1130.0,4.661,3197.0,17348.8,6.82612,6187.0,4.26,0.0
TOI 2673.01,372.0,2.178,1543.0,943.042,2.2474,5601.4,4.24,1.0
TOI 2675.01,2670.0,1.451,2608.0,7685.32,13.2219,6712.0,4.28,0.0
TOI 2676.01,10060.0,3.901,1637.0,1192.31,16.7879,6231.4,4.11,1.0
TOI 2678.01,13260.0,1.624,957.0,139.443,10.2673,5614.0,4.49,1.0
TOI 2679.01,14520.0,2.906,1225.0,374.407,11.8808,5805.0,4.52,1.0
TOI 268.01,1350.0,6.2992409,1071.3426196,311.3397198,7.69012,5868.0,3.57327,1.0
TOI 2680.01,3730.0,1.129,1973.0,2516.29,4.46635,5508.0,4.63,0.0
TOI 2681.01,7430.0,1.545,1246.0,400.405,12.0419,6078.0,4.25,1.0
TOI 2682.01,14260.0,1.412,1088.0,233.319,11.5397,5516.0,4.49,1.0
TOI 2684.01,4370.0,2.461,1179.0,321.692,5.25914,4633.0,4.5,1.0
TOI 2685.01,10070.0,1.606,972.0,148.699,11.1759,5593.0,4.39,1.0
TOI 2686.01,6040.0,1.153,936.0,127.934,11.6965,6257.0,4.25,1.0
TOI 2687.01,5890.0,4.233,1438.0,711.268,12.8011,5650.0,4.03,1.0
TOI 2688.01,1060.0,2.989,1693.0,1363.83,4.72287,5530.0,4.08,1.0
TOI 2689.01,5200.0,2.242,1049.0,201.62,6.58171,5001.0,4.46,1.0
TOI 269.01,4755.6707294,0.9308263,533.8429511,19.1944226,2.942044,3607.0,4.438,2.0
TOI 2692.01,20370.0,2.79,1133.0,273.621,12.1655,5343.0,4.55,1.0
TOI 2693.01,13750.0,1.683,1493.0,825.226,11.5804,5388.0,4.44,1.0
TOI 2696.01,11300.0,1.707,788.0,64.1809,12.1252,6191.0,4.41,1.0
TOI 2697.01,4670.0,4.523,1483.0,803.246,10.9284,5683.0,4.03,1.0
TOI 2699.01,12800.0,2.442,809.0,71.3806,14.0157,4964.0,4.19,1.0
TOI 270.01,3856.1060852,1.6631704,452.8709226,9.9407408,2.4070872,3551.0,4.83982,2.0
TOI 270.02,3147.0461739,2.2350305,358.827663,3.9180021,2.2539464,3551.0,4.83982,2.0
TOI 270.03,972.9589363,1.413245,538.8593825,19.9261226,1.1843718,3551.0,4.83982,2.0
TOI 2700.01,11110.0,2.604,1080.0,226.009,12.5117,5720.0,4.32,1.0
TOI 2701.01,1780.0,1.653,1402.0,643.066,5.81205,5823.0,4.2,1.0
TOI 2702.01,8140.0,2.768,2056.0,2966.77,15.1178,6950.0,4.21,1.0
TOI 2703.01,12950.0,3.163,967.0,145.598,11.2676,5435.0,4.45,1.0
TOI 2704.01,16700.0,3.509,1557.0,977.668,16.4306,6552.0,4.39,1.0
TOI 2705.01,4580.0,4.952,779.0,61.2858,12.5654,5740.0,3.91,1.0
TOI 2706.01,5450.0,1.428,1757.0,1582.72,17.0369,5807.0,4.26,1.0
TOI 2707.01,10360.0,4.78,1664.0,1275.2,18.1614,6202.0,4.03,1.0
TOI 2708.01,6660.0,2.36,1548.0,954.677,14.4919,6114.0,4.02,0.0
TOI 2709.01,10020.0,2.416,1551.0,960.683,15.1575,6124.0,4.16,1.0
TOI 2710.01,38070.0,3.298,619.0,24.4016,11.9772,4701.0,4.72,1.0
TOI 2711.01,14580.0,3.08,988.0,158.265,14.0917,5530.3,4.33,1.0
TOI 2713.01,4070.0,0.939,1255.0,412.506,5.66309,4967.0,4.6,0.0
TOI 2714.01,10610.0,2.99,1544.0,945.55,12.9239,5737.0,4.28,2.0
TOI 2715.01,4910.0,4.908,1585.0,1050.08,13.6926,6323.0,3.95,1.0
TOI 2716.01,7720.0,3.854,1061.0,210.743,9.55159,5949.0,4.42,1.0
TOI 2717.01,3580.0,1.389,1694.0,1368.05,11.2218,6341.0,4.04,0.0
TOI 2718.01,16160.0,2.037,983.0,155.318,10.8143,4694.0,4.48,1.0
TOI 2719.01,1270.0,3.538,1514.0,874.29,6.03548,5701.0,3.99,2.0
TOI 272.01,19158.8321817,2.2676536,1005.5957745,241.6655587,12.4316228,4953.0,4.55653,1.0
TOI 2720.01,2300.0,2.706,1680.0,1324.12,10.0889,5834.0,3.81,1.0
TOI 2722.01,800.0,0.845,1612.0,1121.93,4.66694,5678.0,4.08,1.0
TOI 2723.01,10730.0,3.845,1533.0,917.268,16.224,5848.0,4.1,1.0
TOI 2724.01,44400.0,1.874,1349.0,550.26,18.3083,5142.0,4.54,1.0
TOI 2726.01,16080.0,1.993,1250.0,406.495,18.7538,6351.0,4.26,1.0
TOI 2727.01,2330.0,1.168,1904.0,2181.85,12.243,5632.0,3.67,1.0
TOI 2728.01,11820.0,1.979,1557.0,976.638,15.5191,5776.0,4.18,1.0
TOI 2729.01,25420.0,2.108,934.0,126.805,12.5268,5240.2,4.64,1.0
TOI 273.01,2983.6257317,1.5026958,1330.6211479,740.8643338,6.0238347,4304.6,4.57,0.0
TOI 2730.01,16210.0,1.393,1124.0,265.723,20.6073,5909.0,4.11,1.0
TOI 2731.01,280.0,2.238,2263.0,4359.09,1.35321,5697.0,4.6,1.0
TOI 2732.01,2480.0,1.325,2438.0,5873.32,7.51559,6699.0,4.18,0.0
TOI 2733.01,7220.0,3.751,1522.0,891.377,15.999,6065.0,3.94,1.0
TOI 2734.01,2040.0,3.464,1299.0,474.054,5.59491,5785.0,4.26,1.0
TOI 2735.01,29670.0,1.637,1033.0,189.304,13.2267,4687.0,4.58,1.0
TOI 2736.01,3250.0,2.002,1263.0,422.8,11.1486,6539.0,3.99,0.0
TOI 2737.01,2300.0,6.488,2252.0,4271.73,13.2674,6272.0,3.6,1.0
TOI 2739.01,5640.0,0.913,940.0,129.933,12.7493,5102.2,4.68,1.0
TOI 274.01,537.9244902,1.1716379,1836.8537579,2690.4153124,2.8738733,5181.0,4.54631,0.0
TOI 2741.01,12890.0,3.575,1777.0,1658.79,16.3009,6636.0,4.29,1.0
TOI 2743.01,4090.0,1.789,3147.0,16302.6,17.228,9742.0,4.01,0.0
TOI 2746.01,5680.0,3.888,2170.0,3684.32,12.4437,9668.0,4.39,1.0
TOI 2748.01,10210.0,2.035,964.0,143.512,11.571,5688.0,4.36,1.0
TOI 2749.01,4110.0,5.156,2379.0,5321.0,18.9679,7616.0,4.02,1.0
TOI 2751.01,24880.0,2.511,741.0,50.0778,12.8097,5262.0,4.57,1.0
TOI 2752.01,10380.0,3.023,1134.0,275.438,12.6447,5822.0,4.3,1.0
TOI 2753.01,12020.0,2.128,1694.0,1369.74,15.3377,6020.0,4.22,1.0
TOI 2754.01,1060.0,1.46,1824.0,1840.19,3.75015,5544.7,4.37,0.0
TOI 2755.01,6490.0,1.96,1121.0,262.223,9.77184,5709.0,4.28,1.0
TOI 2757.01,21800.0,2.694,1426.0,687.809,20.9129,6704.0,4.3,1.0
TOI 2758.01,22840.0,2.713,877.0,98.5409,12.3919,4693.0,4.5,1.0
TOI 2759.01,5070.0,3.429,3090.0,15134.3,17.7465,6033.0,3.86,0.0
TOI 276.01,5241.0677476,1.9968681,1449.5280892,1043.344051,17.0718101,6366.0,4.16217,0.0
TOI 2760.01,1850.0,1.075,2317.0,4788.57,6.74949,5643.0,4.1,0.0
TOI 2761.01,17560.0,3.861,1445.0,725.656,17.6327,6356.0,4.35,1.0
TOI 2764.01,3620.0,1.832,1479.0,796.052,10.8605,6494.0,4.06,1.0
TOI 2765.01,2230.0,1.228,1955.0,2426.37,7.10309,6865.0,4.24,1.0
TOI 2768.01,1790.0,1.032,855.0,89.0458,3.01287,4008.0,4.6,2.0
TOI 277.01,5801.8957159,1.9693065,587.9229796,28.2359721,4.2556645,3748.0,4.7573,2.0
TOI 2771.01,4590.0,4.736,1870.0,2030.9,13.6848,6733.4,3.98,0.0
TOI 2775.01,22150.0,3.615,1497.0,835.088,17.9247,5112.0,4.56,0.0
TOI 2776.01,8820.0,3.001,1845.0,1927.33,17.1001,7911.0,4.19,1.0
TOI 2778.01,16730.0,2.737,1202.0,347.285,14.6892,6288.0,4.42,1.0
TOI 2779.01,5860.0,3.511,2409.0,5592.86,13.4427,6570.0,4.21,0.0
TOI 278.01,5780.6664824,0.7218103,944.4983346,188.0727122,2.5153001,2955.0,5.13527,1.0
TOI 2780.01,7400.0,1.671,1108.0,251.061,17.7815,7169.0,4.08,1.0
TOI 2781.01,6370.0,1.279,673.0,34.207,5.94208,3868.0,4.57,1.0
TOI 2784.01,1330.0,0.629,2349.0,5062.7,4.81101,5784.0,4.38,0.0
TOI 2786.01,7680.0,4.483,1539.0,933.592,16.0563,5605.0,3.88,1.0
TOI 2788.01,7700.0,2.813,1173.0,314.34,8.30577,5647.0,4.5,1.0
TOI 2789.01,3310.0,4.461,1848.0,1939.81,8.05598,5906.0,4.14,0.0
TOI 279.01,1575.0,3.698,653.0,30.2417,1.86599,4140.0,4.46332,1.0
TOI 2790.01,10070.0,3.553,2095.0,3201.05,20.0937,6901.0,4.04,1.0
TOI 2791.01,5010.0,4.989,1864.0,2004.64,14.0065,6425.0,3.94,1.0
TOI 2792.01,3920.0,1.734,749.0,52.4926,12.5411,5945.0,3.92,1.0
TOI 2793.01,2320.0,0.523,1977.0,2541.08,6.23347,5562.0,4.36,1.0
TOI 2794.01,6120.0,4.43,1484.0,806.142,14.441,6151.0,3.97,1.0
TOI 2795.01,15330.0,1.763,927.0,122.862,11.4562,5325.0,4.51,1.0
TOI 2796.01,11010.0,1.405,797.0,67.1926,15.0839,5449.5,4.13,2.0
TOI 2797.01,13070.0,3.385,1292.0,463.485,13.0206,5798.0,4.35,1.0
TOI 2798.01,14090.0,4.436,1524.0,896.598,18.9963,5931.0,4.06,1.0
TOI 2799.01,23180.0,2.178,1742.0,1530.88,16.9266,5873.0,4.4,1.0
TOI 280.01,839.9896915,1.7293131,708.2266596,59.457971,2.4497061,5454.0,4.59104,1.0
TOI 2802.01,1320.0,2.105,1171.0,312.309,5.79479,5668.0,4.35,1.0
TOI 2803.01,20910.0,2.935,1882.0,2085.59,17.4523,6384.0,4.41,2.0
TOI 2804.01,867.1363349,0.9062451,1339.2032846,760.1635216,4.4901713,5913.9,4.12,1.0
TOI 2805.01,1827.0,5.45,2408.0,5588.85,20.0559,8469.0,3.96,0.0
TOI 2806.01,760.0,3.947,992.0,161.074,4.0961,6334.6,4.2,1.0
TOI 2807.01,535.0,2.938,1264.0,424.412,2.45988,5645.0,4.32,1.0
TOI 2808.01,863.0,2.659,669.0,33.3967,1.77547,4853.0,4.69,1.0
TOI 281.01,642.4206976,2.3140477,1293.3084871,661.1949258,4.5613031,6002.18,4.12354,1.0
TOI 2810.01,490.0,3.906,1070.0,218.228,2.0563,5910.0,4.42,1.0
TOI 2811.01,1050.0,2.256,1357.0,564.535,13.2411,8058.0,3.57,0.0
TOI 2812.01,510.0,2.219,1545.0,948.001,3.62818,6888.0,4.25,0.0
TOI 2813.01,8572.2024128,2.3029332,1789.4071434,2421.8674124,14.6507235,9162.0,4.51,1.0
TOI 2814.01,9196.3437964,4.7009896,1402.9908508,915.6728921,15.1849562,6332.7,4.2,1.0
TOI 2815.01,7190.0,1.895,1137.0,278.231,15.4118,6097.0,4.01,1.0
TOI 2816.01,7610.0,4.992,2502.0,6509.45,13.504,5657.0,4.37,0.0
TOI 2817.01,10240.0,3.263,1071.0,218.419,9.96788,5900.0,4.48,1.0
TOI 2818.01,15110.0,3.655,1515.0,876.846,14.2282,5758.5,4.27,2.0
TOI 282.01,767.9192527,10.4337079,596.6666471,29.9535327,4.6074444,6321.0,4.22436,2.0
TOI 282.03,440.1660616,10.925059,520.7120401,17.3744666,3.4359102,6321.0,4.22436,2.0
TOI 282.04,253.4100012,2.465657,803.9912632,98.7475477,2.5594629,6321.0,4.22436,2.0
TOI 2820.01,24630.385709,3.135485,619.9102437,34.90087,12.027246,5448.0,4.7,1.0
TOI 2821.01,1990.0,0.297,1571.0,1011.6,13.6948,5606.0,3.81,1.0
TOI 2822.01,4820.0,4.111,1869.0,2026.22,11.5292,6086.0,4.04,1.0
TOI 2824.01,4710.0,4.045,2901.0,11768.7,13.7924,5827.0,4.23,1.0
TOI 2825.01,7490.0,4.304,1284.0,452.584,11.6197,6041.0,4.22,1.0
TOI 2827.01,2610.0,2.965,1139.0,280.204,7.70059,5857.2,3.94,1.0
TOI 2828.01,4920.0,1.566,1001.0,167.033,10.7957,6888.0,4.37,0.0
TOI 2829.01,2762.6275979,1.3965477,2702.390069,12604.1379184,11.7343018,6755.0,4.0,0.0
TOI 283.01,722.0,3.615,610.0,23.0207,2.01411,5250.0,4.64176,1.0
TOI 2831.01,4150.0,3.101,2604.0,7635.55,13.9087,9669.0,4.18,1.0
TOI 2832.01,10930.0,2.677,1655.0,1246.08,13.0858,6685.0,4.4,1.0
TOI 2834.01,14100.0,3.239,1254.0,411.734,13.8244,5928.2,4.56,1.0
TOI 2835.01,27860.0,2.232,1098.0,241.662,15.291,5306.0,4.51,0.0
TOI 2836.01,8340.0,3.112,1627.0,1164.58,11.1634,6434.3,4.46,1.0
TOI 2838.01,8170.0,4.702,1623.0,1153.14,15.3694,5878.0,4.03,0.0
TOI 2839.01,4550.0,1.529,2142.0,3494.7,11.9007,6259.0,4.06,0.0
TOI 284.01,209.0,2.844,1906.0,2194.21,0.97952,4779.8,4.57,0.0
TOI 2840.01,29020.0,2.351,1756.0,1580.66,19.4762,5957.0,4.39,1.0
TOI 2841.01,5930.0,4.258,3298.0,19658.8,14.4558,9394.0,4.25,1.0
TOI 2842.01,8480.0,2.207,1198.0,342.119,11.8731,6019.0,4.29,2.0
TOI 2843.01,18080.0,2.714,1875.0,2054.63,17.6221,6436.0,4.34,1.0
TOI 2845.01,6190.0,2.411,1436.0,707.742,20.1993,6397.0,3.83,0.0
TOI 2846.01,10530.0,2.56,1636.0,1189.32,13.9979,6718.0,4.34,1.0
TOI 2847.01,16770.0,2.131,1194.0,338.268,11.66,5329.0,4.52,1.0
TOI 2849.01,9480.0,3.404,1699.0,1384.06,13.623,6370.0,4.26,1.0
TOI 285.01,2425.505189,3.459632,328.6290521,2.7564164,3.028709,3891.0,4.64044,1.0
TOI 2850.01,3190.0,0.598,440.0,6.26353,7.47324,4608.0,4.35,1.0
TOI 2851.01,7650.0,4.145,1648.0,1225.98,14.7924,7141.0,4.2,1.0
TOI 2852.01,2000.0,0.886,2214.0,3988.82,10.0625,5635.0,3.81,1.0
TOI 2853.01,26840.0,1.427,1062.0,211.311,21.0823,6300.0,4.35,1.0
TOI 2854.01,2530.0,1.419,3015.0,13721.4,13.1071,9267.0,4.03,1.0
TOI 2855.01,4580.0,1.586,1050.0,202.549,8.78597,6066.0,4.34,0.0
TOI 2859.01,13190.0,3.5,1505.0,852.08,20.2505,6551.0,4.1,1.0
TOI 286.01,313.0,1.785,850.0,86.7681,1.40246,5245.0,4.57666,2.0
TOI 286.02,552.0,4.535,606.0,22.4437,1.84555,5245.0,4.57666,2.0
TOI 2861.01,5104.9588771,3.9371246,1201.5124066,492.5315328,11.1341925,5940.0,4.13,1.0
TOI 2862.01,16360.0,4.063,868.0,94.4317,15.5181,5958.0,4.3,1.0
TOI 2863.01,4130.0,3.047,2714.0,9015.13,9.44872,6550.0,4.21,0.0
TOI 2865.01,1660.0,0.262,1751.0,1563.98,9.82852,6353.0,4.46,1.0
TOI 2866.01,21020.0,1.947,1426.0,687.916,12.7462,5288.0,4.52,1.0
TOI 2867.01,7320.0,4.436,1308.0,486.031,14.2003,5904.0,4.03,1.0
TOI 2868.01,8600.0,4.508,1103.0,246.563,12.1477,5817.0,4.25,1.0
TOI 287.01,15002.1659627,2.0137346,1263.093127,601.5371996,17.6651495,5807.0,4.32,1.0
TOI 2871.01,2620.0,1.201,2895.0,11661.9,6.83767,6541.0,4.33,0.0
TOI 2872.01,6040.0,2.584,2058.0,2982.23,14.7463,11632.0,4.35,0.0
TOI 2874.01,2403.5706041,2.959105,1546.3199559,1351.1962911,8.5365984,6408.0,4.26,0.0
TOI 2875.01,3400.0,4.212,2430.0,5796.83,15.9231,8573.0,3.9,1.0
TOI 2876.01,9530.0,1.918,709.0,42.1658,9.36407,5137.0,4.45,1.0
TOI 2877.01,18130.0,3.111,1451.0,736.646,17.1042,6237.0,4.33,1.0
TOI 2878.01,2380.0,3.099,2014.0,2731.54,4.65169,6163.0,4.56,0.0
TOI 288.01,1566.1541118,6.7075614,312.0100486,2.2397282,9.065007,6530.0,3.96,1.0
TOI 2880.01,5250.0,4.976,1808.0,1774.48,13.1891,6605.0,4.07,1.0
TOI 2881.01,6280.0,4.218,1814.0,1800.37,13.1989,6032.0,4.05,1.0
TOI 2882.01,1680.0,4.37,2549.0,7012.5,4.99539,6656.0,4.37,1.0
TOI 2884.01,5900.0,2.93,1645.0,1215.74,14.3093,5896.0,3.97,1.0
TOI 2885.01,4160.0,2.37,1602.0,1093.74,15.3432,9608.0,4.11,1.0
TOI 2886.01,21520.0,2.625,1890.0,2118.49,18.6498,6141.0,4.33,1.0
TOI 2887.01,20620.2444335,3.7931445,1319.6283765,716.6837953,17.0084738,7185.0,4.52,1.0
TOI 2891.01,8880.0,4.843,873.0,96.7375,17.4207,6693.0,4.07,1.0
TOI 2892.01,8070.0,4.464,950.0,135.41,15.1651,5068.0,4.58,1.0
TOI 2893.01,5880.0,3.168,796.0,66.9029,7.36873,5467.0,4.45,1.0
TOI 2894.01,11610.0,2.472,852.0,87.5704,11.48,6004.0,4.47,1.0
TOI 2895.01,3910.0,5.908,1409.0,656.013,10.3307,6749.0,4.17,1.0
TOI 2897.01,6890.0,3.95,826.0,77.3733,7.9538,5777.0,4.47,1.0
TOI 2898.01,9701.7379772,3.7292938,1785.7427737,2403.2370301,17.5748151,7186.0,4.18,1.0
TOI 2899.01,7470.0,2.061,1191.0,334.64,17.2785,5881.0,3.94,1.0
TOI 290.01,21440.0,4.91,835.0,80.9224,36.6999,5736.0,3.97,0.0
TOI 2901.01,13990.0,4.283,1907.0,2197.47,20.3715,8097.0,4.26,1.0
TOI 2902.01,3410.0,2.231,1175.0,317.354,5.2899,5301.0,4.5,0.0
TOI 2903.01,3070.0,1.81,1015.0,176.712,5.10241,5594.0,4.5,1.0
TOI 2904.01,2550.0,3.977,1339.0,534.505,7.05091,5673.0,4.21,1.0
TOI 2906.01,13910.0,3.008,1440.0,714.906,13.4147,6524.0,4.49,1.0
TOI 2908.01,3070.0,4.067,1515.0,874.545,5.85793,6788.0,4.55,1.0
TOI 291.01,5990.0,3.106,1048.0,200.957,18.1866,5920.0,4.22,0.0
TOI 2912.01,4200.0,3.301,1037.0,192.233,11.807,6614.0,4.05,1.0
TOI 2913.01,19070.0,2.962,671.0,33.675,10.9551,4269.0,4.48,1.0
TOI 2914.01,5835.5643672,3.2635858,2153.5314602,5083.0675851,15.5322188,7902.0,4.14,1.0
TOI 2916.01,17400.0,2.075,1182.0,325.02,13.1754,6706.0,4.63,1.0
TOI 2918.01,9400.0,3.982,1041.0,195.344,9.53977,6511.0,4.57,1.0
TOI 2919.01,13800.0,2.633,999.0,165.667,10.543,5475.0,4.53,1.0
TOI 292.01,15543.5949112,2.4885919,608.5771715,32.4178069,9.6582457,4463.0,4.49,1.0
TOI 2920.01,16320.0,2.847,1393.0,626.171,18.204,6060.0,4.2,1.0
TOI 2921.01,11000.0,3.19,1596.0,1078.67,13.4546,6302.0,4.34,1.0
TOI 2922.01,1440.0,0.715,1190.0,333.693,5.14347,5924.0,4.35,1.0
TOI 2923.01,9090.0,2.908,1246.0,401.143,12.2227,6153.0,4.31,1.0
TOI 2924.01,5726.6329422,4.0296279,1175.1480188,450.7038757,10.9465595,6571.0,4.31,1.0
TOI 2925.01,2730.0,1.257,1647.0,1224.0,8.25698,7164.0,4.28,1.0
TOI 2926.01,5630.0,4.225,2205.0,3929.91,13.9253,6632.0,4.01,1.0
TOI 2927.01,14190.0,2.413,2267.0,4386.75,14.7174,7019.0,4.46,1.0
TOI 2928.01,7050.0,3.189,1827.0,1849.83,10.8106,6910.0,4.39,1.0
TOI 2929.01,19130.0,2.1,1429.0,693.385,11.8618,5773.0,4.55,1.0
TOI 2930.01,1970.0,3.527,1450.0,735.576,10.8839,7176.0,3.91,1.0
TOI 2931.01,3880.0,5.864,1312.0,492.998,11.0832,6133.0,4.01,1.0
TOI 2932.01,5960.0,3.689,1956.0,2431.32,15.9704,7320.0,4.01,1.0
TOI 2933.01,2383.8690387,5.2796046,2119.2651364,4767.1868729,10.6745489,6361.0,4.09,0.0
TOI 2934.01,2190.0,1.011,1530.0,910.705,5.17993,6220.0,4.56,1.0
TOI 2935.01,11620.0,2.234,910.0,113.909,13.1629,5751.6,4.28,1.0
TOI 2936.01,1960.0,2.75,2422.0,5718.54,7.33432,6561.0,4.12,0.0
TOI 2937.01,5820.0,1.554,1900.0,2165.86,23.9926,6074.0,4.11,1.0
TOI 2938.01,16530.0,2.504,957.0,139.422,12.1509,5516.0,4.49,1.0
TOI 2939.01,9790.0,4.24,1521.0,889.049,14.4419,6567.0,4.26,1.0
TOI 294.01,13710.0,2.896,697.0,39.3409,9.49027,4521.0,4.5,2.0
TOI 2942.01,4730.0,4.582,1849.0,1943.53,12.6783,6442.0,4.02,1.0
TOI 2943.01,13070.0,0.752,1287.0,456.304,13.7901,4728.0,4.34,1.0
TOI 2944.01,16339.5347863,2.902988,1164.120025,434.0222975,25.4471346,6307.0,4.21,1.0
TOI 2945.01,5500.0,4.195,2123.0,3373.51,15.3648,7438.0,4.03,1.0
TOI 2946.01,19840.0,1.849,648.0,29.4413,10.544,4394.0,4.56,1.0
TOI 2949.01,14320.0,1.785,1151.0,291.711,13.2096,5945.0,4.42,1.0
TOI 295.01,10192.131158,2.4148687,1373.2191493,840.3890897,14.4039682,5864.0,4.26,1.0
TOI 2950.01,6060.0,3.666,1674.0,1303.81,12.349,6368.0,4.16,1.0
TOI 2952.01,13750.0,2.021,374.0,3.24982,6.26037,3558.0,4.73,1.0
TOI 2955.01,4400.0,1.366,2980.0,13101.0,16.3177,7366.0,3.89,1.0
TOI 2956.01,14790.0,1.411,836.0,81.2443,11.0098,5820.0,4.55,1.0
TOI 2957.01,19629.0085308,2.4818244,1939.1244573,3341.5174815,24.932622,6650.0,4.38,1.0
TOI 2958.01,2270.0,2.62,2665.0,8376.54,5.94241,6211.0,4.46,0.0
TOI 296.01,8447.1702956,3.7100519,561.7594116,23.5354459,8.7026468,5290.0,4.45,1.0
TOI 2960.01,5500.0,3.274,2825.0,10586.0,22.2405,6600.0,3.83,1.0
TOI 2961.01,10220.0,2.91,1443.0,719.837,14.9419,7388.0,4.34,1.0
TOI 2963.01,6480.0,3.414,2217.0,4015.1,12.1784,7664.0,4.51,0.0
TOI 2964.01,10410.0,2.906,1810.0,1782.41,12.9506,8408.0,4.57,1.0
TOI 2965.01,9340.0,3.108,1712.0,1427.16,18.7854,6548.0,4.06,1.0
TOI 2966.01,1730.0,2.343,1849.0,1941.1,9.59771,5698.0,3.67,1.0
TOI 2967.01,18310.0,4.373,1966.0,2483.34,13.6873,5824.0,4.53,0.0
TOI 2969.01,22920.0,1.322,944.0,131.939,12.3326,4581.0,4.51,1.0
TOI 297.01,8390.2038219,1.783,936.9112513,182.1020435,11.6571011,4871.0,4.26,1.0
TOI 2971.01,7030.0,2.139,989.0,159.338,8.96118,5875.0,4.4,1.0
TOI 2972.01,11560.0,2.102,1131.0,271.99,13.1836,5301.0,4.24,1.0
TOI 2975.01,7230.0,0.406,1311.0,490.784,11.5872,5333.5,4.43,1.0
TOI 2976.01,11410.0,1.532,1137.0,278.288,14.101,5941.0,4.33,1.0
TOI 2978.01,1710.0,3.704,1383.0,607.963,7.82395,5667.3,4.35,1.0
TOI 2980.01,29100.0,2.891,1233.0,383.951,18.7998,5736.0,4.38,1.0
TOI 2981.01,13630.0,3.024,1353.0,556.616,12.3972,6055.0,4.46,2.0
TOI 2982.01,12330.0,2.623,953.0,137.254,6.13443,5268.0,4.92,1.0
TOI 2983.01,34250.0,2.3,1020.0,180.283,16.9576,5231.0,4.47,1.0
TOI 2985.01,3420.0,4.668,1786.0,1690.71,12.1415,6382.0,3.94,1.0
TOI 2986.01,3140.0,3.657,1605.0,1102.7,8.32327,5940.7,4.13,1.0
TOI 2987.01,1210.5574745,2.2820392,1959.4946555,3484.153938,5.3730452,7051.0,4.42,0.0
TOI 2989.01,28060.0,2.18,850.0,86.7639,13.4539,4262.0,4.49,1.0
TOI 299.01,5455.5856088,3.7733987,1070.6686102,310.5569713,9.1008936,5541.0,4.28,1.0
TOI 2990.01,3570.0,2.396,1350.0,553.011,15.9063,6439.0,3.97,1.0
TOI 2991.01,10780.0,2.545,743.0,50.6483,8.10167,4455.0,4.53,1.0
TOI 2992.01,6510.0,3.503,1606.0,1104.67,12.7824,5999.1,4.11,1.0
TOI 2995.01,12290.0,2.847,2108.0,3282.03,15.7246,6504.0,4.28,1.0
TOI 2996.01,1870.0,3.095,1798.0,1735.39,5.15542,5939.0,4.32,1.0
TOI 2997.01,7122.1032213,4.1301608,2132.8216494,4890.3412284,18.0034887,6313.0,3.89,1.0
TOI 2998.01,2410.0,2.297,2136.0,3456.41,9.91839,6683.0,3.96,1.0
TOI 2999.01,19050.0,3.139,1273.0,437.179,15.0573,6749.0,4.53,0.0
TOI 300.01,1071.45,1.376,1044.0,197.323,6.99891,5776.5,2.99,0.0
TOI 3000.01,29630.0,3.249,1097.0,240.959,16.3192,5836.5,4.51,1.0
TOI 3003.01,1250.0,2.013,2204.0,3920.08,7.12755,7517.0,4.08,1.0
TOI 3004.01,8100.0,2.948,1941.0,2357.82,15.1457,6947.0,4.19,0.0
TOI 3005.01,2350.0,2.992,2226.0,4081.38,7.63843,6793.0,4.2,0.0
TOI 3006.01,12840.0,2.349,1009.0,172.513,20.6812,6595.0,4.17,1.0
TOI 3007.01,5000.0,4.586,1508.0,860.304,12.027,5691.0,3.96,1.0
TOI 3008.01,760.0,4.238,1664.0,1275.1,2.81756,6138.0,4.48,0.0
TOI 3009.01,7700.0,3.352,2373.0,5266.4,16.7174,9582.0,4.3,1.0
TOI 301.01,1773.5844948,2.9949786,1571.1998285,1440.2792168,7.2887349,6048.0,4.03,1.0
TOI 3010.01,18260.0,3.414,933.0,125.806,18.0441,5816.0,4.25,1.0
TOI 3013.01,1800.0,6.366,1619.0,1142.88,11.5748,5847.0,3.57,1.0
TOI 3014.01,2860.0,3.306,2288.0,4554.66,8.71041,6351.0,4.09,1.0
TOI 3015.01,3620.0,4.288,1625.0,1157.67,10.7453,6375.0,4.04,1.0
TOI 3016.01,7090.0,2.24,1069.0,217.091,12.9912,6451.0,4.21,1.0
TOI 3017.01,14090.0,3.333,1727.0,1477.03,16.9171,6802.0,4.32,1.0
TOI 3018.01,5280.0,3.135,1003.0,168.677,7.13313,5809.0,4.48,0.0
TOI 3019.01,15090.0,2.201,891.0,105.077,12.8042,5950.0,4.47,1.0
TOI 302.01,10940.0,1.579,501.0,10.4754,8.15246,4130.0,4.51,1.0
TOI 3020.01,12000.0,2.548,1608.0,1111.89,19.6858,7124.0,4.13,1.0
TOI 3022.01,6500.0,1.78,771.0,58.9074,10.4018,5354.0,4.35,1.0
TOI 3023.01,9050.0,4.83,1511.0,865.697,16.2567,5512.0,3.97,2.0
TOI 3024.01,14812.1573416,3.0618698,1474.726076,1117.8060083,14.7740421,5996.0,4.35,1.0
TOI 3025.01,6360.0,4.13,1539.0,933.522,11.3997,5823.0,4.15,1.0
TOI 3026.01,17740.0,4.468,1404.0,645.538,15.025,6002.0,4.38,1.0
TOI 3027.01,3610.0,3.332,1540.0,934.748,10.0889,6072.0,4.04,1.0
TOI 303.01,4890.0,3.389,1390.0,621.482,10.4972,5659.0,4.1,1.0
TOI 3031.01,19930.0,2.846,1501.0,842.898,21.2425,5709.0,4.5,1.0
TOI 3032.01,10000.0,2.234,1133.0,273.655,12.3649,5645.0,4.29,1.0
TOI 3036.01,5590.0,1.189,2999.0,13435.8,7.76491,6721.0,4.55,0.0
TOI 3037.01,13310.0,3.272,2254.0,4286.56,18.0173,7428.0,4.3,1.0
TOI 3038.01,18226.8366329,3.539855,1662.4326793,1805.0833967,24.1966313,6185.0,4.11,1.0
TOI 3039.01,15960.0,2.6,1206.0,351.311,14.5305,5691.0,4.33,1.0
TOI 304.01,23700.0,3.989,2029.0,2815.2,28.4732,6292.0,3.98,0.0
TOI 3040.01,12660.0,2.587,1263.0,423.46,13.8209,6026.0,4.34,1.0
TOI 3041.01,7190.0,3.523,1692.0,1361.35,15.9636,6267.7,4.0,1.0
TOI 3043.01,5010.0,1.543,1220.0,368.442,14.8302,6019.0,3.85,1.0
TOI 3044.01,2140.0,3.554,862.0,91.8511,11.9718,6364.0,3.75,0.0
TOI 3045.01,9320.0,3.528,2343.0,5011.25,17.6763,7763.0,4.21,1.0
TOI 3046.01,18320.0,3.051,1319.0,503.511,18.5459,6320.0,4.27,1.0
TOI 3047.01,10040.0,3.116,2079.0,3103.65,15.6063,7798.0,4.31,1.0
TOI 305.01,22920.0,3.968,903.0,110.866,24.5989,5852.0,4.03,1.0
TOI 3050.01,6600.0,1.481,822.0,76.1581,14.4394,5568.0,4.05,1.0
TOI 3051.01,2730.0,2.278,1471.0,779.001,11.3327,6506.0,3.9,1.0
TOI 3052.01,4000.0,3.185,2193.0,3845.9,12.6197,7300.0,4.05,1.0
TOI 3053.01,17170.0,2.614,1187.0,329.849,13.6621,5247.0,4.39,1.0
TOI 3055.01,3100.0,1.108,2046.0,2913.52,11.1657,5958.0,4.51,1.0
TOI 3056.01,15830.0,1.983,1774.0,1647.22,23.2306,6905.0,4.12,1.0
TOI 3058.01,2930.0,2.375,2391.0,5427.95,19.5614,6155.0,3.98,1.0
TOI 306.01,7456.7037756,4.2702334,1282.5626085,639.4922705,11.7236575,5909.0,4.21,1.0
TOI 3060.01,3122.1584293,1.6114979,2961.8427338,18187.3314373,9.5365498,6091.0,4.05,0.0
TOI 3062.01,10758.3826821,5.323532,1226.6092105,534.990275,15.177757,6137.0,4.34,1.0
TOI 3065.01,6740.0,2.305,2848.0,10926.7,11.1546,9626.0,4.56,1.0
TOI 3066.01,7070.0,2.428,720.0,44.6632,9.74784,6454.0,4.45,1.0
TOI 3069.01,3610.0,0.899,805.0,69.9284,7.97984,6610.0,4.44,1.0
TOI 307.01,13145.6121347,2.2619245,1113.2334478,362.9660354,17.0195741,5747.0,4.24,1.0
TOI 3070.01,7010.0,1.576,2672.0,8468.98,20.2415,6520.0,3.8,1.0
TOI 3071.01,2580.0,1.93,1985.0,2579.61,7.13535,6296.0,4.26,2.0
TOI 3072.01,7320.0,4.28,2080.0,3112.84,15.4283,6879.0,4.09,1.0
TOI 3073.01,13090.0,1.884,1028.0,185.786,12.6134,5417.4,4.37,1.0
TOI 3075.01,2620.0,2.3,1762.0,1600.56,8.89917,5982.0,4.01,1.0
TOI 3077.01,4400.0,5.479,1803.0,1755.17,13.6678,7689.0,4.06,1.0
TOI 3078.01,2860.0,0.82,2331.0,4902.04,10.6252,7433.0,4.14,1.0
TOI 3080.01,8890.0,4.534,1717.0,1443.49,16.8715,6993.0,4.16,1.0
TOI 3082.01,2260.0,1.4,943.0,131.648,3.42735,4249.0,4.59,2.0
TOI 3083.01,6780.0,2.072,2030.0,2822.0,25.853,5997.0,4.03,1.0
TOI 3084.01,10840.0,2.616,966.0,144.847,10.9206,5495.2,4.41,1.0
TOI 3086.01,1820.0,2.635,594.0,20.8045,3.17264,4530.0,4.56,1.0
TOI 3091.01,15480.0,3.84,2912.0,11946.5,22.9205,10146.0,4.36,1.0
TOI 3092.01,7110.0,1.81,1017.0,177.763,7.89614,6273.0,4.59,1.0
TOI 3093.01,8090.0,3.456,1590.0,1061.67,14.0676,7109.0,4.24,1.0
TOI 3095.01,9440.0,3.08,1278.0,443.121,9.77904,6022.0,4.46,1.0
TOI 3098.01,15681.823373,4.1038025,1346.0993498,775.9423569,17.3410428,6438.0,4.29,1.0
TOI 3099.01,18680.0,2.239,1354.0,559.574,13.5543,5990.0,4.53,1.0
TOI 310.01,8610.3886424,3.7002918,1278.7062525,631.8356941,12.2342646,5798.0,4.22,1.0
TOI 3100.01,15760.0,2.309,1268.0,430.347,14.0568,6229.0,4.45,1.0
TOI 3101.01,5180.0,3.979,1501.0,843.152,12.8472,5933.0,3.96,1.0
TOI 3103.01,7750.0,2.774,1294.0,466.22,11.8307,6513.0,4.32,1.0
TOI 3105.01,2020.0,3.102,1616.0,1133.52,5.82279,6068.0,4.41,1.0
TOI 3107.01,12440.0,4.468,1465.0,593.089,18.0528,5776.0,4.05,1.0
TOI 3108.01,10420.0,2.452,773.0,59.4485,8.86463,5205.8,4.53,1.0
TOI 3110.01,4970.0,1.112,1813.0,1797.04,7.86186,5635.9,4.35,0.0
TOI 3111.01,15710.0,2.984,898.0,107.987,13.1303,4539.0,4.27,1.0
TOI 3112.01,11830.0,1.497,764.0,56.6249,14.0459,4911.0,4.19,1.0
TOI 3114.01,9140.0,2.134,942.0,131.096,11.7059,5478.0,4.27,1.0
TOI 3115.01,5500.0,1.604,1262.0,421.749,7.7487,6455.0,4.51,1.0
TOI 3116.01,3523.4673819,2.0820857,2042.283116,4111.3532155,9.6099784,6316.0,4.14,1.0
TOI 3117.01,15890.0,2.931,1275.0,439.803,17.1329,5552.0,4.19,1.0
TOI 3118.01,3250.0,3.881,1389.0,618.962,10.3911,5406.0,3.91,1.0
TOI 3119.01,8610.0,3.522,1085.0,230.828,14.3733,6407.0,4.2,1.0
TOI 3121.01,13410.0,4.288,1391.0,622.985,21.0821,6296.0,4.01,1.0
TOI 3122.01,9990.0,2.573,1042.0,195.93,13.3233,6504.0,4.34,0.0
TOI 3124.01,5980.0,0.977,1050.0,202.365,11.3495,5567.0,4.23,1.0
TOI 3125.01,5200.0,3.442,1177.0,319.273,12.7591,5972.0,4.05,1.0
TOI 3126.01,16080.0,1.835,1387.0,615.616,18.0134,5655.0,4.15,1.0
TOI 3128.01,1520.0,0.649,894.0,106.203,7.00521,6011.0,4.16,1.0
TOI 3129.01,5310.0,1.861,1330.0,520.71,11.4665,5949.1,4.12,1.0
TOI 313.01,1652.28,2.233,1248.0,403.299,5.07097,5963.0,3.41,0.0
TOI 3131.01,21660.0,2.31,1538.0,930.543,18.5088,6148.0,4.33,1.0
TOI 3132.01,10240.0,2.63,1640.0,1201.76,13.4164,6107.0,4.29,1.0
TOI 3133.01,5060.0,3.584,1445.0,724.371,13.9755,6130.0,3.92,1.0
TOI 3134.01,10950.0,2.969,1840.0,1903.91,22.6165,6386.0,3.88,1.0
TOI 3135.01,15010.0,1.98,1114.0,256.023,12.9758,5632.0,4.41,1.0
TOI 3136.01,29670.0,2.836,1442.0,719.556,21.16,5914.0,4.33,1.0
TOI 3138.01,25890.0,1.592,773.0,59.3788,12.2262,4270.3,4.57,1.0
TOI 314.01,1190.0,3.674,765.0,57.0026,2.66019,4822.0,4.55,1.0
TOI 3141.01,9180.0,3.93,1564.0,995.704,13.6095,6695.0,4.32,1.0
TOI 3144.01,9180.0,2.199,1264.0,424.722,13.5487,6623.0,4.33,1.0
TOI 3145.01,15700.0,2.713,1253.0,409.306,17.9407,4803.0,4.07,1.0
TOI 3146.01,16040.0,2.706,1084.0,230.045,14.4767,5083.0,4.26,0.0
TOI 315.01,2610.0,1.838,1428.0,691.805,11.1675,5671.0,4.19,0.0
TOI 3150.01,7220.0,5.101,2509.0,6581.64,21.0355,7822.0,4.04,1.0
TOI 3151.01,13880.0,1.375,1577.0,1028.24,15.2188,7235.0,4.44,1.0
TOI 3152.01,8410.0,1.353,2571.0,7256.54,11.9775,7691.0,4.42,1.0
TOI 3158.01,5540.0,4.32,1290.0,461.072,14.3692,6282.0,3.92,1.0
TOI 3159.01,870.0,3.29,2235.0,4142.31,5.30533,5732.0,3.93,1.0
TOI 3160.01,8670.0,2.606,1240.0,393.511,15.3233,6200.0,4.09,1.0
TOI 3161.01,13310.0,2.22,2158.0,3603.2,18.1441,7014.0,4.26,1.0
TOI 3162.01,3712.6009177,3.5874714,2503.3852387,9281.7902501,21.7284649,6560.0,3.89,1.0
TOI 3163.01,8540.0,2.67,1560.0,984.71,15.2762,6782.0,4.2,1.0
TOI 3164.01,14020.0,1.258,1537.0,926.709,16.6,6394.0,4.33,0.0
TOI 3165.01,55256.7333661,3.2214112,1555.9541912,1385.186432,29.0069132,6748.0,4.49,1.0
TOI 3167.01,14080.0,2.545,1531.0,914.4,17.8437,6918.0,4.28,1.0
TOI 3168.01,10490.0,2.441,904.0,111.237,13.926,5340.0,4.14,1.0
TOI 3169.01,10170.0,1.689,986.0,156.928,13.8048,6232.0,4.25,1.0
TOI 317.01,24223.6280838,2.9439229,1120.0556112,371.945532,14.7729343,5391.0,4.46,1.0
TOI 3172.01,6677.7862161,3.4866136,1821.6142786,2602.2360497,16.5290691,6212.0,3.95,1.0
TOI 3174.01,11770.0,2.35,2578.0,7334.0,15.4837,7108.0,4.26,0.0
TOI 3176.01,7813.8313853,5.9420443,1227.4631078,536.4815536,14.527713,6213.0,4.37,1.0
TOI 3177.01,24130.0,1.945,1214.0,360.619,14.2745,5254.0,4.49,1.0
TOI 318.01,18855.6336929,1.9560091,881.0827589,142.42552,10.6334288,4696.0,4.53,1.0
TOI 3180.01,7200.0,1.217,1165.0,306.186,12.906,5809.0,4.07,1.0
TOI 3181.01,13180.0,2.697,1280.0,446.023,13.338,5971.0,4.37,0.0
TOI 3182.01,3570.0,2.763,1062.0,211.546,5.54459,5641.0,4.47,1.0
TOI 3183.01,7050.0,4.045,1705.0,1403.49,18.2265,6841.0,3.93,1.0
TOI 3184.01,4270.0,3.947,1599.0,1086.36,11.5952,6071.0,4.04,1.0
TOI 3185.01,4630.0,2.824,1904.0,2183.57,14.1499,6762.0,4.03,1.0
TOI 3186.01,12550.1377027,1.7149191,1802.5658236,2495.0860744,23.3477984,7520.0,4.25,1.0
TOI 3187.01,1310.0,2.6,1764.0,1608.42,16.5313,5438.8,4.3,1.0
TOI 3188.01,6810.0,1.169,1821.0,1827.32,18.7417,6356.0,4.13,1.0
TOI 3189.01,9350.0,2.954,2021.0,2772.81,13.3315,6320.0,4.26,0.0
TOI 3190.01,6480.0,3.559,2290.0,4573.16,16.192,7833.0,4.1,1.0
TOI 3191.01,4940.0,2.042,1100.0,243.186,16.9119,6426.0,3.78,1.0
TOI 3192.01,20880.0,3.102,2001.0,2662.36,22.5855,7057.0,4.27,1.0
TOI 3194.01,14890.0,4.394,1460.0,755.42,11.142,4460.0,4.4,1.0
TOI 3195.01,3440.0,1.117,2284.0,4517.79,17.2447,6842.0,3.71,1.0
TOI 3196.01,11450.0,2.587,1007.0,170.85,9.90628,5670.0,4.52,1.0
TOI 3198.01,14960.0,2.386,1476.0,789.061,13.6834,5483.2,4.36,1.0
TOI 3199.01,3480.0,1.028,1725.0,1471.82,6.27738,5411.0,4.48,1.0
TOI 320.01,3162.12,1.145,1379.0,601.367,5.43222,5912.5,4.36,0.0
TOI 3202.01,2720.0,1.241,1782.0,1674.03,6.64263,5828.0,4.44,1.0
TOI 3203.01,7530.0,4.273,1871.0,2036.6,13.1653,6915.0,4.25,1.0
TOI 3206.01,5930.0,3.344,2685.0,8627.96,15.0354,8213.0,4.16,1.0
TOI 3208.01,7210.0,3.357,2342.0,4995.52,11.6588,7822.0,4.42,1.0
TOI 321.01,5009.01,2.188,2986.0,13201.6,6.52263,5349.5,4.44,0.0
TOI 3210.01,17380.0,2.49,2209.0,3957.51,24.5257,6905.0,4.26,1.0
TOI 3211.01,5810.0,2.153,1267.0,428.368,11.7369,6131.0,4.24,1.0
TOI 3212.01,27860.0,2.977,958.0,140.213,13.2866,4515.0,4.53,1.0
TOI 3214.01,9030.0,3.594,1171.0,313.194,11.5628,5992.0,4.24,1.0
TOI 3217.01,7810.0,1.875,1215.0,362.609,11.1273,6189.4,4.32,0.0
TOI 3218.01,5610.0,4.608,1723.0,1466.04,13.6938,5765.0,3.92,2.0
TOI 3219.01,8860.0,3.856,1908.0,2202.26,17.145,7108.0,4.11,1.0
TOI 3222.01,3600.0,4.728,1489.0,817.311,11.8957,6409.0,3.95,1.0
TOI 3224.01,12860.0,2.607,1434.0,703.307,17.0328,6084.0,4.15,1.0
TOI 3226.01,4350.0,3.366,1412.0,661.224,7.05055,4668.0,4.22,1.0
TOI 3228.01,5510.0,1.368,1468.0,772.444,18.0792,6222.0,3.81,1.0
TOI 3229.01,8950.0,3.863,1820.0,1823.95,19.3512,8532.0,4.14,1.0
TOI 323.01,5882.0194354,1.8223369,951.7467616,193.9128694,6.3703129,4558.0,4.52,1.0
TOI 3230.01,15750.0,2.059,1288.0,457.836,11.7988,4994.0,4.43,1.0
TOI 3231.01,2730.0,2.081,1899.0,2159.42,17.3093,7588.0,3.65,1.0
TOI 3232.01,1840.0,1.587,1083.0,229.032,14.9878,6096.0,3.5,1.0
TOI 3235.01,78210.0,1.269,537.0,13.8883,11.0137,3375.0,4.85,2.0
TOI 3236.01,9480.0,1.928,1228.0,378.481,13.2842,5955.0,4.24,0.0
TOI 3237.01,22110.0,3.7,1775.0,1651.47,22.466,6678.0,4.24,1.0
TOI 3239.01,12565.1881618,3.3193427,1683.0269718,1896.2050788,16.1961401,5905.0,4.16,1.0
TOI 324.01,27277.0990883,4.7725494,1219.8388469,523.2760294,21.377066,6113.0,4.29,1.0
TOI 3240.01,16960.0,1.93,874.0,97.2691,10.5393,5096.5,4.59,1.0
TOI 3241.01,34050.0,2.445,840.0,82.8358,17.4994,5912.0,4.51,1.0
TOI 3242.01,10600.0,2.892,1622.0,1151.61,15.0659,6695.0,4.27,1.0
TOI 3244.01,6370.0,2.863,1715.0,1436.15,21.5363,8608.0,3.94,1.0
TOI 3245.01,10130.0,4.148,1886.0,2102.4,17.057,6397.0,4.1,1.0
TOI 3246.01,10910.0,2.78,1192.0,335.6,13.1542,5783.0,4.26,1.0
TOI 3247.01,5820.0,2.887,1136.0,277.237,15.5434,6076.0,3.89,1.0
TOI 3248.01,8280.0,3.38,1391.0,622.203,12.1111,5544.0,4.19,1.0
TOI 3249.01,10600.0,2.535,1220.0,368.009,12.4447,5570.7,4.26,1.0
TOI 325.01,3970.0,1.308,634.0,26.8795,5.94716,4391.0,4.36,1.0
TOI 3250.01,9820.0,2.93,1340.0,535.248,11.5452,5717.0,4.3,1.0
TOI 3252.01,10410.0,2.407,925.0,121.921,9.0556,5042.0,4.48,1.0
TOI 3253.01,18670.0,2.645,856.0,89.5299,11.0608,4486.0,4.5,0.0
TOI 3255.01,10280.0,1.462,924.0,121.462,8.19934,4377.0,4.51,1.0
TOI 3256.01,4370.0,2.761,972.0,148.356,6.46255,5829.0,4.5,1.0
TOI 3257.01,13290.0,2.865,2065.0,3022.37,29.183,6038.0,4.22,0.0
TOI 3259.01,15240.0,2.677,1207.0,352.463,11.2549,5629.0,4.53,1.0
TOI 3260.01,1500.0,3.017,1156.0,296.562,9.64471,6193.0,4.15,1.0
TOI 3261.01,2068.0674877,1.651686,1609.5701933,1586.2100083,4.3749094,5151.4,4.51,2.0
TOI 3262.01,7385.1208646,1.9419484,830.8781535,112.6342216,10.8337698,5953.0,4.39,1.0
TOI 3263.01,2690.0,4.495,1394.0,627.845,7.87868,5998.0,4.13,1.0
TOI 3264.01,8900.0,3.881,1790.0,1705.48,14.7466,6690.0,4.21,1.0
TOI 3267.01,5740.0,2.997,1539.0,932.409,11.0509,5890.0,4.17,1.0
TOI 3268.01,4130.0,1.42,1162.0,302.749,6.95296,5293.0,4.38,1.0
TOI 327.01,13107.7141418,3.3888241,986.030109,223.3992486,20.5931944,5960.0,4.23,1.0
TOI 3272.01,7360.0,2.106,1067.0,215.374,12.1786,5197.0,4.11,1.0
TOI 3273.01,20630.0,2.874,1162.0,302.917,13.6703,5875.0,4.51,1.0
TOI 3274.01,10020.0,2.92,1421.0,677.605,12.0308,5709.0,4.3,1.0
TOI 3275.01,17680.0,7.382,795.0,66.4002,11.7145,4511.0,4.51,1.0
TOI 3276.01,17290.0,3.044,802.0,68.7158,11.4154,5021.0,4.52,1.0
TOI 3277.01,23630.0,1.688,1239.0,391.362,12.3611,4887.0,4.57,1.0
TOI 3278.01,8430.0,2.082,1156.0,297.123,12.7086,5729.0,4.19,1.0
TOI 3279.01,1898.2608647,0.9767422,2800.0152156,14526.5528051,6.1769613,5430.0,4.4,1.0
TOI 328.01,4339.8345448,1.5774426,1247.1537636,571.7432004,9.2972393,6074.0,4.33,1.0
TOI 3280.01,4600.0,3.138,1354.0,559.599,10.5061,5849.3,4.08,1.0
TOI 3281.01,2860.0,5.27,1193.0,336.791,10.1812,6243.0,3.97,1.0
TOI 3283.01,13290.0,2.911,1339.0,533.699,14.1347,5983.0,4.31,1.0
TOI 3284.01,820.0,0.737,1685.0,1338.85,7.01523,6329.0,3.92,1.0
TOI 3285.01,11200.0,2.856,1536.0,925.842,15.3559,5969.0,4.17,1.0
TOI 3286.01,18260.0,1.312,1014.0,175.933,11.846,4950.0,4.49,1.0
TOI 3287.01,12100.0,3.285,1775.0,1649.78,17.2275,6567.0,4.21,1.0
TOI 3288.01,31360.0,1.61,989.0,158.892,12.3818,3913.0,4.59,1.0
TOI 3289.01,4670.0,1.434,1530.0,910.147,12.6369,5955.0,3.99,1.0
TOI 329.01,940.986289,4.061264,1249.9428806,576.8749367,5.0247868,5560.5,4.01,2.0
TOI 3290.01,5210.0,3.28,1315.0,497.733,10.6878,5642.0,4.07,0.0
TOI 3292.01,9168.7791674,4.3764889,1320.6930092,718.999383,13.8532978,5674.0,4.13,1.0
TOI 3293.01,7430.0,3.385,1905.0,2190.57,14.9823,6650.0,4.1,1.0
TOI 3295.01,8370.0,3.855,1637.0,1192.84,13.3167,6193.0,4.2,1.0
TOI 3296.01,10370.0,3.678,1091.0,235.266,11.8844,5590.0,4.31,1.0
TOI 3297.01,7660.0,4.189,1586.0,1051.8,14.3155,6200.0,4.1,1.0
TOI 3298.01,12440.0,1.731,1369.0,583.27,17.9453,6103.0,4.17,1.0
TOI 3299.01,7890.0,3.182,1353.0,557.455,6.98436,5121.0,4.57,1.0
TOI 330.01,17011.2798568,2.4641339,750.296567,74.8950024,9.0099926,4314.0,4.57,1.0
TOI 3300.01,3180.0,5.96,1421.0,678.724,9.62132,5918.0,3.98,1.0
TOI 3301.01,3490.0,3.628,1231.0,359.92,11.1974,5773.0,3.91,1.0
TOI 3302.01,4220.0,1.431,1644.0,1213.68,10.9349,5590.0,4.08,1.0
TOI 3303.01,3430.0,1.692,1011.0,173.998,15.6647,7400.0,3.92,1.0
TOI 3304.01,7980.0,2.985,1400.0,639.317,13.1021,5986.0,4.17,1.0
TOI 3305.01,18480.0,2.257,1349.0,550.936,12.3405,5297.4,4.52,1.0
TOI 3306.01,5030.0,2.757,1380.0,602.229,8.5758,5617.0,4.31,0.0
TOI 3307.01,9620.0,2.677,1169.0,310.093,11.8812,5636.0,4.32,1.0
TOI 3309.01,12910.0,3.802,939.0,129.267,12.264,5306.0,4.35,1.0
TOI 331.01,4450.0,1.154,991.0,160.141,8.59746,5608.0,3.94,0.0
TOI 3310.01,10030.0,1.336,1567.0,1001.35,15.7062,6362.0,4.22,1.0
TOI 3311.01,6120.0,2.561,1429.0,693.687,15.3767,5552.0,4.42,0.0
TOI 3315.01,6900.0,4.617,1567.0,1001.08,12.7241,6375.0,4.2,1.0
TOI 3316.01,10210.0,2.373,1129.0,270.456,10.2315,5789.0,4.47,1.0
TOI 3317.01,8270.0,3.518,1660.0,1262.03,15.6964,6136.0,4.03,1.0
TOI 3319.01,3390.0,0.78,1655.0,1246.75,6.46581,5259.0,4.41,0.0
TOI 332.01,830.0,1.43,2240.0,4180.32,3.28324,5190.0,4.42,2.0
TOI 3320.01,4650.0,3.529,1950.0,2401.54,12.4597,6693.0,4.04,1.0
TOI 3321.01,9770.0,4.153,1553.0,967.919,14.7302,5930.0,4.14,2.0
TOI 3322.01,2140.0,1.235,1901.0,2168.84,12.0066,6307.0,3.72,1.0
TOI 3323.01,14800.0,3.272,1477.0,791.733,11.507,4653.0,4.56,0.0
TOI 3324.01,6430.0,3.24,1568.0,1004.86,12.0828,5852.0,4.1,1.0
TOI 3326.01,14350.0,2.106,2016.0,2742.65,14.3422,5897.0,4.33,1.0
TOI 3327.01,4480.0,3.921,1488.0,815.017,13.3164,6151.0,3.92,1.0
TOI 3328.01,1730.0,6.168,1209.0,355.136,5.40312,5767.0,4.23,1.0
TOI 3329.01,9920.0,4.321,1452.0,738.156,13.6307,6411.0,4.29,1.0
TOI 333.01,1338.8791278,3.5398298,1288.0445455,650.4958544,4.7864833,6150.0,4.4,1.0
TOI 3330.01,9050.0,1.317,1712.0,1428.47,17.3782,6260.0,4.02,1.0
TOI 3331.01,15190.0,1.967,1330.0,520.136,12.168,5544.0,4.47,2.0
TOI 3334.01,12690.0,3.075,1965.0,2478.4,16.9815,6324.3,4.19,1.0
TOI 3335.01,4540.0,3.478,1757.0,1585.08,12.6882,5568.0,3.89,1.0
TOI 3337.01,7630.0,1.215,1494.0,828.458,11.1385,6070.0,4.35,1.0
TOI 3338.01,8600.0,1.286,1850.0,1946.1,12.5424,6208.0,4.42,1.0
TOI 3341.01,13620.0,4.91,1275.0,439.615,13.0862,6040.0,4.45,1.0
TOI 3342.01,11800.0,3.145,1021.0,180.951,12.3371,5748.0,4.38,1.0
TOI 3343.01,15360.0,2.462,1504.0,851.541,19.4747,5805.0,4.1,0.0
TOI 3344.01,9310.0,3.793,1875.0,2054.13,14.58,5488.0,4.2,1.0
TOI 3345.01,11650.0,3.145,2126.0,3396.72,20.1864,7222.0,4.12,1.0
TOI 3346.01,5510.0,2.538,1067.0,215.764,6.32448,4323.0,4.58,1.0
TOI 335.01,4825.94,2.718,2344.0,5014.81,8.46782,5875.0,4.36,0.0
TOI 3350.01,610.0,1.588,1505.0,851.912,3.28794,4793.8,4.42,1.0
TOI 3351.01,9820.0,2.699,1217.0,364.211,15.9679,6777.0,4.29,1.0
TOI 3352.01,328.0,5.041,896.0,107.236,3.09224,5598.0,3.85,1.0
TOI 3353.01,565.0,2.609,1068.0,216.429,2.17821,6365.0,4.54516,2.0
TOI 3353.02,645.0,3.076,847.0,85.6924,2.36114,6365.0,4.54516,1.0
TOI 3354.01,1108.3541952,6.1350191,695.647218,55.3448497,5.7534556,6307.9,4.07,1.0
TOI 3355.01,400.0,4.785,904.0,110.915,2.14305,6257.0,4.42,1.0
TOI 3356.01,1210.0,3.269,1509.0,862.596,5.08343,5466.0,3.94,1.0
TOI 3357.01,1446.2753601,2.1014914,2138.3618868,4941.3523429,6.685956,8037.0,4.26402,0.0
TOI 3358.01,3550.0,4.411,1985.0,2579.38,10.7596,8072.0,4.37,0.0
TOI 3359.01,601.0,4.449,807.0,70.4363,2.24252,5746.7,4.43,1.0
TOI 336.01,2341.0,3.449,881.0,100.109,11.7171,7859.0,4.12,0.0
TOI 3362.01,3176.0,2.627,688.0,37.2117,12.0619,6509.8,3.99,2.0
TOI 3364.01,7168.7849256,4.5933803,1212.8090781,511.3176191,12.3925008,5805.0,4.13,2.0
TOI 3365.01,7447.1137923,3.8463963,1212.9987503,511.6375558,12.0135136,5970.0,4.24,1.0
TOI 3368.01,3980.0,3.389,1628.0,1167.97,15.4357,6702.0,4.07,1.0
TOI 337.01,39248.4,3.16,1230.0,380.128,28.967,5446.0,4.43,0.0
TOI 3370.01,1940.0,2.743,1832.0,1871.52,6.39563,6589.0,4.24,1.0
TOI 3373.01,6530.0,2.957,1001.0,167.262,12.2512,5826.0,4.16,1.0
TOI 3374.01,18470.0,3.275,2022.0,2779.92,23.745,7517.0,4.21,1.0
TOI 3375.01,1930.0,2.144,2135.0,3451.44,7.3968,6117.0,4.1,0.0
TOI 3376.01,6910.0,4.275,2218.0,4023.58,14.7931,7311.0,4.27,1.0
TOI 3377.01,2400.0,1.017,3137.0,16094.6,16.7968,5860.0,3.88,0.0
TOI 3378.01,2843.8872049,4.3645203,2540.3396841,9842.1090407,15.9448335,5320.0,4.21,1.0
TOI 3379.01,3120.0,1.524,1502.0,847.062,6.63491,6056.0,4.38,0.0
TOI 338.01,6650.0,4.271,1456.0,747.132,14.2607,6561.0,4.1,1.0
TOI 3381.01,20990.0,2.776,1323.0,509.118,20.7277,5982.0,4.17,0.0
TOI 3382.01,2900.0,5.319,1742.0,1531.89,12.6057,6289.3,4.25,1.0
TOI 3383.01,11099.2665877,1.6549887,1051.8831808,289.3283868,14.8778005,6300.4,4.26,1.0
TOI 3384.01,3150.0,2.212,2004.0,2679.45,16.4056,7257.0,3.75,1.0
TOI 3385.01,2940.0,3.048,1819.0,1819.52,4.86815,5786.0,4.56,0.0
TOI 3386.01,1900.0,1.034,1811.0,1788.08,5.05228,6446.0,4.45,1.0
TOI 3389.01,1420.0,1.217,1364.0,575.779,9.76407,5750.5,3.81,0.0
TOI 339.01,14721.7,3.503,1288.0,457.721,22.1494,6048.2,4.28,0.0
TOI 3391.01,10492.6573132,5.5285456,1643.1463045,1722.7646011,19.7629326,6785.0,4.05,1.0
TOI 3393.01,9210.0,2.803,1139.0,280.373,11.1254,6210.0,4.41,1.0
TOI 3394.01,2880.0,3.273,1113.0,254.905,7.62042,6715.0,4.28,1.0
TOI 3396.01,14835.6486181,5.6018512,1438.8191925,1012.8517686,22.0947602,6819.0,4.11,1.0
TOI 3397.01,11380.0,2.209,751.0,53.0463,6.80665,3811.0,4.63,1.0
TOI 3398.01,2992.8361072,2.7236562,682.9571759,51.4155981,3.5693526,4655.8,4.67,1.0
TOI 3400.01,17890.0,4.141,1631.0,1174.87,22.1057,6464.0,4.14,1.0
TOI 3401.01,14780.0,2.866,1227.0,377.121,13.2074,5642.0,4.38,1.0
TOI 3403.01,10721.0265817,3.7193393,1031.9556709,268.0187451,17.0919218,6764.0,4.19,1.0
TOI 3404.01,15750.0,2.529,1535.0,922.499,12.9918,6255.0,4.52,1.0
TOI 3405.01,12900.0,2.808,1206.0,351.407,18.4029,7231.0,4.24,1.0
TOI 3406.01,8790.0,2.845,1711.0,1425.08,16.3338,6437.0,4.1,1.0
TOI 3408.01,18000.0,4.676,915.0,116.829,16.7304,5713.1,4.37,0.0
TOI 3409.01,2060.0,3.639,1070.0,218.205,4.92551,6070.0,4.42,1.0
TOI 341.01,13170.0,1.113,923.0,120.54,11.581,4775.0,4.38,1.0
TOI 3412.01,8570.0,1.574,1061.0,210.456,11.93,5636.0,4.24,1.0
TOI 3413.01,5410.0,1.502,1588.0,1055.88,15.6522,8238.0,4.41,1.0
TOI 3415.01,4090.0,2.356,1514.0,873.532,18.4074,5942.0,3.66,1.0
TOI 3416.01,7280.0,2.938,2318.0,4798.12,14.4588,8360.0,4.33,1.0
TOI 3417.01,18840.0,2.481,1263.0,422.699,12.4906,5454.0,4.52,1.0
TOI 3420.01,2150.0,3.316,2337.0,4957.19,7.98964,6263.0,4.03,0.0
TOI 3421.01,6210.0,2.45,1780.0,1669.46,16.9204,7132.0,3.98,1.0
TOI 3422.01,17654.0731284,3.1290228,1185.0478458,466.0843733,13.9739571,5817.7,4.43,1.0
TOI 3424.01,2850.0,1.347,2570.0,7244.35,9.96751,6623.0,4.09,0.0
TOI 3425.01,2740.0,1.389,2109.0,3287.18,8.47671,6034.0,4.13,1.0
TOI 3426.01,16990.0,4.289,1172.0,313.989,18.581,5806.0,4.16,1.0
TOI 3427.01,9320.0,2.503,1338.0,532.564,17.072,5812.0,3.98,1.0
TOI 3429.01,6720.0,3.508,806.0,70.2738,14.0219,6445.0,4.1,1.0
TOI 343.01,3476.9463159,1.8543683,1667.6324897,1827.7735678,8.3651129,5885.0,4.31,1.0
TOI 3431.01,12270.0,4.027,1607.0,1108.17,19.0078,6438.0,4.08,1.0
TOI 3433.01,5710.0,2.076,941.0,130.312,6.07883,4348.2,4.48,1.0
TOI 3434.01,4700.0,0.612,672.0,34.0167,12.7872,5927.9,4.12,1.0
TOI 3435.01,35450.0,2.567,580.0,18.8935,19.2143,4427.0,4.52,0.0
TOI 3436.01,960.0,2.62,2089.0,3163.13,10.461,4957.2,3.34,0.0
TOI 3437.01,16931.1672966,2.3425677,1039.1163307,275.535577,12.4458895,6199.0,4.63,1.0
TOI 3438.01,2090.0,1.445,1742.0,1529.93,10.257,5993.3,3.9,1.0
TOI 3439.01,9840.0,1.423,695.0,38.9292,13.8526,5320.0,4.29,1.0
TOI 344.01,7468.3938627,3.0803438,1075.9802743,316.7657662,9.4901642,6149.0,4.44,1.0
TOI 3441.01,7500.0,3.391,1271.0,433.367,10.33,5763.8,4.31,1.0
TOI 3443.01,1790.0,2.755,2915.0,11995.5,14.2534,6808.0,3.51,1.0
TOI 3444.01,12150.0,2.182,1437.0,708.483,16.9807,6531.0,4.23,1.0
TOI 3445.01,14000.0,2.681,1142.0,282.578,15.0254,4790.0,4.14,1.0
TOI 3447.01,4970.0,3.853,1602.0,1093.63,10.421,5994.0,4.12,1.0
TOI 3449.01,7630.0,3.874,1592.0,1068.52,15.0897,6341.2,4.08,1.0
TOI 345.01,11270.3887544,3.3719302,703.6564933,57.9380401,9.5654941,5136.0,4.47,1.0
TOI 3451.01,10750.0,2.598,755.0,54.2067,10.5545,5522.0,4.42,1.0
TOI 3452.01,4060.0,4.822,2287.0,4549.21,14.7827,5604.0,3.73,1.0
TOI 3453.01,3130.0,4.9,1656.0,1248.73,12.1596,6126.0,3.81,1.0
TOI 3454.01,8940.0,2.177,1123.0,264.591,12.3165,6011.0,4.26,1.0
TOI 3456.01,15940.0,2.65,485.0,9.23182,12.0922,5022.0,4.43,1.0
TOI 3457.01,4490.0,4.366,569.0,17.4858,9.18821,6067.8,4.23,1.0
TOI 3458.01,18990.0,2.05,1010.0,172.9,11.911,5056.0,4.48,1.0
TOI 346.01,14010.0,2.317,1027.0,184.89,30.0184,6177.0,4.25,1.0
TOI 3460.01,5380.0,6.264,2291.0,4580.01,17.2704,5978.9,3.89,1.0
TOI 3461.01,6660.0,4.824,999.0,165.825,10.4552,6175.0,4.29,1.0
TOI 3462.01,4410.0,1.726,725.0,46.0383,7.62451,5474.0,4.4,1.0
TOI 3464.01,5830.0,1.925,1150.0,290.61,12.4868,6353.0,4.13,1.0
TOI 3466.01,3420.0,4.562,3340.0,20675.8,13.9775,5626.0,4.15,0.0
TOI 3467.01,1920.0,1.543,1991.0,2609.72,9.09676,5473.0,3.8,0.0
TOI 3468.01,11150.0,3.332,1190.0,333.667,8.56973,4809.0,4.51,0.0
TOI 3469.01,10670.0,3.865,2022.0,2780.14,17.7901,6823.0,4.16,1.0
TOI 347.01,1577.506576,1.0528611,1370.1551938,832.9137795,6.8572283,5692.2,4.1,1.0
TOI 3470.01,15130.0,1.642,1179.0,321.441,18.8972,5823.0,4.2,1.0
TOI 3471.01,17410.0,3.602,911.0,114.611,12.7543,5666.0,4.5,1.0
TOI 3472.01,33340.0,2.437,1780.0,1668.68,13.941,5985.0,4.72,0.0
TOI 3473.01,11250.0,2.667,1316.0,498.733,17.8847,6599.0,4.19,1.0
TOI 3474.01,12260.0,3.647,1437.0,709.036,14.0735,6048.0,4.29,1.0
TOI 3475.01,11930.0,3.208,1998.0,2647.01,18.2165,7560.0,4.26,1.0
TOI 3476.01,13290.0,2.51,1436.0,706.863,14.5156,7627.0,4.51,1.0
TOI 3477.01,11000.0,3.771,1620.0,1144.81,14.2118,6165.0,4.22,1.0
TOI 3478.01,17750.0,2.961,1871.0,2034.63,20.4999,6078.0,4.13,1.0
TOI 3479.01,7470.0,2.966,1623.0,1152.76,12.6118,5636.0,4.1,1.0
TOI 348.01,2913.5611564,0.9449038,2849.8678213,15589.0579756,8.7665514,5879.0,4.11,1.0
TOI 3482.01,1650.0,1.251,1981.0,2557.87,8.81333,6495.0,3.89,0.0
TOI 3483.01,4410.0,1.529,1699.0,1386.27,12.978,5881.0,3.95,1.0
TOI 3484.01,6810.0,5.011,1510.0,863.316,15.2719,6195.0,4.0,1.0
TOI 3485.01,770.0,2.865,574.0,18.0311,2.20757,4554.0,4.52,1.0
TOI 3485.02,469.0,2.297,763.0,56.3052,1.49811,4554.0,4.52,1.0
TOI 3486.01,15050.0,1.421,946.0,133.224,10.4759,4841.0,4.52,1.0
TOI 3488.01,1030.0,4.564,1214.0,360.794,2.97636,5727.0,4.5,1.0
TOI 3489.01,11530.0,3.386,1222.0,370.391,13.3743,5266.0,4.21,1.0
TOI 3490.01,35470.0,2.448,636.0,27.2956,14.7541,5198.2,4.63,1.0
TOI 3492.01,3109.7617072,5.296858,1477.1119659,1125.057365,15.6527771,6332.0,3.7075,1.0
TOI 3493.01,757.1865282,4.3972747,1000.5192324,236.8223938,3.3709444,5860.0,4.29672,1.0
TOI 3494.01,5124.9808086,1.3743369,351.9088621,3.6244475,2.2168828,3230.0,4.91717,1.0
TOI 3495.01,490.4350481,2.5601309,1335.6413065,752.108278,4.3741604,6529.0,3.99995,1.0
TOI 3497.01,7882.0701205,3.5060865,1128.0732222,382.7103105,10.0080468,5780.0,4.438,1.0
TOI 3498.01,3800.0,4.024,1154.0,295.298,4.71563,4562.0,4.54562,1.0
TOI 3499.01,3654.1353754,8.1684205,1905.2568703,3114.1185902,19.0560523,5695.0,3.45316,1.0
TOI 3500.01,1314.7094959,3.8475431,928.2392842,175.4529921,3.996537,5406.0,4.32992,1.0
TOI 3500.02,8094.9889377,7.9079384,741.7781718,71.5512456,10.6445904,5406.0,4.32992,1.0
TOI 3502.01,3745.6837264,1.059593,1835.4167797,2682.0062952,9.8310336,7853.0,4.33241,1.0
TOI 3503.01,2971.3418778,2.4231243,2961.4012649,18176.4904225,12.1227001,8405.0,4.25145,1.0
TOI 3504.01,17928.3672773,2.3436622,1448.8262904,1041.3249499,14.5949243,5863.0,4.42,0.0
TOI 3506.01,10767.3313678,3.5068675,1159.2289516,426.7739259,12.7988183,5554.0,4.28,1.0
TOI 3507.01,11010.0,2.858,1571.0,1012.39,8.43478,4896.0,4.52,0.0
TOI 3508.01,7140.0,2.35,2068.0,3036.53,13.6803,6053.0,4.08,0.0
TOI 351.01,5884.1905569,4.1612558,1552.6711273,1373.5324063,14.2776184,5570.3,3.93,1.0
TOI 3510.01,13480.0,2.772,1387.0,614.779,13.1718,5752.0,4.37,1.0
TOI 3514.01,25120.0,1.857,1619.0,1141.17,17.3816,5623.0,4.54,1.0
TOI 3516.01,2980.0,1.887,1947.0,2388.65,20.1829,5823.0,4.06,1.0
TOI 3517.01,13270.0,2.645,1248.0,403.813,13.6378,5727.0,4.3,1.0
TOI 3519.01,6230.0,3.84,1531.0,913.394,13.3258,5870.0,4.01,1.0
TOI 3520.01,8530.0,3.034,1495.0,831.069,13.7329,5984.0,4.15,1.0
TOI 3522.01,12360.0,1.938,993.0,161.632,10.2542,5285.0,4.48,1.0
TOI 3523.01,10800.0,3.457,1970.0,2500.98,16.9661,6562.0,4.18,1.0
TOI 3524.01,24860.0,2.084,928.0,123.578,13.4003,4874.0,4.53,0.0
TOI 3525.01,9160.0,1.846,2274.0,4445.59,15.1782,6245.0,4.12,0.0
TOI 3526.01,8770.0,2.226,1862.0,1996.94,18.9812,6125.0,3.87,0.0
TOI 3527.01,7747.1683435,2.3819547,2358.8436545,7316.7400883,33.1493745,5889.0,3.71,1.0
TOI 3534.01,10156.5613928,3.5710893,1374.5742272,843.7111506,13.3160023,5613.0,4.2,1.0
TOI 3537.01,15850.0,1.424,861.0,91.3894,15.2695,5848.0,4.41,0.0
TOI 3538.01,8940.0,3.1,1068.0,216.462,15.0553,6353.0,4.14,1.0
TOI 3539.01,15220.0,3.402,1143.0,283.742,14.2859,6255.0,4.44,1.0
TOI 3541.01,9640.0,3.128,2166.0,3659.88,23.2858,5854.0,4.36,0.0
TOI 3542.01,9310.0,2.742,1332.0,523.564,14.1363,6702.0,4.29,0.0
TOI 3545.01,15583.7155253,3.4290537,1713.5741385,2037.6641193,21.2058311,6578.0,4.14,1.0
TOI 3546.01,5830.0,2.994,1170.0,312.039,9.64178,6111.0,4.29,1.0
TOI 3547.01,16500.0,1.874,846.0,85.347,17.3522,5145.0,4.12,1.0
TOI 3548.01,7680.0,0.442,1789.0,1703.73,15.7244,4769.0,4.59,0.0
TOI 3549.01,3640.0,3.297,3289.0,19428.3,14.7339,6527.4,4.18,0.0
TOI 3550.01,1100.0,0.824,1749.0,1555.17,8.30438,7786.1,4.08,1.0
TOI 3551.01,3380.0,3.706,1741.0,1528.03,12.9018,6417.0,3.85,1.0
TOI 3552.01,3020.0,0.997,1638.0,1195.25,13.2413,6123.0,3.74,1.0
TOI 3558.01,9190.0,2.273,1441.0,717.151,13.0681,5866.0,4.21,1.0
TOI 3559.01,8272.7904433,2.3204775,1939.0,7355.9058604,16.3917196,9339.0,4.41,1.0
TOI 356.01,4655.9610935,3.9249606,1230.8833686,542.4861018,11.9640451,5499.0,4.01,1.0
TOI 3560.01,1830.0,2.802,3107.0,15472.4,10.1264,6381.0,4.32,1.0
TOI 3561.01,18840.0,2.74,1582.0,1041.76,20.1447,7795.0,4.39,0.0
TOI 3562.01,2190.0,3.007,3735.0,32313.0,6.98364,5791.1,4.69,0.0
TOI 3563.01,8831.6711744,7.525823,938.3377787,183.2136427,14.5976753,6779.2,4.25,1.0
TOI 3564.01,15662.5623222,4.550493,1626.8581476,1655.4640288,19.9932642,6454.0,4.26,1.0
TOI 3565.01,10240.0,2.879,1215.0,361.994,12.9424,6017.0,4.29,0.0
TOI 3566.01,27120.0,2.187,2124.0,3379.0,23.84,6479.0,4.4,0.0
TOI 3567.01,12390.0,1.19,1098.0,241.443,12.7486,5675.0,4.38,1.0
TOI 3568.01,6790.1682056,2.5881434,861.4483375,130.1481354,6.4020317,4864.0,4.55,2.0
TOI 357.01,587.9364245,1.122492,3122.4488768,22464.7891996,6.6149456,6300.3,3.72,0.0
TOI 3570.01,9250.0,2.974,3226.0,17992.5,13.1161,10984.0,4.64,1.0
TOI 3571.01,7760.0,3.032,1704.0,1401.91,15.3022,7457.0,4.14,1.0
TOI 3573.01,6510.0,3.341,1043.0,196.707,12.7271,5994.3,4.13,1.0
TOI 3575.01,6180.0,1.991,990.0,159.573,14.1848,5739.0,4.33,1.0
TOI 3576.01,11400.0,3.569,1153.9361568,340.838,13.0535,5543.7,4.27,1.0
TOI 3577.01,2910.0,2.788,1106.0,248.814,8.71675,5938.0,4.06,2.0
TOI 3578.01,530.0,1.692,2137.0,3463.78,4.16809,7176.0,4.16,0.0
TOI 358.01,14080.0,1.928,781.0,61.7667,26.9344,5467.0,4.26,1.0
TOI 3580.01,26300.0,4.331,1091.0,235.634,9.21314,3858.0,4.69,0.0
TOI 3582.01,11250.0,3.659,1314.0,495.827,14.9431,5847.0,4.16,1.0
TOI 3585.01,3020.0,2.062,906.0,112.33,4.63661,4652.0,4.48,1.0
TOI 3586.01,31070.0,3.276,640.0,28.0204,12.7584,4971.0,4.61,1.0
TOI 3588.01,4210.0,4.403,1935.0,2328.97,14.1169,6688.0,3.91,1.0
TOI 3589.01,14750.0,3.763,2054.0,2957.04,20.1593,7658.5,4.28,1.0
TOI 3591.01,5630.0,4.224,1243.0,396.459,13.159,5859.7,4.03,1.0
TOI 3593.01,13607.9927553,2.4584304,1087.6474599,330.730008,11.6869491,5342.0,4.41,1.0
TOI 3594.01,12730.0,2.0,631.0,26.3577,13.41,5505.0,4.3,1.0
TOI 3595.01,21680.3724998,2.0790249,1226.8109303,535.3422852,12.0157766,5090.0,4.54,1.0
TOI 3596.01,9475.0,3.172,1211.0,357.504,9.37482,5989.7,4.47,1.0
TOI 3597.01,21483.7462243,2.7370959,914.3568608,165.190061,11.5444262,5007.0,4.56,1.0
TOI 3598.01,13130.0,1.884,1343.0,540.162,20.0,6282.0,4.17,1.0
TOI 3599.01,11410.0,2.711,1231.0,382.391,9.6972,5396.4,4.5,1.0
TOI 360.01,5180.0,3.396,1390.0,621.088,24.3071,5657.0,3.97,0.0
TOI 3600.01,10347.0,3.203,1310.0,489.828,17.7733,6616.0,4.05,1.0
TOI 3601.01,6256.0,2.84,1321.0,506.135,11.2646,6284.0,4.2,1.0
TOI 3602.01,14252.9367639,2.8056588,1661.0534911,1799.1007103,15.9427336,6566.0,4.36,1.0
TOI 3603.01,8549.0,0.893,1186.0,328.939,8.74635,5303.0,4.49,1.0
TOI 3605.01,9680.0,3.699,1568.0,1005.1,15.7486,6321.0,4.15,1.0
TOI 3608.01,3100.0,2.695,1829.0,1859.62,13.2689,7047.0,3.89,0.0
TOI 3609.01,6720.0,3.682,1064.0,213.106,9.57629,5519.0,4.29,1.0
TOI 3610.01,3882.8974217,2.6777485,1915.6210676,3182.4341084,12.9358521,5540.0,3.95,0.0
TOI 3611.01,9695.0,3.709,1679.0,1319.62,15.4449,6153.0,4.08,1.0
TOI 3612.01,21920.0,1.595,1278.0,442.993,14.0641,5115.0,4.45,1.0
TOI 3613.01,18830.0,2.708,1293.0,465.25,13.6409,5766.0,4.49,1.0
TOI 3615.01,5140.0,3.737,1589.0,1058.47,11.2819,5684.0,3.99,1.0
TOI 3616.01,5441.0,2.5,1903.0,2177.78,20.8975,7316.0,3.73,1.0
TOI 3617.01,9188.0,2.102,1219.0,366.758,15.3732,6065.0,4.06,1.0
TOI 3618.01,14004.0,1.567,1005.0,169.429,14.1029,6083.0,4.34,1.0
TOI 3619.01,12106.5704512,3.4044306,1673.2690337,1852.610398,19.4201044,6133.0,4.04,1.0
TOI 362.01,4283.0743607,2.5070875,751.8284274,75.5085226,6.823525,5692.0,4.41,1.0
TOI 3620.01,6907.0,2.848,1081.0,227.422,12.8723,5639.0,4.02,1.0
TOI 3622.01,13772.0,3.325,1450.0,734.312,13.6367,5688.6,4.22,1.0
TOI 3623.01,9441.0,3.339,1117.0,258.608,10.8845,5867.3,4.31,1.0
TOI 3624.01,3132.0,3.508,1056.0,206.451,8.25522,6065.0,4.15,1.0
TOI 3625.01,11761.9984291,3.4295536,1495.2487083,1181.3395539,14.8135617,6122.0,4.27,1.0
TOI 3626.01,3020.0,1.34,565.0,17.0243,13.605,5856.2,4.07,0.0
TOI 3628.01,8254.0,2.555,1215.0,362.88,11.03,5699.0,4.29,1.0
TOI 3629.01,15461.0,2.19,706.0,41.2897,8.09927,3689.0,4.64,2.0
TOI 3630.01,14086.214603,2.7570171,1560.1038498,1400.0225662,13.2107214,6026.0,4.41,1.0
TOI 3632.01,9687.0,3.216,1627.0,1165.99,12.8678,6605.4,4.31,1.0
TOI 3633.01,2690.0,1.502,1463.0,761.094,18.3972,7233.0,3.54,1.0
TOI 3635.01,4555.9682539,4.3641932,2238.402212,5932.9885061,14.8028768,5972.0,3.81,1.0
TOI 3636.01,18527.6525232,3.2580998,1071.6603274,311.7091966,13.6976778,5425.9,4.41,1.0
TOI 3638.01,13381.8682851,1.7461195,1062.6576955,301.3662182,21.6677618,5263.0,4.27,1.0
TOI 3639.01,15720.0,3.034,1038.0,193.036,14.6233,5856.0,4.36,1.0
TOI 3640.01,3898.0,1.867,3910.0,38806.5,43.2978,8273.0,3.66,1.0
TOI 3642.01,20681.0,1.829,883.0,101.257,14.1047,5458.0,4.45,1.0
TOI 3643.01,1420.0,2.287,2685.0,8634.8,6.80431,8364.0,4.25,0.0
TOI 3644.01,2188.0,2.006,1975.0,2527.3,12.5113,7308.0,3.79,1.0
TOI 3645.01,11248.0,2.53,1273.0,436.937,12.6502,5585.0,4.33,1.0
TOI 3646.01,24110.0,2.523,1515.0,875.049,21.4131,5840.0,4.15,1.0
TOI 3648.01,5092.0,3.379,1643.0,1209.83,15.738,5858.5,3.7,1.0
TOI 3649.01,8150.0,1.977,1186.0,328.681,13.3617,6016.1,4.18,1.0
TOI 3651.01,1648.0,1.665,2356.9493582,13258.6,14.6878,6714.1,4.06,1.0
TOI 3652.01,3796.0,3.691,1784.0,1684.37,16.6632,6841.0,3.66,1.0
TOI 3653.01,14162.0,1.471,851.0,87.4587,13.5575,5981.0,4.38,1.0
TOI 3654.01,5220.0,1.675,1241.0,394.584,8.26117,5622.0,4.34,1.0
TOI 3656.01,10785.0,2.82,998.0,165.052,12.2781,5587.5,4.29,1.0
TOI 3659.01,12572.0,3.102,1950.0,2401.38,18.5453,5097.0,4.5,0.0
TOI 366.01,7466.6719822,1.848351,1652.5853359,1762.6925977,11.8582247,5504.0,4.21,1.0
TOI 3660.01,8478.1708441,1.9011439,1467.7302713,1096.7458697,18.2571108,6373.0,4.22,1.0
TOI 3663.01,2126.0,2.135,1451.0,737.328,10.1033,6940.9,3.85,0.0
TOI 3664.01,13404.0,2.511,1204.0,349.544,12.8987,5556.0,4.29,1.0
TOI 3665.01,1910.0,1.576,1740.0,1522.95,3.71319,4977.4,4.54,1.0
TOI 3666.01,8977.0354304,3.3016793,1287.2452024,648.882601,12.4986982,5961.2,4.25,1.0
TOI 3667.01,9179.0608475,2.9570233,1217.0846478,518.5661197,16.8830792,5717.0,4.14,1.0
TOI 3668.01,2342.0,1.196,1930.0,2304.37,13.5277,5921.0,3.6,1.0
TOI 367.01,4566.0,3.302,1827.0,1853.5,17.6148,5756.9,3.9,0.0
TOI 3670.01,7174.209618,2.1045072,1396.6323632,899.1857327,13.7928815,5601.5,4.39,1.0
TOI 3671.01,12043.0,1.067,1836.4094485,315.053,16.1222,5972.0,4.18,1.0
TOI 3672.01,1910.0,3.323,2552.0,7043.91,11.0715,8290.0,3.95,0.0
TOI 3673.01,17069.0,2.781,1522.0,891.034,16.4201,5615.0,4.21,1.0
TOI 3674.01,10390.0,3.232,1245.0,399.27,13.0569,5854.0,4.2,1.0
TOI 3675.01,12419.1287881,4.6924078,980.6686318,218.579857,12.4756295,5219.0,4.29,1.0
TOI 3677.01,14130.0,1.139,1226.0,375.352,14.2002,8469.0,4.68,0.0
TOI 3678.01,7842.3157995,5.588206,1779.7012929,2370.8794126,18.9133256,7259.3,4.03,0.0
TOI 3679.01,20351.0,2.816,905.0,111.516,12.7661,5418.0,4.51,1.0
TOI 368.01,24680.0,2.238,1652.0,1237.91,15.5656,5444.0,4.48,0.0
TOI 3681.01,9954.9098835,3.0320144,1007.016024,243.0337156,10.2407443,5191.0,4.37,1.0
TOI 3682.01,4070.0,3.625,1438.0,711.319,12.1727,5501.0,3.86,1.0
TOI 3683.01,3867.0,1.951,3261.0,18782.0,20.6045,7321.3,3.99,1.0
TOI 3684.01,12400.0,1.999,1403.0,643.523,17.6225,6241.0,4.2,0.0
TOI 3685.01,13389.0,2.891,1095.0,238.883,12.9782,5785.0,4.29,1.0
TOI 3686.01,14469.3182017,3.6413963,1095.3653389,340.2177584,14.9343184,5262.0,4.2,1.0
TOI 3688.01,9405.9910446,3.4201513,1471.4303775,1107.8472213,13.2996429,6088.0,4.24,2.0
TOI 3689.01,7472.5714594,2.272,1622.0,1150.77,15.7019,6391.0,4.1,1.0
TOI 3690.01,5820.0,1.066,405.0,4.4805,8.169,4798.6,4.36,1.0
TOI 3691.01,15431.0,3.244,1614.0,1126.75,15.9091,6702.0,4.36,1.0
TOI 3693.01,24660.0,3.402,765.0,57.0645,12.8974,5211.0,4.58,2.0
TOI 3694.01,4260.0,1.668,886.0,102.529,5.00683,4245.0,4.49,1.0
TOI 3696.01,5831.0,4.356,1549.0,1421.6916309,13.1733,6120.1,3.96,1.0
TOI 3698.01,6652.2691917,4.2923576,1890.956087,3021.6682115,15.2126883,6121.8,4.0,1.0
TOI 3699.01,10703.7246212,2.7491505,1833.1734999,2668.9183266,18.1780385,7046.0,4.19,1.0
TOI 370.01,27706.6329031,3.0383534,1172.1290154,446.0901861,18.1541478,5805.0,4.41,1.0
TOI 3700.01,12333.3914621,3.2423132,1221.5897336,526.2868256,12.8324877,6166.0,4.41,1.0
TOI 3701.01,20069.2666289,2.5821706,1110.4504109,359.3500241,15.3220568,5457.0,4.35,1.0
TOI 3703.01,6927.6783585,4.0827715,1862.711381,2845.1375927,19.0494736,6530.0,3.87,1.0
TOI 3704.01,12737.547033,1.8149062,1530.9212454,1298.1724908,18.0998636,5483.9,4.45,1.0
TOI 3705.01,10717.8931836,1.6652986,1419.3123455,959.0316129,11.3732439,5464.2,4.4,1.0
TOI 3706.01,15001.3632154,3.7808822,1344.6689175,772.6493902,15.4523265,6647.1,4.4,1.0
TOI 3707.01,8240.0,4.445,1499.0,838.921,14.9335,6302.0,4.09,1.0
TOI 3708.01,13820.0,4.323,1018.0,178.298,13.3662,5400.0,4.3,1.0
TOI 371.01,5175.9836967,2.2906804,1080.8027122,322.4829107,6.5778157,5389.0,4.49,1.0
TOI 3710.01,8420.0,3.51,1863.0,2003.04,15.7506,6267.0,4.06,1.0
TOI 3711.01,8840.0,1.723,1133.0,273.596,18.2459,5983.0,3.93,1.0
TOI 3713.01,14120.0,2.783,639.0,27.7794,11.2253,4571.1,4.4,1.0
TOI 3714.01,49552.1823437,1.6582238,689.8799484,53.5321999,11.6102486,3538.0,4.73,2.0
TOI 3718.01,3770.0,4.263,1661.0,1263.61,12.1709,6455.1,3.94,1.0
TOI 3719.01,7777.4504416,1.5952613,2250.09303,6057.9111479,13.3612412,6629.1,4.24,1.0
TOI 3720.01,3331.699976,1.7442136,1896.714755,3058.6451322,20.9386989,6533.0,3.72,1.0
TOI 3721.01,8736.2229728,3.0771407,1141.4685966,401.2147341,10.2150358,5151.0,4.3,1.0
TOI 3723.01,13590.0,3.269,1453.0,741.79,14.6517,6518.1,4.39,1.0
TOI 3724.01,8780.0,6.092,1348.0,549.591,13.5121,6523.0,4.28,1.0
TOI 3725.01,9512.9165619,3.2344044,1177.5798524,454.4461913,12.4034204,5947.0,4.36,0.0
TOI 3726.01,27037.3771224,2.6166045,1115.9893923,366.5736704,17.700332,5925.1,4.43,1.0
TOI 3727.01,6620.0882527,4.3926223,993.9098444,230.6263738,12.8019377,6475.0,4.23,1.0
TOI 373.01,5500.0,1.466,1484.0,806.657,9.24379,5997.0,4.39,0.0
TOI 3732.01,2460.0,3.84,2886.0,11520.9,17.5182,6633.2,3.84,1.0
TOI 3733.01,7318.4567789,2.6213684,2264.6722133,6216.4494671,22.1075367,6361.4,3.83,0.0
TOI 3735.01,11429.0738935,3.9579058,1284.4248381,643.2144362,11.1102207,6245.0,4.51,1.0
TOI 3736.01,11835.254258,3.2100502,2086.8817852,4482.4184345,20.0456418,6876.0,4.1,1.0
TOI 3737.01,9170.0,4.204,1264.0,424.633,15.2954,5863.0,4.07,1.0
TOI 3738.01,8783.8532254,4.7104727,1629.5420157,1666.4153311,17.2316994,6806.6,4.12,1.0
TOI 3739.01,9497.7556385,3.7435577,1609.4687264,1585.810069,16.6194574,6083.0,4.05,1.0
TOI 374.01,8403.0676421,4.4375744,1154.1798573,419.3870005,13.3111519,5719.0,4.23,1.0
TOI 3742.01,49560.0,3.278,570.0,17.5959,15.0384,3916.0,4.59,0.0
TOI 3744.01,3017.5555289,4.2743803,2008.8567199,3848.7247292,15.3760904,6257.0,3.65,1.0
TOI 3745.01,7400.0,2.674,1543.0,941.489,7.5805,4830.0,4.42,1.0
TOI 3746.01,1800.0,3.182,1576.0,1024.77,3.19942,4570.0,4.54,0.0
TOI 3747.01,4601.821312,2.3242495,2689.3260002,12362.172636,15.625642,7747.0,4.1,1.0
TOI 3748.01,9683.8865565,1.502194,1684.9911465,1905.0724424,14.7510708,6087.0,4.18,1.0
TOI 3749.01,9200.0,2.798,1641.0,1205.51,14.0349,5410.0,4.06,1.0
TOI 3750.01,17130.0,2.827,463.0,7.652,8.49489,3815.0,4.63,1.0
TOI 3751.01,12630.0,3.375,1692.0,1361.85,13.8344,6400.6,4.39,1.0
TOI 3753.01,9000.0,2.506,1722.0,1462.84,21.323,6630.3,4.0,0.0
TOI 3754.01,1320.0,4.428,2724.0,9149.72,11.7709,6170.0,3.56,1.0
TOI 3755.01,8040.2832674,3.1170996,1002.1907807,238.4089829,10.3353813,5354.0,4.34,2.0
TOI 3757.01,32914.4087358,1.6681096,705.1521561,58.4322157,12.4377309,3902.0,4.62,2.0
TOI 3758.01,10160.0,3.415,1450.0,734.21,15.3577,5868.0,4.1,1.0
TOI 376.01,10686.8965192,1.998979,1255.7382989,587.6484052,12.6685799,5317.0,4.34,1.0
TOI 3761.01,27610.0,2.136,357.0,2.69966,17.6301,4375.0,4.53,1.0
TOI 3762.01,720.0,0.762,1873.0,2045.89,6.83269,6779.0,3.93,1.0
TOI 3763.01,8701.8905063,3.2004171,2259.9883961,6165.1811066,17.4679856,7284.0,4.14,1.0
TOI 3765.01,10550.5908783,3.3502554,1849.5348804,2765.4837198,17.745577,7298.0,4.23,1.0
TOI 3766.01,5930.0,2.83,1190.0,333.084,7.74182,5244.0,4.4,1.0
TOI 3767.01,10809.3425575,4.1827898,1861.1528619,2835.6275008,21.8606641,5382.0,3.76,1.0
TOI 3768.01,8016.0263872,2.6629308,2274.9584022,6330.1622488,18.3770154,7166.0,4.04,1.0
TOI 3769.01,6750.0,3.972,1024.0,183.03,14.0125,6650.0,4.12,1.0
TOI 3770.01,6480.0,1.009,1412.0,660.579,7.7093,5176.0,4.47,1.0
TOI 3771.01,11798.1114337,2.723108,1534.6607085,1310.9028217,16.4563404,6717.3,4.3,1.0
TOI 3772.01,7081.4201521,2.1905198,961.3875339,201.8900648,7.3156426,5119.0,4.49,1.0
TOI 3773.01,8878.2030994,2.1699793,1659.7353595,1793.3967876,19.4435142,5823.8,3.99,1.0
TOI 3775.01,18740.0,3.225,1113.0,255.316,15.8461,5915.0,4.37,1.0
TOI 3777.01,4580.0,2.53,1738.0,1516.77,9.51324,6545.0,4.27,1.0
TOI 3778.01,7494.8820162,2.7514799,926.0791782,173.8254973,8.1185589,5353.3,4.47,1.0
TOI 378.01,5448.84,2.506,1338.0,532.263,9.58224,5894.0,4.32,0.0
TOI 3780.01,21518.3969126,2.1755276,1665.0948975,1816.6738365,15.9952422,5765.0,4.4,1.0
TOI 3781.01,4800.0,2.196,1043.0,197.102,6.27906,4992.1,4.44,0.0
TOI 3783.01,7840.0,4.68,1345.0,544.723,12.8902,6204.0,4.17,1.0
TOI 3784.01,4880.2549784,3.2881257,1817.3748885,2578.0960496,21.2842391,5646.0,3.48,1.0
TOI 3785.01,8200.0,1.61,513.0,11.5347,4.73219,3502.0,4.74,2.0
TOI 3787.01,15809.0676843,3.5830779,1087.3512039,330.3698152,14.751756,5290.0,4.26,1.0
TOI 3788.01,7200.0,3.061,1763.0,1605.66,15.1739,6510.2,4.07,1.0
TOI 3789.01,13334.2651359,1.9086349,1034.5151246,270.6876112,10.4236143,5497.6,4.51,1.0
TOI 379.01,276.272,1.337,2236.0,4151.31,3.12766,5825.0,4.04,0.0
TOI 3790.01,13420.0,3.301,817.0,74.203,11.7716,5373.8,4.51,0.0
TOI 3791.01,9850.0,2.017,1269.0,430.956,13.8362,6405.0,4.27,1.0
TOI 3793.01,14394.4055364,2.3440735,1512.6883561,1237.4249188,17.8868067,6433.0,4.3,1.0
TOI 3795.01,3790.0,1.646,1292.0,462.811,6.47417,6205.0,4.51,0.0
TOI 3796.01,9980.0,5.8,984.0,155.741,9.39924,5279.0,4.52,0.0
TOI 3797.01,8430.0,2.976,614.0,23.6888,11.2819,5973.8,4.31,1.0
TOI 3798.01,9857.9233831,2.0292672,1316.5338707,709.9849597,12.2250402,5573.0,4.37,1.0
TOI 3799.01,29281.2259569,2.9678542,757.8882131,77.9725277,14.6693181,5236.1,4.55,0.0
TOI 3800.01,1730.0,2.35,2211.0,3970.53,5.73913,7189.4,4.35,1.0
TOI 3801.01,14083.5242428,3.400512,997.224075,233.7179242,12.8354727,5565.6,4.39,1.0
TOI 3802.01,8700.0,1.294,1311.0,491.415,12.9122,5586.0,4.17,1.0
TOI 3803.01,3970.0,2.301,1647.0,1223.62,13.2377,6862.4,3.98,1.0
TOI 3804.01,18079.622642,2.7899266,1240.8835851,560.3316578,14.6087971,5689.0,4.39,1.0
TOI 3805.01,13340.0,2.15,976.0,151.232,12.1478,5295.0,4.38,1.0
TOI 3807.01,3680.0,1.307,1247.0,401.9,10.0928,5908.0,4.13,2.0
TOI 3808.01,9843.1330115,2.3005775,1517.2980079,1252.5773445,22.3487036,6305.0,4.18,0.0
TOI 3809.01,25220.0,2.728,1067.0,215.456,13.6402,5058.0,4.51,1.0
TOI 3810.01,5155.2973108,0.9853402,2988.2080302,18843.6190459,10.6616565,9332.0,4.5,0.0
TOI 3811.01,2140.0,0.706,868.0,94.5522,7.75397,5560.0,4.28,1.0
TOI 3812.01,18102.202403,2.8815405,1031.9739072,268.037691,12.1627174,5382.2,4.51,1.0
TOI 3813.01,11274.5959098,3.2262534,1372.1195235,837.7005046,13.6754452,6268.0,4.34,1.0
TOI 3814.01,8623.7001528,4.1704262,1294.5600539,663.7580626,14.0040077,5914.0,4.16,1.0
TOI 3815.01,12380.0,4.437,1385.0,611.598,21.2108,5908.0,3.92,1.0
TOI 3816.01,6610.0,1.191,1819.0,1819.34,10.1292,6180.0,4.4,1.0
TOI 3817.01,6852.3350469,4.9957058,1628.0490201,1660.3166024,17.4413086,6313.0,3.9,1.0
TOI 3818.01,10146.6837063,3.3511315,1428.7894629,984.9041254,13.8548638,5800.1,4.19,1.0
TOI 3819.01,5692.0048309,2.6887498,1567.7850348,1427.7989564,12.9273057,5999.0,4.1,2.0
TOI 382.01,3428.7,0.548,1616.0,1132.97,6.64264,5777.0,4.35,0.0
TOI 3820.01,7391.6084773,3.1018506,1505.5491913,1214.2295602,24.5471729,6403.0,4.01,1.0
TOI 3821.01,9907.4814267,2.7403458,2181.3842633,5351.1817869,23.7348191,7054.0,3.98,1.0
TOI 3822.01,15459.8027576,2.7145235,1199.6413306,489.470679,13.2914966,5376.0,4.37,1.0
TOI 3825.01,8300.0,1.719,751.0,53.052,10.5731,5886.6,4.38,0.0
TOI 3829.01,13530.0,2.819,1293.0,464.816,12.8379,5385.0,4.33,1.0
TOI 3830.01,9260.0,1.849,1011.0,173.46,10.3587,5371.2,4.37,1.0
TOI 3832.01,7830.0,4.032,609.0,22.9814,9.42632,5952.0,4.43,1.0
TOI 3835.01,15780.0,1.829,1650.0,1231.36,14.2662,5788.7,4.38,1.0
TOI 3837.01,7800.0,4.803,954.0,138.065,11.0233,5773.9,4.28,2.0
TOI 3839.01,2360.0,1.345,1657.0,1252.3,14.357,6341.0,4.23,1.0
TOI 384.01,42774.4,4.683,1163.0,304.138,30.7623,5819.0,4.34,0.0
TOI 3840.01,6140.0,2.963,1313.0,493.866,10.1723,5788.0,4.24,1.0
TOI 3841.01,5537.3250771,1.9071145,1510.4570936,1230.1400953,12.4396125,6145.0,4.07,1.0
TOI 3842.01,21730.0,2.557,908.0,113.212,13.587,4489.2,4.37,1.0
TOI 3845.01,14110.0,1.942,1414.0,663.959,16.91,6046.0,4.19,0.0
TOI 3846.01,27310.0,1.705,1061.0,210.669,13.3674,4234.0,4.49,1.0
TOI 3847.01,9060.0,2.673,686.0,36.8868,10.2336,5623.0,4.39,1.0
TOI 3848.01,12480.0,3.742,584.0,19.3942,9.88117,4798.0,4.51,1.0
TOI 3849.01,20110.0,1.871,1556.0,973.648,14.8723,5196.0,4.38,1.0
TOI 3850.01,10870.0,4.696,1088.0,232.655,13.2087,6039.0,4.47,1.0
TOI 3851.01,1400.0,2.746,1355.0,559.625,4.68953,5838.0,4.28,1.0
TOI 3852.01,22600.0,3.871,710.0,42.3341,13.9974,6010.0,4.56,1.0
TOI 3853.01,1550.0,2.975,1067.0,215.174,4.57552,5648.0,4.34,1.0
TOI 3854.01,10790.0,2.029,1141.0,281.839,9.96136,5814.0,4.52,1.0
TOI 3855.01,19250.0,1.745,742.0,50.504,12.6528,4304.8,4.36,1.0
TOI 3856.01,12980.0,1.513,1179.0,321.632,13.3605,5568.0,4.32,1.0
TOI 3857.01,20300.0,2.487,983.0,155.029,12.4635,4646.6,4.44,1.0
TOI 3858.01,1750.0,4.395,827.0,77.8158,4.85367,6329.0,4.41,1.0
TOI 386.01,1415.0,1.413,1521.0,890.377,10.6694,8562.0,3.91,1.0
TOI 3860.01,13660.0,3.164,1604.0,1099.61,14.4673,6331.0,4.37,1.0
TOI 3861.01,5670.0,0.638,954.0,137.995,10.8531,4899.3,4.5,1.0
TOI 3862.01,3900.0,1.272,1212.0,358.839,6.15317,5564.4,4.46,1.0
TOI 3863.01,8770.0,4.737,909.0,113.516,9.03653,5542.4,4.46,1.0
TOI 3866.01,15620.0,2.38,1431.0,697.213,13.2766,5570.0,4.41,1.0
TOI 3867.01,10870.0,1.693,776.0,60.3278,11.8502,5552.1,4.37,1.0
TOI 3868.01,9420.0,3.82,537.0,13.8526,7.83236,4671.0,4.51,1.0
TOI 387.01,4900.0,2.807,1339.0,534.715,11.0678,6270.0,4.14,0.0
TOI 3870.01,3790.0,1.582,1296.0,469.737,8.44711,5933.0,4.21,1.0
TOI 3871.01,13130.0,2.147,988.0,158.463,11.4372,5491.7,4.47,1.0
TOI 3872.01,6450.0,2.362,1088.0,232.658,8.08157,5726.0,4.46,1.0
TOI 3873.01,8970.0,1.386,1114.0,256.108,14.6884,6071.0,4.15,1.0
TOI 3874.01,7390.0,1.463,788.0,64.0979,11.6541,5997.0,4.29,1.0
TOI 3875.01,8460.0,2.133,886.0,102.465,12.0351,5579.0,4.25,1.0
TOI 3876.01,22460.0,2.572,897.0,107.766,14.5999,5852.0,4.49,1.0
TOI 3877.01,5760.0,2.206,1115.0,257.46,12.0574,5662.2,4.06,1.0
TOI 3878.01,1410.0,1.074,1889.0,2114.06,6.706,6322.5,4.13,1.0
TOI 3879.01,1940.0,2.547,1002.0,167.688,4.19665,5332.3,4.47,1.0
TOI 388.01,4642.2749148,5.0469369,1945.3461862,3384.6096881,14.913823,6059.0,3.92334,1.0
TOI 3880.01,6340.0,1.076,899.0,108.567,8.10367,4501.0,4.41,1.0
TOI 3881.01,4960.0,2.452,1189.0,332.424,8.19874,5508.5,4.31,1.0
TOI 3883.01,14900.0,3.179,1033.0,189.492,13.1807,6307.0,4.48,0.0
TOI 3884.01,30740.0,1.462,429.0,5.65747,5.7177,3192.0,4.92,2.0
TOI 3887.01,7540.0,3.771,1418.0,671.867,14.06,6034.0,4.1,1.0
TOI 3888.01,9330.0,1.95,727.0,46.3832,8.01139,4773.0,4.52,1.0
TOI 3889.01,21300.0,2.15,1166.0,307.773,12.9082,5294.0,4.56,1.0
TOI 389.01,2579.32,3.428,1524.0,897.182,7.68909,6457.7,4.43,0.0
TOI 3890.01,1390.0,1.031,2806.0,10295.4,7.82821,6294.0,4.03,0.0
TOI 3891.01,1010.0,2.692,1350.0,551.573,3.02805,5269.6,4.44,1.0
TOI 3892.01,11480.0,3.488,1186.0,328.68,12.4319,5528.7,4.31,1.0
TOI 3893.01,3430.0,2.37,830.0,79.0884,4.28974,4485.0,4.57,1.0
TOI 3894.01,10000.0,3.336,1347.0,546.903,14.3572,6314.8,4.21,2.0
TOI 3895.01,7480.0,3.299,994.0,162.655,9.63035,5614.5,4.35,1.0
TOI 3896.01,1430.0,2.329,966.0,144.988,2.97425,5127.0,4.63,1.0
TOI 3898.01,9700.0,3.865,950.0,135.622,11.1545,5693.8,4.35,1.0
TOI 3899.01,850.0,2.369,966.0,144.63,2.66176,5522.5,4.5,1.0
TOI 390.01,2700.0,1.126,1519.0,884.686,12.2412,6321.46,4.1984,0.0
TOI 3901.01,17300.0,2.112,672.0,33.8682,12.4743,5834.0,4.54,1.0
TOI 3902.01,9820.0,1.167,1003.0,168.01,10.835,5464.2,4.44,1.0
TOI 3903.01,8710.0,4.287,808.0,70.8112,9.3235,5296.6,4.43,1.0
TOI 3905.01,11350.0,3.407,1166.0,306.956,11.2314,5933.0,4.43,1.0
TOI 3907.01,11890.0,2.035,1355.0,559.726,10.674,5072.0,4.42,1.0
TOI 3909.01,9290.0,3.527,1360.0,569.545,12.81,5490.8,4.16,1.0
TOI 391.01,19634.9908668,1.78762,1307.3307576,690.3398082,13.1406834,5400.0,4.53926,1.0
TOI 3910.01,22050.0,2.437,823.0,76.4949,12.3206,5224.0,4.56,1.0
TOI 3911.01,1590.0,2.682,730.0,47.221,3.52814,5298.6,4.52,1.0
TOI 3912.01,9730.0,3.355,1394.0,628.664,14.2355,5779.5,4.15,2.0
TOI 3913.01,8110.0,1.185,565.0,17.0069,7.98387,4180.4,4.42,1.0
TOI 3914.01,11490.0,3.541,1101.0,244.013,12.5036,6179.1,4.39,0.0
TOI 3915.01,25690.0,2.175,1236.0,387.574,13.6145,5177.8,4.56,1.0
TOI 3916.01,7370.0,1.959,1172.0,313.317,9.32202,6005.0,4.43,1.0
TOI 3918.01,5850.0,2.194,1123.0,264.883,10.6174,5236.0,4.12,1.0
TOI 3919.01,6000.0,3.051,1026.0,184.322,10.213,6227.0,4.28,2.0
TOI 3921.01,35720.0,7.878,744.0,51.103,14.4434,4742.0,4.6,0.0
TOI 3922.01,22610.0,1.734,845.0,84.8919,12.1401,5247.0,4.59,1.0
TOI 3924.01,6790.0,3.159,2921.0,12096.5,14.3474,6791.0,4.57,0.0
TOI 3925.01,1280.0,4.043,2253.0,4283.51,7.40327,7471.0,4.01,0.0
TOI 3927.01,19562.0,3.108,1077.0,223.672,14.9094,5353.0,4.34,1.0
TOI 3928.01,7570.0,2.573,1663.0,1272.37,13.3861,6141.0,4.14,1.0
TOI 3929.01,16514.0,3.608,1418.0,672.096,19.0253,5695.0,4.08,1.0
TOI 393.01,1480.0,1.605,714.0,43.3259,1.71311,3450.0,4.78,0.0
TOI 3931.01,8534.5638357,4.1888923,928.1234573,175.3654356,9.9098801,5694.0,4.41,1.0
TOI 3933.01,5457.0,2.409,2405.0,5560.11,17.6764,8523.0,3.98,1.0
TOI 3934.01,7683.0,2.143,849.0,86.313,17.4049,6571.0,4.12,1.0
TOI 3937.01,20172.9323968,1.9912433,1340.2742114,762.5979736,12.7696702,5287.0,4.5,1.0
TOI 3938.01,4830.0,2.824,1568.0,1005.2,7.35828,6131.0,4.46,0.0
TOI 3939.01,25278.0,1.957,980.0,153.353,12.2268,4477.0,4.53,1.0
TOI 3940.01,32560.0,2.378,853.0,87.9248,12.9484,4315.0,4.57,1.0
TOI 3941.01,13332.0,2.842,1506.0,854.357,14.8764,6137.0,4.23,1.0
TOI 3942.01,5659.4686877,1.5649451,1652.7561891,1763.4216575,13.7608011,6413.0,4.17,1.0
TOI 3943.01,2200.0,5.64,1439.0,713.503,10.4506,5607.0,3.72,1.0
TOI 3945.01,3791.0,1.556,830.0,78.9834,9.59744,5472.0,4.11,1.0
TOI 3946.01,14730.0,3.039,1070.0,217.888,15.2151,5933.0,4.28,1.0
TOI 3947.01,4580.0,6.279,1495.0,831.07,16.5311,6136.0,3.67,1.0
TOI 3948.01,2000.0,3.591,2932.0,12280.2,5.16544,5814.0,4.56,0.0
TOI 3949.01,8798.0,2.498,1555.0,970.705,10.5562,5846.0,4.32,1.0
TOI 3950.01,14430.0,3.091,1388.0,617.246,15.6361,5994.0,4.27,1.0
TOI 3951.01,8780.0,2.42,1385.0,612.53,11.5599,5342.0,4.22,1.0
TOI 3952.01,12893.0,3.06,1678.0,1317.93,17.6166,6786.0,4.21,1.0
TOI 3954.01,9317.0,0.805,909.0,113.665,20.3568,5833.0,4.46,1.0
TOI 3955.01,13633.9167281,2.5639391,1582.3126821,1481.4610493,17.6985303,6457.0,4.25,1.0
TOI 3956.01,7370.0,1.249,1190.0,332.941,12.9106,5227.0,4.48,1.0
TOI 3957.01,3550.0,1.576,1783.0,1679.03,12.5934,6227.0,3.91,0.0
TOI 3958.01,5497.3001958,5.2145528,998.1389779,234.5768031,10.9265063,6362.0,4.25,1.0
TOI 3959.01,5880.0,2.022,1285.0,453.87,12.7873,7032.0,4.19,1.0
TOI 396.01,232.5621027,3.1235464,1198.7446729,488.0089226,2.3917735,6308.31,4.438,2.0
TOI 396.02,180.0,2.495,1404.0,646.628,1.77141,6308.31,4.438,2.0
TOI 396.03,208.629137,3.6009978,971.2859803,210.3340005,2.0754665,6308.31,4.438,2.0
TOI 3960.01,18440.0,2.749,1230.0,380.139,13.613,5521.0,4.45,1.0
TOI 3962.01,4066.0,1.651,1138.0,279.334,17.5987,6238.0,3.7,1.0
TOI 3963.01,2367.0,3.043,1655.0,1245.8,14.2956,6016.0,4.1,1.0
TOI 3965.01,7817.0,5.123,1873.0,2045.04,17.6483,7220.0,3.98,1.0
TOI 3967.01,870.0,0.101,341.0,2.26831,21.2461,7211.0,4.14,1.0
TOI 397.01,930.0,1.101,1275.0,438.793,3.7295,5973.5,3.89,0.0
TOI 3970.01,6115.0,5.375,1097.0,240.751,10.601,5647.0,4.08,1.0
TOI 3972.01,16120.0,3.112,779.0,61.3806,11.935,5908.0,4.54,1.0
TOI 3974.01,18880.0,1.622,1177.0,318.713,12.6983,5095.7,4.47,1.0
TOI 3975.01,4450.0,2.406,824.0,76.541,9.65497,4507.0,4.64,0.0
TOI 3976.01,6740.0,3.928,1157.0,298.497,12.1125,5993.0,4.12,2.0
TOI 3977.01,9410.0,7.935,1009.0,172.212,10.7553,5627.0,4.55,1.0
TOI 3978.01,6550.0,4.503,1563.0,992.177,16.293,5548.0,3.82,1.0
TOI 3979.01,3230.0,3.521,2365.0,5195.14,8.90978,6806.0,4.22,0.0
TOI 398.01,19427.6944703,2.1652751,1544.0146992,1343.1568273,13.0911813,5500.0,4.48298,1.0
TOI 3980.01,5318.0,2.255,1655.0,1247.0,17.0677,5854.0,4.04,1.0
TOI 3981.01,2880.0,3.821,2415.0,5651.55,10.0826,7209.0,4.06,0.0
TOI 3982.01,6479.0,4.139,1655.0,1248.08,16.9428,7469.0,3.95,1.0
TOI 3984.01,21740.0,1.894,548.0,14.9972,7.17236,3422.0,4.77,2.0
TOI 3988.01,5002.0,4.081,1910.0,2213.89,13.3953,6334.0,3.86,1.0
TOI 399.01,743.4097278,1.9672248,1319.1647872,715.6772333,4.5091786,4752.8,4.37,0.0
TOI 3990.01,2280.0,2.416,1441.0,716.73,18.7395,8648.0,3.6,0.0
TOI 3994.01,1990.0,2.061,1320.0,504.623,6.8757,6827.0,4.25,0.0
TOI 3996.01,3770.0,4.987,1272.0,434.974,21.5086,6278.0,4.03,0.0
TOI 3997.01,8214.0,1.827,1455.0,744.569,17.6761,5997.0,4.21,1.0
TOI 3998.01,12864.0,1.746,1383.0,609.008,13.3431,5696.0,4.31,1.0
TOI 3999.01,2110.0,3.474,1361.0,570.966,9.65749,5659.0,3.78,0.0
TOI 400.01,9230.0,3.871,1616.0,1133.73,14.25,6272.0,4.25771,1.0
TOI 4000.01,12813.0,3.572,1815.0,1803.49,21.058,7493.0,4.12,1.0
TOI 4001.01,2055.0,2.874,1152.0,293.004,4.84123,5696.0,4.37,1.0
TOI 4002.01,5564.0,3.261,1834.0,1878.15,19.0038,6274.0,3.86,0.0
TOI 4003.01,5810.0,3.442,1554.0,970.247,10.7218,6647.0,4.29,1.0
TOI 4005.01,1770.0,2.214,1011.0,173.747,7.48475,5115.0,3.91,0.0
TOI 4007.01,12236.0,3.609,1751.0,1563.16,12.5868,7998.0,4.6,1.0
TOI 4008.01,650.0,2.174,1519.0,885.332,4.22619,6603.0,4.16,0.0
TOI 4009.01,5340.0,2.382,1246.0,400.919,14.5369,5994.0,3.92,1.0
TOI 401.01,160.0,2.621,1606.0,1105.11,1.28248,5928.0,4.48,0.0
TOI 4010.01,4983.0756289,2.9417261,872.0,126.2342489,6.6139476,4888.0,4.45,2.0
TOI 4010.02,5047.9326311,3.6278152,612.6899904,33.3030602,6.5471787,4888.0,4.45,2.0
TOI 4010.03,1206.3535884,1.7568331,1358.8572016,805.779628,3.1949876,4888.0,4.45,2.0
TOI 4011.01,8530.0,3.461,1307.0,485.004,13.9797,5815.0,4.1,1.0
TOI 4012.01,21650.0,1.744,1022.0,181.783,11.7503,4324.0,4.49,1.0
TOI 4013.01,4220.0,4.167,1731.0,1493.24,15.2766,5407.0,3.64,1.0
TOI 4014.01,17630.0,1.997,1214.0,361.087,13.4381,5863.0,4.48,1.0
TOI 4015.01,13560.0,3.115,1179.0,320.783,17.876,5947.0,4.12,1.0
TOI 4019.01,7950.0,2.649,2361.0,5163.1,20.9239,6620.0,4.04,0.0
TOI 402.01,398.6310113,2.5469696,909.5327855,161.7314334,1.725417,5175.2,4.37657,2.0
TOI 402.02,680.1385904,2.1004813,592.7674866,29.1782002,2.1954034,5175.2,4.37657,2.0
TOI 4021.01,3090.0,1.483,943.0,131.814,12.6029,6429.0,3.92,1.0
TOI 4024.01,4928.0,5.353,1354.0,558.3,12.5231,5842.0,3.9,1.0
TOI 4025.01,4600.0,6.45,924.0,121.312,7.99273,5770.0,4.29,1.0
TOI 4027.01,1168.0,2.197,1156.0,297.468,2.69934,5593.0,4.52,1.0
TOI 4028.01,16160.0,2.42,1161.0,301.848,15.2242,5963.0,4.3,1.0
TOI 4029.01,3030.0,3.622,1142.0,282.509,6.61503,5712.4,4.3,1.0
TOI 403.01,11283.619423,3.44312,1372.1206975,837.7033716,13.474905,6153.0,4.34152,1.0
TOI 4030.01,2970.0,2.341,1384.0,609.961,5.46523,5574.0,4.44,1.0
TOI 4031.01,18214.2478783,2.1788712,801.0080118,97.290087,16.4472821,5637.9,4.49,1.0
TOI 4032.01,530.0,1.716,1387.0,614.383,3.05136,6223.0,4.39,0.0
TOI 4034.01,8570.0,2.949,1832.0,1870.78,17.3634,5760.0,3.92,1.0
TOI 4036.01,1340.0,2.139,1342.0,538.633,6.58454,5778.0,3.92,0.0
TOI 4037.01,1740.0,2.701,1205.0,350.147,10.5468,6139.0,3.71,0.0
TOI 4038.01,4590.0,3.022,1223.0,371.547,9.94472,5671.0,4.12,1.0
TOI 4039.01,8780.0,3.062,1154.0,295.429,9.85689,5777.0,4.42,1.0
TOI 404.01,27118.3262165,1.9096724,1033.7453536,269.8828476,12.65489,5473.0,4.60845,1.0
TOI 4040.01,1047.4205923,2.5094893,822.4059608,108.1100329,2.7853042,5446.0,4.57,1.0
TOI 4041.01,5120.0,4.788,1149.0,289.546,10.2354,5914.8,4.17,1.0
TOI 4042.01,9780.0,2.391,1513.0,870.497,13.8867,5983.9,4.2,1.0
TOI 4043.01,6317.0,5.563,1542.0,939.766,13.0806,5926.0,4.01,1.0
TOI 4044.01,12290.0,2.256,807.0,70.6022,8.31799,4460.0,4.56,0.0
TOI 4046.01,850.0,0.748,1660.0,1262.0,5.4111,6209.0,4.13,1.0
TOI 4047.01,2890.0,4.169,2010.0,2710.22,9.44788,8103.0,4.24,1.0
TOI 4048.01,7460.0,2.435,1916.0,2239.66,14.7348,6184.0,4.1,0.0
TOI 4049.01,15097.0640966,2.545496,455.3113573,10.156754,10.2456091,4953.0,4.55,1.0
TOI 4050.01,5540.0,1.365,861.0,91.4646,12.7473,5966.0,4.08,1.0
TOI 4051.01,2710.0,1.194,1391.0,621.715,5.76435,5091.0,4.36,1.0
TOI 4052.01,2460.0,1.084,1740.0,1523.27,4.58442,5406.0,4.53,0.0
TOI 4054.01,12730.2717116,2.5707102,523.4129662,17.7377655,9.705386,4697.0,4.55,1.0
TOI 4055.01,18440.0,3.047,1125.0,266.468,14.2306,5675.0,4.41,1.0
TOI 4056.01,3310.0,3.743,1372.0,588.998,9.11036,6328.9,4.15,1.0
TOI 4057.01,4810.0,1.438,1113.0,255.63,7.15781,5702.0,4.46,1.0
TOI 4059.01,23020.0,1.988,1169.0,310.835,13.0071,4928.0,4.52,1.0
TOI 406.01,2479.3477138,2.1570272,325.2663942,2.6453174,1.9602373,3349.0,4.94138,2.0
TOI 406.02,1060.5715819,0.9654605,409.2506857,6.6294678,1.2731554,3349.0,4.94138,2.0
TOI 4062.01,14810.0,2.112,730.0,47.3055,13.1026,5332.0,4.35,1.0
TOI 4064.01,3177.344653,2.6909833,1465.018804,1088.6638396,9.5364228,5622.4,3.98,1.0
TOI 4065.01,6690.0,3.027,1291.0,462.467,9.85407,5657.0,4.3,1.0
TOI 4066.01,18030.0,3.187,823.0,76.4183,11.5271,4914.0,4.49,1.0
TOI 4067.01,13763.2116365,4.2517064,1244.8918384,567.6066573,13.2496189,5801.0,4.36,0.0
TOI 4068.01,9660.0,1.363,1973.0,2519.45,11.2362,6409.0,4.4,0.0
TOI 4069.01,12600.0,1.649,1038.0,193.03,10.9383,5366.0,4.47,1.0
TOI 4070.01,9210.0,1.096,876.0,98.0783,10.0008,5229.0,4.49,1.0
TOI 4071.01,930.0,2.416,783.0,62.6073,2.26174,4937.5,4.64,1.0
TOI 4074.01,11871.0,3.2,1580.0,1034.94,16.011,7932.0,4.32,1.0
TOI 4076.01,6250.0,2.827,1205.0,350.289,9.71601,5957.0,4.3,1.0
TOI 4077.01,12867.4456847,2.4294368,808.2369842,100.8499947,9.5108395,4887.0,4.53,1.0
TOI 4079.01,19450.0,2.486,1670.0,1292.25,15.6112,6178.0,4.44,1.0
TOI 408.01,700.0,1.488,1581.0,1038.31,2.70732,5600.0,4.43748,0.0
TOI 4080.01,17240.0,2.891,1157.0,297.501,12.9516,5389.0,4.43,1.0
TOI 4081.01,2039.8195589,3.8583323,1361.0709228,811.0432719,11.7073433,5707.0,3.64,1.0
TOI 4082.01,9810.0,3.645,1313.0,493.442,13.2242,5972.0,4.23,1.0
TOI 4083.01,1660.0,3.108,2274.0,4440.11,9.7546,7047.0,3.85,0.0
TOI 4084.01,12980.0,2.888,611.0,23.2536,11.238,5725.0,4.49,1.0
TOI 4085.01,9695.9755103,2.7144158,1208.4765945,504.0504139,10.3779772,5257.0,4.37,1.0
TOI 4086.01,5379.1683802,5.3459619,1309.3579262,694.6315867,12.6894204,5783.0,4.01,1.0
TOI 4087.01,14190.0,2.824,1393.0,625.157,13.9016,6071.0,4.39,2.0
TOI 4088.01,10460.0,2.201,1266.0,427.584,12.71,5686.0,4.28,1.0
TOI 409.01,210.0,1.58,656.0,30.7937,1.09621,4913.8,4.54,0.0
TOI 4090.01,3640.0,2.043,975.0,150.032,5.10272,4740.0,4.49,1.0
TOI 4091.01,760.0,3.24,1702.0,1394.39,3.44576,6171.0,4.35,0.0
TOI 4092.01,7790.0,5.366,1186.0,328.532,12.6471,5667.0,4.14,1.0
TOI 4093.01,1769.0,3.282,773.0,59.5148,3.13882,5388.0,4.61,1.0
TOI 4093.02,1283.7058316,4.2555427,586.5001986,27.963637,2.8587599,5388.0,4.61,1.0
TOI 4094.01,606.3968298,2.6459244,1241.735358,561.8717441,3.4399601,6186.0,4.33,1.0
TOI 4095.01,7500.0,1.41,850.0,86.6756,9.73932,5737.0,4.37,1.0
TOI 4096.01,1490.0,3.23,733.0,47.9649,3.3818,5053.0,4.46,1.0
TOI 4097.01,1910.0,2.005,1240.0,393.387,3.6487,5636.0,4.61,1.0
TOI 4098.01,1160.0,0.856,1248.0,403.61,5.02454,5650.0,4.17,1.0
TOI 4099.01,850.0,2.306,920.0,119.282,2.02986,4836.0,4.6,1.0
TOI 410.01,450.0,1.973,3620.0,28512.6,7.86301,6000.2,4.36,0.0
TOI 4102.01,760.0,1.146,1003.0,168.322,2.33576,5221.0,4.62,0.0
TOI 4103.01,14450.0,3.532,740.0,50.0141,12.7514,5674.0,4.4,1.0
TOI 4104.01,7500.0,3.323,1978.0,2544.85,19.1019,6676.0,3.9,1.0
TOI 4105.01,2080.0,2.783,1064.0,213.024,10.4523,5845.0,3.75,1.0
TOI 4107.01,2450.0,1.901,787.0,64.0026,3.40196,4003.0,4.59,1.0
TOI 4108.01,1640.0,6.023,1073.0,220.777,8.117,5834.0,3.89,1.0
TOI 4109.01,5790.0,2.327,464.0,7.71974,5.10721,4103.0,4.62,1.0
TOI 411.01,370.8091141,3.7949677,941.9166541,186.024825,2.3053058,6101.0,4.38774,2.0
TOI 411.02,143.394396,3.5274466,1255.7050544,587.586178,1.5473747,6101.0,4.38774,2.0
TOI 4110.01,340.0,1.057,2031.0,2825.39,2.98877,6377.0,4.17,0.0
TOI 4111.01,4960.0,4.387,845.0,84.8171,9.64521,5596.0,4.15,1.0
TOI 4113.01,837.0,3.374,523.0,12.4497,2.17495,5174.0,4.58,1.0
TOI 4114.01,2380.362129,2.7824259,683.6599416,51.6275524,4.0981388,4080.0,4.56,1.0
TOI 4115.01,9990.0,1.184,883.0,100.984,10.0005,4602.0,4.48,1.0
TOI 4117.01,5820.9357478,5.5344286,715.7737734,62.0331918,10.3058363,5775.0,4.2,1.0
TOI 4118.01,11630.0,2.356,1376.0,595.9,13.5962,5855.0,4.3,1.0
TOI 4119.01,4990.0,1.175,653.0,30.1871,9.15316,4950.0,4.21,1.0
TOI 412.01,620.0,2.097,5211.0,122457.0,9.33715,8666.0,3.80083,0.0
TOI 4120.01,4730.0,5.325,1519.0,883.882,14.0672,5828.0,3.96,1.0
TOI 4121.01,14440.0,2.646,1803.0,1757.24,18.4047,7167.0,4.3,1.0
TOI 4123.01,3211.467356,1.5084757,1121.9560583,374.4763489,7.5851475,5375.0,4.55,1.0
TOI 4125.01,11242.4339671,3.4748078,1365.3855665,821.3764221,18.3601489,5873.0,4.08,1.0
TOI 4126.01,1470.0,2.417,909.0,113.659,2.3171,4016.0,4.72,0.0
TOI 4127.01,9060.0,4.069,272.0,0.909373,12.5447,6433.0,4.36,2.0
TOI 4128.01,2640.0,2.088,1381.0,604.981,4.77367,5275.0,4.46,1.0
TOI 4129.01,5320.0,1.459,718.0,44.1281,5.6778,4279.0,4.51,1.0
TOI 413.01,12253.6582523,3.7669692,1624.5252338,1645.9886958,17.2805567,6600.0,4.20892,1.0
TOI 4130.01,1240.0,3.696,982.0,154.408,3.86288,4812.0,4.26,0.0
TOI 4131.01,13090.0,2.289,1274.0,438.011,11.123,5263.0,4.45,1.0
TOI 4132.01,4428.9591948,4.4338184,1050.4074921,287.7082031,11.5240963,5801.0,4.01,1.0
TOI 4134.01,540.0,1.247,1881.0,2079.14,2.17077,5987.0,4.58,0.0
TOI 4135.01,560.0,2.36,1583.0,1043.42,4.90303,6150.0,3.9,0.0
TOI 4136.01,1580.0,3.503,1586.0,1050.55,5.96705,6357.0,4.19,1.0
TOI 4137.01,8310.0,3.223,1418.0,672.585,13.6371,6244.0,4.19,2.0
TOI 4138.01,7749.7203265,4.7853014,1662.3109767,1804.5548719,17.5565568,5988.0,3.93,2.0
TOI 4139.01,3480.0,2.149,1068.0,216.021,7.04607,5999.0,4.36,0.0
TOI 414.01,2950.0,1.757,2088.0,3161.32,24.8366,5773.74,3.51,0.0
TOI 4140.01,13830.0,2.823,1097.0,240.568,11.2617,5501.0,4.48,1.0
TOI 4141.01,9700.0,2.752,1368.0,582.883,14.4799,6338.0,4.21,1.0
TOI 4142.01,4230.0,3.917,1567.0,1001.69,12.1105,5875.0,3.92,1.0
TOI 4143.01,1670.0,4.24,1056.0,206.691,13.8742,6126.0,3.46,0.0
TOI 4144.01,14890.0,5.729,783.0,62.5724,11.3763,5442.0,4.49,1.0
TOI 4145.01,19740.0,1.712,856.0,89.3911,12.1827,5421.0,4.54,2.0
TOI 4147.01,10590.0,3.17,1674.0,1303.71,13.6144,5865.0,4.23,1.0
TOI 4148.01,2260.0,2.967,1145.0,286.262,3.74263,4939.0,4.55,0.0
TOI 4149.01,16460.0,2.107,990.0,159.842,11.9432,5037.0,4.44,1.0
TOI 415.01,5684.0944144,3.5377447,1665.5243818,1818.5488883,13.6137403,6450.0,4.03776,1.0
TOI 4150.01,6228.3071316,4.6542394,1019.0147305,254.8254794,13.1815999,5737.0,4.12,1.0
TOI 4151.01,2960.0,3.863,986.0,157.492,12.0929,6906.0,3.94,1.0
TOI 4153.01,9412.560054,4.5173138,1504.8598368,1212.0072219,16.6632337,6411.0,4.1,2.0
TOI 4154.01,4210.0,5.044,1321.0,506.001,12.8665,6320.0,3.94,1.0
TOI 4155.01,940.0,2.487,1371.0,586.762,3.02356,6142.0,4.55,2.0
TOI 4156.01,500.0,2.937,1289.0,459.495,2.32515,5986.0,4.45,1.0
TOI 4156.02,750.9057494,3.1703392,809.3225377,101.3928989,3.0954065,5986.0,4.45,1.0
TOI 4157.01,2330.0,3.179,1986.0,2582.58,7.64474,6655.0,4.5,0.0
TOI 416.01,8970.0,4.8,1459.0,753.673,18.1417,6084.8,4.01,0.0
TOI 4160.01,12220.1525687,3.2966866,1122.4415956,375.1250027,11.7585481,5754.0,4.41,1.0
TOI 4161.01,3857.0364187,6.4465003,1936.2869886,3322.0021575,13.7822358,7409.0,4.0,1.0
TOI 4162.01,8580.0,5.275,1625.0,1159.28,19.4866,6013.0,3.86,1.0
TOI 4163.01,3600.0,5.73,745.0,51.2879,7.76454,5644.0,4.22,1.0
TOI 4165.01,7517.3472752,1.9916579,902.2960634,156.6452579,11.978218,5463.0,4.42,1.0
TOI 4166.01,930.0,2.622,1032.0,188.943,2.94616,5604.0,4.47,1.0
TOI 4167.01,8150.0,3.171,584.0,19.3352,8.42756,5095.0,4.52,0.0
TOI 4168.01,6575.439488,2.9371293,649.2327084,41.9877466,14.7329776,6016.0,4.36,1.0
TOI 4169.01,2900.0,5.23,1787.0,1695.28,11.5347,5661.0,3.77,1.0
TOI 417.01,580.083,2.675,1191.0,334.683,3.35879,5834.2,4.24,0.0
TOI 4170.01,8750.0,3.151,1750.0,1559.45,15.1395,5929.0,4.09,1.0
TOI 4171.01,1390.0,3.327,1267.0,428.765,3.17171,5133.0,4.56,1.0
TOI 4172.01,900.0,3.187,1129.0,270.353,2.33252,4996.0,4.56,1.0
TOI 4173.01,20740.0,3.809,968.0,146.225,14.0507,5921.0,4.5,1.0
TOI 4174.01,950.0,1.066,1386.0,614.242,6.93656,6464.0,3.94,1.0
TOI 4178.01,4250.0,1.011,876.0,97.961,9.78883,5702.0,4.14,0.0
TOI 418.01,19058.0137423,1.5254332,1200.7764901,491.325955,13.4367443,5260.0,4.51363,1.0
TOI 4181.01,24379.9383482,2.3197658,5578.8918184,228935.2995208,2.9919707,31000.0,5.59998,0.0
TOI 4182.01,343.0,3.519,588.0,19.8693,2.77036,5399.6,3.9,1.0
TOI 4183.01,661.9685157,1.6063345,943.8952366,187.5928059,3.2687802,6407.0,4.35687,1.0
TOI 4184.01,10774.951206,1.3243804,382.3996541,5.0534848,2.5554145,3147.0,5.04654,2.0
TOI 4185.01,1098.6666331,3.4223633,560.6053342,23.3426364,3.3270234,4395.6,4.49,1.0
TOI 4186.01,692.0,3.297,755.0,54.0301,2.17135,5639.0,4.55041,1.0
TOI 4187.01,425.1596999,10.7723374,891.0210182,148.9610746,5.2996592,6047.0,3.7899,1.0
TOI 4188.01,37333.9631684,2.4414916,464.4628168,10.9982809,11.8759119,3919.0,4.63413,0.0
TOI 4189.01,757.7887314,5.7665722,468.4562934,11.3814426,2.4680695,5744.0,4.56261,1.0
TOI 419.01,636.6337963,1.0592218,1316.835102,710.634979,1.442393,4119.1,4.73,0.0
TOI 4190.01,659.0717891,3.6444849,593.9834944,29.4183635,2.1494954,5067.0,4.54195,1.0
TOI 4191.01,415.3404179,5.6483285,210.8499272,0.4671053,2.2756143,5816.0,4.37494,1.0
TOI 4192.01,3470.0,1.847,1537.0,927.501,17.0408,6064.1,4.18,1.0
TOI 4193.01,8260.0,5.472,1299.0,473.037,11.511,5652.8,4.38,1.0
TOI 4196.01,18690.0,2.985,1378.0,600.297,17.3686,5828.0,4.28,1.0
TOI 4197.01,27430.0,1.845,816.0,73.9553,12.6062,4665.0,4.6,1.0
TOI 4198.01,12470.0,3.117,1149.0,290.335,12.2509,5648.0,4.36,1.0
TOI 4199.01,7930.0,4.511,1659.0,1257.77,16.7023,6534.0,4.03,1.0
TOI 420.01,780.0,3.451,3198.0,17366.7,4.87824,5747.3,4.57,0.0
TOI 4201.01,36850.0,2.18,702.0,40.4443,12.0428,3790.0,4.64,2.0
TOI 4204.01,3160.0,3.269,1663.0,1272.37,7.85756,7068.0,4.35,1.0
TOI 4205.01,10720.0,4.314,1332.0,523.023,11.5383,5076.0,4.4,1.0
TOI 4206.01,7730.0,3.246,1685.0,1340.72,13.975,5796.8,4.07,1.0
TOI 4207.01,7290.0,2.082,2561.0,7148.75,19.5184,7248.0,3.95,0.0
TOI 4209.01,6330.0,1.227,1863.0,2000.07,12.7525,6142.0,4.17,1.0
TOI 421.01,2929.6501469,2.6182382,625.1939631,36.1060604,4.7909617,5718.0,4.35658,2.0
TOI 421.02,437.4376044,1.8810737,910.7399798,162.5917886,1.9257346,5718.0,4.35658,2.0
TOI 4213.01,4970.0,1.476,1896.0,2148.73,9.09391,6259.0,4.34,0.0
TOI 4214.01,4650.0,2.999,1352.0,555.531,11.154,5936.5,4.28,1.0
TOI 4215.01,3860.0,1.394,2029.0,2816.92,11.0223,6915.0,4.19,1.0
TOI 4217.01,8164.5762553,2.7329029,1953.7620867,3443.5604618,10.6747149,6325.0,4.41,0.0
TOI 4218.01,12010.0,3.503,1979.0,2547.74,17.6062,6976.0,4.22,1.0
TOI 4219.01,2670.0,1.403,1107.0,249.626,3.90118,3901.0,4.47,0.0
TOI 4222.01,3340.0,1.509,2120.0,3359.53,12.5164,6158.0,3.87,0.0
TOI 4223.01,13930.0,3.568,1022.0,181.435,13.0064,5944.0,4.43,1.0
TOI 4224.01,4320.0,2.471,2501.0,6500.64,10.7619,6289.0,4.11,1.0
TOI 4227.01,6880.0,2.454,1435.0,705.607,13.7893,6610.0,4.16,1.0
TOI 4228.01,14130.5442597,6.6297461,1278.3924624,631.2157212,19.1085522,5932.0,4.07,1.0
TOI 4229.01,6220.0,1.897,2985.0,13181.3,16.0326,9024.0,4.19,0.0
TOI 423.01,17482.2328085,3.1425792,1338.2946709,758.1026175,14.8619546,6072.0,4.41,1.0
TOI 4231.01,6550.0,2.279,1885.0,2098.67,13.4619,8945.0,4.35,1.0
TOI 4232.01,7640.0,1.645,1670.0,1294.24,8.32531,5699.0,4.55,0.0
TOI 4233.01,7330.0,2.643,1898.0,2155.48,16.6319,6079.0,3.92,0.0
TOI 4234.01,5020.0,2.28,2617.0,7791.46,8.54322,6481.0,4.38,1.0
TOI 4235.01,5610.0,0.929,1151.0,291.778,9.54495,6044.0,4.29,0.0
TOI 4236.01,3337.1746961,1.1432107,3185.0,17100.1,22.9091656,6115.0,3.72,1.0
TOI 4238.01,23100.0,1.634,1599.0,1086.11,13.8628,4973.0,4.49,1.0
TOI 4239.01,7201.8344297,4.7153653,1902.8357335,3098.3194662,16.8822046,6614.0,4.05,1.0
TOI 424.01,720.0,2.106,1378.0,600.02,2.02143,5059.0,4.61,0.0
TOI 4240.01,7090.0,2.239,831.0,79.2946,15.7944,6531.0,4.05,1.0
TOI 4242.01,7764.9825702,3.125607,1613.4739633,1601.6545359,14.2454281,5967.0,4.07,1.0
TOI 4243.01,412.1764427,2.4298631,3762.1392317,47343.510594,8.7147619,6127.0,3.25,1.0
TOI 4245.01,4102.6968156,1.8963737,1075.6629276,316.3922274,5.7168495,5093.0,4.52,1.0
TOI 4246.01,11434.9523427,5.137673,848.1501366,122.295914,12.0983571,6126.0,4.41,1.0
TOI 4247.01,41586.4865614,3.4390219,1175.6079755,451.4099178,23.0280318,5883.0,4.39,1.0
TOI 4248.01,4310.0,5.856,1790.0,1708.0,13.8382,5936.0,4.18,1.0
TOI 425.01,6281.32,3.728,1931.0,2312.7,14.1007,6896.7,4.17,0.0
TOI 4250.01,6230.0,4.47,1897.0,2154.02,13.9642,7156.0,4.15,1.0
TOI 4251.01,4720.0,1.473,3262.0,18809.1,13.0531,9421.0,4.31,0.0
TOI 4252.01,10431.5892384,1.9206019,1694.2534985,1947.3076326,13.8957666,7302.0,4.49,1.0
TOI 4254.01,4058.2232173,2.7834681,2696.8402433,12500.9173208,14.1198099,6416.0,3.9,1.0
TOI 4255.01,3170.0,1.962,1956.0,2430.56,12.9673,8330.0,4.04,0.0
TOI 4256.01,2460.0,2.336,2496.0,6446.8,15.7533,6519.0,3.54,0.0
TOI 4257.01,3110.0,2.251,1270.0,432.038,6.22936,7192.0,4.56,0.0
TOI 4258.01,6070.0,2.499,1301.0,475.693,16.5768,6353.0,3.88,0.0
TOI 426.01,469.4537481,2.0155519,1632.1617353,1677.1571947,2.1611735,5731.0,4.46,1.0
TOI 4262.01,7349.0892262,4.4957853,1233.5559917,547.2130805,11.3637133,6613.0,4.36,1.0
TOI 4263.01,3841.4834968,1.452144,2352.0540215,7232.8618655,9.0185699,6071.0,4.2,0.0
TOI 4265.01,2360.0,1.836,1085.0,230.421,8.61993,5895.0,4.1,0.0
TOI 4270.01,4770.0,2.405,1239.0,391.83,11.6401,5886.0,4.07,2.0
TOI 4272.01,9410.0,2.645,1544.0,945.722,13.7961,6307.0,4.25,1.0
TOI 4273.01,11160.0,3.447,1793.0,1718.88,23.898,6728.0,3.9,1.0
TOI 4274.01,14630.0,1.266,4056.0,44946.6,20.4459,8878.0,4.33,1.0
TOI 4277.01,13200.0,3.306,1475.0,786.258,14.6729,5976.0,4.27,1.0
TOI 4278.01,4360.0,1.624,1355.0,559.892,9.23623,5483.0,4.14,1.0
TOI 4279.01,2503.6856881,3.3618036,2395.3326749,7780.0852689,14.488932,5914.8,3.59,0.0
TOI 4280.01,13820.0,3.21,1407.0,650.74,13.7987,5972.0,4.35,1.0
TOI 4282.01,24500.0,2.695,730.0,47.2072,16.3981,5780.0,4.51,1.0
TOI 4283.01,13660.0,2.207,1585.0,1049.56,17.061,6838.0,4.32,1.0
TOI 4284.01,6338.2982031,4.9601804,1655.3754994,1774.627038,14.5866828,5759.0,4.3,1.0
TOI 4286.01,1430.0,2.172,1925.0,2280.33,3.2806,4938.0,4.49,1.0
TOI 4287.01,5740.0,2.413,1214.0,360.852,14.6498,6387.0,4.0,1.0
TOI 4288.01,8270.0,1.242,603.0,21.9969,8.06637,5036.0,4.54,1.0
TOI 4289.01,6820.0,4.43,1817.0,1810.83,18.7018,6025.0,3.81,1.0
TOI 429.01,7525.67,9.528,958.0,229.346,9.33426,5216.0,4.43,1.0
TOI 4290.01,1050.0,1.048,1430.0,695.522,2.93951,5313.0,4.59,1.0
TOI 4291.01,6400.0,5.254,1087.0,232.183,10.0438,6029.0,4.27,1.0
TOI 4292.01,7570.0,2.622,1798.0,1736.59,9.82252,5878.0,4.36,0.0
TOI 4293.01,17740.0,2.273,1632.0,1180.41,14.9916,5705.0,4.39,1.0
TOI 4295.01,6880.0,4.46,836.0,81.354,10.0728,5217.0,4.28,1.0
TOI 4296.01,1037.3799062,1.8801996,567.2769582,24.4738096,3.1454612,4985.0,4.45,1.0
TOI 4297.01,1074.4297512,3.5945709,581.4569608,27.0141494,2.9241556,5030.0,4.53132,1.0
TOI 4298.01,480.796335,7.7126298,231.3609161,0.6771439,2.7207078,5857.0,4.26578,1.0
TOI 4299.01,600.0,5.754,1680.0,1325.35,3.55715,6758.0,4.28,1.0
TOI 4300.01,660.0,1.963,3231.0,18112.6,9.05313,7311.1,4.16,0.0
TOI 4301.01,787.0,2.138,868.0,94.6613,2.62701,5686.0,4.46,1.0
TOI 4302.01,785.4007844,4.5738199,492.9832275,13.958848,2.5255313,5653.0,4.55306,1.0
TOI 4303.01,542.6102038,2.0181798,1319.7436969,716.9343478,4.3063675,6908.0,4.12055,1.0
TOI 4304.01,380.0,4.931,912.0,115.206,2.44317,6352.33,4.30502,1.0
TOI 4304.03,292.8649645,2.3326321,696.5022874,55.617465,2.2998049,6352.33,4.30502,1.0
TOI 4305.01,396.3670005,2.5483505,555.1292025,22.4438469,5.5931205,6200.0,3.63371,1.0
TOI 4305.02,310.5114444,3.6392863,437.3016226,8.6426188,5.1223706,6200.0,3.63371,1.0
TOI 4306.01,7427.7249664,0.8257288,362.1910146,4.0669768,1.3513606,2887.0,5.15917,2.0
TOI 4307.01,108.5170828,4.428309,614.7243418,33.7475807,1.3159881,6079.16,4.438,1.0
TOI 4307.02,24.5834929,3.1445137,1177.3025181,454.0182322,0.5531037,6079.16,4.438,1.0
TOI 4308.01,1074.0,2.616,759.0,55.3616,2.45142,5015.0,4.47652,2.0
TOI 4309.01,661.1667085,2.1563739,405.3306898,6.3790933,2.5058764,5220.0,4.54936,1.0
TOI 431.01,2078.1425981,3.3195777,588.5612549,28.3587888,3.2809492,4891.0,4.62,2.0
TOI 431.02,291.0399722,1.0123328,1730.7192689,2120.4474663,1.4741529,4891.0,4.62,2.0
TOI 4310.01,1376.1395053,5.7183604,132.3381364,0.0724872,2.6735992,4159.0,4.53501,1.0
TOI 4311.01,852.6165721,3.8675641,621.4981538,35.2598429,2.7293235,5159.0,4.519,1.0
TOI 4311.02,278.9096992,1.3567356,1540.1309997,1329.6938235,1.4156529,5159.0,4.519,1.0
TOI 4313.01,225.7612905,6.5295445,1370.0984633,832.7758427,3.6003512,5781.0,3.82788,1.0
TOI 4315.01,617.1152562,3.436315,825.5991243,109.7988765,2.2912229,5809.0,4.56733,1.0
TOI 4316.01,17182.0,3.651,592.0,20.4393,10.4386,5742.0,4.58473,1.0
TOI 4317.01,1862.6949843,4.1416672,191.8448019,0.3201261,3.8800495,4354.29,4.39555,1.0
TOI 4318.01,313.8458861,1.4445,1578.3530385,1466.6875463,1.7532446,5683.0,4.58721,1.0
TOI 4319.01,6743.4455261,7.7272055,379.3574727,4.8945816,6.5519689,4438.0,4.438,1.0
TOI 432.01,18890.4,2.713,1812.0,1793.26,18.1799,6846.0,4.23,0.0
TOI 4320.01,465.0,4.271,627.0,25.7431,1.93226,5871.0,4.43296,2.0
TOI 4321.01,177.9248977,5.7408858,1162.1198678,431.0470784,3.3520677,6163.97,3.72396,1.0
TOI 4322.01,348.2384065,5.209244,850.6234364,123.7286797,2.4168515,5914.2,4.30929,1.0
TOI 4324.01,770.1195597,1.1882969,438.8091174,8.76241,1.1306823,3479.0,4.8309,1.0
TOI 4325.01,2709.5349576,0.9198679,712.1282782,60.7790529,2.3990078,3896.0,4.70541,1.0
TOI 4326.01,587.1608288,4.1474226,408.0376856,6.5512188,2.7599003,6034.49,4.42122,1.0
TOI 4327.01,680.0,0.665,1428.0,691.538,3.44971,3672.0,4.68064,1.0
TOI 4328.01,601.9566843,2.9297301,189.7945133,0.3066589,1.860295,4709.0,4.57486,1.0
TOI 4329.01,5724.017673,5.5560255,2027.1156538,3990.5716341,20.8842189,5520.0,3.55,2.0
TOI 433.01,3680.0,1.701,3798.0,34547.8,49.6799,8242.0,3.61,0.0
TOI 4331.01,860.0,2.154,1351.0,554.218,6.62177,5992.0,3.77,1.0
TOI 4332.01,842.0,3.303,1396.0,631.423,4.39864,6793.0,4.15,0.0
TOI 4333.01,1427.9681446,1.7633959,1260.8869541,597.3455143,9.954598,6606.0,4.09,1.0
TOI 4334.01,1040.0,1.673,806.0,70.2704,7.65998,6657.0,3.93,1.0
TOI 4335.01,2110.0,4.588,3520.0,25501.0,14.2378,8933.0,4.45175,0.0
TOI 4336.01,3884.6785375,1.9933922,290.9398052,1.6932987,2.0492403,3365.0,4.89744,2.0
TOI 4337.01,1890.6463423,4.8634851,805.0445873,99.2660496,2.8057654,3953.0,4.6489,0.0
TOI 4339.01,66025.099426,1.3435517,746.8996014,73.5478383,10.3493319,3455.0,4.82691,0.0
TOI 434.01,24964.547823,3.0184015,949.6785627,192.2328216,13.8994523,5175.0,4.46488,1.0
TOI 4340.01,580.0,2.978,1771.0,1634.14,3.45609,6406.0,4.23,1.0
TOI 4342.01,1407.1118648,2.2263888,585.0169701,27.6818339,2.2721409,3883.0,4.65275,2.0
TOI 4342.02,1501.1726341,2.6672245,469.8807571,11.5205083,2.4642245,3883.0,4.65275,2.0
TOI 4343.01,415.9874628,2.9492981,791.2917217,92.6547078,1.8822681,6112.0,4.5884,1.0
TOI 4344.01,244.9088772,14.7095051,290.8264482,1.6906613,3.2537107,5854.0,3.83792,1.0
TOI 4345.01,15119.3900089,4.0905287,2005.9611934,3826.582755,2.3547529,31000.0,5.59962,1.0
TOI 4346.01,599.6319099,9.5278364,679.4921442,50.3800695,1.5722799,3917.0,4.61771,0.0
TOI 4347.01,617.495317,6.8669784,831.4184898,112.9275005,4.0299536,7607.0,4.31008,1.0
TOI 4348.01,220.3440139,9.0912461,304.6652609,2.036164,2.8742544,6128.0,3.96225,1.0
TOI 4349.01,1750.9801691,4.9894211,109.0750517,0.033452,2.343896,3851.0,4.71539,1.0
TOI 435.01,4205.1961016,2.3906731,753.6642219,76.2487269,5.2933196,3978.0,4.438,1.0
TOI 4350.01,154.830677,3.3372737,1168.2220295,440.1721572,1.4450569,5937.0,4.35104,1.0
TOI 4351.01,575.5886941,4.4706494,588.5264649,28.3520842,2.4401617,5303.0,4.4996,1.0
TOI 4352.01,362.6899452,4.78248,695.1290314,55.1801287,1.692303,5461.0,4.57288,1.0
TOI 4353.01,973.6269156,2.9233151,206.6824792,0.4312565,1.3653089,3614.0,4.80335,1.0
TOI 4354.01,775.4826057,1.8847446,806.8992976,100.1839963,2.7943472,5737.0,4.47544,1.0
TOI 4355.01,186.2920833,12.2281537,290.577919,1.6848896,3.0678483,5423.0,3.73635,1.0
TOI 4356.01,564.4270183,4.0952456,306.4736219,2.0849393,4.054669,6855.0,4.20414,1.0
TOI 4357.01,129.4041201,4.6006154,1578.8585471,1468.5674284,1.3180464,5789.58,4.35115,0.0
TOI 4358.01,658.8471408,5.5654641,347.8145617,3.4586932,2.3777411,5830.0,4.57203,1.0
TOI 4359.01,350.0,2.495,1749.0,1556.22,2.46916,6529.0,4.33,0.0
TOI 4360.01,1979.2841401,1.2179384,481.4467281,12.6973754,1.6050039,3246.0,4.91671,1.0
TOI 4361.01,503.5494079,5.2389454,225.5133746,0.6112378,2.776093,5944.0,4.30249,1.0
TOI 4362.01,239.8900935,4.9550247,1271.9314814,618.5515054,2.6024598,6688.0,4.19679,1.0
TOI 4363.01,664.8120556,1.5585526,884.7099373,144.785351,1.8325534,4002.0,4.5511,1.0
TOI 4364.01,1766.8589296,1.6875037,487.360439,13.3328224,2.093707,3500.0,4.76752,1.0
TOI 4365.01,1232.0,2.165,1483.0,803.224,5.0917,6311.0,4.23,1.0
TOI 4366.01,495.0,1.661,1123.0,264.845,4.35478,5355.0,3.82,1.0
TOI 4367.01,807.0,2.771,2671.0,8453.85,4.90076,5603.0,4.49875,1.0
TOI 4368.01,3558.2211894,2.8339358,3265.5835844,26875.974397,34.0312942,8353.8,4.1,0.0
TOI 4369.01,263.0,4.628,1090.0,234.695,3.5804,6730.0,3.8,1.0
TOI 437.01,13852.3979585,1.503168,1067.0824537,306.4170427,11.9292388,4860.0,4.438,1.0
TOI 4370.01,170.0,4.338,2074.0,3075.23,2.3454,6161.0,3.95,1.0
TOI 4371.01,1050.0,2.084,2239.0,4172.86,4.5487,5801.2,4.22,1.0
TOI 4373.01,1160.0,1.911,1165.0,306.797,5.90656,7217.6,4.11,1.0
TOI 4374.01,770.0,2.8,1186.0,328.707,7.74981,9635.0,3.92,1.0
TOI 4375.01,340.0,2.059,1582.0,1041.97,6.64236,10390.0,3.79,0.0
TOI 4376.01,320.0,2.58,2347.0,5042.03,4.49321,7029.0,3.86,1.0
TOI 4378.01,2898.6037459,1.4807714,1922.9650992,3231.5182291,9.4235411,5930.0,4.36195,1.0
TOI 4379.01,6160.5328004,5.1881112,1869.3790626,2886.0941768,16.5212632,6368.0,3.91383,2.0
TOI 438.01,957.5741671,2.200213,831.7839537,113.1261881,2.8132678,5210.8,4.58,1.0
TOI 4381.01,39324.5082012,2.2238426,1375.7109888,846.5055834,16.7115651,5377.0,4.5569,1.0
TOI 4382.01,643.3958437,3.6496675,1044.7493296,281.558995,3.7848,6255.0,4.19885,1.0
TOI 4383.01,2054.3050277,1.5964685,2109.0001921,4675.4937303,16.8899988,5715.4,3.92,0.0
TOI 4384.01,1649.0,5.454,1326.0,513.65,6.37558,7596.0,4.27063,1.0
TOI 4385.01,2470.4394385,7.3550279,1602.074328,1556.8674784,14.1810894,6840.0,3.72526,1.0
TOI 4386.01,821.0,1.211,1657.0,1252.91,5.85423,8127.0,4.24828,1.0
TOI 4387.01,4495.4158742,6.1241184,2106.5845241,4654.1090944,16.7501675,7042.0,3.85746,1.0
TOI 4388.01,3061.515714,2.7863202,1041.2520477,277.8078259,5.7449202,5225.05,4.35079,1.0
TOI 439.01,9747.6035597,3.9555399,1455.975026,1062.0298035,14.5222913,6244.5,4.21,1.0
TOI 4392.01,570.0,2.005,1600.0,1088.68,6.3435,7030.0,3.86,1.0
TOI 4393.01,880.0,1.671,1344.0,541.948,6.4197,5958.0,3.87,1.0
TOI 4394.01,1474.3347879,2.3336552,4861.4979242,132008.3553386,26.399811,9747.0,3.54,0.0
TOI 4395.01,869.0,3.304,2089.0,3166.13,7.61924,9505.0,3.83,1.0
TOI 4396.01,1362.0,3.068,1272.0,435.566,5.48138,5822.0,4.14,0.0
TOI 4397.01,840.0,4.135,3750.0,32848.2,4.25649,11526.0,4.56,0.0
TOI 4399.01,728.4849109,2.4343481,981.4576128,219.2841258,3.004038,5985.4,4.4,2.0
TOI 440.01,341.533,1.588,1796.6880123,2462.7009749,2.07554,5759.2,4.45,0.0
TOI 4400.01,11469.7564374,3.6816469,1190.1619021,474.1821245,19.7963184,5478.8,4.4,1.0
TOI 4401.01,331.3974583,1.1871566,2118.717907,4762.264913,1.7032799,5366.0,4.49884,1.0
TOI 4402.01,198.9402668,3.1680872,1262.4182224,600.2525597,1.6399568,5811.0,4.33357,1.0
TOI 4403.01,289.9548667,4.3381703,1456.0031408,1062.111837,3.0395927,5515.2,3.91,1.0
TOI 4404.01,4527.8284055,2.0275642,673.1703229,48.5311797,17.70843,5869.0,4.07271,1.0
TOI 4405.01,1221.9430373,2.2680522,671.8651016,48.1558813,2.8781652,4361.0,4.59663,1.0
TOI 4405.02,377.4316425,1.5258481,1180.0342431,458.2468016,1.3599954,4361.0,4.59663,1.0
TOI 4406.01,5439.2108279,3.9858103,703.8608065,58.0053608,12.1275255,5906.5,4.16721,2.0
TOI 4407.01,768.4493836,2.1906434,921.6187961,170.5007507,3.3078706,5559.0,4.41401,1.0
TOI 4408.01,1994.0593535,1.2287948,937.7646859,182.7664593,3.5135858,4389.0,4.64365,1.0
TOI 441.01,2490.41,1.901,1865.0,2011.82,7.91346,6805.0,4.26,0.0
TOI 4410.01,766.5356589,4.5258048,577.1880843,26.2295252,2.5512622,5489.0,4.44576,1.0
TOI 4411.01,309.0,4.454,912.0,114.929,2.67656,6266.98,4.19069,1.0
TOI 4412.01,1283.0,3.397,2299.0,4644.28,6.38274,6849.0,3.99,0.0
TOI 4413.01,170.0,2.619,1065.0,214.229,1.08366,5364.0,4.5,1.0
TOI 4416.01,5610.0,5.232,1158.0,299.515,15.2895,6238.0,3.94,1.0
TOI 4417.01,1250.0,2.05,804.0,69.4717,2.88855,4846.0,4.57,1.0
TOI 4418.01,813.0,1.972,711.0,42.4746,2.26441,5343.0,4.58,1.0
TOI 4418.02,1430.0,3.831,531.0,13.2098,2.81726,5343.0,4.58,1.0
TOI 4419.01,590.0,3.528,696.0,39.0235,2.42196,5785.0,4.45,1.0
TOI 442.01,5512.4033193,1.5605128,635.4908204,38.5441194,4.9523134,3779.0,4.64,2.0
TOI 4420.01,6309.6615331,2.7740362,1543.7606642,1342.2730931,16.7543131,6203.0,3.98,1.0
TOI 4421.01,406.0,9.415,1078.0,224.371,3.16777,5788.7,4.22,0.0
TOI 4422.01,8881.0,4.324,2317.0,4791.11,15.7889,7995.0,4.2,1.0
TOI 4423.01,952.0,2.679,2998.0,13423.0,3.16086,5678.0,4.33,0.0
TOI 4424.01,880.0,3.082,527.0,12.8216,2.00179,4926.2,4.67,1.0
TOI 4425.01,5278.1957566,4.5898431,1346.375787,776.5799485,11.0171044,6468.0,4.22,1.0
TOI 4426.01,23549.9259888,2.9136919,1061.5900983,300.1569738,14.5499431,5381.0,4.45342,1.0
TOI 4427.01,20287.618268,2.7008637,964.8475089,204.8121523,13.3976162,5328.0,4.50337,1.0
TOI 4428.01,10888.0377261,2.3121742,1721.8944712,2077.5291591,14.8951809,5651.75,4.13988,1.0
TOI 4429.01,15044.6453237,3.0397698,1163.188716,432.6350726,12.8140087,5402.0,4.37462,1.0
TOI 443.01,9189.7342523,3.7033867,1455.8120076,1061.5542425,13.382013,6030.0,4.22,1.0
TOI 4430.01,7470.0,6.385,1345.0,543.643,12.2701,5490.0,4.09312,1.0
TOI 4431.01,7009.1394983,5.2333985,1576.376555,1459.3547301,18.1759557,5974.0,3.84282,1.0
TOI 4432.01,27645.4859583,1.5149962,961.0799713,201.6318379,25.3471107,4034.0,4.21431,1.0
TOI 4434.01,18209.9206621,2.7683352,1288.4205473,651.2557496,13.9748499,5616.02,4.4174,1.0
TOI 4435.01,23882.7029386,2.5111799,946.6123519,189.762184,12.1210086,5003.05,4.56877,1.0
TOI 4436.01,10499.9757194,3.5349264,2236.2766989,5910.4855015,20.9577864,6250.0,3.91912,1.0
TOI 4437.01,17850.0,3.788,1198.0,342.766,16.0223,6182.0,4.3753,1.0
TOI 4438.01,4045.7241785,2.0033138,392.8439471,5.6286114,2.4048644,3353.0,4.84911,2.0
TOI 4439.01,18782.5364499,2.8993928,1137.3474484,395.4518688,13.059562,5529.0,4.47066,1.0
TOI 444.01,1266.94519,4.4297958,561.3646044,23.4693523,3.2970197,5229.0,4.55429,2.0
TOI 4441.01,8101.7247421,4.8649118,1831.5756099,2659.6250101,18.8478934,7305.0,4.05424,1.0
TOI 4442.01,8960.0,3.388,1494.0,827.311,16.7752,6557.0,4.08473,1.0
TOI 4443.01,195.4102498,2.518276,1499.3048942,1194.2103654,1.7193265,5834.0,4.44433,2.0
TOI 4443.02,372.3295802,2.2763645,845.6661185,120.8695,2.2122841,5834.0,4.44433,1.0
TOI 4444.01,8947.1015296,3.0113696,1223.0165958,528.7500273,12.4231453,6064.0,4.27292,1.0
TOI 4445.01,7240.8152367,2.7695297,1097.038628,342.3014046,8.8893197,5501.0,4.39363,1.0
TOI 4446.01,44130.1605859,1.7323271,756.7539667,77.5068035,12.9928631,3792.0,4.63873,1.0
TOI 4447.01,17837.7774982,2.4127131,749.515043,74.5834411,9.3574411,4230.0,4.55383,1.0
TOI 4449.01,9811.0,1.329,1186.0,328.515,13.4019,5856.0,4.25,1.0
TOI 445.01,1900.0,1.094,2971.0,12939.9,12.9538,6307.9,3.97,1.0
TOI 4450.01,1200.0,3.491,865.0,93.3426,4.01292,5844.0,4.34318,1.0
TOI 4451.01,1034.8661285,4.3401879,947.2477653,190.2722086,3.6624912,6138.0,4.43818,1.0
TOI 4452.01,13219.6475165,2.7231879,1228.3213942,537.9836369,13.9171881,5480.0,4.31394,1.0
TOI 4453.01,28040.9068572,3.025166,1333.854734,748.0922226,17.8036847,6126.0,4.46702,0.0
TOI 4454.01,17027.4064902,2.405278,1332.2108185,744.4110758,16.2108254,5983.0,4.3973,1.0
TOI 4455.01,4941.8700913,1.1043459,1991.4697226,3717.1991885,10.7011777,6136.25,4.15767,1.0
TOI 4456.01,11349.4838661,3.3153828,1187.1118303,469.3399619,15.3204961,5550.93,4.18442,1.0
TOI 4457.01,12691.8036893,1.8986264,1136.2956303,393.9910424,10.5529773,5549.0,4.50842,1.0
TOI 4458.01,4051.5089426,5.8132051,1703.4303761,1989.8418083,13.6344163,5904.4,3.84,1.0
TOI 4459.01,11890.0,1.846,528.0,12.9407,6.43097,3750.0,4.67041,1.0
TOI 4460.01,1025.0,5.395,917.0,117.442,3.15161,4818.0,4.65,1.0
TOI 4461.01,840.0,3.115,1714.0,1434.65,2.61277,5025.0,4.56,0.0
TOI 4462.01,2040.0,5.159,1566.0,999.403,9.33912,5918.0,3.84,2.0
TOI 4463.01,10380.0,1.784,1421.0,678.487,22.4297,5541.0,4.36,2.0
TOI 4465.01,13520.0,12.002,941.0,130.528,11.62,5557.0,4.44,2.0
TOI 4466.01,6026.126007,4.5606871,1511.3642562,1233.0979889,13.4911728,6669.0,4.12805,1.0
TOI 4467.01,2950.7357104,0.9710311,829.914194,112.1124314,4.9169842,5461.54,4.50982,1.0
TOI 4468.01,22640.0,2.17,1058.0,208.594,12.2577,4975.0,4.55845,1.0
TOI 4468.02,1646.6732684,2.9681334,752.2846294,75.6935339,3.6528621,4975.0,4.55845,1.0
TOI 4469.01,37522.94895,1.8429688,832.6796495,113.6142497,13.6857367,4051.0,4.54826,1.0
TOI 4470.01,25854.2144559,1.8233621,1101.6954166,348.1506195,13.3010355,5023.0,4.58,1.0
TOI 4471.01,17481.8216448,3.0748441,1278.4960939,631.4204214,14.5800064,5778.0,4.37783,1.0
TOI 4472.01,3575.6614227,8.950521,1382.3219455,862.8947232,14.548121,6011.95,3.75585,1.0
TOI 4473.01,16421.7314916,2.5256778,980.0208686,218.0029128,11.7557579,5211.36,4.54655,1.0
TOI 4474.01,7620.7493837,1.181072,1198.2496832,487.2033805,10.9625327,5355.0,4.33005,1.0
TOI 4475.01,11391.7385882,3.1806502,1171.9596007,445.8323379,12.1416042,5482.59,4.36922,1.0
TOI 4476.01,15065.2565497,1.94145,1652.2561498,1761.2885419,14.3739674,5703.0,4.31786,1.0
TOI 4477.01,8120.0,6.304,1874.0,2051.05,22.0599,8451.0,4.00707,0.0
TOI 4478.01,4240.0,2.868,1475.0,787.087,7.78435,5774.0,4.32015,1.0
TOI 4479.01,3470.6759302,1.1688702,781.5723494,88.1856149,2.6829722,3449.0,4.80176,2.0
TOI 448.01,11755.4509288,0.5759672,1428.2525761,983.4245957,8.3888941,4669.0,4.52,2.0
TOI 4480.01,1372.2876678,2.6908269,2306.6027861,6689.7863925,16.8088001,5843.47,3.27448,1.0
TOI 4481.01,952.0,0.81,1162.0,303.547,1.67823,3573.0,4.80376,2.0
TOI 4482.01,19270.727034,2.6896665,1229.1274806,539.3972356,14.4894174,5413.0,4.39994,1.0
TOI 4483.01,77630.4124578,2.1714375,1045.4454298,282.3101387,20.3177656,4355.0,4.53128,1.0
TOI 4484.01,38330.4094984,2.1209962,1012.661107,248.5292583,15.2271225,4844.0,4.54518,1.0
TOI 4485.01,11139.7005929,3.2557004,1124.6340774,378.0645504,16.7317044,5828.81,4.14418,1.0
TOI 4486.01,7265.0,3.986,2267.0,4392.03,17.4501,6955.0,4.04,1.0
TOI 4487.01,5820.0,3.869,1477.0,792.078,13.1238,5773.0,4.03,1.0
TOI 4488.01,21409.0524466,2.27143,997.225629,233.7193811,13.8017218,5353.54,4.47701,1.0
TOI 4489.01,18699.8504805,2.2149132,1149.3363399,412.3913581,12.0149088,5477.0,4.54393,1.0
TOI 449.01,7780.6435196,4.7918806,2124.2969654,4812.6238237,18.7874019,6291.0,3.9,1.0
TOI 4490.01,34476.0907387,2.1224957,1539.4228275,1327.2498679,22.5105621,5767.0,4.31546,1.0
TOI 4491.01,1290.0,1.66,731.0,47.6469,2.22447,4006.0,4.68,2.0
TOI 4492.01,9166.0,3.856,1268.0,430.349,12.5157,5667.0,4.24,1.0
TOI 4495.01,670.0,2.783,1202.0,346.626,3.63045,6156.0,4.25196,2.0
TOI 4495.02,290.0,2.471,1567.0,1001.28,2.18392,6156.0,4.25196,1.0
TOI 4497.01,7820.0,2.887,1619.0,1141.26,16.1928,7172.0,4.16,1.0
TOI 4498.01,200.0,3.714,1313.0,494.046,2.05347,5821.4,4.16,0.0
TOI 4499.01,366.0,2.449,1352.0,555.873,2.05978,6111.0,4.43,1.0
TOI 4499.02,439.0,3.163,1219.0,366.683,2.07738,6111.0,4.43,1.0
TOI 4500.01,710.0,3.291,2492.0,6411.52,7.95884,6802.0,3.63,0.0
TOI 4501.01,176.0,2.379,4867.0,93196.9,3.57655,8279.0,3.81,1.0
TOI 4503.01,691.3914728,7.1450196,243.9123864,0.8364817,2.0928405,5334.0,4.6001,1.0
TOI 4504.01,13067.7332328,7.4967507,182.8021957,0.2639044,11.4756331,5271.0,4.43,2.0
TOI 4504.02,754.8303067,2.1344641,1234.029846,548.0543839,2.6600255,5271.0,4.43,2.0
TOI 4505.01,7062.8806063,7.7309404,1052.1008534,289.5679511,17.3337286,7182.7,4.24,1.0
TOI 4506.01,22498.1066362,0.7211954,299.447353,1.9002158,2.9859726,2938.0,5.14513,1.0
TOI 4507.01,6111.4633395,9.3317949,562.0116791,23.5777503,15.8235575,6115.26,3.90726,1.0
TOI 4508.01,3657.0603553,0.4055928,492.9988422,13.9606166,2.1135466,3383.0,4.89132,1.0
TOI 4509.01,3177.6204985,6.4567709,530.0285587,18.6516855,10.4883207,6930.0,4.10087,1.0
TOI 451.01,2075.0944118,4.0478302,634.2219521,38.2371999,3.9248322,5481.0,4.56,2.0
TOI 451.02,497.6683497,2.0525797,1309.6200353,695.1879631,1.9323657,5481.0,4.56,2.0
TOI 451.03,940.8500219,3.055677,768.6995876,82.5177911,2.7251006,5481.0,4.56,2.0
TOI 4510.01,810.9983952,9.2564583,477.6516387,12.3017271,4.4714848,7923.0,4.35405,1.0
TOI 4511.01,930.0,5.197,1260.0,419.568,4.53003,5708.0,4.44413,1.0
TOI 4511.02,860.0,3.596,1542.0,938.995,5.76837,5708.0,4.44413,1.0
TOI 4512.01,1397.8148985,6.4231417,464.0100077,10.9554543,3.2870868,4246.8,4.5,1.0
TOI 4513.01,790.0,1.967,653.0,30.3621,2.22799,5558.0,4.62634,1.0
TOI 4514.01,14460.0,2.141,1082.0,227.759,10.7107,5032.08,4.49678,1.0
TOI 4515.01,16186.172954,2.6673792,650.4312952,42.2986706,12.2663968,5420.82,4.52994,2.0
TOI 4516.01,19962.6105832,2.595678,940.6014835,184.988035,11.4694856,4926.0,4.51771,1.0
TOI 4517.01,668.0,1.286,1183.0,325.749,1.68645,4199.0,4.65321,1.0
TOI 4518.01,16032.0,3.163,1430.0,695.65,14.2632,6134.0,4.41,1.0
TOI 452.01,13160.629831,3.0078272,938.3708227,183.2394519,10.2196833,5258.0,4.51,1.0
TOI 4521.01,14228.6266087,1.5983426,1043.0891762,279.7736168,12.0054949,5082.0,4.5108,1.0
TOI 4522.01,38216.7895418,0.2120684,1086.4738962,329.3048956,6.9527391,3473.0,4.87657,0.0
TOI 4523.01,13160.0,2.129,1388.0,616.33,12.4543,6427.0,4.52834,1.0
TOI 4524.01,221.0,1.035,1576.0,1025.84,1.67736,5640.0,4.35,2.0
TOI 4525.01,10361.0,1.511,1232.0,383.047,13.3413,6089.0,4.28,1.0
TOI 4526.01,6129.678827,1.0103493,547.9367777,21.3031001,2.7262374,3236.0,4.88,1.0
TOI 4527.01,330.8173737,0.8028796,1247.0250186,571.5071504,0.9086617,3702.0,4.75,2.0
TOI 4529.01,1352.7622114,2.0778157,498.6247907,14.6088648,1.8721219,3611.0,4.74,1.0
TOI 453.01,7500.0,4.968,2151.0,3557.29,18.4904,6441.6,3.91,1.0
TOI 4530.01,18681.4630568,2.8788573,1095.6337284,340.5513253,12.6675004,5610.0,4.51915,1.0
TOI 4531.01,11929.8619692,3.6052513,1206.886094,501.4020843,13.221703,5846.0,4.31,1.0
TOI 4532.01,9178.0,2.577,1136.0,277.39,11.6459,5633.4,4.27,1.0
TOI 4533.01,560.0,1.654,1013.0,174.942,1.79105,4542.0,4.58,1.0
TOI 4534.01,4010.0,1.907,912.0,115.305,4.75272,4279.0,4.53,1.0
TOI 4535.01,16869.9465037,2.323409,1078.6113787,319.8755104,14.8366922,5198.0,4.33,1.0
TOI 4536.01,8004.0,5.824,2509.0,6586.47,18.2851,6404.0,4.03,1.0
TOI 4537.01,949.4386612,1.3454748,1021.2631882,257.0820256,3.7022837,5975.0,4.42,1.0
TOI 4538.01,2064.0,2.464,787.0,63.7967,3.60516,5144.5,4.6,1.0
TOI 4538.02,1050.0,2.13,1163.0,304.054,2.65245,5144.5,4.6,1.0
TOI 4539.01,12800.0,3.54,1259.0,417.295,12.1616,5576.0,4.34,1.0
TOI 4540.01,1723.0,2.077,1282.0,448.655,3.9467,5328.0,4.47,1.0
TOI 4542.01,27909.0,1.286,577.0,18.5055,18.1119,4781.0,4.29,1.0
TOI 4544.01,1079.5927267,2.4601181,704.4580992,58.2025038,2.7997542,4865.6,4.54,1.0
TOI 4545.01,23775.0,2.384,876.0,97.8595,11.6786,4492.0,4.52,1.0
TOI 4546.01,932.0,0.671,2202.0,3906.17,7.71235,6984.0,4.04,1.0
TOI 4547.01,5040.0,3.595,2254.0,4289.27,14.0672,5630.0,4.11,1.0
TOI 4549.01,1815.0,2.097,1119.0,260.965,4.28877,5512.0,4.44,1.0
TOI 455.01,2708.4393715,1.3697764,403.7401541,6.2795537,1.4454154,3562.0,4.97389,2.0
TOI 4550.01,368.0,2.393,2734.0,9275.7,4.8297,7751.0,3.81,1.0
TOI 4552.01,1457.6973975,0.6404841,1027.596418,263.5186329,1.2801124,3304.0,4.96212,1.0
TOI 4553.01,5194.3258042,7.1852402,866.2905237,133.0991422,10.8026737,6490.0,4.23,1.0
TOI 4554.01,337.4561615,9.0245368,458.2261962,10.4193507,1.4669377,5490.0,4.61819,1.0
TOI 4555.01,238.5844154,9.8639237,279.9010524,1.4505715,2.2445426,6199.0,4.21534,1.0
TOI 4556.01,3553.2788818,1.2264922,414.6491761,6.9862517,1.4571721,3319.0,5.03236,1.0
TOI 4557.01,1517.2139238,8.0916468,616.6120377,34.1640224,5.1460938,6013.0,4.438,1.0
TOI 4558.01,55.2290807,4.663367,1005.888008,241.9466004,1.6765354,5217.0,4.438,1.0
TOI 4559.01,1160.5626137,1.6788114,522.5103737,17.615731,1.4999935,3476.0,4.80232,2.0
TOI 456.01,18251.292089,0.883311,2619.630824,11129.6464735,15.240658,5780.0,4.438,0.0
TOI 4560.01,140.4352916,2.5259027,1728.4676115,2109.4342142,2.4144238,6491.0,4.00559,1.0
TOI 4561.01,420.5298106,1.9539147,789.8093802,91.9623692,2.0224563,5631.0,4.57723,1.0
TOI 4562.01,10850.1349366,4.0237136,341.1480504,3.2010509,13.2081506,5965.99,4.28007,2.0
TOI 4563.01,5535.4604085,3.8041623,360.5530878,3.9939064,5.4510788,5342.0,4.71456,1.0
TOI 4564.01,4469.3198771,7.5893785,855.3874599,126.5238849,12.6297905,6123.0,4.07991,0.0
TOI 4565.01,1810.2811624,2.6383141,165.7679643,0.1784528,2.2782015,3614.0,4.71017,1.0
TOI 4566.01,609.0046533,1.5541575,983.115793,220.7698145,1.881105,4443.39,4.57662,1.0
TOI 4567.01,549.3465906,1.1780506,1088.3303343,331.5613798,1.6732084,3830.0,4.64404,1.0
TOI 4567.02,1411.9717256,3.2390849,358.4266471,3.9005169,2.3109407,3830.0,4.64404,1.0
TOI 4568.01,300.0,1.971,583.0,19.2603,2.26316,5899.0,4.22221,1.0
TOI 4569.01,6006.5175069,3.435758,743.1116558,72.0671413,2.3820012,3725.0,4.92832,0.0
TOI 457.01,14881.4796123,0.9928338,768.6592267,82.500462,7.7193559,3054.0,5.08962,1.0
TOI 4570.01,32350.4373939,2.1771701,1029.9824769,265.9747113,14.2783974,4664.23,4.61963,1.0
TOI 4571.01,19347.5990647,6.0823745,452.3403225,9.8942349,11.2141216,4815.0,4.5293,1.0
TOI 4572.01,1090.0934414,2.2763948,382.427399,5.0549516,1.5718719,3710.0,4.7642,1.0
TOI 4573.01,424.299807,2.727777,509.258495,15.8954977,1.4160391,4207.0,4.66778,1.0
TOI 4574.01,870.0,0.512,807.0,70.4453,2.01326,3734.0,4.69992,1.0
TOI 4575.01,722.0,4.901,803.0,69.3133,2.85252,5905.0,4.34239,1.0
TOI 4576.01,1767.8841835,3.2981777,541.6077626,20.3357654,3.5119412,4271.0,4.60188,1.0
TOI 4577.01,10095.3614497,2.6590029,1513.1286131,1238.8661223,11.2971803,5483.74,4.38272,1.0
TOI 4578.01,675.1210806,2.6192964,842.4208274,119.024779,2.9176946,5917.0,4.58257,1.0
TOI 4579.01,2838.5756569,6.9510849,209.1701491,0.4523971,5.1574303,5509.61,4.47728,1.0
TOI 458.01,1131.5075681,2.1115133,572.8570065,25.4510626,2.8950078,5164.0,4.5371,1.0
TOI 4580.01,39.0383592,1.3578155,1792.0450656,2437.3433306,0.6115871,5659.0,5.62196,1.0
TOI 4581.01,5934.9200116,6.700128,804.6793626,99.086036,11.3355032,6184.0,4.20121,1.0
TOI 4581.02,3767.5217478,6.6171206,875.0669002,138.5753642,8.9205086,6184.0,4.20121,1.0
TOI 4582.01,1572.1891091,12.0587354,614.6639792,33.7343273,10.1577688,5234.0,4.438,2.0
TOI 4584.01,2119.3256676,2.1295055,581.4317504,27.0094647,4.8743389,5696.0,4.40025,1.0
TOI 4585.01,384.7552746,12.8976378,258.7984214,1.0601504,2.5653805,6000.0,5.03448,1.0
TOI 4586.01,570.0,1.954,861.0,91.5265,2.22182,5405.0,4.53628,1.0
TOI 4587.01,15334.2181362,1.7465253,629.3977311,37.0869991,7.5296069,3579.0,4.67905,1.0
TOI 4588.01,333.0027831,4.5278413,1181.1005716,459.9054123,2.9857871,7800.0,4.31091,1.0
TOI 4589.01,289.0,3.642,782.0,62.1044,2.16267,6304.0,4.22164,1.0
TOI 4590.01,589.3171527,2.1208392,488.4956168,13.4574783,1.9119702,5011.0,4.56555,1.0
TOI 4591.01,18279.5176543,10.6336018,694.8640749,55.0960466,19.2884326,6327.0,4.438,0.0
TOI 4592.01,16966.9658671,1.9958507,794.7680813,94.2936984,12.6838437,5160.0,4.39775,1.0
TOI 4593.01,2017.3628771,3.1260803,683.7010001,51.6399559,3.7973353,4837.0,4.60493,1.0
TOI 4593.02,737.8355831,1.8111648,940.9761542,185.282957,2.1434355,4837.0,4.60493,1.0
TOI 4594.01,1956.6215347,2.2804171,1588.5463022,1504.9446019,8.8601851,6963.86,4.07013,0.0
TOI 4595.01,12789.7368577,3.9149764,1388.6809829,878.8827779,15.822462,5897.0,4.18651,1.0
TOI 4596.01,722.0,2.057,1087.0,232.099,2.68492,5598.0,4.45,1.0
TOI 4597.01,6900.0,2.526,1438.0,711.568,13.2255,7712.0,4.31,1.0
TOI 4598.01,1521.0,2.168,1337.0,530.919,15.9053,6011.0,3.99,1.0
TOI 4599.01,712.0,1.031,602.0,21.8758,1.27326,3807.0,4.77,2.0
TOI 4599.02,821.0,0.863,593.0,20.536,1.89602,3807.0,4.77,2.0
TOI 460.01,33190.706911,0.936413,841.7881825,118.6676385,6.597837,3274.0,4.9794,0.0
TOI 4600.01,6529.5765126,7.5240298,344.1684282,3.3159282,6.8236925,5073.0,4.53,2.0
TOI 4600.02,6928.144617,10.8504687,672.6687765,48.3867084,6.9087752,5073.0,4.53,2.0
TOI 4601.01,8077.6726128,1.7384121,1554.2526706,1379.1372564,15.2099907,6408.3,4.34,1.0
TOI 4602.01,464.0,3.1,1561.0,986.754,2.36323,6011.9,4.36,2.0
TOI 4603.01,1106.0,2.734,1637.0,1192.46,14.2395,6169.1,3.65,2.0
TOI 4604.01,284.0,1.545,1203.0,348.601,1.50436,5509.0,4.5,1.0
TOI 4605.01,2095.0,1.81,1425.0,685.022,4.69096,5691.0,4.45,0.0
TOI 4606.01,9660.0,5.354,1171.0,312.155,12.77,5981.0,4.31,1.0
TOI 4607.01,520.0,2.411,1121.0,262.935,3.08109,6404.0,4.31,1.0
TOI 4608.01,9053.0,2.014,1690.0,1355.37,14.6551,7418.5,4.31,1.0
TOI 4609.01,9194.0,3.246,2242.0,4194.73,16.0682,7461.4,4.22,1.0
TOI 461.01,653.537141,1.8716477,621.4224577,35.242668,1.9015018,4884.0,4.49,2.0
TOI 4610.01,585.0,2.308,977.0,151.507,1.5002,4104.0,4.57,0.0
TOI 4611.01,320.0,3.386,1342.0,538.64,2.3513,6213.0,4.3,1.0
TOI 4612.01,5739.0,5.235,2080.0,3108.45,15.0368,6327.0,3.99,1.0
TOI 4614.01,8899.362156,1.4260598,556.929421,22.7363971,10.4349704,4225.95,4.37245,1.0
TOI 4615.01,6537.0839819,6.6913995,1698.9307701,1968.900323,19.6684639,6350.0,3.78918,1.0
TOI 4616.01,3449.9519182,0.923936,525.2017443,17.9814886,1.2643202,3244.0,5.07736,1.0
TOI 4617.01,18093.4842065,2.8827447,1314.8674761,706.3971426,16.8851071,5752.44,4.27789,1.0
TOI 4618.01,25455.0849851,1.8114914,782.6461795,88.67126,13.2670623,4133.4,4.48806,1.0
TOI 4619.01,10338.2192807,4.3731099,1767.1168865,2304.5286397,16.6589645,7406.97,4.27763,1.0
TOI 462.01,900.9217753,3.0844055,1171.7048355,445.4447971,3.971632,5205.0,4.45924,1.0
TOI 4620.01,3301.0,1.38,2945.0,12503.9,15.9057,7825.0,4.07227,1.0
TOI 4621.01,17738.8625444,3.1628648,1127.8807531,382.449189,14.3049176,5887.0,4.44001,1.0
TOI 4623.01,22743.2337536,2.2220346,1047.3879178,284.4141772,12.8714868,5387.06,4.58431,1.0
TOI 4624.01,10049.6938823,2.2599869,1705.3403223,1998.7811524,16.7559488,6635.91,4.24728,1.0
TOI 4625.01,1062.791258,1.8100691,1007.7178174,243.7119088,2.301946,4384.23,4.438,1.0
TOI 4627.01,6955.8738937,5.7659467,625.6148603,36.2033889,13.2171669,5356.0,4.38,0.0
TOI 4628.01,520.8002154,2.0310601,953.9690748,195.7303563,2.2901554,5673.0,4.46318,1.0
TOI 4629.01,457.0864505,5.6919436,221.0985478,0.5647608,2.491011,6324.0,4.37047,1.0
TOI 463.01,4070.0,1.944,2162.0,3632.83,26.5362,6497.8,4.17,0.0
TOI 4630.01,2177.931991,4.5933413,195.7514704,0.3470093,4.5521238,6294.0,4.53886,1.0
TOI 4631.01,724.0198395,3.884357,497.9403065,14.5288129,2.3945586,5614.0,4.60434,1.0
TOI 4632.01,1697.0188103,4.9925509,295.9907568,1.8139846,2.8828549,4152.0,4.55825,1.0
TOI 4633.01,483.1688883,11.1292466,268.5690786,1.2295467,3.5295923,5490.04,4.02198,2.0
TOI 4634.01,1861.0,1.007,1729.0,1486.34,6.52133,6121.0,4.16573,0.0
TOI 4635.01,28125.1452075,2.9402319,340.1414927,3.1634389,12.3506372,4358.0,4.55296,0.0
TOI 4636.01,85688.8204519,2.3248526,186.9161969,0.2884754,8.539416,3090.0,4.93803,0.0
TOI 4637.01,1053.0719668,2.5122529,635.2583194,38.4877433,2.8052104,5142.48,4.50291,1.0
TOI 4638.01,865.1246457,3.5348916,779.8300521,87.4018996,2.7186716,5700.0,4.54131,2.0
TOI 4639.01,670.2495772,2.7900392,1207.4504214,502.3405437,2.7025526,6153.0,4.48335,1.0
TOI 4639.02,932.1214968,4.4541336,812.9001083,103.1976309,3.3632641,6153.0,4.48335,1.0
TOI 464.01,44712.1811611,0.9809687,5028.0545421,151050.0669195,4.1552603,31000.0,5.59998,0.0
TOI 4640.01,632.8097747,2.2391182,1378.8564659,854.2741042,2.8622325,5978.0,4.42301,1.0
TOI 4641.01,2633.6009111,5.4095076,950.1073168,192.5802083,9.7603293,6798.4,4.11,2.0
TOI 4642.01,2229.9856882,1.032552,427.9661854,7.9279121,1.1671855,3266.0,4.99716,1.0
TOI 4643.01,650.1415697,1.8885767,559.6083706,23.1770314,1.4655752,3782.0,4.72167,1.0
TOI 4643.02,803.3539058,1.5317637,434.4749293,8.4213145,1.7168904,3782.0,4.72167,1.0
TOI 4644.01,480.0,0.762,1776.0,1654.43,1.78228,4242.23,4.5065,1.0
TOI 4645.01,4037.0,8.035,2832.0,10680.9,17.9284,8972.0,3.83,1.0
TOI 4646.01,26516.4016202,3.2002668,625.1069435,36.0859625,12.6566078,4379.0,4.49,1.0
TOI 4647.01,646.0966072,3.0143987,884.5519427,144.6819536,2.5385619,5991.0,4.50886,1.0
TOI 4647.02,591.1055416,3.1681143,820.4934142,107.1078742,2.5924247,5991.0,4.50886,1.0
TOI 4648.01,407.1050545,4.3300643,779.1712437,87.1069216,2.5382638,6101.0,4.44514,1.0
TOI 4649.01,645.0,3.502,735.0,48.6781,2.41942,5744.71,4.44026,1.0
TOI 465.01,5357.5774934,2.4128495,947.796565,190.7135382,6.2369926,4910.0,4.60108,1.0
TOI 4650.01,11150.0,2.858,1166.0,307.867,8.5917,4432.0,4.5,1.0
TOI 4651.01,8190.0,2.457,683.0,36.1679,10.1018,5721.0,4.39,1.0
TOI 4652.01,9890.0,4.088,843.0,84.0311,12.759,5654.5,4.44,1.0
TOI 4653.01,1230.0,4.775,913.0,115.374,4.23355,6397.0,4.36,1.0
TOI 4654.01,10680.0,2.411,688.0,37.24,12.2512,5820.0,4.34,1.0
TOI 4655.01,23820.0,1.743,864.0,92.6245,11.714,5134.0,4.66,1.0
TOI 4656.01,5050.0,1.693,916.0,117.243,6.2369,5053.0,4.48,1.0
TOI 4657.01,1807.4400226,0.9600196,1098.7796748,344.4795703,5.8543726,6200.0,4.25,1.0
TOI 4658.01,1210.0,2.262,887.0,103.111,2.96676,5575.0,4.58,1.0
TOI 4659.01,1010.0,0.794,1638.0,1195.11,6.13091,5921.2,4.11,1.0
TOI 466.01,10906.185708,3.0070217,1361.1997652,811.3504171,13.9002369,6675.0,4.20094,1.0
TOI 4660.01,26050.0,1.796,1218.0,365.719,14.3177,4674.0,4.46,1.0
TOI 4662.01,1390.0,1.937,741.0,50.104,2.58065,4481.0,4.6,1.0
TOI 4663.01,17870.0,2.645,745.0,51.2343,10.1289,4397.1,4.56,1.0
TOI 4664.01,8490.0,3.519,1587.0,1054.22,12.4821,5902.3,4.27,1.0
TOI 4665.01,6190.0,4.43,1733.0,1500.66,12.4845,6304.0,4.09,1.0
TOI 4666.01,45160.0,2.075,729.0,46.992,12.8688,3666.0,4.66,2.0
TOI 4667.01,16550.0,1.673,427.0,5.5686,13.3791,5681.0,4.44,1.0
TOI 4668.01,8600.0,0.92,787.0,63.8249,5.19137,3210.0,4.81,1.0
TOI 4669.01,2460.0,0.401,1599.0,1087.04,5.81442,4886.0,4.59,0.0
TOI 467.01,1230.0,2.32,2326.0,4861.83,4.24151,5890.0,4.48757,0.0
TOI 4670.01,90070.0,1.663,254.0,0.691797,10.8287,3382.0,4.87,1.0
TOI 4671.01,2310.0,3.895,727.0,46.4785,5.37173,5689.0,4.34,1.0
TOI 4672.01,10010.0,5.646,1389.0,619.404,15.5423,6110.0,4.1,1.0
TOI 4673.01,6370.0,0.728,679.0,35.4585,16.8337,5383.0,4.38,1.0
TOI 4674.01,7270.0,3.582,1289.0,459.164,12.965,5595.0,4.07,1.0
TOI 4675.01,830.0,1.795,755.0,54.0709,2.15124,3991.0,4.67,1.0
TOI 4676.01,7360.0,2.48,652.0,30.0086,8.65633,5042.0,4.45,1.0
TOI 4677.01,2440.0,0.789,640.0,28.012,5.84962,5556.0,4.44,1.0
TOI 4678.01,10690.0,2.968,1096.0,239.866,12.3583,5549.0,4.29,1.0
TOI 468.01,34741.7763037,2.0538144,668.9710175,47.331494,11.5039006,3724.0,4.68255,1.0
TOI 4680.01,8180.0,4.06,714.0,43.2591,9.8169,5923.0,4.4,1.0
TOI 4681.01,20390.0,2.628,1257.0,414.535,14.5498,5582.5,4.43,1.0
TOI 4682.01,5400.0,1.824,904.0,111.068,15.1938,6121.0,3.94,0.0
TOI 4683.01,5640.0,2.248,1290.0,460.711,11.6629,5787.4,4.15,0.0
TOI 4684.01,7260.0,1.648,863.0,92.2897,16.7425,6782.0,4.13,1.0
TOI 4685.01,1560.0,3.198,973.0,149.202,3.61495,5516.0,4.51,1.0
TOI 4686.01,8750.0,2.339,739.0,49.6833,13.6973,5416.0,4.13,1.0
TOI 4687.01,6230.0,3.014,1489.0,817.242,14.6999,6209.0,3.97,1.0
TOI 4688.01,7970.0,1.353,704.0,40.9939,11.4556,5851.0,4.35,1.0
TOI 469.01,1179.1033339,4.3426564,710.3089208,60.1603117,3.5493962,6114.0,4.5101,2.0
TOI 4691.01,4880.0,4.495,1076.0,222.607,10.4135,5807.0,4.11,1.0
TOI 4692.01,5310.0,0.666,619.0,24.4556,10.7206,5147.0,4.28,1.0
TOI 4694.01,8030.0,1.847,849.0,86.4308,14.4974,5885.0,4.1,1.0
TOI 4695.01,20160.0,2.924,478.0,8.69035,13.2073,5755.0,4.59,1.0
TOI 4696.01,5480.0,3.025,1285.0,453.643,10.7709,6007.5,4.16,1.0
TOI 4698.01,10850.0,2.325,1070.0,217.929,12.5093,5696.0,4.33,1.0
TOI 4699.01,7980.0,4.474,981.0,154.351,11.0026,5452.0,4.26,1.0
TOI 470.01,2625.0570737,3.3188127,659.6756823,44.7551381,4.6131319,5418.0,4.57259,2.0
TOI 4701.01,6790.0,3.835,974.0,149.861,9.30439,5818.0,4.38,1.0
TOI 4702.01,12650.0,3.323,1500.0,842.648,14.8115,5944.0,4.25,1.0
TOI 4703.01,6250.0,3.042,1219.0,366.902,13.6976,6349.0,4.07,1.0
TOI 4705.01,3050.0,5.076,1040.0,194.396,9.89059,5359.0,4.08,1.0
TOI 4707.01,1900.0,0.336,2019.0,2761.87,14.5973,6719.0,4.26,1.0
TOI 4708.01,10850.0,3.354,1771.0,1635.6,15.1419,5906.0,4.26,1.0
TOI 471.01,11813.302926,2.7072065,1465.1893915,1089.1709863,15.8525901,6400.0,4.34435,1.0
TOI 4710.01,3090.0,2.702,1909.0,2205.43,8.37272,5475.0,4.07,1.0
TOI 4712.01,4370.0,3.592,916.0,117.013,8.76898,5626.0,4.2,1.0
TOI 4714.01,20760.0,3.114,833.0,80.2209,14.5746,5431.0,4.42,1.0
TOI 4715.01,3940.0,1.277,705.0,41.0821,12.9491,6227.0,4.12,0.0
TOI 4716.01,3830.0,6.518,2170.0,3686.59,16.2444,7666.0,3.87,1.0
TOI 4717.01,9610.0,3.043,1736.0,1509.9,16.0152,8131.7,4.35,1.0
TOI 4718.01,5830.0,2.265,1057.0,207.445,8.29803,6282.4,4.47,1.0
TOI 4719.01,17315.0,2.87,612.0,23.3681,11.615,4850.0,4.56,1.0
TOI 4720.01,8030.0,3.069,1434.0,702.278,15.3456,6364.0,4.14,1.0
TOI 4722.01,4350.0,3.992,1016.0,177.179,10.6208,6619.0,4.17,1.0
TOI 4723.01,8630.0,2.955,1488.0,814.239,14.6976,6624.0,4.18,1.0
TOI 4724.01,1300.0,2.731,1314.0,495.575,3.43709,5730.0,4.52,1.0
TOI 4725.01,16220.0,1.223,1100.0,243.693,12.6426,5805.0,4.5,1.0
TOI 4726.01,26010.0,2.775,1000.0,166.22,14.1426,5203.0,4.53,1.0
TOI 4727.01,11740.0,1.193,720.0,44.731,22.4773,5635.0,4.32,1.0
TOI 4728.01,26720.0,1.639,526.0,12.8029,12.8134,3971.0,4.6,1.0
TOI 4729.01,6830.0,1.868,806.0,70.231,9.55039,5950.0,4.44,1.0
TOI 473.01,16875.7909849,2.4285285,1603.8131115,1563.6373659,14.7247524,5400.0,4.38782,1.0
TOI 4730.01,2150.0,3.284,2283.0,4517.28,9.75584,7070.0,4.13,1.0
TOI 4732.01,14530.0,1.085,1342.0,538.48,21.7999,5711.0,4.44,1.0
TOI 4733.01,18200.0,3.785,1324.0,510.647,17.4742,6473.0,4.35,1.0
TOI 4734.01,2470.0,5.544,1397.0,633.344,9.02698,5854.0,3.97,1.0
TOI 4736.01,5320.0,4.678,2665.0,8379.19,21.5886,5777.0,4.02,1.0
TOI 4737.01,2200.0,4.963,1108.0,250.474,7.8768,5916.0,4.02,2.0
TOI 4738.01,8110.0,4.995,2313.0,4756.94,16.6839,9056.0,4.3,0.0
TOI 474.01,16406.5457432,2.5896099,1240.0502722,558.8280149,12.9083148,5403.0,4.50146,1.0
TOI 4741.01,6830.0,2.977,1710.0,1421.21,14.0194,6252.0,4.11,1.0
TOI 4742.01,6920.0,2.918,1427.0,689.785,10.5038,6753.0,4.39,1.0
TOI 4743.01,7840.0,3.122,1480.0,798.226,19.4459,7968.0,4.06,1.0
TOI 4744.01,4690.0,4.644,1622.0,1151.39,14.2355,6399.9,3.9,1.0
TOI 4746.01,2920.0,2.44,759.0,55.2646,4.39334,5223.0,4.6,1.0
TOI 4747.01,1500.0,2.45,1035.0,190.795,3.8343,5688.0,4.45,1.0
TOI 4748.01,10690.0,3.576,1462.0,759.181,13.8992,6327.7,4.3,1.0
TOI 4749.01,9020.0,2.774,2842.0,10840.4,16.4864,5786.0,4.33,1.0
TOI 475.01,1418.3308985,2.5663307,531.2398464,18.8227716,2.3414536,4105.0,4.60015,1.0
TOI 4750.01,3370.0,1.618,1291.0,462.146,11.8959,7137.0,4.17,1.0
TOI 4752.01,7190.0,4.516,1564.0,995.585,9.9097,6252.0,4.45,1.0
TOI 4753.01,2800.0,6.194,1639.0,1200.61,11.7601,5996.0,3.78,1.0
TOI 4754.01,10550.0,3.198,1506.0,855.031,14.0586,6350.0,4.35,1.0
TOI 4755.01,6510.0,2.485,677.0,34.998,19.0824,6243.0,3.93,1.0
TOI 4757.01,5260.0,3.608,2165.0,3648.06,11.5464,6434.0,4.14,1.0
TOI 4758.01,9670.0,3.501,1631.0,1176.49,15.7774,6589.0,4.24,1.0
TOI 4759.01,2300.0,5.943,1117.0,258.473,9.98401,5557.0,3.79,2.0
TOI 476.01,4201.1811431,3.0551871,1912.9129538,2303.34,14.5105081,7691.0,4.11671,1.0
TOI 4761.01,2190.0,5.123,2044.0,2897.86,9.94411,6892.9,3.95,1.0
TOI 4762.01,1030.0,3.559,1394.0,626.954,3.61577,5866.0,4.3,1.0
TOI 4763.01,4550.0,5.605,1735.0,1505.89,14.2889,7054.0,3.96,1.0
TOI 4764.01,13050.0,2.212,1528.0,905.776,10.4975,5164.0,4.43,1.0
TOI 4766.01,14051.9827876,1.6191056,1196.3465579,484.1155352,10.5088307,4909.0,4.47,1.0
TOI 4767.01,3880.0,3.913,1927.0,2289.27,13.2415,5473.0,3.79,1.0
TOI 4768.01,7988.0,3.233,1295.0,468.187,15.0763,6617.0,4.15,1.0
TOI 477.01,20291.3838652,2.4478494,1076.5451049,317.4314288,12.7921539,5150.0,4.55754,1.0
TOI 4770.01,11670.0,3.119,2165.0,3650.34,15.8333,6472.0,4.29,1.0
TOI 4772.01,17030.0,2.561,1304.0,480.071,13.0354,5604.0,4.46,1.0
TOI 4773.01,6919.1303309,1.923273,2012.9003882,3879.8071248,14.1453349,6674.0,4.24,1.0
TOI 4774.01,1620.0,3.974,1020.0,180.356,4.55822,5700.8,4.33,1.0
TOI 4775.01,2740.0,2.244,1826.0,1846.66,15.4982,6643.0,4.04,1.0
TOI 4776.01,6720.0,3.774,919.0,118.725,10.0431,6079.0,4.33,1.0
TOI 4777.01,12900.0,2.682,1668.0,1285.38,14.8585,6041.0,4.38,1.0
TOI 4778.01,8643.7888966,4.4775157,1358.6227154,805.2235864,15.4202705,5296.0,4.01,1.0
TOI 4779.01,9240.0,2.256,639.0,27.7925,11.4707,5424.0,4.3,1.0
TOI 478.01,17562.44572,3.17791,1576.1185868,1458.3996927,19.091127,6332.0,4.26074,0.0
TOI 4780.01,5310.0,3.224,1546.0,948.685,16.4932,6400.0,3.93,1.0
TOI 4784.01,9170.0,2.644,1200.0,344.843,8.84831,5177.0,4.46,1.0
TOI 4785.01,5930.0,2.385,1050.0,202.251,11.4436,6741.0,4.27,1.0
TOI 4786.01,4031.0,4.475,1706.0,1406.27,10.8479,7528.0,4.2,1.0
TOI 4787.01,6140.0,2.716,1383.0,608.189,13.0482,6107.0,4.19,1.0
TOI 4788.01,11110.0,2.33,1134.0,275.326,14.0261,6328.0,4.3,1.0
TOI 4789.01,8750.0,2.487,812.0,72.4941,11.2467,5644.0,4.32,1.0
TOI 479.01,12808.3940801,2.1508237,1270.3448387,615.4708822,12.6841023,5600.0,4.4291,1.0
TOI 4791.01,7520.0,3.145,1279.0,445.261,13.0113,5964.0,4.13,2.0
TOI 4793.01,9580.0,3.301,1620.0,1145.52,15.0462,6688.0,4.24,1.0
TOI 4794.01,10030.0,3.914,1610.0,1115.66,13.7385,6214.0,4.23,1.0
TOI 4796.01,8730.0,2.779,1415.0,665.763,15.3215,6355.0,4.12,1.0
TOI 4797.01,10895.0,1.594,1070.0,218.392,20.032,5932.0,4.09,1.0
TOI 4798.01,7330.0,1.873,792.0,65.4488,9.00518,4824.0,4.48,1.0
TOI 4799.01,7560.0,3.204,1496.0,832.08,12.891,6678.0,4.26,1.0
TOI 480.01,334.0145589,3.455761,1224.6157859,531.5209848,2.8144915,6212.63,4.438,2.0
TOI 4800.01,1980.0,0.875,741.0,50.2356,7.54314,6121.0,4.25,1.0
TOI 4802.01,3850.0,2.608,1844.0,1919.49,6.86542,5843.0,4.39,1.0
TOI 4803.01,2930.0,3.896,1004.0,168.924,8.2562,5782.9,4.11,1.0
TOI 4804.01,915.0,3.009,1514.0,873.95,8.28506,6675.0,3.75,1.0
TOI 4805.01,6480.0,4.547,983.0,155.205,9.52189,5444.0,4.24,1.0
TOI 4806.01,2000.0,3.79,1033.0,189.537,4.97976,5902.0,4.36,1.0
TOI 4807.01,10310.0,1.379,333.0,2.06218,8.80381,4496.0,4.52,1.0
TOI 4808.01,4760.0,2.18,1990.0,2605.29,16.1051,6308.0,3.88,0.0
TOI 4809.01,3606.5417294,4.0659641,1403.7743209,917.7199576,9.0734924,6211.0,4.18,1.0
TOI 481.01,4577.0,5.626,1111.0,253.126,11.9428,5760.0,3.97699,2.0
TOI 4810.01,2970.0,3.055,1930.0,2303.62,14.6399,6688.0,3.95,1.0
TOI 4812.01,3550.0,3.863,1753.0,1568.27,8.15594,6153.0,4.24,1.0
TOI 4814.01,20790.0,2.302,918.0,118.195,15.8197,5706.0,4.41,1.0
TOI 4815.01,10960.0,3.808,948.0,134.631,13.0195,5605.0,4.27,1.0
TOI 4816.01,10340.0,4.113,920.0,119.042,15.7487,6141.0,4.14,1.0
TOI 4817.01,42550.0,2.684,820.0,75.4043,12.0669,3722.0,4.65,0.0
TOI 4818.01,5706.9248795,2.9370342,1545.0922159,1346.9101325,8.8613965,6673.0,4.47,1.0
TOI 4819.01,22530.0,1.183,1245.0,399.352,14.0293,5150.0,4.57,1.0
TOI 482.01,14603.37238,2.943958,373.250606,4.5869403,9.098964,3692.0,4.78092,0.0
TOI 4820.01,6405.8040691,4.11505,738.2202692,70.1883225,10.9270095,6315.0,4.28,1.0
TOI 4821.01,5940.0,2.119,1137.0,278.238,12.6725,7182.0,4.23,1.0
TOI 4822.01,5140.0,3.771,2415.0,5650.08,15.8899,7586.0,4.22,1.0
TOI 4823.01,18231.0352508,3.1192423,1160.4576185,428.5861553,13.5887921,5736.0,4.45,1.0
TOI 4824.01,6630.0,4.651,1367.0,581.326,13.6708,5750.0,4.01,1.0
TOI 4826.01,8220.0,4.041,1262.0,421.342,13.7408,6137.0,4.2,1.0
TOI 4828.01,8910.0,3.938,536.0,13.7261,8.13514,4733.0,4.5,1.0
TOI 4829.01,3290.0,1.18,1732.0,1493.99,10.8393,6198.4,4.02,0.0
TOI 483.01,7074.3931388,5.3900978,1469.9084134,1103.2707506,15.1767346,5570.0,4.01069,1.0
TOI 4831.01,3610.0,4.029,1947.0,2389.95,16.5853,6196.0,3.59,1.0
TOI 4832.01,15800.0,1.547,735.0,48.6261,8.80341,3949.0,4.59,1.0
TOI 4833.01,4590.0,3.638,1802.0,1753.41,12.1216,7194.0,4.19,1.0
TOI 4834.01,5150.0,2.285,1133.0,273.914,8.60632,5218.8,4.27,1.0
TOI 4835.01,4920.0,3.032,1198.0,343.068,13.6454,6047.0,3.97,1.0
TOI 4836.01,3718.4722724,3.7190896,1058.6501351,296.8457469,13.7067,8086.0,4.1,1.0
TOI 4838.01,1865.5886518,0.638738,2529.0245379,9667.9228084,7.2902589,5690.2,4.0,0.0
TOI 484.01,9990.0,4.533,1075.0,222.388,8.96336,4425.0,4.57,0.0
TOI 4840.01,1180.0,2.545,1746.0,1543.44,4.05839,6536.0,4.45,0.0
TOI 4841.01,17990.0,3.554,795.0,66.4905,11.9294,5388.3,4.53,1.0
TOI 4843.01,4160.0,3.253,1054.0,205.555,10.7025,6643.0,4.16,1.0
TOI 4844.01,8670.0,2.92,1489.0,818.029,11.925,7333.0,4.45,1.0
TOI 4845.01,3393.7752478,4.9314032,1508.1261899,1222.564355,12.0136223,5367.0,3.79,1.0
TOI 4846.01,3220.0,3.191,2251.0,4267.44,4.08617,4963.0,4.63,0.0
TOI 4848.01,8088.7861019,2.1053503,1732.9675246,2131.4870511,18.0478848,7492.0,4.29,1.0
TOI 4849.01,6620.0,1.947,1369.0,583.235,8.08218,6783.0,4.62,0.0
TOI 485.01,1870.0,1.712,2105.0,3265.32,8.31491,6084.0,4.28965,0.0
TOI 4850.01,6370.0,3.492,1422.0,680.523,17.73,5938.0,4.32,1.0
TOI 4851.01,320.0,6.112,888.0,103.508,2.134,5967.0,4.36,1.0
TOI 4852.01,7940.0,4.646,1570.0,1009.89,13.364,7747.0,4.39,1.0
TOI 4853.01,10550.0,1.118,544.0,14.6012,9.46193,5508.0,4.53,1.0
TOI 4854.01,4600.0,2.559,1192.0,336.151,9.13123,5620.0,4.23,1.0
TOI 4855.01,4260.0,1.826,823.0,76.4611,16.4426,6419.0,3.86,1.0
TOI 4856.01,40070.0,1.898,292.0,1.21746,7.558,3376.0,4.87,0.0
TOI 4857.01,9030.0,2.761,1995.0,2630.38,13.7957,6309.0,4.23,1.0
TOI 4858.01,70067.1013669,1.4130673,666.1259003,46.5314175,16.6835695,3333.0,4.79,0.0
TOI 4859.01,11430.0,3.321,1147.0,287.355,18.372,5144.9,4.4,1.0
TOI 486.01,160.0,1.066,896.0,107.262,0.591815,3445.0,4.85243,2.0
TOI 4860.01,58060.0,1.196,687.0,37.1159,8.99483,3237.0,4.87,2.0
TOI 4861.01,1950.0,5.115,1948.0,2393.6,9.36413,6176.0,3.82,1.0
TOI 4862.01,10056.0,5.513,1010.0,172.857,9.93012,5427.9,4.49,2.0
TOI 4863.01,67270.0,2.538,375.0,3.28873,12.2535,3473.0,4.78,1.0
TOI 4864.01,5660.0,1.188,752.0,53.3051,9.54095,6119.0,4.4,1.0
TOI 4866.01,5250.0,3.688,1572.0,1015.01,9.32533,6524.0,4.32,1.0
TOI 4867.01,3370.0,4.249,2371.0,5246.76,11.2429,6996.0,4.1,1.0
TOI 487.01,520.0,5.219,666.0,32.6779,2.727569,5450.0,4.40968,1.0
TOI 4870.01,5510.0,2.618,1936.0,2335.94,8.20112,6146.0,4.54,1.0
TOI 4871.01,4140.0,1.471,2122.0,3371.36,19.8865,6176.0,4.12,1.0
TOI 4872.01,1810.0,3.465,2941.0,12427.4,9.77984,7938.0,3.92,1.0
TOI 4874.01,3720.0,2.881,2382.0,5350.8,14.738,8277.0,3.98,1.0
TOI 4875.01,6100.0,3.362,935.0,127.221,10.6608,6322.0,4.28,1.0
TOI 4877.01,4850.0,4.243,1524.0,896.671,12.0807,6718.0,4.15,1.0
TOI 4878.01,10770.0,1.398,773.0,59.5611,13.0542,5655.8,4.29,1.0
TOI 4879.01,4040.0,2.339,1099.0,242.224,9.71605,6543.0,4.2,1.0
TOI 488.01,1150.3177297,0.9682003,704.6326883,58.2602237,1.2107339,3332.0,4.91528,2.0
TOI 4880.01,11480.0,3.494,1630.0,1172.33,15.0586,6549.0,4.26,1.0
TOI 4881.01,3250.0,4.663,1405.0,647.404,11.2662,5306.0,3.78,1.0
TOI 4882.01,7040.0,2.438,1254.0,410.649,11.7883,6633.0,4.29,1.0
TOI 4883.01,6290.0,4.218,1614.0,1127.24,10.7052,6534.0,4.2,1.0
TOI 4886.01,12040.0,2.123,1436.0,706.995,19.6899,6951.0,4.18,0.0
TOI 4887.01,3850.0,5.228,2002.0,2667.28,12.2426,7868.0,4.13,1.0
TOI 4888.01,2670.0,4.259,1076.0,223.026,8.08768,6243.0,4.12,1.0
TOI 489.01,8994.5736642,3.9225178,1434.1143407,999.6687505,13.2844134,6096.0,4.21513,1.0
TOI 4890.01,8595.2872607,3.2974347,1763.0038602,2283.1479477,15.718004,6823.0,4.19,1.0
TOI 4892.01,6110.0,3.654,1323.0,509.073,11.1801,5850.0,4.17,1.0
TOI 4895.01,3510.0,1.636,764.0,56.781,11.2056,6956.0,4.12,1.0
TOI 4896.01,4600.0,4.411,1680.0,1325.48,10.5964,7102.0,4.23,1.0
TOI 4897.01,7630.0,2.149,1172.0,313.657,11.6239,6618.0,4.4,1.0
TOI 4898.01,2390.0,1.262,667.0,33.0144,3.48557,3830.0,4.62,1.0
TOI 4899.01,6010.0,3.28,2186.0,3793.38,14.4175,7228.0,4.15,1.0
TOI 490.01,10912.6752583,2.2499254,1578.6945221,1467.9572554,15.9952263,6304.0,4.35913,1.0
TOI 4900.01,7190.0,5.834,1327.0,516.192,14.8051,6085.0,4.04,1.0
TOI 4901.01,7300.0,2.492,539.0,14.0395,10.789,5295.9,4.22,1.0
TOI 4902.01,2710.0,1.873,953.0,137.464,9.49438,5541.0,4.01,0.0
TOI 4903.01,5270.0,4.595,1962.0,2462.94,12.5243,8065.0,4.27,1.0
TOI 4904.01,9250.0,1.722,1883.0,2090.41,19.2999,8765.0,4.21,1.0
TOI 4906.01,6760.0,3.662,845.0,84.7541,8.81618,6059.0,4.41,1.0
TOI 4908.01,4150.0,5.452,889.0,104.142,9.99929,6636.0,4.18,1.0
TOI 4909.01,6183.9678461,5.8782939,1007.8499578,243.8397642,16.0778778,6496.0,4.64,1.0
TOI 491.01,17008.0,3.125,1331.0,521.877,14.4797,5645.0,4.37683,1.0
TOI 4910.01,16086.399083,1.911388,964.5506052,204.5601687,14.6366494,5277.0,4.38,1.0
TOI 4911.01,7447.0,3.75,1741.0,1527.79,13.5074,7514.0,4.3,1.0
TOI 4912.01,10640.0,1.856,904.0,111.176,18.0468,5546.0,4.53,1.0
TOI 4913.01,3820.0,2.585,753.0,53.4345,4.75554,4689.0,4.55,1.0
TOI 4914.01,12920.0,1.638,574.0,18.1082,12.6054,5809.9,4.42,2.0
TOI 4916.01,2690.0,4.547,1584.0,1047.58,9.06392,5848.8,3.96,1.0
TOI 4917.01,9170.0,3.304,1377.0,597.141,13.3725,6681.0,4.33,1.0
TOI 4918.01,2860.0,3.342,1074.0,221.525,7.59526,5698.0,4.15,1.0
TOI 4919.01,9420.0,2.383,1221.0,369.697,16.5056,6050.0,4.09,1.0
TOI 492.01,6304.9170255,3.5718864,1728.2631239,2108.4361588,14.3229397,6280.0,4.08133,1.0
TOI 4920.01,4820.0,3.741,2094.0,3197.52,13.3195,6687.0,4.15,1.0
TOI 4923.01,4615.0,4.46,805.0,69.9889,9.95556,5501.0,4.17,1.0
TOI 4925.01,13125.9567011,3.436472,1370.5745345,833.9339122,15.9780798,5933.0,4.19,1.0
TOI 4926.01,1990.0,6.35,1579.0,1033.51,10.1542,6464.0,3.87,1.0
TOI 4927.01,2890.0,1.234,1886.0,2102.63,10.8868,5951.0,3.89,1.0
TOI 4928.01,3610.0,3.764,2254.0,4287.92,12.48,7544.0,4.05,1.0
TOI 493.01,2791.4272138,2.3016013,697.8613892,56.0528481,4.4955906,4383.0,4.56546,1.0
TOI 4930.01,2640.0,4.138,1169.0,310.079,5.88108,5804.0,4.33,1.0
TOI 4934.01,4590.0,5.405,3607.0,28108.4,12.9252,7518.0,4.23,0.0
TOI 4936.01,9470.0,3.64,1533.0,917.418,15.088,7121.0,4.27,1.0
TOI 4937.01,2340.0,6.675,1741.0,1527.97,11.6667,5838.0,3.66,1.0
TOI 4938.01,20130.0,2.665,1371.0,586.602,13.5499,5816.0,4.49,1.0
TOI 494.01,570.0,1.551,1246.0,400.827,1.96356,4985.0,4.67,1.0
TOI 4941.01,18990.0,1.985,801.0,68.3964,10.8822,4440.0,4.49,1.0
TOI 4942.01,3330.0,4.022,1142.0,283.041,7.01304,6274.0,4.35,1.0
TOI 4944.01,9210.0,1.176,825.0,77.2131,9.4389,5674.0,4.56,1.0
TOI 4945.01,14270.0,2.937,2785.0,9993.06,18.0511,6449.0,4.44,1.0
TOI 4946.01,5240.0,2.97,2917.0,12022.3,11.1303,7567.0,4.31,0.0
TOI 4947.01,4520.0,3.936,1663.0,1271.14,12.7772,6639.0,4.05,1.0
TOI 4948.01,3610.0,1.074,2241.0,4192.02,7.34189,5827.0,4.37,1.0
TOI 4949.01,12020.0,2.748,2135.0,3451.71,17.5347,6955.0,4.22,1.0
TOI 495.01,18699.0,2.783,2473.0,6216.41,22.0328,6459.0,4.24006,1.0
TOI 4950.01,4510.0,4.341,1953.0,2417.15,12.0264,6975.0,4.11,1.0
TOI 4951.01,2790.0,4.642,1566.0,1000.26,10.2079,5823.0,3.89,1.0
TOI 4952.01,1970.0,0.988,2352.0,5084.28,6.94706,7540.0,4.31,1.0
TOI 4953.01,12520.0,2.832,1643.0,1209.71,15.6559,6808.0,4.31,1.0
TOI 4954.01,9100.0,4.357,2020.0,2766.53,14.6987,10126.0,4.49,1.0
TOI 4955.01,10670.0,1.284,825.0,77.0719,9.6232,4924.0,4.5,1.0
TOI 4956.01,16220.0,1.011,643.0,28.5078,12.7621,5770.0,4.52,1.0
TOI 4957.01,3810.0,3.382,1471.0,778.408,15.6435,6870.0,3.82,1.0
TOI 4958.01,2167.0,5.812,237.0,0.530165,21.1132,6713.0,3.94,1.0
TOI 4959.01,11320.0,3.476,1346.0,545.801,13.7898,6183.0,4.21,1.0
TOI 4960.01,4240.0,1.615,1304.0,481.002,16.4885,6664.3,3.81,1.0
TOI 4961.01,17147.3051175,3.5371419,828.266397,111.2246815,13.4499302,5078.0,4.39,1.0
TOI 4964.01,12810.0,1.817,2612.0,7730.28,20.4041,6611.0,4.41,0.0
TOI 4965.01,2227.0,5.047,1233.0,384.263,9.46717,5353.0,4.29,1.0
TOI 4966.01,1480.0,5.53,1265.0,425.471,10.3927,5654.0,3.58,1.0
TOI 4967.01,3760.0,1.018,1964.0,2472.04,10.3319,5812.0,4.18,1.0
TOI 4968.01,11467.2654828,3.8169843,2020.3037543,3937.2018929,19.1583617,6731.0,4.11,1.0
TOI 4969.01,5140.0,3.579,1959.0,2446.41,13.6438,7277.0,4.17,1.0
TOI 497.01,11707.257241,3.031634,492.1777269,13.8678401,3.756355,3333.0,4.94824,0.0
TOI 4970.01,15572.8655746,3.9585267,1349.5949074,784.0336903,16.2870392,6859.0,4.4,1.0
TOI 4972.01,10560.0,2.42,1355.0,560.52,12.9788,5743.0,4.25,1.0
TOI 4973.01,6340.0,1.29,676.0,34.816,9.54103,5742.0,4.51,1.0
TOI 4976.01,6250.0,3.964,1835.0,1882.44,10.9691,6275.0,4.24,1.0
TOI 4977.01,27310.0,2.321,721.0,44.8696,14.6181,5333.0,4.55,1.0
TOI 4978.01,6800.0,1.538,1151.0,292.335,17.051,6389.0,4.07,1.0
TOI 4979.01,570.0,2.303,1876.0,2058.82,5.32844,5156.0,4.14,1.0
TOI 4981.01,1250.0,0.25,2489.0,6373.11,11.9597,6046.0,4.42,1.0
TOI 4982.01,9060.0,3.177,1663.0,1270.4,15.79,6020.0,4.09,1.0
TOI 4985.01,17670.0,2.968,2225.0,4074.35,34.7616,7819.0,4.24,0.0
TOI 4986.01,9920.0,2.884,1137.0,277.451,22.1605,6345.0,3.89,1.0
TOI 4987.01,5850.0,2.517,1404.0,646.761,20.7112,6736.9,3.76,2.0
TOI 4988.01,46129.4275972,1.8925768,843.3573872,119.5549647,21.171114,3986.0,4.57,1.0
TOI 4989.01,13770.0,1.795,1027.0,185.229,21.1656,5654.0,3.91,1.0
TOI 4990.01,5940.0,2.621,922.0,120.336,13.3798,5373.0,4.02,1.0
TOI 4991.01,29130.0,0.857,922.0,120.256,13.5452,3601.0,4.58,1.0
TOI 4992.01,11440.0,3.148,1264.0,424.843,18.7724,6356.0,4.08,1.0
TOI 4993.01,3680.0,4.824,1708.0,1415.95,12.6882,5369.0,3.75,1.0
TOI 4994.01,5960.0,4.199,608.0,22.7774,9.09747,5520.0,4.34,2.0
TOI 4995.01,2140.0,2.45,851.0,87.107,8.87975,6124.0,3.95,1.0
TOI 4996.01,5030.0,4.932,1595.0,1074.75,15.2753,6287.0,3.88,1.0
TOI 4998.01,4340.0,4.245,1031.0,187.783,9.06075,6113.0,4.25,1.0
TOI 4999.01,2220.0,5.066,1392.0,624.784,9.33343,5698.0,3.84,1.0
TOI 500.01,226.8573536,0.9424668,1577.3911825,1463.1155872,1.3591774,4590.0,4.50961,2.0
TOI 5001.01,8170.0,4.185,1542.0,939.466,13.2155,6763.0,4.24,1.0
TOI 5002.01,10850.0,3.231,1408.0,653.055,13.3208,6129.0,4.32,1.0
TOI 5003.01,9790.0,1.16,806.0,70.3253,12.2601,6188.0,4.41,1.0
TOI 5004.01,8710.0,4.004,1429.0,692.871,10.0697,5470.0,4.45,1.0
TOI 5005.01,3690.0,2.871,1012.0,174.188,6.00429,5840.0,4.48,2.0
TOI 5006.01,2370.0,4.228,2372.0,5255.5,14.4712,8653.0,3.85,1.0
TOI 5007.01,21300.0,1.12,615.0,23.828,10.6224,3757.0,4.61,2.0
TOI 5008.01,10790.0,3.748,1500.0,840.782,10.2658,5183.0,4.43,1.0
TOI 5009.01,2870.0,7.683,2291.0,4574.7,17.9327,9169.0,3.73,1.0
TOI 501.01,12680.0,1.79,1493.0,826.113,17.2191,5720.0,4.16816,1.0
TOI 5010.01,29370.0,1.377,437.0,6.07437,12.843,3980.0,4.57,1.0
TOI 5011.01,7607.398609,1.6531467,965.2816733,205.1810486,6.7707607,4471.0,4.49,1.0
TOI 5012.01,3750.0,2.146,1958.0,2440.51,14.8687,10708.0,4.36,1.0
TOI 5013.01,2890.0,1.43,704.0,40.9859,13.4707,6620.0,3.89,1.0
TOI 5014.01,2270.0,3.498,1495.0,830.757,8.16973,5712.0,3.99,1.0
TOI 5015.01,8790.0,3.425,1868.0,2024.13,16.1215,6333.0,4.07,1.0
TOI 5016.01,20090.0,2.592,2357.0,5124.73,23.5753,5442.0,4.4,0.0
TOI 5017.01,3070.0,5.049,1732.0,1495.44,12.6215,5575.2,3.71,1.0
TOI 5018.01,1570.0,1.553,905.0,111.468,5.98453,6353.0,4.24,1.0
TOI 5019.01,5240.0,1.895,2156.0,3593.4,8.96609,5479.0,4.31,1.0
TOI 5020.01,3650.0,5.64,1694.0,1370.06,11.8547,6279.0,3.91,1.0
TOI 5021.01,6210.0,6.124,1125.0,266.841,11.8674,6480.9,4.2,1.0
TOI 5022.01,17150.0,2.1,1294.0,465.777,13.6382,5455.0,4.39,1.0
TOI 5023.01,68800.0,0.632,398.0,4.17143,17.0496,3199.0,4.9,1.0
TOI 5024.01,4630.0,4.996,920.0,119.223,10.2309,6247.0,4.19,1.0
TOI 5025.01,12880.0,2.783,1982.0,2563.35,16.5935,8219.0,4.44,1.0
TOI 5027.01,9410.0,2.999,1035.0,190.912,11.2818,5845.9,4.5,2.0
TOI 5028.01,8020.0,3.169,1364.0,575.011,20.2069,5806.0,3.78,1.0
TOI 5029.01,5880.0,2.565,1766.0,1616.52,10.8516,8615.0,4.49,1.0
TOI 503.01,3949.0,1.441,1475.0,786.44,11.426,7887.0,4.28126,2.0
TOI 5033.01,1600.0,1.274,437.0,6.09736,1.39203,3465.0,4.86,1.0
TOI 5034.01,2130.0,2.726,749.0,52.2984,3.59413,5160.9,4.61,1.0
TOI 5035.01,5130.0,3.175,1008.0,171.882,8.06972,5406.0,4.37,1.0
TOI 5036.01,5210.0,2.516,516.0,11.794,11.5797,5393.0,4.06,1.0
TOI 5037.01,15857.5159207,3.4302475,1395.887109,897.2680177,17.7780627,6433.0,4.3,1.0
TOI 5039.01,3670.0,3.749,1887.0,2106.93,11.6242,5709.0,3.94,1.0
TOI 504.01,3910.0,2.352,3110.0,15535.1,29.2836,6915.0,4.17618,0.0
TOI 5040.01,4420.0,3.135,1617.0,1136.54,15.6348,6445.0,3.97,1.0
TOI 5041.01,41803.8414084,0.9663799,910.7685622,162.6122005,12.8031517,3423.0,4.79,1.0
TOI 5042.01,940.0,5.877,1562.0,989.195,6.99657,5784.0,3.72,1.0
TOI 5043.01,26100.0,3.148,1102.0,245.058,14.5097,5061.0,4.5,1.0
TOI 5044.01,3308.3022418,4.494587,1515.5765796,1246.9026373,13.1283718,5964.0,3.83,1.0
TOI 5045.01,8320.0,3.545,1542.0,940.992,14.4016,6052.0,4.1,1.0
TOI 5047.01,18810.0,3.367,803.0,69.2385,12.5859,4881.0,4.47,1.0
TOI 5049.01,10330.0,2.679,1297.0,470.192,12.9535,5508.0,4.36,1.0
TOI 505.01,10603.9863905,4.0123108,1616.2640286,1612.761812,16.0269619,6003.0,4.16979,1.0
TOI 5050.01,5650.0,2.071,1574.0,1020.03,13.5732,6692.0,4.25,1.0
TOI 5051.01,15550.0,2.842,1021.0,180.551,14.8005,4708.0,4.21,1.0
TOI 5052.01,19690.0,2.988,1145.0,286.231,15.0245,5496.0,4.36,1.0
TOI 5053.01,15630.0,3.432,650.0,29.7162,10.3147,4456.0,4.46,1.0
TOI 5054.01,7990.0,2.653,1266.0,427.599,13.6161,6160.0,4.2,1.0
TOI 5055.01,2560.0,3.634,2796.0,10148.1,14.2961,5551.0,4.01,0.0
TOI 5056.01,2000.0,4.794,1304.0,480.358,8.82795,6066.0,3.91,1.0
TOI 5059.01,20650.0,2.935,656.0,30.7909,11.5115,4676.0,4.54,1.0
TOI 506.01,693.389889,2.393565,1170.9058394,444.231028,2.582442,5280.0,4.44454,0.0
TOI 5060.01,13410.0,2.229,3219.0,17833.5,14.8016,9561.0,4.68,1.0
TOI 5061.01,7010.0,3.14,1558.0,978.355,11.8831,6443.0,4.3,1.0
TOI 5062.01,1570.0,5.174,1401.0,639.699,8.34496,5692.8,3.81,1.0
TOI 5063.01,9490.0,3.323,1665.0,1276.89,15.4064,6955.0,4.25,1.0
TOI 5064.01,960.0,2.791,1356.0,561.487,5.42543,5860.0,4.06,1.0
TOI 5065.01,1700.0,3.568,662.0,31.9085,5.50689,6128.0,4.23,1.0
TOI 5066.01,1226.0,1.208,2162.0,3632.59,7.22545,7509.4,4.07,1.0
TOI 5067.01,1469.0,2.651,946.0,133.083,3.36071,4954.0,4.47,1.0
TOI 5068.01,1238.0,2.58,1166.0,307.522,2.93924,5069.2,4.46,1.0
TOI 5069.01,280.0,6.144,1378.0,599.445,3.014,6332.0,3.99,1.0
TOI 507.01,58768.3536154,1.2066668,866.8813273,133.4667668,17.1200078,3338.0,4.9469,1.0
TOI 5070.01,2060.0,2.759,1432.0,699.959,7.46488,6304.0,4.16,0.0
TOI 5071.01,863.0,1.355,1461.0,757.167,3.44449,6115.5,4.33,1.0
TOI 5072.01,13002.0,2.356,935.0,126.877,7.50399,4664.8,4.68,1.0
TOI 5073.01,11087.0,3.957,1597.0,963.197,15.9004,5653.4,4.08,1.0
TOI 5074.01,8926.432346,3.4870958,1937.7234037,3331.8707078,17.0613,7511.0,4.21,1.0
TOI 5075.01,355.0,1.433,2240.0,4181.14,4.95462,8638.0,3.93,0.0
TOI 5076.01,1623.0,4.392,527.0,12.8373,3.02618,4794.4,4.47,2.0
TOI 5077.01,747.0,3.534,2079.0,3105.54,9.19044,5641.0,3.85,1.0
TOI 5078.01,408.0,1.232,1346.0,545.9,1.47339,4595.0,4.63,1.0
TOI 5079.01,907.0,1.594,1409.0,654.339,2.23482,5125.0,4.56,0.0
TOI 508.01,11890.0,4.065,1722.0,1460.67,18.7958,7346.0,4.14208,1.0
TOI 5080.01,2287.0,4.584,1214.0,361.739,7.23871,5583.6,4.11,1.0
TOI 5081.01,3110.0,1.972,1356.0,562.184,9.23587,6283.4,4.18,1.0
TOI 5082.01,842.0,2.353,1113.0,255.637,2.64301,5670.0,4.5,2.0
TOI 5083.01,2280.0,2.245,919.0,118.638,3.3985,4072.0,4.62,1.0
TOI 5084.01,274.0,2.039,740.0,49.8722,1.15554,4544.0,4.54,1.0
TOI 5085.01,550.0,4.48,1535.0,921.698,2.89398,5785.0,4.19,1.0
TOI 5086.01,7778.0,2.287,1552.0,963.566,13.1937,6135.5,4.21,1.0
TOI 5087.01,1909.0,3.646,658.0,31.2616,3.7275,4230.6,4.48,1.0
TOI 5088.01,822.0,4.056,1611.0,1120.27,3.76664,5638.7,4.56,1.0
TOI 5088.02,550.0,3.665,782.0,62.2227,1.53506,5638.7,4.56,1.0
TOI 5089.01,1290.3750314,2.4556787,1369.8736571,832.2294086,5.6708634,6315.7,4.17,1.0
TOI 509.01,875.0,3.342,864.0,92.839,2.67607,5560.26,4.438,2.0
TOI 509.02,960.7539877,5.3847459,621.592122,35.2811724,3.0010426,5560.26,4.438,2.0
TOI 5090.01,132105.0435175,1.1139386,543.4709395,20.6170397,10.8910702,3213.0,4.93347,1.0
TOI 5091.01,11340.0,3.705,1685.0,1340.13,16.4955,6832.0,4.2575,1.0
TOI 5093.01,30832.0537335,2.0873186,963.6320245,203.7820374,13.7058869,4221.54,4.45733,1.0
TOI 5094.01,6765.8704326,1.8580034,595.1913226,29.6583759,4.1305078,3552.0,4.74,1.0
TOI 5095.01,13705.5317992,0.9158601,447.8143065,9.5041407,4.2083193,3204.0,4.93668,1.0
TOI 5096.01,23676.0,1.615,846.0,85.1168,11.1331,4604.0,4.64,1.0
TOI 5097.01,3650.0,1.185,393.0,3.99828,2.06081,3413.0,4.91,1.0
TOI 5098.01,10892.9403038,4.2332052,1687.334743,1915.6933754,19.1202757,6466.0,4.07444,1.0
TOI 5099.01,867.6358458,1.3457797,1182.8796624,462.6827,6.2516257,6761.32,3.96878,1.0
TOI 5100.01,13153.3310188,2.445241,1419.2316453,958.8135146,16.9569136,6028.0,4.2444,1.0
TOI 5101.01,1059.0,5.341,1563.0,992.258,5.44119,6283.0,4.17177,1.0
TOI 5104.01,12039.4608136,3.9844446,1354.8522096,796.3219695,16.1683559,6278.0,4.20771,1.0
TOI 5105.01,5839.0,4.152,1528.0,905.997,15.8181,6355.8,3.89,1.0
TOI 5106.01,840.0,1.095,1485.0,807.375,7.79741,7182.5,3.91,1.0
TOI 5107.01,310.0,1.633,2530.0,6809.52,5.7988,9758.0,3.8,0.0
TOI 5108.01,1740.0,2.173,927.0,122.785,6.28796,5880.0,4.22,2.0
TOI 5109.01,1600.0,1.693,2035.0,2847.04,20.5754,9124.0,3.46,1.0
TOI 511.01,11199.9266299,3.7362246,1529.9640816,1294.9289564,15.4971874,6373.0,4.27283,1.0
TOI 5110.01,2293.0,3.852,549.0,15.1027,11.2128,6083.0,3.74,2.0
TOI 5111.01,1101.0,1.599,688.0,37.2966,1.9149,3807.0,4.68,1.0
TOI 5112.01,1236.0,3.564,659.0,31.4267,2.17742,3973.0,4.65,1.0
TOI 5113.01,462.0,2.551,1250.0,405.932,2.75771,6113.0,4.21,1.0
TOI 5115.01,1140.0,3.512,681.0,35.732,2.38171,5129.0,4.67,1.0
TOI 5116.01,2580.0,2.11,969.0,146.577,4.18368,4870.0,4.53,1.0
TOI 5117.01,930.0,3.37,855.0,89.0703,3.51877,6247.5,4.39,1.0
TOI 5118.01,304.0,2.216,2067.0,3031.49,2.51186,6635.0,4.19,1.0
TOI 512.01,285.257999,2.9505752,830.5601795,112.4619017,1.5254582,5581.0,4.52166,2.0
TOI 5120.01,6260.0,6.745,745.0,51.1862,12.0398,5778.4,4.12,1.0
TOI 5122.01,639.0,1.377,1824.0,1838.7,6.12917,6148.7,4.25,1.0
TOI 5123.01,1163.6040257,1.9734854,908.8517497,161.2475751,2.5044826,4783.6,4.59,1.0
TOI 5123.02,1269.2030732,2.5274041,663.3374243,45.7571538,3.0161255,4783.6,4.59,1.0
TOI 5124.01,690.0,1.832,2156.0,3593.53,8.40705,6290.0,3.49,0.0
TOI 5125.01,435.0,2.784,1296.0,468.76,2.96154,6710.0,4.21,1.0
TOI 5126.01,1230.0,3.39,1247.0,402.195,4.40571,6223.0,4.33,2.0
TOI 5126.02,771.0,4.555,824.0,76.5725,3.00633,6223.0,4.33,2.0
TOI 5127.01,547.0,3.11,753.0,53.5244,2.60324,6160.0,4.39,1.0
TOI 5128.01,1898.0,3.018,1312.0,492.37,9.00796,7642.0,4.09,1.0
TOI 5129.01,979.0,1.78,840.0,82.6575,3.6822,6178.0,4.36,1.0
TOI 513.01,16635.28994,3.684343,593.1709781,29.2577267,3.493627,3266.0,4.98546,0.0
TOI 5130.01,282.0,4.416,2301.0,4654.09,1.77975,6224.0,4.36,1.0
TOI 5131.01,9450.0,1.019,360.0,2.79712,6.37051,4427.0,4.67,1.0
TOI 5133.01,1500.0,4.586,1223.0,371.746,7.19468,8158.9,4.34,0.0
TOI 5134.01,445.0,2.037,929.0,123.942,2.77633,6474.0,4.32,0.0
TOI 5135.01,426.0,2.563,1689.0,1353.12,3.29943,5810.0,3.96,0.0
TOI 5136.01,480.0,3.393,1085.0,230.628,2.70889,5906.9,4.3,1.0
TOI 5138.01,23043.2055193,1.8278099,1073.564736,313.9308182,12.6001269,4377.0,4.50156,1.0
TOI 5139.01,3540.0,1.544,732.0,47.8442,7.14437,3859.0,4.65384,1.0
TOI 514.01,16337.7657792,3.8062467,667.4487415,46.9021418,11.1984741,5027.0,4.51935,1.0
TOI 5140.01,520.4897607,3.2002615,829.6557911,111.9728668,2.9033347,6061.77,4.31439,1.0
TOI 5141.01,1504.894167,5.5649352,1039.2173413,275.6427299,6.9724932,5609.0,3.93083,1.0
TOI 5142.01,14716.5922677,1.7729986,1384.2569724,867.7365296,12.622985,5306.0,4.43,1.0
TOI 5143.01,11394.4691538,1.6975678,904.4759937,158.1645607,12.0204139,5296.38,4.53407,1.0
TOI 5143.02,1128.6229858,1.9448395,1173.6702026,448.4410045,2.8597467,5296.38,4.53407,1.0
TOI 5145.01,6150.3984312,3.150639,782.7242061,88.706626,6.5930786,5322.0,4.5528,1.0
TOI 5146.01,1321.020031,2.640621,470.166566,11.5485637,2.1128666,3920.0,4.6932,1.0
TOI 5147.01,4270.0,0.739,573.0,17.9382,7.07511,5174.39,4.4946,1.0
TOI 5148.01,4940.0,6.023,1501.0,843.513,13.5595,5447.0,3.86,1.0
TOI 5149.01,11052.8460427,9.708321,797.2741655,95.4886533,18.3071322,5903.0,4.0,1.0
TOI 515.01,25980.7010915,2.3721346,956.8339703,198.0921858,12.1120086,4973.0,4.438,2.0
TOI 5150.01,2116.0,3.218,3660.0,29799.8,13.9433,6640.0,3.76,0.0
TOI 5151.01,27400.0,4.425,298.0,1.32226,16.0082,5643.0,4.44,1.0
TOI 5152.01,3708.0,4.024,449.0,6.76453,11.6348,6207.0,3.99,2.0
TOI 5153.01,5936.0,4.478,739.0,49.5559,11.3547,6408.0,4.27,2.0
TOI 5155.01,1633.7953711,2.7073092,552.1381323,21.964027,2.8237599,4147.0,4.55,1.0
TOI 5156.01,1265.0,2.035,750.0,52.664,8.99211,5857.9,4.4,1.0
TOI 5158.01,1940.0,2.408,1141.0,281.823,10.3209,5890.5,3.76,1.0
TOI 5159.01,256.7044803,2.6998895,866.292942,133.1006284,1.6134349,5259.0,4.53,1.0
TOI 5159.02,145.1854235,2.4652655,1013.3032371,249.1602293,1.0301459,5259.0,4.53,1.0
TOI 5160.01,447.0,2.051,1016.0,177.537,2.23474,5653.3,4.41,1.0
TOI 5161.01,1200.0,2.428,690.0,37.7733,2.96374,4181.8,4.4,1.0
TOI 5162.01,4321.4694896,3.0961685,867.4395087,133.8066806,6.9223911,5545.3,4.41,1.0
TOI 5163.01,2380.0,3.16,668.0,33.0649,5.07911,5480.8,4.41,1.0
TOI 5164.01,1316.0,3.328,958.0,140.125,3.44807,5411.1,4.49,1.0
TOI 5165.01,1300.0,1.662,870.0,95.4633,3.3001,4642.1,4.43,1.0
TOI 5166.01,390.0,1.409,1305.0,482.108,1.7148,5502.0,4.53,1.0
TOI 5167.01,6410.0,4.125,1490.0,819.404,14.3194,6504.4,4.05,1.0
TOI 5168.01,2930.0,2.836,965.0,144.17,5.07965,5231.0,4.49,1.0
TOI 5169.01,738.0,1.487,709.0,42.1222,2.25604,5002.0,4.56836,1.0
TOI 517.01,9891.3681761,2.4234353,728.1185957,66.4246834,11.9173601,5522.0,4.39493,0.0
TOI 5170.01,2238.4830035,4.9375033,810.7827881,102.1266495,5.7395617,5790.7,4.3,1.0
TOI 5171.01,12007.7992641,3.9993972,726.6499887,65.8903912,11.7676797,5780.0,4.438,1.0
TOI 5172.01,1410.4539374,2.7238343,763.2360985,80.1967213,3.124138,4570.0,4.59581,1.0
TOI 5173.01,14273.8513137,2.0958153,1115.4142221,365.8185403,12.9627879,5318.0,4.33106,1.0
TOI 5174.01,1670.1310625,4.8876935,808.3726382,100.9111624,4.8045458,5643.77,4.35958,2.0
TOI 5175.01,16276.2815794,1.5226064,855.3595051,126.5073461,15.6545004,4797.5,4.27798,1.0
TOI 5176.01,37499.7343542,3.5018936,350.8176432,3.5797006,10.5079933,3728.0,4.70337,1.0
TOI 5177.01,151.0,3.992,2185.0,3785.82,1.8831,6183.0,4.06,1.0
TOI 5178.01,1450.8250307,2.7078373,629.3763076,37.0819499,3.1908777,5141.67,4.53051,1.0
TOI 5179.01,1940.0,0.445,2447.0,5953.77,5.53402,5702.0,4.43,1.0
TOI 518.01,976.801579,2.124101,720.7196301,63.7655934,3.618524,5596.0,4.32233,1.0
TOI 5180.01,7890.0,1.753,1384.0,609.495,15.9998,6976.0,4.16,1.0
TOI 5181.01,6100.0,2.652,1236.0,387.931,13.0318,5943.0,4.03,1.0
TOI 5182.01,2050.0,3.218,974.0,149.732,4.15031,5718.0,4.53,1.0
TOI 5183.01,9227.4218481,3.4295122,1635.5605318,1691.1708699,15.259201,5919.0,4.1,1.0
TOI 5184.01,3350.0,2.087,1642.0,1207.23,10.5509,5810.0,3.99,0.0
TOI 5185.01,7750.0,4.399,1603.0,1098.85,17.4175,6353.0,3.94,1.0
TOI 5186.01,9960.0,2.828,2120.0,3356.68,17.5644,8076.0,4.25,1.0
TOI 5187.01,2180.0,4.862,833.0,80.0325,6.12838,6263.0,4.3,1.0
TOI 5188.01,940.0,6.077,726.0,46.3189,6.9652,5395.0,3.7,1.0
TOI 5189.01,8710.0,3.258,1147.0,287.739,14.3253,5999.0,4.41,0.0
TOI 519.01,110215.6795079,1.2121003,691.3390016,53.9865076,11.9244053,3225.0,5.00457,2.0
TOI 5190.01,5080.0,4.412,1475.0,786.234,12.6677,6728.0,4.12,1.0
TOI 5191.01,6680.0,3.669,2237.0,4163.14,15.5158,8032.0,4.17,1.0
TOI 5192.01,8600.0,4.672,1512.0,868.672,16.0689,6121.7,4.02,1.0
TOI 5193.01,2960.0,3.906,642.0,28.2737,4.7954,5469.0,4.53,1.0
TOI 5194.01,4950.0,3.543,1050.0,202.23,9.80458,5889.0,4.2,1.0
TOI 5195.01,6440.0,3.111,1523.0,895.126,12.6359,6124.0,4.13,1.0
TOI 5196.01,10430.0,2.882,1533.0,917.773,12.6572,5854.0,4.28,1.0
TOI 5198.01,8540.0,2.91,1427.0,689.893,13.2175,5957.4,4.18,0.0
TOI 5199.01,37860.0,1.846,625.0,25.4932,12.4444,3773.0,4.64,0.0
TOI 520.01,82.9259401,2.3004521,3256.1988827,26568.3567102,1.4861645,7450.0,4.33986,1.0
TOI 5200.01,2060.0,2.967,1067.0,215.608,11.4845,6520.0,4.26,1.0
TOI 5201.01,13730.0,3.462,1318.0,502.171,17.8128,5704.0,4.1,1.0
TOI 5202.01,1470.0,2.66,659.0,31.4696,7.6965,6382.0,4.07,1.0
TOI 5203.01,2080.0,6.424,993.0,161.672,10.2442,5907.2,3.75,1.0
TOI 5204.01,5300.0,3.244,2388.0,5402.33,14.4804,6589.0,3.98,1.0
TOI 5205.01,68050.0,1.202,653.0,30.1966,11.1125,3262.0,4.83,2.0
TOI 5206.01,5000.0,6.451,1787.0,1694.87,17.4958,5972.0,3.72,1.0
TOI 5207.01,13290.0,3.696,372.0,3.18912,6.41046,3850.0,4.68,1.0
TOI 5209.01,21500.0,2.207,1303.0,479.892,13.8231,5900.0,4.54,1.0
TOI 521.01,2154.4855781,1.1958898,709.8873414,60.0176145,1.9653032,3439.0,4.97486,2.0
TOI 5210.01,7630.0,3.543,1228.0,377.954,11.6029,5569.0,4.21,1.0
TOI 5211.01,13710.0,3.22,1951.0,2405.31,18.2172,6379.0,4.15,1.0
TOI 5212.01,3193.9893038,3.6926411,1687.9788551,1918.6201878,11.6862609,5911.0,4.11,0.0
TOI 5213.01,7690.0,1.083,990.0,159.735,16.84,6254.0,4.42,1.0
TOI 5214.01,2710.0,5.577,1513.0,871.955,13.3147,5840.8,3.65,1.0
TOI 5215.01,7290.0,3.655,1043.0,196.654,11.1736,5873.0,4.21,1.0
TOI 5216.01,2130.0,3.518,2379.0,5318.45,10.1981,6818.0,3.89,1.0
TOI 5217.01,2960.0,4.113,1502.0,847.146,12.9868,6029.0,3.71,1.0
TOI 5218.01,19180.7233775,2.3462656,675.4063492,49.1792111,9.3875781,3937.0,4.59,2.0
TOI 5219.01,7680.0,3.547,1710.0,1422.54,16.2965,6095.0,3.95,1.0
TOI 522.01,110.7179018,1.5006666,3963.2340986,58306.893695,2.108062,7381.0,4.438,1.0
TOI 5220.01,12940.0,2.873,1917.0,2243.2,18.0794,6655.0,4.19,1.0
TOI 5221.01,13312.0,2.757,1076.0,223.224,10.688,5536.0,4.48,1.0
TOI 5223.01,13698.7386688,4.2275632,1503.3146725,1207.0370102,18.7081977,6424.0,4.18,1.0
TOI 5224.01,3320.0,5.909,1706.0,1409.33,14.0062,6228.0,3.72,1.0
TOI 5225.01,3520.0,1.706,428.0,5.57635,8.88483,5721.0,4.19,1.0
TOI 5226.01,32460.0,5.456,1134.0,275.376,17.0783,5707.0,4.5,0.0
TOI 5227.01,4800.0,2.851,1279.0,445.556,9.10598,5824.6,4.24,1.0
TOI 5228.01,4460.0,2.771,858.0,90.1896,11.2943,5899.0,4.03,1.0
TOI 5229.01,1240.0,2.947,941.0,130.7,3.4729,5087.5,4.41,1.0
TOI 5230.01,14520.0,3.169,923.0,120.883,12.0822,5685.0,4.46,1.0
TOI 5231.01,1180.0,3.619,2623.0,7863.45,10.3854,6529.0,3.58,0.0
TOI 5232.01,5620.0,4.557,1637.0,1193.86,12.9734,6212.0,4.04,2.0
TOI 5233.01,2560.0,1.668,387.0,3.75556,5.77167,5795.0,4.41,1.0
TOI 5234.01,520.0,4.403,934.0,126.721,2.71644,6511.0,4.42,1.0
TOI 5235.01,1980.0,2.368,681.0,35.8503,8.19739,5721.0,4.38,1.0
TOI 5236.01,3400.0,7.182,1291.0,461.346,9.89885,6188.0,3.83,1.0
TOI 5237.01,13920.0,1.858,1172.0,314.21,17.7415,6002.0,4.18,1.0
TOI 5238.01,2180.0,2.584,1042.0,195.925,4.89644,5430.5,4.42,2.0
TOI 5239.01,5080.0,2.956,773.0,59.5158,8.83548,5969.0,4.29,1.0
TOI 5240.01,4900.0,5.161,2040.0,2876.9,16.1603,7349.0,3.93,2.0
TOI 5241.01,7040.0,2.818,1047.0,199.608,12.0967,5506.0,4.14,1.0
TOI 5242.01,16500.0,1.87,1099.0,242.515,11.4754,5074.0,4.51,1.0
TOI 5243.01,8160.0,1.966,1673.0,1301.71,16.2542,5995.0,3.96,1.0
TOI 5244.01,4930.0,4.249,1374.0,592.328,10.6708,5929.0,4.1,1.0
TOI 5246.01,6460.0,1.095,2086.0,3144.23,14.5958,6556.0,4.09,0.0
TOI 5247.01,11460.0,1.8,601.0,21.7315,15.194,5606.0,4.21,1.0
TOI 5249.01,15300.0,2.844,1159.0,300.005,12.8401,6007.0,4.44,1.0
TOI 525.01,556.6027212,6.1932625,1002.8611977,239.0475595,4.4404093,7064.0,4.22374,1.0
TOI 5250.01,8350.0,2.222,1092.0,236.789,20.2415,6815.0,3.92,1.0
TOI 5251.01,8900.0,2.393,1704.0,1400.15,14.7239,6756.0,4.24,1.0
TOI 5252.01,6460.0,5.884,1359.0,566.287,13.4388,6369.0,4.08,1.0
TOI 5254.01,3420.0,3.542,1279.0,445.248,13.9078,5646.0,3.69,1.0
TOI 5255.01,7680.0,3.005,1562.0,989.904,12.9095,5874.0,4.14,1.0
TOI 5256.01,6630.0,4.228,552.0,15.5174,6.85964,4934.0,4.5,1.0
TOI 5257.01,2060.0,5.69,2096.0,3205.65,12.9757,5990.0,3.54,0.0
TOI 5258.01,2450.0,1.0,2111.0,3301.1,9.90447,6337.0,4.0,0.0
TOI 5259.01,13790.0,2.078,1248.0,403.028,12.5315,6071.0,4.44,1.0
TOI 526.01,8072.469566,4.380607,438.2935835,8.7213046,6.21451,3617.0,4.81052,0.0
TOI 5260.01,1310.0,6.258,1165.0,306.111,3.97249,4780.0,4.25,0.0
TOI 5261.01,9780.0,2.029,990.0,159.592,10.8804,5686.0,4.41,1.0
TOI 5262.01,1240.0,2.908,1548.0,953.868,3.97027,5856.0,4.37,0.0
TOI 5263.01,16270.0,2.201,1211.0,357.357,20.3727,5950.0,4.09,1.0
TOI 5264.01,10600.0,5.435,1861.0,1995.4,19.9341,6812.0,4.04,1.0
TOI 5265.01,832.0,1.968,649.0,29.4907,3.16826,5896.0,4.4,1.0
TOI 5266.01,11300.0,2.387,1437.0,709.493,18.0459,6006.0,4.46,0.0
TOI 5267.01,1020.0,4.766,872.0,96.0669,2.8229,5546.0,4.55,1.0
TOI 5268.01,38060.0,0.598,438.0,6.13725,12.5176,3162.0,4.92,0.0
TOI 5269.01,1700.0,1.994,1903.0,2179.86,9.45026,8524.0,4.06,1.0
TOI 5270.01,5720.0,2.562,2978.0,13073.2,16.1359,7529.0,3.98,1.0
TOI 5272.01,3520.0,4.396,1398.0,635.189,9.19425,5930.0,4.08,1.0
TOI 5273.01,5200.0,2.233,1251.0,406.598,7.9526,6109.0,4.43,0.0
TOI 5274.01,3730.0,2.447,698.0,39.468,4.7793,4310.0,4.5,1.0
TOI 5275.01,4280.0,0.876,366.0,2.98815,8.14346,5251.0,4.32,0.0
TOI 5277.01,7870.0,3.747,753.0,53.3959,13.4988,6132.0,4.13,1.0
TOI 5278.01,104138.5602976,1.0529945,1016.912095,252.7287521,17.9748711,3349.0,4.84,1.0
TOI 5279.01,7450.0,2.151,541.0,14.2918,8.86029,5733.4,4.42,1.0
TOI 528.01,24987.7992456,3.1475424,688.5833009,53.1308724,9.045877,3965.0,4.68568,0.0
TOI 5280.01,2650.0,2.886,967.0,145.183,9.81811,6543.2,4.02,1.0
TOI 5281.01,7530.0,4.025,1282.0,448.634,12.7051,5865.0,4.13,1.0
TOI 5282.01,4390.0,1.209,1467.0,769.854,9.7757,6082.0,4.17,1.0
TOI 5283.01,3050.0,2.725,1058.0,208.013,9.02158,6817.0,4.18,0.0
TOI 5284.01,13040.0,2.019,1638.0,1195.69,21.5462,6555.0,4.03,1.0
TOI 5285.01,18080.0,2.188,705.0,41.2399,10.2627,4076.0,4.49,1.0
TOI 5286.01,11160.0,2.352,1212.0,358.69,9.7209,5735.0,4.54,1.0
TOI 5288.01,18330.0,2.565,955.0,138.253,11.0835,4780.0,4.5,1.0
TOI 5289.01,2660.0,2.669,1197.0,341.303,4.89568,5244.0,4.44,1.0
TOI 529.01,85643.986097,4.956738,463.5504123,10.9121139,6.98229,3021.0,5.10725,0.0
TOI 5291.01,2390.0,1.35,1115.0,256.685,6.24136,5603.0,4.27,1.0
TOI 5292.01,44030.0,1.133,680.0,35.677,13.4378,3767.0,4.66,1.0
TOI 5293.01,50830.0,1.73,662.0,31.8905,11.8933,3692.0,4.77,2.0
TOI 5296.01,18980.0,1.691,1279.0,444.5,10.8015,5362.8,4.65,0.0
TOI 5297.01,5640.0,2.106,1265.0,426.381,11.7342,6311.9,4.16,1.0
TOI 5298.01,14010.0,1.952,1121.0,262.791,12.7073,5348.0,4.38,1.0
TOI 5299.01,7090.0,0.528,764.0,56.7896,19.2523,5452.0,4.34,1.0
TOI 530.01,23994.2960408,2.5660579,495.6126203,14.2590446,8.6121163,3688.0,4.78199,2.0
TOI 5300.01,24470.0,1.958,944.0,131.906,11.9692,4219.0,4.53,1.0
TOI 5301.01,2690.0,3.581,1268.0,429.794,12.1366,6418.0,3.82,2.0
TOI 5302.01,18430.0,1.832,799.0,67.8153,11.5903,4794.0,4.51,1.0
TOI 5303.01,7631.0,1.924,750.0,52.7617,12.8969,6480.0,4.27,1.0
TOI 5304.01,7740.0,2.259,1051.0,203.091,8.08217,5265.0,4.5,1.0
TOI 5305.01,7210.0,3.659,1346.0,545.343,11.6079,5921.4,4.2,1.0
TOI 5308.01,7360.0,3.176,1055.0,206.357,16.0764,5444.3,3.89,0.0
TOI 5309.01,6916.0,3.284,1000.0,166.169,8.02442,5441.0,4.41,1.0
TOI 531.01,5208.552517,1.408867,940.7110382,185.0742346,2.671369,3462.0,4.88307,0.0
TOI 5310.01,5580.0,3.039,583.0,19.2497,6.17248,4329.8,4.45,1.0
TOI 5311.01,32970.0,2.239,225.0,0.431293,13.5254,3793.0,4.57,1.0
TOI 5312.01,8460.0,3.718,383.0,3.59287,8.33656,5397.7,4.5,1.0
TOI 5313.01,15420.0,2.5,1172.0,313.937,13.21,5442.9,4.38,1.0
TOI 5314.01,13917.0,2.251,1427.0,688.571,12.5634,6143.0,4.46,1.0
TOI 5315.01,41450.0,0.948,546.0,14.841,17.1677,3333.0,4.8,1.0
TOI 5316.01,4890.0,1.574,1887.0,2105.63,10.9188,5849.8,4.05,1.0
TOI 5317.01,7070.0,3.278,920.0,119.291,11.1852,5981.3,4.24,1.0
TOI 5318.01,5121.0,5.223,1509.0,862.417,16.3815,5801.0,3.64,1.0
TOI 5319.01,4530.0,1.561,695.0,38.7885,3.74681,3580.0,4.77,2.0
TOI 532.01,7844.7831198,1.6497284,779.1471354,87.0961414,5.5911206,3946.0,4.69039,2.0
TOI 5321.01,6450.0,2.662,858.0,90.2977,16.5118,6584.3,3.96,0.0
TOI 5322.01,13384.0,4.975,1354.0,558.524,16.7305,5790.0,4.15,1.0
TOI 5324.01,18460.0,2.676,842.0,83.5964,10.4869,4738.0,4.57,1.0
TOI 5325.01,5380.0,1.385,475.0,8.48258,7.19514,5948.0,4.54,1.0
TOI 5327.01,14940.0,2.378,937.0,128.159,11.4089,5377.0,4.48,1.0
TOI 5328.01,4580.0,6.921,1714.0,1434.4,17.6429,6119.8,3.69,1.0
TOI 5329.01,4080.0,0.695,732.0,47.7257,11.2162,5892.0,4.3,1.0
TOI 533.01,1677.0138379,4.1467964,540.2741317,20.1362084,3.6067731,4666.1,4.23,1.0
TOI 5330.01,9270.0,3.94,1549.0,958.026,13.0324,6701.0,4.31,1.0
TOI 5331.01,14960.0,3.262,526.0,12.7448,11.7908,5580.0,4.5,1.0
TOI 5332.01,4630.0,1.716,1042.0,195.804,9.29453,6002.5,4.22,1.0
TOI 5333.01,2290.0,5.092,841.0,83.2925,4.14274,4932.0,4.47,1.0
TOI 5334.01,7280.0,3.31,1419.0,674.791,12.3259,5957.5,4.18,1.0
TOI 5335.01,1780.0,2.008,1048.0,200.83,4.08922,5427.0,4.49,1.0
TOI 5336.01,12560.0,3.825,1470.0,776.308,16.8231,6093.9,4.16,1.0
TOI 5337.01,4660.0,0.514,1074.0,221.115,10.5169,4626.0,4.24,1.0
TOI 5338.01,17800.0,2.184,1201.0,346.2,13.9715,5439.0,4.41,1.0
TOI 5339.01,8710.0,3.535,715.0,43.4731,8.96869,5938.0,4.49,1.0
TOI 534.01,11850.4722606,2.8526163,1233.1730452,546.5338871,12.5330606,5945.0,4.46721,1.0
TOI 5340.01,6420.0,4.696,1529.0,908.364,13.6199,6287.2,4.07,1.0
TOI 5341.01,22490.0,2.57,403.0,4.38918,11.6872,4660.7,4.56,1.0
TOI 5342.01,1020.0,0.631,1619.0,1143.23,8.96055,5946.0,3.72,1.0
TOI 5343.01,1310.0,3.366,700.0,39.9592,2.49822,5156.0,4.7,1.0
TOI 5344.01,24440.0,1.47,536.0,13.7486,9.66312,3575.0,4.67,2.0
TOI 5345.01,660.0,1.728,1565.0,996.39,3.45691,4816.0,4.03,1.0
TOI 5346.01,10890.0,2.643,1297.0,470.153,12.3611,6441.1,4.41,1.0
TOI 5348.01,8845.8866717,2.0583149,1658.242891,1786.9548445,15.8046856,6622.0,4.23,1.0
TOI 5349.01,25010.0,1.796,650.0,29.6839,9.42671,3640.0,4.66,2.0
TOI 535.01,28860.8258278,2.6215943,1293.2784182,661.1334378,17.7603707,5675.0,4.37342,1.0
TOI 5350.01,9830.0,4.457,1180.0,321.879,11.5863,6257.6,4.41,1.0
TOI 5351.01,7280.0,1.596,1169.0,310.304,14.306,6182.0,4.08,1.0
TOI 5352.01,3560.0,1.42,1512.0,868.398,8.65136,6396.0,4.28,1.0
TOI 5353.01,4020.0,1.234,1580.0,1036.94,9.99875,6186.6,4.19,0.0
TOI 5354.01,7220.0,3.898,1309.0,487.852,12.1728,5850.0,4.17,1.0
TOI 5355.01,3470.0,4.242,998.0,165.055,9.05686,5825.7,4.1,1.0
TOI 5356.01,4600.0,3.786,1812.0,1793.16,13.3231,6577.4,3.97,1.0
TOI 5357.01,12590.0,3.998,870.0,95.3586,11.9608,5504.0,4.38,1.0
TOI 5358.01,1258.8468444,2.163707,994.79316,231.4473239,3.4087339,4636.3,4.5,1.0
TOI 5359.01,15870.0,0.491,436.0,6.00664,9.28931,3174.0,4.76,1.0
TOI 536.01,10879.9770333,2.4045872,935.3230728,180.8704391,15.3965057,5880.0,4.47813,1.0
TOI 5361.01,3380.0,2.315,2143.0,3506.27,8.22797,6332.0,4.25,0.0
TOI 5362.01,5210.0,3.039,775.0,59.8936,11.6412,6416.5,4.16,1.0
TOI 5363.01,11900.0,3.105,904.0,111.352,9.83914,5318.7,4.5,1.0
TOI 5364.01,690.0,0.952,1379.0,600.438,12.418,6332.0,3.27,1.0
TOI 5365.01,780.0,5.848,1996.0,2636.63,7.39456,6080.3,3.61,1.0
TOI 5366.01,2970.0,2.227,2193.0,3844.96,9.08045,6943.0,4.17,1.0
TOI 5367.01,8938.5425954,1.5790965,1640.8659455,1713.2210773,10.3733412,6155.0,4.46,1.0
TOI 5368.01,7510.0,2.8,1755.0,1578.1,14.0647,7976.9,4.31,1.0
TOI 5369.01,7633.4520662,4.4619131,1419.6169652,959.8552062,14.2200993,5905.5,4.08,1.0
TOI 537.01,15242.7058565,2.9331124,1350.5669431,786.2949096,18.382674,6100.0,4.28733,1.0
TOI 5370.01,9040.0,2.544,1296.0,469.124,14.5318,6350.0,4.19,1.0
TOI 5371.01,14740.0,0.992,1063.0,212.433,14.5092,4671.0,4.28,1.0
TOI 5372.01,3550.0,2.383,769.0,58.1485,10.1847,5776.1,4.05,1.0
TOI 5373.01,11415.1655183,2.9905904,1138.8028661,397.4799328,11.7695065,5521.95,4.34199,1.0
TOI 5374.01,7257.7025481,3.28681,1701.0031002,1978.5244535,16.778361,5720.0,3.92,1.0
TOI 5375.01,31815.406006,1.7411525,877.7434298,140.2785768,11.4801145,3865.0,4.62323,1.0
TOI 538.01,10665.55057,2.0105348,675.5508371,49.2213077,4.4985601,3411.0,4.90948,0.0
TOI 5380.01,470.0,2.893,1479.0,796.305,3.13069,6525.0,4.18,1.0
TOI 5381.01,516.622925,1.4789165,2062.9509379,4280.3235612,6.300967,6802.3,3.75,0.0
TOI 5382.01,711.0,4.356,1015.0,176.698,4.35314,6277.0,4.06,1.0
TOI 5383.01,90.0,3.35,1943.0,2368.07,1.39962,6768.0,4.26201,1.0
TOI 5384.01,12117.7788754,3.3503883,1694.8109409,1949.8717061,18.8182218,6317.0,4.12,1.0
TOI 5385.01,4175.9093299,5.9764524,1589.3956027,1508.1655987,14.3194419,6238.0,3.88506,1.0
TOI 5386.01,10280.0,1.867,1202.0,346.581,15.1893,5920.2,4.17,1.0
TOI 5387.01,70.0,2.771,1980.0,2552.75,1.27317,7531.0,4.31266,1.0
TOI 5388.01,1070.0,0.313,375.0,3.30231,1.89426,3495.0,4.91164,2.0
TOI 5389.01,43141.3479042,2.3998128,382.7938065,5.0743522,8.8111557,3526.0,4.80713,1.0
TOI 539.01,257.7064685,1.0298929,2138.4737213,4942.3861378,1.5526965,4836.0,4.44968,1.0
TOI 5390.01,2775.349458,3.2914107,661.4248635,45.2317163,4.687483,5441.34,4.51596,1.0
TOI 5392.01,306.0,4.334,1296.0,468.87,1.66838,5464.0,4.51,1.0
TOI 5393.01,210.0,6.737,765.0,57.0124,1.82693,6194.0,4.32,1.0
TOI 5395.01,267.0,2.982,1104.0,247.2,1.80641,6269.0,4.39,1.0
TOI 5397.01,670.0,3.003,827.0,77.7367,2.57133,5621.7,4.48,1.0
TOI 5398.01,10290.0,4.105,919.0,118.413,11.1189,6017.1,4.44,2.0
TOI 5398.02,920.0,2.906,1222.0,370.603,3.30213,6017.1,4.44,2.0
TOI 5399.01,320.0,3.952,1765.0,1611.69,3.70815,6629.0,3.94,1.0
TOI 540.01,2318.6594409,0.4887749,550.2321395,21.6623126,0.9654706,3042.0,4.438,2.0
TOI 5400.01,2060.0,4.5,698.0,39.4243,4.46533,5513.0,4.34,1.0
TOI 5401.01,815.4832965,9.8781473,2798.2279931,14489.4996714,12.9127343,9333.0,3.53807,1.0
TOI 5402.01,462.3783567,3.021272,809.9057589,101.6854816,1.4488457,4363.0,4.60832,1.0
TOI 5403.01,12450.0,1.805,491.0,9.72374,11.2388,5311.7,4.45,1.0
TOI 5404.01,4450.0,2.454,1143.0,284.168,4.05014,4027.0,4.67,1.0
TOI 5405.01,10360.0,4.183,956.0,139.161,10.7594,5649.0,4.38,1.0
TOI 5406.01,3750.0,1.259,2300.0,4653.02,10.209,7110.0,4.24,1.0
TOI 5407.01,10640.0,3.251,1264.0,425.087,13.9823,6606.6,4.31,1.0
TOI 5408.01,2270.0,1.429,2403.0,5539.92,17.4316,7575.0,3.64,1.0
TOI 5410.01,11400.0,3.031,1313.0,494.014,13.555,6140.3,4.31,1.0
TOI 5411.01,12460.0,3.175,1660.0,1261.17,18.6847,6623.0,4.14,1.0
TOI 5412.01,960.0,0.493,3056.0,14493.6,13.7767,6419.6,4.1,1.0
TOI 5413.01,1510.0,3.406,805.0,69.7878,5.43397,5981.0,4.22,1.0
TOI 5414.01,26560.0,3.957,678.0,35.1978,15.4312,3892.0,4.57,1.0
TOI 5415.01,9730.0,2.966,1850.0,1945.7,17.8139,7497.0,4.16,1.0
TOI 5416.01,20626.9583179,3.7378335,410.0052556,6.6784964,10.9890553,3799.0,4.72,1.0
TOI 5417.01,14570.0,2.88,1520.0,888.042,14.6783,6219.5,4.37,1.0
TOI 5418.01,1100.0,2.459,1801.0,1746.99,2.54445,5627.0,4.64,0.0
TOI 5419.01,10620.0,2.439,1192.0,336.117,15.2174,6498.4,4.26,1.0
TOI 542.01,14067.4193794,1.2668494,1359.3620865,806.9778488,11.5558043,5084.0,4.48093,1.0
TOI 5420.01,4760.0,3.601,1276.0,440.51,10.0397,6507.7,4.25,1.0
TOI 5421.01,4730.0,3.016,1542.0,938.617,19.1366,7787.0,3.86,1.0
TOI 5422.01,4420.7451206,4.7792512,1277.232515,628.9279068,10.5654196,5663.5,4.05,1.0
TOI 5423.01,3214.065952,2.2172849,789.2154631,91.6860673,4.2762449,4964.8,4.59,1.0
TOI 5423.02,2201.6366114,2.2095141,939.2446608,183.9229574,3.7170935,4964.8,4.59,1.0
TOI 5424.01,1720.0,1.606,2177.0,3729.32,6.8761,6211.0,4.09,0.0
TOI 5427.01,11630.0,3.741,1248.0,403.505,14.2208,6042.1,4.28,1.0
TOI 5429.01,1780.0,2.558,1614.0,1128.72,7.88895,8064.0,4.17,0.0
TOI 543.01,33453.597195,1.910177,714.0192388,61.4271911,3.747202,3085.0,5.0795,0.0
TOI 5430.01,11350.0,3.896,1683.0,1333.49,15.1873,6797.0,4.3,1.0
TOI 5431.01,7600.0,3.135,1309.0,487.83,16.3086,6045.0,3.96,1.0
TOI 5432.01,5730.0,2.694,1337.0,531.966,11.4188,5612.0,4.09,1.0
TOI 5433.01,26190.0,2.604,763.0,56.2686,12.1704,3981.0,4.56,1.0
TOI 5434.01,3670.0,2.064,1100.0,243.425,11.633,6005.0,3.94,0.0
TOI 5435.01,1325.19922,1.596,3155.0,16457.7,7.56197,9649.0,4.35,1.0
TOI 5436.01,20690.0,2.283,578.0,18.6079,16.0753,5447.3,4.34,1.0
TOI 5437.01,11140.0,3.801,1485.0,808.301,18.3061,5708.0,3.96,1.0
TOI 5439.01,8620.0,4.053,1693.0,1365.56,18.5536,7648.8,4.09,1.0
TOI 544.01,926.4111032,1.2030925,1004.0625199,240.1950345,2.1601741,4665.0,4.67631,2.0
TOI 5440.01,2310.0,2.572,1016.0,177.52,3.44278,4689.0,4.61,0.0
TOI 5441.01,4710.0,0.941,970.0,147.202,11.4725,6642.2,4.26,1.0
TOI 5443.01,2580.0,2.248,2098.0,3221.06,7.62588,6960.9,4.25,1.0
TOI 5446.01,5324.061552,3.2573447,1472.5454489,1111.2092116,13.0442723,6544.0,4.2,1.0
TOI 5447.01,2830.0,1.534,1493.0,825.738,6.70553,5666.0,4.24,0.0
TOI 5448.01,5730.0,2.215,1143.0,284.023,6.77869,5366.0,4.55,1.0
TOI 5449.01,5440.0,3.709,1893.0,2136.19,12.5904,6171.0,4.01,1.0
TOI 545.01,25717.0085858,2.3058232,1366.350537,823.7008783,15.0496208,5440.0,4.41615,1.0
TOI 5450.01,760.0,1.579,2198.0,3880.86,3.19978,6238.2,4.42,0.0
TOI 5451.01,12090.0,1.388,1239.0,379.254,12.3028,5534.6,4.34,1.0
TOI 5452.01,4860.1048997,1.5908957,2594.395383,10706.9470002,16.1327515,6273.8,4.0,1.0
TOI 5453.01,7670.6889364,3.6856551,986.8351657,224.1297312,10.1350877,6086.0,4.38,1.0
TOI 5454.01,4280.0,4.948,1656.0,1249.33,13.3603,5623.0,3.81,1.0
TOI 5455.01,5120.0,4.58,1542.0,939.48,12.0047,5903.0,4.02,1.0
TOI 5456.01,2030.0,2.213,2374.0,5277.35,5.8474,6070.0,4.26,0.0
TOI 5457.01,1410.0,2.086,2222.0,4049.64,6.31449,6580.3,4.13,1.0
TOI 5458.01,4597.497672,2.2329319,647.5341338,41.5500612,10.1729473,5762.0,4.44,1.0
TOI 5459.01,4820.0,1.516,1267.0,428.439,14.8378,6338.0,3.95,1.0
TOI 546.01,13812.3233628,4.4317333,963.8325055,203.9516754,13.4373959,6190.0,4.36651,1.0
TOI 5460.01,3920.0,4.909,1408.0,653.131,12.2385,6265.0,3.89,1.0
TOI 5461.01,3070.0,2.516,911.0,114.587,11.8373,6034.1,3.88,1.0
TOI 5462.01,1470.0,1.856,1169.0,310.113,4.6477,6280.9,4.36,1.0
TOI 5463.01,3509.2224564,1.4856033,2474.045674,8854.2514993,10.0319087,6810.0,4.19,1.0
TOI 5464.01,32450.0,1.232,884.0,101.767,9.92228,3572.0,4.71,1.0
TOI 5466.01,14530.0,2.483,1546.0,949.059,17.3144,6709.0,4.29,1.0
TOI 5467.01,4050.0,2.125,1427.0,688.584,10.4864,6328.7,4.11,2.0
TOI 5468.01,9470.0,2.47,539.0,14.0816,12.2366,6283.0,4.36,1.0
TOI 5469.01,3470.0,3.269,644.0,28.6506,11.9961,7618.0,4.19,1.0
TOI 547.01,13140.0,2.373,2036.0,2852.63,20.5944,5950.0,4.32551,1.0
TOI 5471.01,6600.0,2.3,1099.0,242.247,15.2294,6329.0,4.04,1.0
TOI 5472.01,12110.0,1.947,1327.0,515.387,12.7801,5845.0,4.38,1.0
TOI 5473.01,6170.0,4.003,1451.0,736.769,16.0968,7872.0,4.09,1.0
TOI 5474.01,2010.0,8.47,1530.0,911.613,11.5473,5874.0,3.68,1.0
TOI 5476.01,10410.0,3.595,855.0,89.0638,10.465,5732.6,4.43,1.0
TOI 5477.01,9580.0,2.217,862.0,92.0429,8.37476,5508.0,4.6,1.0
TOI 5478.02,2570.0,2.129,674.0,34.3345,9.15067,5656.0,3.95,0.0
TOI 5479.01,6030.0,4.204,772.0,59.008,11.9169,5799.3,4.09,1.0
TOI 548.01,6312.7462771,4.8258882,1470.087664,1103.8090105,13.4932227,6090.0,4.08625,1.0
TOI 5481.01,5580.0,3.427,1438.0,711.472,9.60432,6032.1,4.25,1.0
TOI 5482.01,5780.0,2.176,890.0,104.579,9.69724,5825.0,4.32,1.0
TOI 5483.01,10030.0,2.343,1307.0,485.903,16.647,5900.3,4.06,1.0
TOI 5485.01,1757.0,1.666,1834.0,1881.65,7.01829,6119.0,4.2,1.0
TOI 5486.01,4390.0,1.34,752.0,53.3297,3.7963,3654.0,4.69,1.0
TOI 5487.01,3500.0,4.06,1359.0,566.49,9.1871,5706.0,4.06,1.0
TOI 5488.01,12090.0,1.619,1044.0,197.437,12.0476,5907.0,4.45,1.0
TOI 5489.01,1039.7670237,1.4637784,570.9491075,25.1136938,1.4624574,3547.0,4.81,1.0
TOI 5489.02,884.5792337,1.4072515,492.1641006,13.8663044,1.2783897,3547.0,4.81,1.0
TOI 549.01,20289.210823,0.565611,679.6154071,50.4166361,2.442348,3009.0,5.10976,0.0
TOI 5490.01,4540.0,3.596,1708.0,1412.92,11.5079,5706.5,4.0,1.0
TOI 5491.01,1360.0,2.161,832.0,79.6611,2.87252,4825.0,4.56,1.0
TOI 5492.01,11130.0,2.773,1447.0,728.684,11.3257,6004.0,4.43,1.0
TOI 5493.01,2401.8740065,5.5899007,663.6424754,45.8413818,5.1712602,6151.0,4.47291,1.0
TOI 5493.02,456.6940548,4.1627706,912.3920352,163.7747493,2.3955263,6151.0,4.47291,1.0
TOI 5493.03,451.953459,4.6039057,788.6079558,91.4040877,2.2567046,6151.0,4.47291,1.0
TOI 5494.01,2480.0,2.043,1413.0,663.223,4.92939,5386.0,4.44,1.0
TOI 5495.01,800.0,4.278,995.0,162.76,2.91617,5729.1,4.41,1.0
TOI 5496.01,4630.0,4.599,480.0,8.83961,9.29872,5767.0,4.21,0.0
TOI 5497.01,5450.0,3.454,1193.0,336.815,17.1459,6147.0,4.02,1.0
TOI 5498.01,10830.0,3.347,519.0,12.1018,9.06591,4880.9,4.5,1.0
TOI 5499.01,17000.0,2.038,797.0,67.3083,11.3023,5019.0,4.51,1.0
TOI 550.02,21393.227138,3.099789,625.2921291,36.1287428,16.682435,5076.0,4.71,0.0
TOI 5500.01,11660.0,1.019,1358.0,564.728,19.7783,5625.1,4.54,1.0
TOI 5501.01,4020.0,5.257,705.0,41.1658,8.65143,5985.0,4.22,1.0
TOI 5502.01,840.0,2.937,870.0,95.1955,4.02844,6317.0,4.29,1.0
TOI 5503.01,7280.0,1.966,1138.0,278.678,15.1211,6031.2,4.05,0.0
TOI 5504.01,1430.0,3.989,865.0,93.077,4.4877,6062.1,4.34,1.0
TOI 5505.01,15290.0,2.12,594.0,20.7088,10.19,5190.5,4.59,1.0
TOI 5506.01,24300.0,6.924,855.0,88.9614,19.398,5986.0,4.3,1.0
TOI 5507.01,734.0512116,0.8625455,690.4110824,53.6972467,0.9740062,3514.0,4.87,1.0
TOI 5508.01,9300.0,3.493,1564.0,994.501,14.4913,5949.3,4.11,1.0
TOI 5509.01,6750.0,2.955,1007.0,170.956,9.12778,5638.4,4.37,1.0
TOI 551.01,21367.8824901,1.211281,738.0394311,70.1195731,10.6134481,3916.0,4.71907,1.0
TOI 5510.01,8720.0,5.045,1566.0,998.412,17.067,6786.0,4.11,1.0
TOI 5511.01,11520.0,1.205,451.0,6.87901,5.77392,3628.0,4.72,1.0
TOI 5512.01,10330.0,1.873,864.0,92.6735,10.6821,5429.0,4.4,1.0
TOI 5513.01,2720.0,5.953,1656.0,1249.81,17.2663,5994.0,3.5,0.0
TOI 5514.01,18190.0,2.217,1469.0,773.913,12.8043,5332.0,4.46,1.0
TOI 5515.01,885.5569232,3.3859708,778.0951063,86.6266934,2.4974696,5494.0,4.57761,1.0
TOI 5516.01,3900.0,2.864,1281.0,448.118,12.3407,6077.0,3.88,1.0
TOI 5517.01,7710.0,4.382,1400.0,639.287,13.5857,5737.0,4.06,1.0
TOI 5519.01,1275.0993295,1.8417106,433.308858,8.3312712,1.3562009,3443.0,4.86,1.0
TOI 552.01,26339.9057953,1.8900186,684.7208601,51.9487662,9.665126,3654.0,4.438,2.0
TOI 5520.01,1897.6641496,3.7370696,512.9439621,16.3606551,3.177884,4362.0,4.53943,1.0
TOI 5520.02,1509.6832721,4.6663301,466.947359,11.2355075,3.5483433,4362.0,4.53943,1.0
TOI 5521.01,1480.0,1.337,699.0,39.6871,6.56184,6379.0,4.28293,1.0
TOI 5523.01,28182.0217132,13.5723661,292.1705354,1.7221329,9.5037684,3696.0,4.68275,1.0
TOI 5523.02,4280.3883109,2.4382015,636.760408,38.8530584,4.2314265,3696.0,4.68275,1.0
TOI 5524.01,1354.9640916,0.984865,733.8783781,68.5515646,2.3271065,3650.0,4.66,1.0
TOI 5525.01,1025.5391237,0.9607827,554.6733092,22.3702107,1.3820795,3288.0,4.81007,1.0
TOI 5526.01,1119.2111083,2.4879281,617.29617,34.3158951,2.526638,4788.0,4.57314,1.0
TOI 5527.01,727.1554128,7.4179451,250.8907848,0.9363966,2.5449936,5862.0,4.53012,1.0
TOI 5528.01,1566.7959545,1.3077871,856.6929763,127.2980722,2.4511775,3689.0,4.72452,1.0
TOI 5529.01,1699.9442212,3.2904518,691.3376127,53.9860738,4.2853969,5368.0,4.71954,1.0
TOI 553.02,680.8032643,3.2410592,695.0795649,55.1644235,2.2904053,5465.0,4.57025,1.0
TOI 553.03,945.1993965,4.4402791,460.9226376,10.6667755,2.7104157,5465.0,4.57025,1.0
TOI 5530.01,423.1532826,0.952523,1266.9270194,608.8739519,1.118031,3888.0,4.71522,1.0
TOI 5531.01,195.4048675,3.0733542,1150.3554736,413.8559989,1.753622,5788.42,4.37027,1.0
TOI 5532.01,1223.1789451,2.6370718,617.327479,34.3228576,2.732945,3975.0,4.5998,1.0
TOI 5532.02,570.9865376,1.693426,822.218131,108.0113015,1.6929049,3975.0,4.5998,1.0
TOI 5533.01,412.6710488,1.7900454,2392.2284819,7739.833691,3.8276199,7173.0,4.13332,1.0
TOI 5534.01,755.6535935,1.0027781,2008.0229649,3842.3392138,2.1341819,5129.0,4.61786,1.0
TOI 5536.01,478.0,2.391,1486.0,810.338,6.17795,6555.0,3.56,1.0
TOI 5537.01,1060.0,12.435,1096.0,240.104,8.90212,5772.0,3.56648,1.0
TOI 5538.01,15998.7683282,2.0395157,476.1734157,12.1501484,12.8307536,4736.5,4.55,1.0
TOI 5539.01,497.0,2.644,917.0,117.665,1.85858,5595.7,4.52,1.0
TOI 554.01,300.5227138,3.5024531,1199.7417985,489.6346689,2.8464941,6337.87,4.438,2.0
TOI 554.02,82.7350431,1.3542885,1587.2668665,1500.1020491,1.3337425,6337.87,4.438,2.0
TOI 5540.01,3168.0,0.952,1592.0,1068.72,9.72799,6040.0,4.13,0.0
TOI 5541.01,3480.0,3.199,892.0,105.561,5.61073,5805.0,4.51,1.0
TOI 5542.01,11171.0,8.599,462.0,7.6236,13.8062,5392.9,4.2,2.0
TOI 5543.01,1923.8270395,2.2308179,994.0230394,230.7314546,3.8362277,5058.0,4.50269,1.0
TOI 5544.01,1280.1793986,1.1574129,956.1341771,197.5133118,3.3240452,5086.0,4.48,1.0
TOI 5545.01,9235.0384748,1.632367,1225.6869197,533.3830462,15.8657793,4427.0,4.22028,1.0
TOI 5546.01,6398.0202697,1.8182865,1433.2695828,997.3154311,18.822612,6887.55,3.89433,1.0
TOI 5547.01,7651.8898952,3.2073832,659.8269963,44.7962153,14.0835896,5509.85,4.39122,1.0
TOI 5548.01,595.060628,3.3431046,685.1732253,52.0861834,2.6609357,5551.25,4.36023,1.0
TOI 5549.01,838.3306849,2.7759349,941.9240103,186.0306364,3.7818383,4921.0,4.11275,1.0
TOI 555.01,32945.1347849,1.9321358,857.3252177,127.6742735,11.7569044,3837.0,4.72608,2.0
TOI 5550.01,398.0,3.293,771.0,58.904,2.22304,5923.8,4.36,1.0
TOI 5551.01,1279.2023438,1.608779,728.867004,66.6982074,2.0045261,3768.0,4.69159,1.0
TOI 5552.01,9472.1638799,4.4802105,546.1757094,21.030545,9.4200991,5639.5,4.54594,1.0
TOI 5553.01,356.4029763,1.9280724,1167.5245843,439.121942,1.5510074,4732.72,4.49669,1.0
TOI 5554.01,1854.2924324,3.7831301,362.5947706,4.0851419,2.6845863,3997.0,4.6288,1.0
TOI 5555.01,3192.1429439,2.3059589,260.4416558,1.0873336,2.5336294,3464.0,4.7864,1.0
TOI 5556.01,159.6403985,1.7575219,2301.9399951,6635.8566598,1.6108417,5910.0,4.27216,1.0
TOI 5557.01,2808.9118424,1.1195616,374.4058708,4.6439935,1.1017624,3166.0,5.07428,2.0
TOI 5558.01,1202.7716675,3.8354088,439.4509003,8.8137847,2.9945935,4678.0,4.60838,1.0
TOI 5559.01,628.0,1.569,1267.0,428.205,2.59639,5372.0,4.40929,1.0
TOI 556.01,697.472004,2.750763,1065.3910768,304.478914,1.95611,5062.0,4.62,0.0
TOI 5560.01,2078.9023943,2.3624632,709.573548,59.9115659,9.883855,6781.59,4.05268,1.0
TOI 5561.01,20674.1145085,0.9340475,680.3415178,50.6324451,7.1639347,3449.0,4.74578,1.0
TOI 5562.01,1068.1330554,3.1969542,450.7528526,9.7560707,2.2098839,3893.47,4.58272,1.0
TOI 5563.01,3186.7847252,6.1121177,513.0753179,16.3774202,8.2623708,5776.0,4.51349,1.0
TOI 5564.01,10000.0,6.902,173.0,0.149701,10.8619,5722.0,4.55,1.0
TOI 5564.02,9740.0,5.137,475.0,8.47778,8.81795,5722.0,4.55,1.0
TOI 5565.01,11570.0,3.835,1486.0,809.661,14.6248,5542.4,4.16,1.0
TOI 5566.01,5490.0,5.489,905.0,111.563,9.70874,5830.0,4.22,1.0
TOI 5567.01,14390.0,3.245,633.0,26.6947,10.048,5260.6,4.58,1.0
TOI 5568.01,7670.0,1.602,434.0,5.91348,10.1064,5496.0,4.38,1.0
TOI 5569.01,6710.0,1.678,1213.0,359.953,23.2699,6312.0,4.26,1.0
TOI 557.01,1399.4950568,1.3408349,674.5540894,48.9314538,2.2540532,3883.0,4.71022,1.0
TOI 5570.01,11480.0,4.295,546.0,14.833,9.49037,5120.0,4.48,1.0
TOI 5571.01,5900.0,3.41,147.0,0.0776109,11.7782,6250.4,4.44,1.0
TOI 5572.01,1146.0,2.168,715.0,43.4681,2.35965,4571.0,4.58,1.0
TOI 5573.01,23090.0,2.48,475.0,8.51849,9.14959,3695.0,4.66,2.0
TOI 5574.01,700.0,2.787,671.0,33.8464,2.23971,3999.0,4.35,0.0
TOI 5575.01,145640.0,2.347,195.0,0.243503,9.48121,3176.0,5.0,1.0
TOI 5576.01,4450.0,1.353,2118.0,3343.46,9.39506,8055.0,4.49,0.0
TOI 5577.01,960.0,0.274,1546.0,948.501,8.24018,6813.5,4.16,1.0
TOI 5578.01,2100.0,2.936,526.0,12.7406,3.3076,4340.0,4.59,1.0
TOI 5579.01,30940.0,1.965,273.0,0.933932,7.82397,3595.0,4.8,1.0
TOI 558.01,4464.4359891,2.5623497,1012.9931427,248.8553739,13.5300683,6025.8,4.0,2.0
TOI 5580.01,2000.0,3.379,1179.0,320.994,5.6755,5647.0,4.22,1.0
TOI 5581.01,12623.7545349,3.92217,446.1819156,9.3663171,9.8149834,4947.0,4.55,1.0
TOI 5582.01,760.0,4.541,1666.0,1281.58,5.04347,6297.2,3.97,1.0
TOI 5583.01,23190.0,1.548,633.0,26.6949,11.1354,3619.0,4.57,1.0
TOI 5584.01,1620.0,3.4,452.0,6.92991,3.01483,4092.4,4.5,1.0
TOI 5585.01,4360.0,1.444,1618.0,1139.02,8.05828,6457.2,4.44,1.0
TOI 5586.01,4360.0,3.224,899.0,108.636,6.82341,5607.0,4.45,1.0
TOI 5587.01,7830.0,3.891,1434.0,702.991,14.1804,5632.0,4.05,1.0
TOI 5588.01,9850.0,1.876,746.0,51.4199,16.5406,5733.0,4.05,1.0
TOI 559.01,10050.0,5.076,1249.0,404.915,12.2398,5972.0,4.31,2.0
TOI 5590.01,1140.0,1.146,1048.0,201.011,2.69399,4216.7,4.48,1.0
TOI 5591.01,1930.0,6.599,1019.0,179.365,4.59403,5465.0,4.38,1.0
TOI 5592.01,8610.0,1.573,1422.0,680.058,13.9108,6331.0,4.25,1.0
TOI 5593.01,4890.0,5.952,1852.0,1955.29,10.4912,6549.4,4.21,1.0
TOI 5594.01,5540.0,3.781,956.0,138.883,9.80232,5899.0,4.23,1.0
TOI 5595.01,3680.0,2.104,621.0,24.7628,4.71645,4119.0,4.51,1.0
TOI 5597.01,39470.0,2.359,1643.0,1211.74,22.5379,6337.0,4.44,1.0
TOI 5598.01,16707.0,1.878,487.0,9.34062,6.67951,3584.0,4.71,1.0
TOI 5599.01,1020.0,4.473,1496.0,833.218,6.11754,6246.0,3.96,1.0
TOI 560.01,1656.0,2.004,671.0,33.7178,2.62025,4695.0,4.5,2.0
TOI 560.02,1199.0,3.262,502.0,10.5814,1.99787,4695.0,4.5,2.0
TOI 5600.01,22680.0,2.784,654.0,30.4561,12.4655,5047.0,4.55,1.0
TOI 5601.01,2200.0,2.636,667.0,32.9482,3.89219,4541.0,4.52,1.0
TOI 5602.01,12040.0,1.964,910.0,114.21,13.6635,6054.4,4.33,1.0
TOI 5603.01,670.0,0.793,2080.0,3111.57,6.063,6711.9,3.94,1.0
TOI 5604.01,2220.0,4.364,1024.0,183.14,6.89187,6413.0,4.21,1.0
TOI 5605.01,980.0,2.019,669.0,33.3499,2.3864,4374.8,4.54,1.0
TOI 5606.01,8250.0,0.358,623.0,25.0169,9.84184,4660.0,4.56,1.0
TOI 5607.01,6510.0,3.09,1414.0,664.018,11.2041,5859.0,4.21,1.0
TOI 5608.01,1430.0,2.604,769.0,58.2235,3.14002,4661.0,4.5,1.0
TOI 5609.01,11830.0,1.354,874.0,96.9861,13.7216,5904.0,4.34,1.0
TOI 561.01,1130.0,3.416,791.0,65.3136,2.6584,5391.0,4.52526,2.0
TOI 561.02,294.0,1.077,2262.0,4347.38,1.48867,5391.0,4.52526,2.0
TOI 561.03,1151.454738,5.9710228,331.7873984,2.8639178,2.8781392,5391.0,4.52526,2.0
TOI 561.04,914.6281731,6.6489216,156.6701468,0.1423856,3.1858058,5391.0,4.52526,2.0
TOI 5610.01,36680.0,1.493,386.0,3.70033,9.87351,3714.0,4.73,1.0
TOI 5611.01,1048.0,3.031,638.0,27.5227,2.39002,4741.1,4.54,1.0
TOI 5611.02,1252.0071238,4.7591848,460.2637972,10.605918,2.7358038,4741.1,4.54,1.0
TOI 5612.01,7550.0,2.809,759.0,55.3319,7.98487,4701.6,4.43,1.0
TOI 5613.01,8060.0,2.762,651.0,29.951,9.1313,5594.0,4.46,1.0
TOI 5614.01,1980.0,2.263,817.0,74.1594,3.23281,4313.0,4.53,1.0
TOI 5615.01,13190.0,3.098,961.0,141.822,15.2219,6205.0,4.43,1.0
TOI 5616.01,24660.0,1.285,769.0,58.2268,10.9523,3927.0,4.61,2.0
TOI 5617.01,7690.0,2.857,1372.0,589.138,12.0524,5771.5,4.18,1.0
TOI 5618.01,5790.0,3.31,1904.0,2183.12,17.2611,5497.0,4.23,1.0
TOI 5619.01,3050.0,5.928,588.0,19.8821,7.69928,5839.5,4.18,1.0
TOI 562.01,1048.0,1.196,561.0,16.4901,1.26995,3505.0,4.90573,2.0
TOI 5620.01,17910.0,2.384,1030.0,187.224,12.5808,4898.9,4.43,1.0
TOI 5621.01,9160.0,6.088,578.0,18.6491,14.1085,5989.0,4.16,0.0
TOI 5622.01,2000.0,4.191,1637.0,1193.52,9.6239,5414.0,3.75,1.0
TOI 5623.01,3890.0,1.167,825.0,77.2704,8.91486,5286.0,4.18,1.0
TOI 5624.01,2095.0,3.831,986.0,157.055,4.07678,5342.0,4.57,1.0
TOI 5624.02,877.0,2.168,1108.0,251.103,2.27887,5342.0,4.57,1.0
TOI 5624.03,796.0,3.083,873.0,96.429,2.23283,5342.0,4.57,1.0
TOI 5624.04,985.0,3.802,603.0,21.9904,2.43328,5342.0,4.57,1.0
TOI 5625.01,410.0,4.649,3624.0,28650.3,10.4699,6351.0,3.78,1.0
TOI 5626.01,9757.0,2.267,428.0,5.58002,9.73397,5699.0,4.46,1.0
TOI 5627.01,17756.876606,2.0233141,712.7913321,61.0057318,12.4415238,4893.71,4.57637,1.0
TOI 5629.01,1410.0,1.022,1157.0,297.666,3.93456,5299.0,4.48,1.0
TOI 563.01,3290.0705522,3.7406486,463.2033538,10.8794711,6.5656892,5383.0,4.42352,1.0
TOI 5630.01,536.0,3.262,1541.0,937.884,2.0774,5382.4,4.47,1.0
TOI 5631.01,10310.0,2.574,1690.0,1356.33,14.2892,6458.0,4.31,1.0
TOI 5632.01,6137.4069869,2.5166257,940.7111326,185.0743088,7.0962994,5061.9,4.49667,1.0
TOI 5633.01,2759.6931813,3.8104834,753.0224536,75.9893459,6.4100045,5600.0,4.26703,1.0
TOI 5634.01,28280.0,1.633,788.0,64.0804,9.6722,3770.0,4.71,2.0
TOI 5635.01,3500.0,4.741,664.0,32.4574,5.30323,5954.0,4.59,1.0
TOI 5636.01,1960.0,1.958,946.0,132.963,4.01981,5405.0,4.5,1.0
TOI 5637.01,1550.0,6.405,905.0,111.663,5.67639,5803.0,4.14,1.0
TOI 5638.01,600.0,1.56,1842.0,1913.7,2.77075,5601.2,4.3,1.0
TOI 5639.01,1370.0,3.226,1141.0,282.135,2.79896,4479.0,4.51,1.0
TOI 564.01,3205.5671437,0.9495247,1574.4904492,1452.3828899,7.7514065,5752.0,4.47122,2.0
TOI 5640.01,39070.0,3.333,626.0,25.631,17.0183,5268.9,4.55,0.0
TOI 5641.01,23790.0,1.343,647.0,29.151,7.66626,3379.0,4.76,1.0
TOI 5642.01,4380.0,1.469,650.0,29.6484,11.589,6181.0,4.08,1.0
TOI 5645.01,3390.0,2.936,1164.0,305.034,7.12776,5620.5,4.28,1.0
TOI 5646.01,990.0,3.158,1801.0,1747.74,6.0694,5999.3,3.91,1.0
TOI 5647.01,10480.0,1.445,885.0,101.875,10.7003,5935.2,4.42,1.0
TOI 5648.01,32920.0,1.508,584.0,19.3914,9.74504,3571.0,4.73,0.0
TOI 5649.01,8670.0,2.459,1120.0,262.123,15.1227,5676.0,4.05,1.0
TOI 5650.01,2540.0,6.989,708.0,41.8997,5.84592,6145.0,4.36,1.0
TOI 5651.01,1349.0,6.883,1228.0,378.489,6.90838,5887.0,3.9,1.0
TOI 5652.01,3140.0,6.544,949.0,135.04,8.80539,6230.0,4.12,1.0
TOI 5653.01,1480.0,3.724,1108.0,250.294,4.15964,6038.0,4.43,1.0
TOI 5654.01,2390.0,1.67,855.0,89.1065,5.49054,5318.4,4.33,1.0
TOI 5655.01,950.0,3.98,407.0,4.59168,2.28524,4248.0,4.56,1.0
TOI 5656.01,3110.0,1.626,959.0,140.707,5.49487,5149.0,4.46,1.0
TOI 5657.01,7880.0,0.912,1315.0,496.763,6.33045,4708.0,4.69,1.0
TOI 5658.01,26980.0,0.946,652.0,30.0257,11.7098,3507.0,4.62,1.0
TOI 566.01,2524.567663,2.408837,774.9261587,85.2240732,1.642414,3380.0,4.92521,0.0
TOI 5660.01,10370.0,1.816,804.0,69.6374,11.5419,5192.0,4.26,1.0
TOI 5661.01,18630.0,2.029,1118.0,260.223,11.996,5447.5,4.56,1.0
TOI 5662.01,1720.0,1.402,740.0,49.7933,2.71343,3687.0,4.63,1.0
TOI 5663.01,7870.0,1.646,258.0,0.746125,7.92062,5013.0,4.55,1.0
TOI 5664.01,3340.0,3.906,1446.0,726.387,9.97164,5436.0,3.95,1.0
TOI 5665.01,4340.0,4.181,2100.0,3229.79,13.3584,6064.0,3.88,1.0
TOI 5666.01,11340.0,2.809,971.0,147.869,16.445,5526.0,4.06,1.0
TOI 5667.01,25510.0,3.25,529.0,13.0704,13.6915,4951.8,4.52,1.0
TOI 5668.01,810.0,3.941,1427.0,689.452,4.07823,5686.0,4.12,1.0
TOI 5669.01,4280.0,3.663,1478.0,792.672,12.1328,5900.0,3.94,1.0
TOI 567.01,17828.6194882,1.7528779,1566.3579803,1422.6075133,13.3084502,5959.0,4.4894,1.0
TOI 5671.01,81180.0,1.666,553.0,15.6016,11.9758,3380.0,4.82,1.0
TOI 5672.01,12337.5570732,1.6455076,1091.9857549,336.0383887,10.9147317,5316.0,4.52626,1.0
TOI 5673.01,15270.0987848,2.332647,1312.9964796,702.3850325,12.9007751,5878.0,4.4413,1.0
TOI 5674.01,15679.3921242,3.0669978,1232.4955082,545.3337575,13.5073506,5849.09,4.40819,1.0
TOI 5675.01,23163.2926161,2.8063409,1075.5947516,316.3120227,15.5446864,5326.6,4.38933,1.0
TOI 5676.01,18379.4360484,1.6009658,927.5090521,174.9015383,12.8576195,4906.0,4.56858,1.0
TOI 5678.01,2400.0,6.863,389.0,3.83692,5.11487,5516.0,4.48,2.0
TOI 5679.01,12560.0,3.415,2157.0,3599.67,18.8693,6152.0,4.09,1.0
TOI 5680.01,26240.0,1.788,883.0,101.253,12.6518,5013.0,4.61,2.0
TOI 5682.01,6920.0,3.966,1709.0,1419.36,15.7497,6098.0,4.09,1.0
TOI 5683.01,21020.0,0.431,642.0,28.2246,17.1413,3448.0,4.61,1.0
TOI 5684.01,29080.0,1.561,1609.0,1114.93,16.0194,5644.0,4.53,1.0
TOI 5685.01,12040.0,2.5,1540.0,934.465,15.4992,6090.0,4.23,1.0
TOI 5686.01,14790.0,3.559,1206.0,351.913,15.6978,5407.5,4.19,1.0
TOI 5688.01,24090.0,1.584,639.0,27.6969,9.41494,3588.0,4.67,2.0
TOI 5689.01,23460.0,2.101,1117.0,258.909,14.9891,5794.0,4.5,1.0
TOI 569.01,2970.0,2.314,879.0,99.2324,8.40415,6845.0,4.36113,2.0
TOI 5690.01,7030.0,2.123,776.0,60.338,15.8295,6288.9,4.02,1.0
TOI 5692.01,14820.0,1.546,1233.0,384.155,12.4331,5250.0,4.42,1.0
TOI 5695.01,31700.0,0.648,419.0,5.11732,9.36074,3157.0,4.87,0.0
TOI 5696.01,1323.0,5.981,80.0,0.0068439,3.16626,5271.0,4.56,1.0
TOI 5696.02,988.0,4.419,493.0,9.85942,2.6538,5271.0,4.56,1.0
TOI 5696.03,1204.4442717,8.0912058,248.2866757,0.8981206,4.8522374,5271.0,4.56,1.0
TOI 5697.01,744.7463441,2.5958709,845.7523198,120.9187899,2.501165,5554.41,4.64142,1.0
TOI 5698.01,5198.0,0.955,1161.0,302.08,9.2562,5901.0,4.34605,1.0
TOI 5699.01,3736.0,3.48,628.0,25.8591,10.5432,5901.0,3.99,1.0
TOI 5700.01,540.0,2.261,1591.0,1063.79,1.85549,5329.0,4.58,1.0
TOI 5701.01,678.0,3.981,842.0,83.5256,2.44538,6149.4,4.45,1.0
TOI 5703.01,852.0,4.534,1020.0,180.213,2.48528,5856.0,4.45,1.0
TOI 5704.01,1647.6730314,2.3375061,852.9098252,125.0643329,3.3409641,4590.0,4.5426,2.0
TOI 5705.01,924.0,3.021,1203.0,348.496,2.82438,5888.0,4.48,1.0
TOI 5706.01,996.7081729,0.483495,2146.5775801,5017.7308025,3.4133323,4717.0,4.23,1.0
TOI 5707.01,268.0,1.847,1387.0,614.718,1.60247,5553.0,4.48827,1.0
TOI 5708.01,757.7733755,0.7628489,1252.0224838,580.7236509,4.5145927,5521.0,4.4322,1.0
TOI 5709.01,797.2617518,1.9012451,598.9305429,30.41073,1.4978948,3600.0,4.74127,1.0
TOI 571.01,7525.447523,3.8566772,1304.3652267,684.0972603,12.6031793,5743.0,4.14093,1.0
TOI 5710.01,886.162065,4.0008805,504.8704882,15.3546861,2.5276328,5415.0,4.60828,1.0
TOI 5711.01,1119.9625254,3.221932,406.6782728,6.4643503,2.2450389,3729.0,4.60049,1.0
TOI 5712.01,667.6868432,4.4353335,1005.5238813,241.5964564,3.816863,6057.0,4.35121,1.0
TOI 5713.01,3992.4372644,1.714349,317.8151042,2.4111217,1.8605473,3271.0,4.93417,2.0
TOI 5714.01,760.4735322,2.605685,876.4617758,139.4610477,2.8542925,5610.2,4.46925,1.0
TOI 5715.01,632.5840625,1.9391524,519.6870504,17.2380677,1.2659515,3827.0,4.73676,1.0
TOI 5716.01,1998.3738721,1.0575063,346.566242,3.4093064,1.0176743,3331.0,5.02076,1.0
TOI 5717.01,1323.2275744,4.0987608,676.6620949,49.5459771,3.2337702,5479.3,4.5543,1.0
TOI 5718.01,1562.8136485,4.424864,121.9377133,0.0522484,2.6487075,3922.0,4.59159,1.0
TOI 5719.01,511.7373229,7.6230584,222.0800847,0.5748565,2.5656171,6347.0,4.45158,1.0
TOI 5720.01,1028.2187852,0.9348877,691.2885073,53.970737,1.393219,3421.0,4.85368,2.0
TOI 5721.01,819.483247,6.9397715,204.5759725,0.413942,3.330945,5881.4,4.45955,1.0
TOI 5722.01,6593.1382192,5.7455309,363.4903344,4.1256508,6.3907079,4911.0,4.54009,1.0
TOI 5723.01,12283.6633675,6.1836278,346.553227,3.4087943,12.8504525,5695.0,4.32135,1.0
TOI 5724.01,448.8749774,4.9658691,247.6001174,0.8882279,3.0187258,6060.54,4.21457,1.0
TOI 5725.01,1671.1171293,2.77304,147.762315,0.1126616,2.7184667,3933.0,4.63174,1.0
TOI 5726.01,448.451647,1.9062098,1093.0345624,337.3312542,2.430675,5874.0,4.37711,2.0
TOI 5727.01,451.9563235,3.7128927,1165.0370206,435.391459,3.3171645,5712.0,4.12,1.0
TOI 5728.01,843.1062336,2.3907993,349.147284,3.5120094,1.1269607,3444.0,4.84899,1.0
TOI 5729.01,6058.5947589,2.9052363,240.8825959,0.7956878,3.8883371,3870.0,4.80522,1.0
TOI 5730.01,898.6821302,1.4530399,701.4746588,57.2227793,1.4261604,3572.0,4.76894,1.0
TOI 5731.01,2898.2731965,6.682468,201.8283767,0.3921479,4.4969676,4448.25,4.51125,1.0
TOI 5732.01,1941.0,3.337,649.0,29.4687,11.9133,6710.0,4.29122,1.0
TOI 5733.01,958.0302036,2.0749903,664.6732318,46.1268457,2.7563441,4388.89,4.43387,1.0
TOI 5734.01,1052.3509168,2.5898497,698.8705758,56.3777871,2.4076002,4645.0,4.62,1.0
TOI 5735.01,1148.8773237,0.8427764,483.360368,12.9004588,0.837844,3222.0,5.0449,1.0
TOI 5736.01,615.5445069,1.1349755,1202.0920667,493.4826926,1.6921774,3949.0,4.66859,1.0
TOI 5737.01,1327.1099723,3.5107588,397.8609983,5.921701,2.3009285,3966.0,4.63584,1.0
TOI 5738.01,491.4350185,0.9992062,1063.3130159,302.1102929,1.3040556,3717.0,4.67682,1.0
TOI 5738.02,1744.4659966,1.7666666,318.6316783,2.4359973,2.8547322,3717.0,4.67682,1.0
TOI 5739.01,182.9089572,5.5823881,1128.3677245,383.1101186,2.0500339,6104.12,4.15159,1.0
TOI 574.01,8027.6122024,5.1743599,1753.9429007,2236.5715968,17.8079912,6071.0,3.93311,1.0
TOI 5740.01,318.7756761,1.3359142,1130.7522348,386.3588109,1.3821489,4552.0,4.50087,1.0
TOI 5741.01,1240.0,3.138,436.0,6.01946,2.83659,4579.0,4.49,1.0
TOI 5742.01,680.0,2.911,1392.0,624.031,7.03413,6199.0,3.62,0.0
TOI 5743.01,9918.0,2.159,704.0,40.7846,8.87205,5250.0,4.51,1.0
TOI 5744.01,190.0,5.003,1556.0,974.493,2.08943,6009.0,4.11,1.0
TOI 5745.01,863.297992,4.5873679,161.137269,0.1593327,2.2163959,5097.94,4.61197,1.0
TOI 5746.01,20978.1367866,3.4176443,319.2256315,2.4542117,12.6338972,4661.56,4.57751,0.0
TOI 5747.01,818.3903403,0.9004508,988.2507357,225.4185164,1.4969531,3466.0,4.80761,2.0
TOI 5748.01,7120.0,3.819,1718.0,1446.66,14.2605,6154.0,4.06,1.0
TOI 5749.01,1420.0,7.38,1787.0,1693.95,12.63,6024.0,3.43,1.0
TOI 575.01,3219.5594645,3.0859149,996.6001297,233.1335405,17.4598301,6529.0,4.00314,0.0
TOI 5750.01,31200.0,0.952,672.0,33.8566,12.8293,3952.0,4.62,1.0
TOI 5751.01,7080.0,1.453,1204.0,349.37,9.21007,5219.0,4.36,1.0
TOI 5752.01,22640.0,2.294,796.0,66.8731,15.6415,5616.2,4.42,1.0
TOI 5753.01,8060.0,2.873,911.0,114.75,14.2577,5760.0,4.08,1.0
TOI 5754.01,9470.0,1.683,1058.0,208.679,11.96,5999.0,4.35,1.0
TOI 5755.01,8020.0,3.099,976.0,150.751,10.0246,5188.0,4.29,1.0
TOI 5757.01,15640.0,2.052,319.0,1.72193,11.6182,4626.0,4.45,1.0
TOI 5758.01,15520.0,2.407,644.0,28.5552,11.7101,5555.0,4.5,1.0
TOI 5759.01,8550.0,1.62,698.0,39.5424,13.6804,6075.0,4.23,1.0
TOI 576.01,3219.0,3.5,1248.0,402.866,7.30242,6313.0,4.32632,2.0
TOI 5760.01,8160.0,4.458,1081.0,226.813,12.6224,5739.6,4.17,1.0
TOI 5762.01,8410.0,1.792,1019.0,179.278,11.2929,5769.6,4.35,1.0
TOI 5763.01,7080.0,4.077,1149.0,289.666,15.5368,5917.0,3.97,1.0
TOI 5764.01,9400.0,1.594,912.0,114.916,16.2391,6503.0,4.13,1.0
TOI 5765.01,4676.0,3.294,1348.0,549.351,9.43,5798.0,4.06,1.0
TOI 5767.01,22900.0,3.229,1232.0,383.57,15.9171,5690.0,4.42,1.0
TOI 5768.01,5920.0,3.902,1642.0,1208.55,12.3016,6448.0,4.14,1.0
TOI 5769.01,2620.0,1.314,1244.0,397.807,5.83196,5589.0,4.37,0.0
TOI 5770.01,17180.0,1.604,1564.0,993.613,12.177,5986.6,4.59,1.0
TOI 5771.01,3870.0,2.945,1000.0,166.048,11.1995,5839.0,3.95,1.0
TOI 5772.01,11020.0,1.31,862.0,91.9991,13.5233,5568.0,4.26,1.0
TOI 5773.01,5340.0,3.422,1529.0,908.875,12.6696,5390.0,3.93,1.0
TOI 5774.01,22870.0,2.932,1007.0,170.944,14.7278,5662.6,4.49,1.0
TOI 5775.01,26190.0,3.969,1298.0,471.423,7.18163,3550.0,4.82,1.0
TOI 5776.01,4180.0,4.13,1473.0,782.898,13.4666,5900.0,3.98,1.0
TOI 5777.01,1250.0,2.038,602.0,21.9209,2.51967,4208.0,4.6,1.0
TOI 5778.01,21520.0,1.866,508.0,11.1142,9.0747,3769.0,4.65,1.0
TOI 5779.01,4270.0,4.588,1034.0,190.021,11.6535,6080.0,3.97,1.0
TOI 578.01,8982.0803562,2.6201128,1909.3436393,3140.923774,17.6267405,6010.0,4.13259,1.0
TOI 5780.01,15840.0,1.413,591.0,20.3071,16.6203,5306.0,4.29,1.0
TOI 5782.01,750.0,5.027,1479.0,795.439,4.81636,5641.8,3.91,1.0
TOI 5783.01,850.0,2.437,988.0,158.296,2.77011,5483.0,4.48,1.0
TOI 5784.01,870.0,2.41,895.0,106.576,5.59572,6521.0,4.02,0.0
TOI 5786.01,3008.0,5.242,1225.0,374.462,6.85813,6280.0,4.28,2.0
TOI 5787.01,737.0,4.485,3473.0,24167.8,5.27608,6030.0,4.25,0.0
TOI 5788.01,530.0,3.551,696.0,38.9693,1.99447,5664.0,4.58,1.0
TOI 5788.02,330.0,3.341,1078.0,224.712,1.53236,5664.0,4.58,1.0
TOI 5789.01,790.0,1.691,478.0,8.71939,2.53704,5132.0,4.49,1.0
TOI 5791.01,1390.0,1.949,1400.0,638.802,4.657,5651.0,4.27,0.0
TOI 5793.01,11715.9037129,4.1073512,1800.7544523,2485.0720832,18.2513755,6479.0,4.1239,1.0
TOI 5794.01,21303.5958289,2.3275852,1595.3527336,1530.9037436,14.8585448,5781.0,4.44616,1.0
TOI 5795.01,2627.6198191,3.3861325,1004.561242,240.6726137,5.4273017,5708.0,4.4,2.0
TOI 5796.01,32205.6970804,2.2872101,1409.5465081,932.907623,16.9227097,5529.0,4.48157,1.0
TOI 5797.01,16986.633013,1.7531966,1189.674375,473.405643,11.9994427,5147.0,4.51349,1.0
TOI 5798.01,14617.2679583,2.1862785,1854.6550022,2796.2341961,14.1049577,5918.23,4.34796,1.0
TOI 5799.01,2612.2397484,1.5725422,487.3029274,13.3265301,1.9881393,3521.0,4.8805,2.0
TOI 580.01,3594.0,2.729,5565.0,159308.0,13.3884,11159.0,4.51,1.0
TOI 5800.01,731.2082684,1.2408211,1037.8197981,274.1629769,2.8331017,4821.0,4.51,2.0
TOI 5801.01,34536.7848173,2.1103325,744.0760606,72.441983,11.7996868,3965.0,4.62,1.0
TOI 5802.01,14527.4470152,3.5299033,1446.303543,1034.0911042,14.5541659,5962.0,4.32795,1.0
TOI 5803.01,1078.0,1.382,816.0,73.722,3.5038,5134.0,4.61,2.0
TOI 5804.01,1050.0,1.171,1399.0,636.482,6.69058,6270.7,3.94,0.0
TOI 5805.01,1112.0,5.523,1417.0,670.217,5.30408,6809.0,4.26,1.0
TOI 5806.01,4750.0,1.304,1299.0,473.071,11.2665,6602.0,4.22,1.0
TOI 5807.01,225.0,4.046,1027.0,184.841,2.12067,6815.9,4.17,1.0
TOI 5808.01,731.0,2.859,994.0,162.379,2.37279,5707.0,4.5,1.0
TOI 581.01,696.0,1.675,4743.0,84020.4,6.01556,10585.0,4.35,1.0
TOI 5810.01,6330.0,6.105,1575.0,1023.84,15.1292,6142.0,3.96,1.0
TOI 5812.01,8161.0,5.519,1063.0,212.215,11.2199,5660.0,4.27,1.0
TOI 5812.02,5553.0,5.935,984.0,156.203,8.79039,5660.0,4.27,1.0
TOI 5813.01,953.0,3.862,571.0,17.7487,2.99769,5615.0,4.42,1.0
TOI 5814.01,1174.0,2.466,912.0,115.322,2.73791,4986.0,4.52,1.0
TOI 5815.01,6492.4843324,5.1857347,1638.4711226,1703.2412549,15.2636582,6152.0,3.96619,1.0
TOI 5816.01,7660.0,7.501,1355.0,559.996,12.8306,8991.0,4.45701,1.0
TOI 5817.01,467.1437307,5.8168055,855.9604214,126.863222,3.0272584,5809.0,4.17404,2.0
TOI 5818.01,11139.9639243,4.24521,1729.5771164,2114.8556223,17.8543699,5916.0,4.02617,1.0
TOI 5819.01,746.044174,1.9339167,1170.2620601,443.2548574,2.8520931,5463.0,4.39104,1.0
TOI 582.01,803.2627817,3.5004762,3570.099957,38392.1562998,18.117379,9988.0,3.59,0.0
TOI 5820.01,6668.8007799,3.584776,1638.7722976,1704.493923,16.7083729,6228.0,3.98845,1.0
TOI 5821.01,7961.0,5.163,3907.0,38711.5,21.3705,7893.0,4.105,1.0
TOI 5822.01,9869.0318921,2.8258531,1884.119256,2978.2047666,14.506178,5887.35,4.16889,1.0
TOI 5823.01,17259.9935362,2.1610195,934.9167883,180.5563786,12.2658903,4746.0,4.4323,1.0
TOI 5824.01,16813.9237374,3.2379644,1178.6981748,456.1749634,13.9654622,5741.0,4.40631,1.0
TOI 5825.01,1017.0,4.325,1053.0,204.476,3.6974,6115.71,4.33401,1.0
TOI 5826.01,7400.0,3.191,1981.0,2559.93,17.2648,7456.0,4.09,1.0
TOI 5827.01,7850.0,3.885,1272.0,435.709,15.7942,5821.0,3.97,1.0
TOI 5828.01,2970.0,2.4,1957.0,2437.87,4.46821,5313.0,4.56,1.0
TOI 583.01,4049.0,1.028,1081.0,227.331,11.1988,10902.0,4.42,1.0
TOI 5830.01,2110.0,2.664,1340.0,536.42,8.8779,5308.0,3.82,0.0
TOI 5831.01,5870.0,2.51,1318.0,501.062,12.2675,6360.0,4.16,1.0
TOI 5832.01,11560.0,3.504,1291.0,461.579,13.7192,6301.0,4.32,1.0
TOI 5833.01,15750.0,2.433,1316.0,499.207,13.6986,5549.0,4.38,1.0
TOI 5834.01,23590.0,1.79,777.0,60.7404,12.31,4485.0,4.5,1.0
TOI 5835.01,16970.0,3.007,828.0,78.3241,13.4185,4977.0,4.37,1.0
TOI 5836.01,71390.0,1.773,350.0,2.51961,11.6649,3330.0,4.82,1.0
TOI 5837.01,8220.0,3.346,1995.0,2634.75,13.1813,7564.0,4.35,1.0
TOI 5838.01,28570.0,1.614,717.0,43.9473,13.0275,4458.0,4.54,1.0
TOI 5839.01,8720.0,3.491,1939.0,2348.06,16.4931,6657.0,4.08,0.0
TOI 584.01,3711.7152579,1.7829162,3997.2246581,60333.0433838,28.2499512,9255.0,3.88,0.0
TOI 5840.01,11560.0,3.949,1612.0,1122.8,16.2059,6600.0,4.23,1.0
TOI 5841.01,3360.0,4.028,1404.0,646.84,10.5624,5678.0,3.93,1.0
TOI 5842.01,3080.0,1.927,1239.0,392.13,5.92308,5821.0,4.44,1.0
TOI 5843.01,10650.0,3.223,1210.0,356.665,12.6868,5581.0,4.27,1.0
TOI 5844.01,2080.0,2.12,878.0,98.668,6.40583,5737.0,4.18,1.0
TOI 5845.01,2660.0,2.094,2424.0,5740.22,18.193,8944.0,3.75,1.0
TOI 5846.01,9570.0,1.098,486.0,9.27536,15.2166,6044.0,4.19,1.0
TOI 5848.01,13090.0,2.993,2094.0,3194.9,19.2985,5964.0,4.0,1.0
TOI 5849.01,12340.0,1.722,945.0,132.764,13.0504,5771.0,4.34,1.0
TOI 5850.01,7460.0,0.384,367.0,3.03288,13.8899,3827.0,4.62,0.0
TOI 5851.01,14400.0,2.372,1022.0,181.815,11.5788,5697.0,4.45,1.0
TOI 5852.01,38380.0,2.056,746.0,51.5714,13.077,4348.0,4.62,1.0
TOI 5853.01,15860.0,2.306,1116.0,257.512,12.8025,5806.0,4.47,1.0
TOI 5854.01,13550.0,2.449,891.0,105.034,14.3475,4910.0,4.19,1.0
TOI 5855.01,5420.0,3.033,2378.0,5313.3,12.1002,6114.0,4.52,0.0
TOI 5856.01,1110.0,1.588,2590.0,7481.4,4.44804,5808.0,4.2,1.0
TOI 5857.01,8610.0,1.406,944.0,131.926,11.3277,5449.0,4.31,1.0
TOI 5858.01,13510.0,3.03,848.0,86.2156,11.017,5287.0,4.45,1.0
TOI 5859.01,9480.0,1.837,698.0,39.4252,6.36345,3769.0,4.63,1.0
TOI 586.01,4982.0,4.988,1399.0,636.099,28.0326,9511.0,4.05,0.0
TOI 5861.01,26130.0,4.769,813.0,72.8052,17.1437,5862.0,4.42,1.0
TOI 5862.01,3640.0,4.653,1663.0,1271.35,15.9815,6987.0,3.77,0.0
TOI 5863.01,24100.0,1.846,938.0,129.049,13.9182,4829.0,4.46,1.0
TOI 5864.01,9360.0,4.548,976.0,150.959,11.824,5961.0,4.32,1.0
TOI 5865.01,3080.0,2.372,999.0,165.896,10.0835,6044.0,4.0,1.0
TOI 5866.01,8920.0,1.184,923.0,120.549,13.2581,6247.0,4.28,0.0
TOI 5867.01,27240.0,2.723,1627.0,1164.27,10.2843,3613.0,4.75,0.0
TOI 5868.01,3310.0,2.885,1817.0,1812.44,14.0246,6875.8,3.85,1.0
TOI 5869.01,9990.0,4.127,1702.0,1395.05,19.4699,6236.0,3.94,1.0
TOI 5870.01,3736.0,3.516,567.0,17.2269,10.8653,6336.8,4.2,1.0
TOI 5871.01,26070.0,2.275,1973.0,2519.68,18.3699,6339.0,4.45,1.0
TOI 5872.01,2730.0,2.062,1495.0,830.151,6.01656,6032.0,4.37,1.0
TOI 5873.01,21940.0,0.368,904.0,111.259,12.2118,3621.0,4.74,1.0
TOI 5874.01,7620.0,1.253,971.0,147.884,10.3952,5512.0,4.33,1.0
TOI 5875.01,7060.0,3.314,1064.0,213.2,8.2634,5248.0,4.42,1.0
TOI 5876.01,1830.0,3.272,1014.0,176.156,7.28362,6702.0,4.13,0.0
TOI 5877.01,4310.0,4.536,1799.0,1742.51,15.2568,8722.0,3.99,1.0
TOI 5878.01,27910.0,2.861,1133.0,274.056,14.7953,5213.0,4.53,1.0
TOI 5879.01,37790.0,1.348,463.0,7.64407,9.63078,3355.0,4.76,1.0
TOI 588.01,7758.0,6.186,1015.0,176.652,16.3498,10416.0,4.35,1.0
TOI 5880.01,11400.0,3.289,1593.0,1071.51,15.0692,6244.0,4.22,1.0
TOI 5881.01,3640.0,4.079,2150.0,3548.41,14.7763,6148.0,3.72,1.0
TOI 5882.01,1900.0,6.864,2317.0,4792.5,14.1861,5706.0,3.7,2.0
TOI 5884.01,4240.0,3.283,1209.0,354.772,15.2747,6390.0,3.83,1.0
TOI 5885.01,3150.0,3.196,1321.0,506.011,14.0851,6132.0,3.75,1.0
TOI 5886.01,3140.0,1.224,2186.0,3796.11,11.5845,7542.0,4.11,0.0
TOI 5887.01,3830.0,2.781,1139.0,280.377,10.6347,6243.0,4.12,0.0
TOI 5888.01,4560.0,4.331,785.0,63.3289,9.87708,5796.0,4.14,1.0
TOI 5889.01,27340.0,1.988,919.0,118.916,12.4643,4224.0,4.54,1.0
TOI 5890.01,8450.0,3.337,1347.0,547.695,11.3389,7142.0,4.49,1.0
TOI 5891.01,5000.0,4.307,1602.0,1094.98,15.7612,6283.0,3.77,1.0
TOI 5892.01,2880.0,1.345,1265.0,425.174,13.5597,5369.0,3.68,0.0
TOI 5893.01,7997.0,5.718,1039.0,193.477,10.6236,5887.0,4.35,1.0
TOI 5894.01,10740.0,3.094,1437.0,708.388,12.7756,5704.0,4.27,1.0
TOI 5896.01,14280.0,2.633,1488.0,815.756,6.86149,3662.0,4.67,1.0
TOI 5897.01,14850.0,3.234,906.0,112.177,11.4838,5364.0,4.46,1.0
TOI 5898.01,2590.0,3.894,873.0,96.5028,10.0684,5369.0,3.84,1.0
TOI 5899.01,7440.0,1.095,1791.0,1710.79,11.8563,5932.0,4.26,0.0
TOI 5900.01,7030.0,2.984,1698.0,1380.7,18.8159,5960.0,3.78,1.0
TOI 5901.01,3750.0,3.459,1253.0,409.941,11.9323,5867.0,3.88,0.0
TOI 5902.01,5930.0,4.084,1606.0,1106.76,13.6377,7035.0,4.18,1.0
TOI 5903.01,5560.0,1.597,1198.0,343.055,11.779,5869.0,4.1,1.0
TOI 5904.01,7790.0,3.223,1156.0,296.507,13.5941,5975.7,4.09,1.0
TOI 5905.01,17150.0,2.369,1049.0,201.365,11.3795,4881.0,4.5,1.0
TOI 5907.01,3740.0,0.796,1963.0,2467.92,8.31454,5766.0,4.38,1.0
TOI 5908.01,7520.0,3.005,2075.0,3082.85,11.6029,7143.0,4.4,0.0
TOI 5909.01,4300.0,3.344,1328.0,517.385,12.9614,6269.0,3.94,1.0
TOI 591.01,40640.0,6.035,1924.0,2278.83,87.0155,9365.0,4.08,0.0
TOI 5910.01,4810.0,7.888,1092.0,236.125,8.64247,6330.0,4.31,0.0
TOI 5911.01,7750.0,4.015,1567.0,1001.22,12.1613,6304.5,4.27,1.0
TOI 5912.01,3790.0,5.483,1266.0,426.677,14.2131,5612.0,3.71,1.0
TOI 5914.01,5820.0,3.243,1213.0,359.493,8.92241,5561.0,4.32,1.0
TOI 5915.01,49260.0,3.396,481.0,8.90508,13.0082,3923.0,4.66,0.0
TOI 5916.01,48700.0,1.866,735.0,48.4913,10.9197,3504.0,4.75,1.0
TOI 5917.01,5560.0,3.537,1504.0,850.594,9.54371,6345.0,4.31,1.0
TOI 5918.01,12030.0,2.032,1420.0,675.543,11.6988,5771.0,4.41,1.0
TOI 5919.01,3730.0,2.943,1137.0,277.556,13.2129,5393.0,3.76,1.0
TOI 592.01,1948.0,3.482,942.0,131.058,8.3814,6439.3,4.12,0.0
TOI 5920.01,4500.0,2.127,578.0,18.6278,10.5168,6120.0,4.12,0.0
TOI 5921.01,4940.0,4.514,1476.0,788.546,15.3662,6152.0,3.82,1.0
TOI 5922.01,8550.0,3.795,1120.0,261.968,16.7817,5204.1,3.88,1.0
TOI 5923.01,8980.0,3.596,1429.0,692.888,13.4189,6059.0,4.2,1.0
TOI 5924.01,4380.0,5.957,1530.0,911.223,14.9548,6122.0,3.71,0.0
TOI 5925.01,10230.0,2.218,948.0,134.424,11.9381,6352.0,4.42,1.0
TOI 5926.01,6560.0,1.997,987.0,157.644,7.38288,5430.0,4.52,1.0
TOI 5927.01,6140.0,3.657,1617.0,1136.26,12.6264,6503.0,4.17,1.0
TOI 5928.01,8870.0,3.478,1643.0,1210.17,12.5001,6277.0,4.29,1.0
TOI 5929.01,7730.0,3.148,1382.0,605.972,15.6586,6662.0,4.08,1.0
TOI 5930.01,4500.0,4.539,1743.0,1535.28,11.9632,6289.0,3.95,1.0
TOI 5931.01,5800.0,2.896,1253.0,409.43,9.6255,5763.0,4.26,1.0
TOI 5932.01,11350.0,1.826,1232.0,383.536,18.292,6323.0,4.09,1.0
TOI 5933.01,11420.0,1.245,557.0,16.0188,8.79073,4743.0,4.57,1.0
TOI 5934.01,14510.0,1.463,1152.0,292.554,20.0973,6190.0,4.11,1.0
TOI 5935.01,10640.0,1.597,1008.0,171.551,13.0636,5585.0,4.25,1.0
TOI 5937.01,15800.0,3.007,502.0,10.5716,13.6234,5403.0,4.36,1.0
TOI 5938.01,2680.0,2.098,1106.0,249.273,3.92152,4452.0,4.54,1.0
TOI 5939.01,3640.0,6.11,1542.0,940.498,12.5189,6078.0,3.86,1.0
TOI 5940.01,15830.0,5.176,1551.0,961.087,11.4232,3662.0,4.72,0.0
TOI 5941.01,1920.0,4.091,747.0,51.7045,2.97165,4738.0,4.64,1.0
TOI 5942.01,3460.0,2.008,1889.0,2118.23,15.2145,6453.0,3.76,0.0
TOI 5943.01,6960.0,6.116,975.0,150.132,11.2628,6237.4,4.27,1.0
TOI 5944.01,15160.0,2.479,947.0,133.684,11.945,5933.0,4.5,1.0
TOI 5945.01,4430.0,3.422,1553.0,967.25,9.00661,6117.0,4.22,1.0
TOI 5946.01,1820.0,6.944,1902.0,2173.06,12.52,6742.0,3.66,1.0
TOI 5947.01,510.0,1.937,873.0,96.5124,2.15853,5451.0,4.54,1.0
TOI 5949.01,337.0,1.712,1236.0,387.637,1.40901,4996.0,4.57,1.0
TOI 5949.02,172.0,1.851,1018.0,178.535,0.974713,4996.0,4.57,1.0
TOI 595.01,560.0,2.772,1007.0,170.804,6.82171,6258.1,3.59,0.0
TOI 5951.01,360.0,1.777,1539.0,932.329,3.27956,6689.0,4.19,1.0
TOI 5952.01,5549.0,4.283,514.0,11.5909,17.5122,5513.0,3.75,1.0
TOI 5954.01,2409.0,1.281,747.0,51.9069,13.1568,6906.0,3.84,0.0
TOI 5955.01,518.7240999,1.045052,1216.1685093,517.0065166,1.6802901,3844.0,4.6589,1.0
TOI 5956.01,45240.8420953,0.983716,815.2828522,104.4129181,10.6079914,3207.0,4.74975,1.0
TOI 5957.01,9420.0,3.491,1731.0,1493.68,12.5826,6756.31,4.38298,1.0
TOI 5958.01,400.6390117,1.5098977,1352.7258275,791.3345542,2.0651033,5816.0,4.48945,1.0
TOI 5959.01,7175.6801891,6.1089711,1648.9928347,1747.4150659,18.031156,6074.0,3.85122,1.0
TOI 596.01,745.1393405,2.4400695,2781.4385255,14144.8668844,8.3090193,6017.0,3.55,0.0
TOI 5960.01,9490.8396842,3.9016058,1592.4951117,1519.96446,14.2287485,6401.79,4.23563,1.0
TOI 5961.01,342.1852102,1.2809267,955.7638559,197.2074933,1.3134056,3900.68,4.5239,1.0
TOI 5962.01,3853.8831363,1.068842,1137.0548605,395.0450985,4.8624405,5383.13,4.7447,0.0
TOI 5963.01,11939.7472843,3.3699025,1314.2372675,705.0438271,15.1546943,5924.0,4.21239,1.0
TOI 5964.01,15590.0,3.247,1270.0,431.951,14.4616,5771.0,4.33924,1.0
TOI 5965.01,1577.257225,4.8390265,1474.8087701,1118.0567499,7.6400361,5729.0,3.95931,1.0
TOI 5966.01,11844.6534836,2.441937,1257.6993121,591.3277978,12.0728557,6084.0,4.45887,0.0
TOI 5967.01,1344.0,3.901,743.0,50.6698,3.32532,5758.0,4.45663,1.0
TOI 5968.01,520.0,4.495,1180.0,322.574,1.90769,5940.0,4.42516,1.0
TOI 5968.02,695.0,3.487,956.0,138.746,2.47478,5940.0,4.42516,1.0
TOI 5969.01,21472.3061237,2.5053873,633.3727192,38.0328101,11.5285264,4302.0,4.5054,1.0
TOI 597.01,1290.149756,2.63,846.0,85.1668,8.5555002,4951.7,3.55,0.0
TOI 5970.01,28695.1012159,2.2215324,926.3544365,174.0322539,12.6556708,4713.98,4.56492,1.0
TOI 5971.01,8891.5603147,4.2579634,1634.7344157,1687.7566393,17.0087765,6528.05,4.0799,1.0
TOI 5972.01,17803.0,2.958,1371.0,587.098,16.3776,6052.0,4.34258,1.0
TOI 5973.01,3842.0,2.506,1403.0,643.751,6.79941,6238.0,4.33794,1.0
TOI 5974.01,1037.7815799,0.9051433,662.7454689,45.5940395,1.2127014,3487.0,4.85306,1.0
TOI 5975.01,2858.622379,15.3281375,577.1642659,26.2251959,8.4472776,6508.0,4.18652,1.0
TOI 5976.01,1462.5517623,1.5315811,972.9866029,211.8109673,1.4551234,3256.0,4.85874,0.0
TOI 5978.01,153.5319003,1.247372,1941.9263461,3360.8723448,1.3097748,5632.0,4.45734,1.0
TOI 5979.01,283.0,3.014,1190.0,333.088,1.45952,5655.0,4.50815,1.0
TOI 5980.01,585.7148869,4.3996752,355.2207257,3.7628265,1.9748837,5391.0,4.61444,1.0
TOI 5981.01,1867.3179922,2.6555328,499.5920759,14.7225544,2.3954787,3721.0,4.703,1.0
TOI 5982.01,23972.8957136,5.1869737,214.0696563,0.4962968,12.5609376,5439.49,4.59877,1.0
TOI 5983.01,863.0912024,0.9889992,787.0157613,90.6681431,1.375524,3406.0,4.82682,1.0
TOI 5984.01,4017.8298399,2.5787928,1065.3350121,304.4148279,5.5008027,5410.0,4.53617,1.0
TOI 5985.01,242.4992335,2.1700812,1041.6319451,278.2134769,1.5356382,4837.0,4.55481,1.0
TOI 5986.01,1501.2063653,11.0403765,754.4387662,76.5626552,6.8872276,6373.72,4.05962,1.0
TOI 5987.01,1609.7433089,4.8155571,291.8663524,1.7149724,2.4883067,3943.0,4.6329,1.0
TOI 5988.01,248.9571168,1.9640812,1987.0783791,3684.5206378,2.0046235,5706.0,4.37,1.0
TOI 5989.01,796.5543815,3.8812584,1035.3989982,271.6138825,3.5242338,6173.0,4.44273,1.0
TOI 599.01,4744.55,1.755,4448.0,65023.4,20.1053,6991.1,3.83,0.0
TOI 5990.01,456.5698347,6.2194192,522.1793937,17.5711392,2.2203819,5626.0,5.47131,1.0
TOI 5991.01,127.6112321,3.3795425,1077.1479991,318.1431068,1.6279088,5983.0,4.29138,1.0
TOI 5992.01,11271.5765812,2.9574257,908.6681834,161.117342,11.980977,5368.0,4.30215,1.0
TOI 5993.01,1280.5898265,10.6581231,795.8922782,94.828344,7.1843683,6197.21,4.08307,1.0
TOI 5994.01,3581.1493923,2.5395549,607.6515119,32.2210236,3.7927661,4564.61,4.68645,1.0
TOI 5995.01,516.1273113,9.0400019,1082.7227478,324.7805755,15.6817806,4643.39,4.438,1.0
TOI 5996.01,3819.91221,7.3613043,715.7032239,62.0087384,12.6721874,8953.0,4.22329,1.0
TOI 5997.01,356.813695,1.7818546,730.2379204,67.2014321,1.5874236,4674.0,4.61121,1.0
TOI 5998.01,1771.5047592,2.8573107,557.8740267,22.8910424,3.093161,4066.0,4.52539,1.0
TOI 5999.01,771.0,1.92,852.0,87.7838,2.87691,6133.77,4.32058,1.0
TOI 6000.01,674.8277016,0.7637477,1022.913907,258.7481981,1.015263,3419.0,4.84756,2.0
TOI 6001.01,10093.1737819,3.8750477,1590.5768607,1512.6541471,16.7208629,6052.0,4.1353,1.0
TOI 6002.01,4030.7760993,1.5530648,296.3966212,1.8239545,1.5489482,3272.0,4.99712,2.0
TOI 6003.01,289.4487735,4.0842391,1287.6680247,649.7355768,2.9189614,6149.0,4.14765,1.0
TOI 6004.01,1728.7453821,1.8852042,411.7798487,6.7948733,2.1083189,3759.27,4.86726,1.0
TOI 6005.01,919.5336262,4.5431711,536.1746979,19.5319797,3.563467,4816.0,4.59996,1.0
TOI 6006.01,1292.7152523,1.1724398,986.1732636,223.5290118,2.6163105,4715.0,4.57812,1.0
TOI 6007.01,3029.1585847,4.2222063,106.5435861,0.030453,2.8632815,3500.0,4.80448,1.0
TOI 6008.01,2045.7091221,0.5478598,649.3272227,42.012202,1.2465478,3098.0,5.00721,2.0
TOI 6009.01,2550.0,1.225,2594.0,7523.43,11.5208,8552.3,4.18,1.0
TOI 601.01,1177.0,1.999,1229.0,379.541,11.3342,6221.0,3.53,1.0
TOI 6010.01,1005.0,0.494,1658.0,1255.21,6.12033,5842.0,4.17,1.0
TOI 6011.01,12009.0,1.496,1010.0,172.957,14.5204,5770.0,4.438,1.0
TOI 6012.01,3669.0022778,5.3495584,809.6830845,101.5736987,7.2826036,6119.0,4.35436,1.0
TOI 6013.01,13770.1931364,3.1400826,1237.7606776,554.7122128,12.3569361,5698.38,4.40322,1.0
TOI 6014.01,12429.3724559,3.7121363,1730.9375747,2121.5175266,17.7001932,6116.0,4.11132,1.0
TOI 6015.01,7531.4221197,3.5311266,1406.737585,925.4934848,13.8395402,6001.0,4.12263,1.0
TOI 6016.01,8925.0,3.71,1382.0,606.797,14.9702,5807.0,4.06406,2.0
TOI 6017.01,6997.4591212,3.0652269,1839.3305452,2704.955558,14.717643,6207.39,4.03891,1.0
TOI 6018.01,571.3138896,1.4407556,1031.2997377,267.3379607,1.902342,4983.53,4.65066,1.0
TOI 6019.01,3222.8170072,5.4881637,1013.8009423,249.6501113,12.189719,5559.5,3.84,1.0
TOI 6021.01,12273.0056923,3.4937463,1869.4111277,2886.2922002,17.7163979,6161.0,4.1171,1.0
TOI 6022.01,107974.2359543,1.41745,597.0685598,30.0343207,17.7947707,3264.0,4.8548,1.0
TOI 6022.02,4280.7714918,2.7821528,642.7614652,40.3385544,2.4829303,3264.0,4.8548,1.0
TOI 6025.01,1280.0,2.071,3126.0,15853.1,8.97675,8448.0,3.98,1.0
TOI 6026.01,230.0,1.313,1211.0,357.418,1.28307,4540.4,4.5,1.0
TOI 6027.01,57872.8336091,2.7440612,1055.5743901,293.4109933,24.2892126,4389.0,4.24954,1.0
TOI 6028.01,8682.2466029,3.8545141,1164.2236638,434.1768781,11.6470757,6086.0,4.31517,1.0
TOI 6029.01,2387.0,5.684,1484.0,806.794,11.022,5852.0,3.64892,2.0
TOI 603.01,2249.0,6.495,942.0,131.122,7.89958,5900.8,4.04,2.0
TOI 6030.01,7445.2479047,2.1928372,2383.7563437,7630.771499,15.3898195,8039.0,4.31943,1.0
TOI 6031.01,25640.8126075,3.1026968,1676.1615458,1865.4537814,20.6364944,6340.0,4.33387,1.0
TOI 6032.01,347.7876879,7.8217079,1540.7755679,1331.9212095,4.8405988,6083.0,3.68069,1.0
TOI 6033.01,5645.2975375,6.0379226,882.4917606,143.3387586,11.1154985,6345.0,4.21827,1.0
TOI 6034.01,49904.2528728,1.5879379,661.8718403,45.3541068,12.1450869,3628.0,4.73924,2.0
TOI 6037.01,560.0,6.257,2243.0,4207.93,4.59761,6950.0,3.78,0.0
TOI 6038.01,1068.0,4.571,1617.0,1135.31,4.71778,6305.0,4.11,2.0
TOI 6039.01,1590.0,1.203,669.0,33.4398,10.2441,6255.0,3.88,0.0
TOI 6041.01,2352.0,3.534,566.0,17.1449,4.39378,5359.0,4.55,1.0
TOI 6042.01,2000.0,1.461,1048.0,200.285,18.0417,9434.0,3.66,1.0
TOI 6043.01,10456.8418233,3.0559836,1423.5425881,970.5163576,12.7803657,5596.0,4.24644,1.0
TOI 6044.01,383.7274369,1.5107491,1482.7274023,1142.2633882,2.1962137,5957.0,4.39105,1.0
TOI 6045.01,2569.9421713,6.5647136,1458.8996447,1070.588751,11.8138164,6128.0,3.7824,1.0
TOI 6046.01,15800.4739836,2.9160091,1223.7992852,530.104856,12.9118144,5845.0,4.44554,1.0
TOI 6047.01,16749.4607119,6.7307424,1360.0729581,808.6671936,14.7083576,5583.0,4.46043,1.0
TOI 6048.01,1006.1582134,3.4008546,1410.9076511,936.5163332,5.5323212,6235.0,4.05522,1.0
TOI 6049.01,11069.1320347,5.5511467,762.1896249,79.7577939,9.5731365,5663.55,4.53693,1.0
TOI 6050.01,6502.5514222,4.955098,1475.0069316,1118.657778,15.2816665,6243.0,3.98185,1.0
TOI 6051.01,22430.0040626,4.1169544,1513.8331768,1241.1751658,22.5941886,6574.32,4.23875,1.0
TOI 6052.01,8561.4394866,4.1381202,1391.5756101,886.2336482,14.9544789,5679.0,4.07294,1.0
TOI 6054.01,225.5988767,5.800713,1221.8268955,526.6956422,2.5277726,6111.67,4.08398,2.0
TOI 6054.02,284.6855263,6.529918,1028.0064164,263.9394474,2.7981797,6111.67,4.08398,2.0
TOI 6055.01,69488.1410322,1.3521675,1092.8518572,337.1057655,19.5460599,3493.0,4.432,1.0
TOI 6056.01,18253.753966,2.6691319,1039.1796205,275.6027117,12.6079161,4996.0,4.47095,1.0
TOI 6057.01,1239.1563644,8.8021114,1379.8484358,856.7350684,8.6575486,6402.35,3.78349,1.0
TOI 6058.01,592.0,1.474,1626.0,1161.29,3.89751,4403.0,4.58,1.0
TOI 6059.01,778.0,2.628,920.0,118.939,2.19947,5413.7,4.55,1.0
TOI 606.01,3372.0,2.661,3091.0,15162.9,30.4003,6514.0,4.03,0.0
TOI 6060.01,720.0,2.344,1624.0,1156.25,8.3102,7373.8,3.56,1.0
TOI 6061.01,313.0,3.313,966.0,144.968,1.51687,5639.0,4.46,1.0
TOI 6062.01,898.0,3.203,950.0,135.613,2.68623,5936.0,4.47,1.0
TOI 6064.01,6498.0,3.463,807.0,70.5288,13.4962,6803.6,4.12,1.0
TOI 6065.01,417.0,3.785,2135.0,3451.52,4.6173,6061.0,4.21,1.0
TOI 6066.01,168.0,2.742,2049.0,2928.12,1.87367,6335.0,4.1,1.0
TOI 6067.01,659.0,2.986,299.0,1.3372,2.89746,6236.0,4.35,1.0
TOI 6068.01,460.0,2.717,872.0,96.346,2.81276,6718.0,4.32,1.0
TOI 607.01,1438.6746953,2.1680096,3322.8508101,28811.4006979,11.0288578,9389.0,3.92,0.0
TOI 6070.01,1191.6067436,3.1254171,672.3725733,48.3015382,2.7531721,4998.0,4.58615,1.0
TOI 6071.01,8748.7436413,2.2975955,1013.0874521,248.9480604,10.9418064,5358.0,4.34315,1.0
TOI 6072.01,16316.0231993,2.720758,1213.2274319,512.0234924,14.7244708,5720.0,4.37355,1.0
TOI 6073.01,9692.5415934,3.6398573,1487.0514371,1155.6463869,15.0466879,6007.22,4.18781,1.0
TOI 6074.01,171.2764262,1.5751733,803.406097,98.4603771,1.5690907,5865.0,4.44965,1.0
TOI 6075.01,594.2376069,8.6876381,203.5682958,0.4058463,1.7373781,4193.0,4.53686,1.0
TOI 6076.01,1456.9031847,6.6602076,259.5261864,1.0721258,5.3917254,6665.4,4.31,1.0
TOI 6077.01,1956.0116833,2.1060279,796.3320731,95.0381191,2.9944585,3761.0,4.60411,1.0
TOI 6078.01,684.0,2.037,677.0,35.0646,2.23934,5212.0,4.51487,1.0
TOI 6078.02,705.0,3.769,949.0,135.17,3.89809,5212.0,4.51487,1.0
TOI 6079.01,2021.5793679,5.8731029,496.9023128,14.4080456,7.5126605,6501.0,4.25028,1.0
TOI 6080.01,913.8621738,3.5853172,919.3282171,168.8120184,3.3778836,5680.0,4.38997,1.0
TOI 6081.01,6241.5672443,4.9429378,1109.4957891,358.1159257,12.4048291,5597.0,4.04717,1.0
TOI 6082.01,100.0,1.882,1048.0,200.507,1.31196,5694.0,4.95801,1.0
TOI 6083.01,3608.2663496,9.3055095,241.1728841,0.7995303,6.0762071,5576.31,4.48425,1.0
TOI 6084.01,1642.1950326,1.4148388,1806.1549461,2515.0175544,10.7278887,8096.0,4.28307,0.0
TOI 6085.01,317.9766458,14.1230558,148.7311702,0.1156456,1.4099651,5106.0,4.62161,1.0
TOI 6086.01,1372.5136834,0.8267002,604.3465776,31.5257386,0.9650619,3300.0,4.97775,2.0
TOI 6087.01,2097.1164668,2.2996357,529.1847026,18.5331878,5.0218625,5819.72,4.41305,1.0
TOI 6088.01,713.8494352,3.2593808,793.897973,93.8814469,2.6996251,5511.0,4.50367,1.0
TOI 6089.01,654.7322821,4.3141611,1550.1353571,1364.5815362,4.1549554,5772.0,4.04527,1.0
TOI 6090.01,10708.303583,3.7013817,1113.8339818,363.7498778,15.2797869,5490.0,4.3011,1.0
TOI 6091.01,1496.7919264,1.9734133,605.8924433,31.8495386,2.4406793,3921.0,4.648,1.0
TOI 6092.01,12855.6961211,4.6672536,231.1714878,0.674929,5.1306856,3476.0,4.81846,0.0
TOI 6093.01,1115.0,1.113,2380.0,5327.83,7.85938,6004.0,4.13,1.0
TOI 6094.01,892.0,2.868,2839.0,10790.5,12.1856,6251.1,3.79,0.0
TOI 6095.01,529.0,1.289,1187.0,329.608,1.86733,5260.0,4.59,1.0
TOI 6096.01,285.0,2.121,2871.0,11290.9,2.42354,6613.8,4.28,0.0
TOI 6098.01,362.0,1.439,1048.0,200.856,2.11652,5599.3,4.37,1.0
TOI 6099.01,598.0,2.284,785.0,63.339,1.80945,4610.0,4.55,1.0
TOI 610.01,3865.0,3.245,3009.0,13611.8,16.4945,7889.0,4.53,0.0
TOI 6100.01,1316.7462021,1.0677974,1447.8874391,1038.6284238,3.2034237,5223.0,4.53,1.0
TOI 6101.01,19240.1766706,2.0496174,1689.3374258,1924.8044588,15.3206915,5595.4,4.4,2.0
TOI 6102.01,14601.0562246,2.9133817,1040.908324,277.4411832,12.0561316,5878.0,4.47546,1.0
TOI 6103.01,10616.2597804,3.1662519,1596.416451,1534.9908103,13.8082328,7069.0,4.40124,1.0
TOI 6104.01,2845.1432466,8.4737438,1844.7784392,2737.1453387,17.4517774,6316.0,3.53,1.0
TOI 6105.01,14146.4724409,2.4986472,1516.5077563,1249.9698719,14.4173412,6176.8,4.5,1.0
TOI 6107.01,7609.2687873,3.9779406,2670.8488477,12025.9181554,23.926255,7810.0,4.08,1.0
TOI 6108.01,7843.4867323,3.6211626,1330.1277094,739.7659967,12.5321785,5748.0,4.19506,1.0
TOI 6109.01,1730.0,2.337,786.0,63.3913,4.04578,5416.1,4.49,1.0
TOI 6109.02,1470.0,1.107,700.0,39.9451,3.92346,5416.1,4.49,1.0
TOI 611.01,1440.0,3.402,2207.0,3942.66,5.30134,4869.0,4.54,1.0
TOI 6110.01,23010.0,1.105,829.0,78.6048,8.66923,3642.0,4.7,1.0
TOI 6112.01,2197.0,1.373,1444.0,721.952,7.26339,6556.9,4.18,1.0
TOI 6113.01,6245.0,6.715,1817.0,1810.88,20.0897,6178.0,3.65,1.0
TOI 6114.01,5133.0,2.618,831.0,79.5224,8.74683,5943.0,4.34,1.0
TOI 6115.01,17309.0,1.722,1092.0,236.183,17.9469,6389.0,4.24,1.0
TOI 6117.01,5737.0,5.285,1143.0,283.77,11.5656,6209.0,4.08,1.0
TOI 6118.01,2652.0,8.452,2204.0,3924.24,16.1625,6455.0,3.48,1.0
TOI 6119.01,13290.0,2.712,1316.0,498.042,16.5857,6437.0,4.15,1.0
TOI 612.01,1368.0,1.099,2409.0,5597.87,5.5813,7126.0,4.29,1.0
TOI 6120.01,22574.0,1.997,1140.0,280.388,12.6797,4894.0,4.53,1.0
TOI 6121.01,9377.0,3.088,1420.0,675.152,13.1247,6725.0,4.32,1.0
TOI 6122.01,5689.0,5.626,1777.0,1656.67,15.7213,6391.0,3.87,1.0
TOI 6123.01,15664.0,4.406,1597.0,1082.21,19.554,6298.6,4.14,1.0
TOI 6124.01,22441.0,2.303,1119.0,260.51,12.7345,5149.0,4.53,1.0
TOI 6125.01,18595.0,1.963,1064.0,213.379,12.0547,4767.0,4.46,1.0
TOI 6126.01,9174.0,4.672,1163.0,304.256,14.5353,5767.0,4.07,1.0
TOI 6127.01,4926.0,4.908,1281.0,448.269,11.0925,5922.0,4.0,1.0
TOI 6128.01,2992.0,1.897,1094.0,237.971,10.3672,5713.2,3.89,1.0
TOI 6129.01,18296.0,3.334,1121.0,262.966,17.1637,5656.1,4.2,1.0
TOI 6130.01,13405.0,1.806,1351.0,553.561,14.5439,5967.0,4.34,2.0
TOI 6131.01,6564.0,3.109,1745.0,1540.79,13.9066,6286.0,4.01,1.0
TOI 6132.01,18261.0,4.153,681.0,35.8015,14.443,5641.0,4.32,1.0
TOI 6133.01,24705.0,3.519,1512.0,869.445,20.7632,6364.0,4.3,0.0
TOI 6134.01,9667.0,4.261,1619.0,1141.48,14.7013,6600.0,4.13,1.0
TOI 6135.01,10899.0,3.129,1522.0,891.85,13.4185,5660.5,4.27,1.0
TOI 6136.01,19441.0,1.843,914.0,116.092,12.2764,5494.0,4.52,1.0
TOI 6137.01,143020.0,0.995,984.0,155.949,21.8226,3112.0,4.83,1.0
TOI 6138.01,3218.0,3.889,930.0,124.326,5.19023,5749.0,4.47,1.0
TOI 6139.01,7172.0,3.666,1007.0,170.744,16.2977,6486.0,3.97,1.0
TOI 614.01,820.279,1.622,1865.0,2010.85,6.77007,5362.0,3.75,0.0
TOI 6140.01,9883.0,2.577,1328.0,517.706,12.8496,6121.0,4.25,1.0
TOI 6141.01,16613.0,1.538,1173.0,315.217,16.2086,6090.2,4.28,1.0
TOI 6142.01,8884.0,1.617,810.0,71.7847,10.077,5511.0,4.46,1.0
TOI 6143.01,16964.0,4.537,1430.0,695.416,20.6029,5489.0,4.04,0.0
TOI 6144.01,4465.0,5.303,1273.0,436.742,10.9141,5433.0,3.91,1.0
TOI 6145.01,9866.0,3.299,1347.0,547.02,11.9626,5885.0,4.19,1.0
TOI 6146.01,6130.0,4.962,1541.0,937.58,14.6817,5770.0,3.81,1.0
TOI 6148.01,3994.0,2.687,1109.0,251.431,11.1765,6134.6,4.01,1.0
TOI 6149.01,5815.0,7.214,1136.0,277.264,8.52588,6122.0,4.3,1.0
TOI 615.01,11972.0,4.007,1682.0,1329.63,19.1536,7437.0,4.21,2.0
TOI 6150.01,18418.0,1.108,1067.0,215.564,13.7943,3818.0,4.6,1.0
TOI 6151.01,698.0,2.174,1942.0,2365.6,7.06395,6008.0,3.77,1.0
TOI 6152.01,4448.0,2.587,1571.0,1013.24,11.3204,7803.0,4.26,0.0
TOI 6153.01,15619.0,3.064,1376.0,595.319,14.495,6158.0,4.32,1.0
TOI 6154.01,22440.0,1.614,940.0,129.797,12.3642,4654.0,4.51,1.0
TOI 6155.01,5502.0,0.955,1373.0,591.525,11.6345,6049.0,4.13,1.0
TOI 6157.01,29113.0,0.453,901.0,109.834,11.7778,3522.0,4.77,0.0
TOI 6158.01,30036.0,0.916,453.0,7.01479,9.04276,3413.0,4.77,1.0
TOI 6159.01,10662.0,1.805,964.0,143.488,11.2001,5714.9,4.35,1.0
TOI 6160.01,21776.0,2.833,388.0,3.77501,14.5988,5081.0,4.48,1.0
TOI 6161.01,5879.0,1.414,788.0,64.1962,11.2346,6051.0,4.19,1.0
TOI 6162.01,11766.0,2.809,2187.0,3803.45,18.4423,7218.8,4.21,1.0
TOI 6163.01,26035.0,3.465,777.0,60.6571,15.8848,5472.0,4.42,1.0
TOI 6164.01,17237.0,1.203,610.0,22.9867,10.2565,4376.0,4.52,1.0
TOI 6165.01,23720.0,2.178,648.0,29.3516,9.68709,3744.0,4.63,1.0
TOI 6166.01,15426.0,2.407,1696.0,1374.91,13.3235,6012.0,4.4,1.0
TOI 6167.01,4622.0,4.67,1316.0,498.329,10.6429,6174.0,4.0,1.0
TOI 6168.01,5709.0,4.08,1519.0,884.118,14.7894,6071.2,3.9,1.0
TOI 6169.01,3183.0,3.791,858.0,90.3305,11.3217,6891.0,3.93,1.0
TOI 6170.01,10819.0,3.282,1582.0,1041.16,14.9972,5838.0,4.12,2.0
TOI 6171.01,3898.0,4.812,1680.0,1322.91,12.686,5876.0,3.79,1.0
TOI 6172.01,3871.0,4.475,1374.0,592.787,7.50153,6291.9,4.25,0.0
TOI 6174.01,4435.0,3.457,1490.0,819.047,7.44411,5638.1,4.26,1.0
TOI 6175.01,16840.0,1.891,918.0,118.196,13.6598,5543.0,4.39,1.0
TOI 6176.01,28921.0,2.946,636.0,27.248,12.931,4799.0,4.58,1.0
TOI 6177.01,10637.0,1.888,1062.0,211.573,14.6814,6076.0,4.2,1.0
TOI 6178.01,9767.0,1.815,825.0,77.0112,12.1166,5925.0,4.41,1.0
TOI 6179.01,17453.0,5.3,1010.0,173.181,20.2585,6203.0,4.32,1.0
TOI 618.01,3110.0,4.156,1250.0,405.393,7.85756,6515.0,4.25,1.0
TOI 6180.01,25316.0,2.595,1424.0,682.635,20.2394,6087.0,4.29,1.0
TOI 6181.01,3575.0,1.659,1611.0,1119.71,10.4307,7776.0,4.2,0.0
TOI 6182.01,5107.0,5.374,1737.0,1511.43,13.2499,5622.0,3.84,1.0
TOI 6183.01,4827.0,4.4,1091.0,235.614,11.1752,6047.0,4.03,1.0
TOI 6184.01,14305.0,2.714,1205.0,350.5,13.6892,5516.0,4.32,1.0
TOI 6185.01,5659.0,1.322,771.0,58.7935,12.1724,6390.0,4.19,1.0
TOI 6186.01,6901.0,1.673,1661.0,1265.88,10.7664,6033.0,4.23,0.0
TOI 6187.01,7833.0,3.601,1216.0,363.901,12.462,5785.0,4.13,1.0
TOI 6188.01,2559.0,3.03,1189.0,331.92,4.75935,5660.0,4.44,1.0
TOI 6189.01,15688.0,2.46,888.0,103.299,13.0389,5444.0,4.4,1.0
TOI 6190.01,3006.0,1.027,777.0,60.7503,5.24582,5669.0,4.5,1.0
TOI 6191.01,7352.0,1.465,874.0,96.9264,10.759,5585.0,4.26,1.0
TOI 6192.01,4185.0,1.66,1035.0,190.511,7.13684,4490.0,4.43,1.0
TOI 6193.01,5366.0,4.137,1974.0,2522.62,12.6737,6526.0,3.97,1.0
TOI 6194.01,5327.0,2.582,899.0,108.749,12.6434,6446.0,4.09,1.0
TOI 6195.01,1860.0,0.785,947.0,133.516,7.20813,6442.9,4.18,1.0
TOI 6196.01,11983.0,4.013,1588.0,1057.47,10.1678,5979.0,4.46,1.0
TOI 6197.01,7112.0,3.315,1351.0,553.409,9.77695,5719.9,4.26,1.0
TOI 6198.01,7012.0,2.711,1801.0,1746.66,14.0162,8143.0,4.2,1.0
TOI 6199.01,1170.0,1.892,1592.0,1067.42,5.75003,5366.0,4.5,1.0
TOI 620.01,2925.8222433,1.0252822,538.1908458,19.827421,3.0503381,3633.0,4.80423,2.0
TOI 6200.01,5162.0,1.548,1056.0,206.861,13.949,6003.0,3.96,1.0
TOI 6203.01,2786.0,4.865,654.0,30.5175,6.78671,5776.9,4.16,1.0
TOI 6204.01,10855.0,2.623,1259.0,417.756,13.1156,6333.0,4.35,1.0
TOI 6205.01,7390.0,4.636,1579.0,1032.67,15.0353,5800.0,3.91,1.0
TOI 6206.01,7691.0,4.471,832.0,79.8277,9.63171,5670.0,4.3,1.0
TOI 6207.01,34227.0,3.956,891.0,104.782,15.2558,5294.0,4.61,0.0
TOI 6208.01,6662.0,5.412,1584.0,1046.27,15.6275,6205.0,3.91,1.0
TOI 6211.01,7695.0,2.365,694.0,38.6952,10.117,5672.0,4.33,1.0
TOI 6212.01,6276.0,3.296,1832.0,1872.26,19.0899,5407.0,3.86,1.0
TOI 6213.01,8040.0,2.792,1587.0,1055.22,12.2947,5817.0,4.04,1.0
TOI 6214.01,3746.0,2.565,1338.0,533.148,17.638,8294.0,3.97,1.0
TOI 6215.01,8896.0,2.786,2345.0,5028.16,15.3325,8011.0,4.27,1.0
TOI 6216.01,13065.0,3.382,523.0,12.4858,10.9471,6315.0,4.58,1.0
TOI 6217.01,8184.0,3.089,1504.0,850.609,17.0668,5928.0,3.84,1.0
TOI 6218.01,16586.0,2.42,743.0,50.6137,12.0548,4476.1,4.38,1.0
TOI 6219.01,3910.0,1.687,1313.0,493.403,12.5391,6115.0,4.04,1.0
TOI 622.01,3814.9508945,3.9233956,1274.2263616,623.0276834,9.3002413,7056.0,4.33435,2.0
TOI 6220.01,3125.0,2.525,635.0,27.0742,8.79457,6359.0,4.15,1.0
TOI 6221.01,2767.0,4.827,1084.0,229.607,6.80252,5966.4,4.18,1.0
TOI 6222.01,7052.0,3.852,1077.0,223.365,11.0911,6704.0,4.28,1.0
TOI 6223.01,6624.0,1.895,708.0,41.8646,4.94518,3909.0,4.65,2.0
TOI 6224.01,18149.0,1.916,1438.0,711.089,13.1166,5318.0,4.39,1.0
TOI 6225.01,12373.0,1.865,394.0,4.00885,5.09342,3376.0,4.79,1.0
TOI 6226.01,6215.0,1.928,1106.0,248.774,13.8034,6084.0,3.99,1.0
TOI 6227.01,44139.0,1.936,790.0,64.8463,15.731,3661.0,4.59,1.0
TOI 6228.01,5100.0,2.902,1926.0,2284.74,15.1293,7894.0,4.04,1.0
TOI 6229.01,17579.0,2.266,851.0,87.2497,10.6145,4928.0,4.52,1.0
TOI 623.01,6208.0649305,3.0847866,1216.0774804,516.8517446,13.4069567,6422.0,4.20608,0.0
TOI 6230.01,6682.0,3.284,1419.0,673.068,12.0164,6496.3,4.15,1.0
TOI 6231.01,10898.0,4.793,700.0,40.0666,8.57154,6334.0,4.63,1.0
TOI 6232.01,14768.0,4.048,887.0,102.929,13.3007,5634.0,4.35,1.0
TOI 6233.01,7766.0,2.38,1328.0,517.456,12.7103,6643.0,4.23,1.0
TOI 6234.01,5378.0,4.344,1133.0,273.774,9.65916,5528.0,4.16,1.0
TOI 6237.01,6043.0,3.857,1661.0,1266.49,15.5058,6866.0,3.96,1.0
TOI 6238.01,7850.0,2.08,839.0,82.5797,9.81505,5396.0,4.21,1.0
TOI 6239.01,6328.0,2.728,968.0,146.106,10.0564,5643.0,4.13,1.0
TOI 624.01,10071.0,3.42,2388.0,5405.6,20.1852,8730.0,4.19,2.0
TOI 6240.01,7122.0,3.391,2713.0,8997.74,11.867,6393.0,4.16,1.0
TOI 6241.01,2521.0,2.13,1001.0,167.006,4.97462,5209.0,4.4,1.0
TOI 6242.01,6146.0,1.893,857.0,89.7874,11.3612,5750.6,4.14,0.0
TOI 6243.01,902.0,1.7,1028.0,185.407,2.88847,5715.0,4.45,1.0
TOI 6245.01,1438.82974,0.7022664,419.7777463,7.3383538,0.9044272,3106.0,5.00517,1.0
TOI 6246.01,1146.3653641,1.8963943,1865.9861388,2865.1981035,13.8147158,7665.0,3.86,1.0
TOI 6247.01,521.0,4.759,810.0,72.6894,2.87574,6675.0,4.24,1.0
TOI 6248.01,8132.2415444,2.2041562,1424.9944393,974.4816829,18.8912058,6306.0,4.267,1.0
TOI 6249.01,1689.5997267,5.604929,133.1248776,0.0742263,3.1384101,4813.0,4.57884,1.0
TOI 6249.02,779.9193691,2.4269262,548.952136,21.461443,2.5864246,4813.0,4.57884,1.0
TOI 625.01,8390.0,4.936,1933.0,2320.18,18.0112,7668.6,4.13,2.0
TOI 6250.01,626.6130191,6.7803831,185.93669,0.2824759,2.7512261,5848.0,4.38886,1.0
TOI 6251.01,1215.2495801,1.0497761,299.5067987,1.9017251,0.9705763,3376.0,4.9613,2.0
TOI 6252.01,33127.0,1.779,871.0,95.8765,12.0414,3954.0,4.61,1.0
TOI 6253.01,354.6074958,0.9619972,830.9542977,112.6755159,1.3883495,4902.0,4.59853,1.0
TOI 6254.01,543.7767369,1.1370302,1387.7681435,876.5741465,2.4339573,5317.0,4.50528,1.0
TOI 6255.01,493.9763957,0.4763536,1256.4567156,588.9943508,0.9617386,3423.0,4.85554,2.0
TOI 6256.01,484.9830269,4.7645363,1071.8303891,311.9071042,3.4801634,6088.0,4.27,1.0
TOI 6257.01,356.0286213,4.1931124,1183.0274647,462.9139946,2.5553163,6353.0,4.29887,1.0
TOI 6258.01,995.2172114,0.9916975,946.4067108,189.5973427,1.2151478,3392.0,4.84507,1.0
TOI 6259.01,698.0,2.038,2052.0,2947.16,5.6488,10023.0,4.17,1.0
TOI 626.01,6903.0,4.757,2177.0,3731.9,19.7441,8489.0,4.03,2.0
TOI 6260.01,210.0,2.766,2181.0,3762.79,2.32849,7707.0,4.11,1.0
TOI 6261.01,3962.0,2.934,1124.0,265.101,8.83359,6090.0,4.12,1.0
TOI 6262.01,280.0,2.71,3377.0,21608.7,2.79068,9532.0,4.34,1.0
TOI 6263.01,193.0,2.679,1162.0,303.499,0.930891,4717.0,4.61,1.0
TOI 6264.01,291.0,4.261,1529.0,908.509,3.80626,6610.0,3.79,1.0
TOI 6265.01,133.0,3.395,1278.0,444.131,1.50725,6387.1,4.27,1.0
TOI 6265.02,102.0,3.012,1431.0,697.716,1.20236,6387.1,4.27,1.0
TOI 6266.01,262.0,1.969,1227.0,376.853,0.986147,5039.0,4.62,1.0
TOI 6267.01,1675.0,4.719,660.0,31.6587,4.8141,5699.6,4.24,1.0
TOI 6268.01,7042.9351957,1.7993552,1590.3293135,1511.7126877,13.8781874,6249.0,4.22232,1.0
TOI 6269.01,3270.9828556,3.0484494,1154.2148636,419.4378829,6.4637765,5677.0,4.34735,1.0
TOI 627.01,5368.19,2.154,3157.0,16504.7,22.4869,7852.8,4.08,0.0
TOI 6270.01,8677.549547,4.4305716,1438.7795714,1012.7402087,14.8654685,6001.0,4.09439,1.0
TOI 6273.01,9403.0926011,3.4817792,1461.1955966,1077.3440583,13.6453428,5726.0,4.16246,1.0
TOI 6274.01,2227.4346262,1.9803068,2914.7025766,17056.8166564,12.8052345,6498.6,3.67,1.0
TOI 6275.01,13270.5292659,4.2508361,1094.4656337,339.10135,13.4614756,6132.0,4.38741,2.0
TOI 6276.01,210.8404349,1.5987379,664.0808611,45.9626286,1.0214599,4633.87,4.70763,2.0
TOI 6276.02,210.7032691,1.6847832,740.9408412,71.2287197,0.9794583,4633.87,4.70763,2.0
TOI 6276.03,190.7947353,1.6355898,613.4104018,33.4599699,1.0314874,4633.87,4.70763,1.0
TOI 6277.01,16371.2496269,2.8544595,1252.9258952,582.4015776,14.5810502,5704.0,4.36494,1.0
TOI 6278.01,4697.1753086,5.5843836,1156.0846131,422.1623374,10.611119,5869.0,4.09453,1.0
TOI 6279.01,1759.0,3.736,1850.0,1947.87,13.3663,8254.0,3.67,0.0
TOI 628.01,7500.0,3.69,1586.0,1052.9,12.1343,6174.0,4.23,2.0
TOI 6280.01,1451.0,1.636,761.0,55.7095,7.52088,6429.0,4.34,0.0
TOI 6281.01,423.0,1.271,2240.0,4181.02,2.77385,4160.1,4.37,1.0
TOI 6282.01,236.0,3.937,1010.0,172.89,1.56473,6055.0,4.41,1.0
TOI 6283.01,4697.0,3.449,466.0,7.89484,12.8776,7115.0,4.07,1.0
TOI 6284.01,320.0,1.731,659.0,31.3617,0.830466,3548.0,4.77,1.0
TOI 6285.01,2790.0,5.186,1459.0,753.001,10.9703,6605.0,3.92,1.0
TOI 6286.01,1850.0,9.272,2289.0,4560.18,8.93102,6683.0,3.72,0.0
TOI 6287.01,2129.0,1.326,1456.0,747.202,8.61251,6262.0,4.16,1.0
TOI 6288.01,8355.0,2.356,491.0,9.70594,7.85944,5400.0,4.55,1.0
TOI 6289.01,9913.0,2.662,1175.0,317.476,11.5364,5620.2,4.4,1.0
TOI 629.01,2420.0,6.143,1937.0,2341.09,12.3121,9165.0,4.05,2.0
TOI 6290.01,882.0,3.574,614.0,23.7402,2.74615,5265.0,4.43,1.0
TOI 6292.01,1090.0,1.71,2331.0,4901.54,5.5335,6202.0,4.06,1.0
TOI 6293.01,10278.0,3.63,623.0,25.0292,9.61997,4831.0,4.4,1.0
TOI 6294.01,14044.0,3.019,673.0,34.2291,9.62284,4753.0,4.57,1.0
TOI 6295.01,6252.0,3.759,119.0,0.0333828,14.786,6199.0,4.07,1.0
TOI 6296.01,7945.0,4.384,1717.0,1446.04,14.4033,6696.0,4.04,1.0
TOI 6297.01,6104.0,3.867,1622.0,1149.87,13.316,6707.0,4.03,1.0
TOI 6298.01,2695.0,2.264,1468.0,771.67,7.78724,6240.0,4.2,0.0
TOI 6299.01,2426.0,0.942,577.0,18.4286,6.86414,4351.7,4.41,1.0
TOI 6300.01,7602.0,1.973,1448.0,731.624,20.1303,7006.0,4.01,1.0
TOI 6301.01,5205.0,5.668,1498.0,837.098,11.4874,6604.0,4.01,1.0
TOI 6302.01,16671.0,1.419,881.0,100.235,12.8225,4802.0,4.5,1.0
TOI 6303.01,32417.0,2.713,488.0,9.45481,12.3024,3848.0,4.63,1.0
TOI 6304.01,4942.0,4.787,1567.0,1002.22,12.1687,5421.0,3.95,1.0
TOI 6305.01,3526.0,2.751,962.0,142.438,8.74267,5874.0,4.24,1.0
TOI 6306.01,4017.0,4.253,1588.0,1055.67,13.3765,5826.0,3.82,1.0
TOI 6307.01,31394.0,1.553,728.0,46.8448,12.6341,3810.0,4.63,1.0
TOI 6308.01,13415.0,1.355,916.0,117.332,10.7893,4249.0,4.48,1.0
TOI 6309.01,7292.0,3.773,566.0,17.1246,12.6164,6051.0,4.18,1.0
TOI 631.01,665.2502774,0.7921274,2204.616037,5582.8100399,5.9382555,6852.0,3.91,0.0
TOI 6310.01,1762.0,2.08,836.0,81.3622,3.27543,3896.8,4.51,1.0
TOI 6311.01,7787.0,3.366,1029.0,186.513,10.0476,5602.0,4.31,1.0
TOI 6312.01,3933.0,3.778,937.0,128.166,15.5178,7823.0,4.05,1.0
TOI 6313.01,4860.0,6.687,2417.0,5671.62,15.9349,8120.6,3.9,1.0
TOI 6314.01,8754.0,3.922,1993.0,2620.94,19.2706,7233.0,4.02,1.0
TOI 6315.01,2866.0,6.572,1736.0,1510.03,13.8211,5613.0,3.49,1.0
TOI 6316.01,12169.0,3.594,2049.0,2928.62,17.9698,7581.0,4.2,1.0
TOI 6317.01,18385.0,1.969,585.0,19.463,7.13409,3518.0,4.74,1.0
TOI 6318.01,2116.0,0.682,501.0,10.4888,7.23053,5617.5,4.48,1.0
TOI 6319.01,5999.0,3.959,1597.0,1080.06,16.9987,5883.0,3.83,1.0
TOI 632.01,5430.0,2.699,2376.0,5297.55,208.489,4997.1,2.36,0.0
TOI 6320.01,14704.0,4.088,1641.0,1204.47,18.9197,6358.0,4.19,1.0
TOI 6321.01,10323.0,2.887,1340.0,536.747,12.2888,5401.0,4.27,1.0
TOI 6322.01,5943.0,3.9,1511.0,865.407,11.9706,6274.0,4.09,1.0
TOI 6323.01,5872.0,2.988,1288.0,456.955,13.9361,6008.0,4.03,1.0
TOI 6324.01,779.0,0.409,1143.0,284.211,1.05678,3358.0,4.93,2.0
TOI 6325.01,12648.0,1.587,851.0,87.4596,6.78569,5273.1,4.96,1.0
TOI 6326.01,9377.0,3.351,1971.0,2508.24,16.7502,6708.0,4.1,1.0
TOI 6327.01,9238.0,3.208,716.0,43.6657,9.72119,5208.2,4.5,1.0
TOI 6328.01,3851.0,2.703,715.0,43.5589,11.748,7025.0,4.18,1.0
TOI 6329.01,3624.0,1.947,521.0,12.2874,13.7686,5675.0,4.1,1.0
TOI 633.01,12525.725237,1.973292,623.8430401,35.7949977,11.197034,3267.0,4.438,0.0
TOI 6330.01,33133.0,1.525,392.0,3.94674,10.4676,3522.0,4.76,1.0
TOI 6331.01,5731.0,3.41,1148.0,289.299,7.92255,5684.0,4.4,1.0
TOI 6332.01,5964.0,3.133,2294.0,4598.31,16.7474,6690.3,3.97,1.0
TOI 6333.01,905.0,2.321,1416.0,668.663,3.02214,5784.6,4.49,1.0
TOI 6334.01,3861.0,7.175,2762.0,9673.97,18.8534,5982.0,3.65,1.0
TOI 6335.01,2562.0,6.012,1785.0,1688.16,11.263,6176.0,3.63,1.0
TOI 6336.01,3102.0,3.576,713.0,43.1032,12.8908,8796.0,4.04,1.0
TOI 6337.01,16480.0,1.299,468.0,7.99212,9.84834,3993.0,4.58,1.0
TOI 6339.01,974.0,2.706,1642.0,1208.93,4.93408,6110.0,4.12,1.0
TOI 6340.01,3650.0,4.906,1212.0,359.275,15.9425,6275.0,3.77,1.0
TOI 6341.01,12333.0,1.682,1248.0,402.801,20.77,6433.0,4.15,1.0
TOI 6342.01,28673.0,1.117,481.0,8.92217,13.6687,5866.0,4.89,1.0
TOI 6343.01,3374.0,3.517,840.0,82.7417,10.1617,6544.0,4.13,0.0
TOI 6344.01,11120.0,3.283,1393.0,625.677,15.5125,5846.0,4.12,1.0
TOI 6345.01,1802.0,3.174,974.0,149.586,4.55893,5301.0,4.41,1.0
TOI 6346.01,14495.0,3.039,941.0,130.71,14.8439,5531.0,4.31,1.0
TOI 6347.01,5042.0,4.438,1779.0,1666.08,14.1242,6699.9,4.04,1.0
TOI 6348.01,5484.0,2.085,1103.0,246.061,16.5011,5776.0,4.03,1.0
TOI 6349.01,2479.0,2.8,1456.0,746.786,5.70537,5635.0,4.27,1.0
TOI 6350.01,9727.0,2.457,1578.0,1029.38,11.4749,6197.6,4.4,1.0
TOI 6353.01,6195.0,3.434,1789.0,1701.78,12.5335,6080.0,4.07,1.0
TOI 6354.01,6338.0,3.925,773.0,59.4985,11.641,6681.2,4.31,1.0
TOI 6355.01,2369.0,1.067,1533.0,916.847,5.85456,5589.0,4.38,0.0
TOI 6356.01,16559.0,3.493,1419.0,674.743,16.2502,6121.6,4.38,1.0
TOI 6357.01,5955.0,1.581,846.0,85.2496,10.8037,6085.6,4.43,1.0
TOI 6358.01,3829.0,3.538,1342.0,538.751,13.5242,6476.4,3.97,1.0
TOI 6359.01,4363.0,3.751,2587.0,7439.71,11.128,8184.6,4.29,1.0
TOI 636.01,41644.893112,1.843947,906.2084598,159.3798634,5.657227,3278.0,4.97806,0.0
TOI 6360.01,3430.0,1.347,1419.0,674.183,8.95604,6799.0,4.41,1.0
TOI 6361.01,21804.0,2.361,798.0,67.643,12.3895,5206.0,4.56,1.0
TOI 6362.01,8917.0,3.036,1110.0,252.333,11.0384,6252.0,4.35,1.0
TOI 6363.01,4902.0,4.635,1385.0,611.047,19.1169,6600.9,3.8,1.0
TOI 6364.01,13915.0,3.737,544.0,14.5766,11.2641,5326.0,4.6,1.0
TOI 6365.01,6761.0,3.455,1489.0,817.877,13.7764,5568.0,4.08,1.0
TOI 6367.01,18747.0,2.732,970.0,146.971,7.31275,3510.0,4.71,1.0
TOI 6368.01,31095.0,0.95,661.0,31.7825,11.4253,3192.0,4.92,0.0
TOI 6369.01,3001.0,6.245,1155.0,295.457,7.5049,6461.3,4.11,1.0
TOI 6370.01,7343.0,4.175,1792.0,1711.93,16.4233,6051.0,3.94,1.0
TOI 6371.01,5579.0,1.156,1119.0,260.966,13.3278,5751.0,4.19,1.0
TOI 6372.01,1396.0,2.196,653.0,30.3163,2.56709,4337.0,4.63,1.0
TOI 6373.01,6047.0,4.318,1532.0,916.634,14.2376,6592.0,4.1,1.0
TOI 6374.01,10846.0,3.482,1264.0,424.183,14.2928,5890.0,4.24,1.0
TOI 6375.01,7144.0,2.645,1534.0,921.092,15.0074,6632.0,4.12,1.0
TOI 6376.01,3868.0,5.576,1664.0,1274.32,12.5103,6039.7,3.86,1.0
TOI 6377.01,1751.0,0.82,1086.0,231.366,9.54979,5887.6,4.13,0.0
TOI 6378.01,16753.0,3.683,775.0,60.044,11.9733,5925.0,4.52,1.0
TOI 6379.01,5373.0,0.244,482.0,9.00759,12.1483,4335.0,4.65,1.0
TOI 6380.01,2896.0,1.988,824.0,76.7777,5.66149,5155.0,4.44,1.0
TOI 6381.01,2360.0,2.409,765.0,56.8769,4.54883,5492.0,4.56,1.0
TOI 6382.01,4376.0,1.907,391.0,3.89814,13.0539,6702.0,4.35,1.0
TOI 6383.01,47315.0,1.223,660.0,31.6712,11.4109,3425.0,4.78,2.0
TOI 6384.01,24673.0,1.541,715.0,43.5124,8.87122,3691.0,4.65,1.0
TOI 6385.01,13586.0,3.647,1767.0,1619.54,18.732,6451.9,4.19,1.0
TOI 6386.01,5720.0,1.359,749.0,52.4199,12.2751,6316.0,4.36,1.0
TOI 6387.01,28171.0,0.562,601.0,21.7929,12.7459,3452.0,4.76,1.0
TOI 6388.01,9143.0,0.925,1373.0,591.468,20.0134,5402.0,4.43,1.0
TOI 6389.01,7000.0,1.648,527.0,12.8934,14.6849,6039.2,4.14,1.0
TOI 639.01,183631.033642,6.611278,605.8873038,31.848458,22.75573,3601.0,4.81887,0.0
TOI 6390.01,8157.0,2.19,997.0,164.202,15.7628,6174.0,4.24,1.0
TOI 6391.01,7627.0,3.437,1138.0,278.509,9.1986,5505.9,4.36,1.0
TOI 6392.01,6218.0,3.734,1161.0,302.518,11.906,5837.0,4.2,1.0
TOI 6393.01,1095.0,2.695,696.0,39.0679,2.62547,5022.0,4.59,1.0
TOI 6394.01,10320.0,5.16,903.0,110.559,16.5308,5817.2,4.13,1.0
TOI 6395.01,5247.0,4.309,2356.0,5118.7,12.904,7487.8,3.98,1.0
TOI 6396.01,4190.0,1.37,893.0,105.793,15.5396,6427.0,3.97,0.0
TOI 6397.01,2758.0,0.707,1149.0,289.366,17.2506,5041.0,4.43,1.0
TOI 6398.01,6000.0,0.714,781.0,61.8402,12.1874,6405.0,4.41,0.0
TOI 6399.01,7747.0,7.917,1128.0,269.47,10.8159,5605.0,3.94,1.0
TOI 640.01,7390.0,3.439,1622.0,1150.12,19.7788,6442.0,3.91,2.0
TOI 6400.01,3956.0,6.391,2127.0,3403.81,15.0966,7455.0,3.85,1.0
TOI 6402.01,4804.0,1.794,1431.0,696.43,12.264,6111.0,4.26,1.0
TOI 6403.01,11798.0,5.052,119.0,0.0343651,9.50064,5931.0,4.49,1.0
TOI 6404.01,6943.0,1.378,771.0,58.7809,8.95062,5114.0,4.45,1.0
TOI 6405.01,5180.0,0.839,405.0,4.48575,8.73795,4557.0,4.52,1.0
TOI 6406.01,17612.0,1.255,895.0,106.977,11.7385,4956.1,4.59,1.0
TOI 6407.01,3320.0,6.905,1295.0,467.293,10.912,5863.0,3.92,1.0
TOI 6408.01,21701.0,2.047,469.0,8.0575,11.0971,3821.0,4.58,1.0
TOI 6409.01,9499.0,2.951,2220.0,4037.72,19.1928,6476.0,4.09,1.0
TOI 6410.01,8719.0,4.667,1606.0,1104.38,12.8079,6648.0,4.25,1.0
TOI 6411.01,5304.0,3.438,1010.0,172.843,7.33005,6114.0,4.43,1.0
TOI 6412.01,4073.0,1.382,895.0,106.678,11.6985,5991.0,4.12,1.0
TOI 6413.01,7728.0,1.516,518.0,12.0417,11.3849,5524.8,4.44,1.0
TOI 6414.01,1391.0,4.474,808.0,71.0596,4.52589,6180.8,4.28,1.0
TOI 6415.01,10875.0,3.561,689.0,37.6029,10.4977,6165.0,4.48,1.0
TOI 6417.01,6065.0,3.821,1611.0,1120.52,14.8231,6089.0,4.01,1.0
TOI 6418.01,9297.0,3.454,1171.0,312.405,11.76,5510.0,4.28,1.0
TOI 6419.01,10349.0,2.572,1173.0,315.01,10.705,5963.0,4.34,1.0
TOI 642.01,1050.0,1.924,2849.0,10942.1,12.6809,8550.0,3.93,1.0
TOI 6420.01,6492.0,2.403,895.0,106.619,10.6573,5994.0,4.2,1.0
TOI 6421.01,13942.0,3.127,1527.0,903.749,17.4249,6751.0,4.22,1.0
TOI 6422.01,5473.0,2.1,1121.0,262.822,9.01204,5917.0,4.32,1.0
TOI 6423.01,4664.0,1.25,1549.0,957.887,15.8394,6392.0,4.01,1.0
TOI 6424.01,4429.0,2.473,1863.0,2000.39,7.50494,6559.0,4.4,1.0
TOI 6425.01,4584.0,3.453,903.0,110.449,11.7961,6716.0,4.07,1.0
TOI 6426.01,8142.0,3.656,1560.0,983.22,12.7189,6371.0,4.23,1.0
TOI 6427.01,4311.0,4.807,764.0,56.6794,8.40725,5822.0,4.09,1.0
TOI 6428.01,13272.0,1.509,1463.0,760.788,17.7371,6087.0,4.13,1.0
TOI 6429.01,1855.0,2.581,1783.0,1677.9,8.37058,6658.0,4.05,1.0
TOI 643.01,43088.5649,4.00937,339.1460758,3.1265702,7.281973,3359.0,4.93457,0.0
TOI 6430.01,20792.0,2.055,732.0,47.7872,9.87637,3967.0,4.59,1.0
TOI 6431.01,3496.0,1.35,977.0,151.261,8.42588,6195.0,4.39,1.0
TOI 6432.01,7442.0,1.434,965.0,144.158,11.0376,5941.0,4.41,1.0
TOI 6433.01,4365.0,3.178,97.0,0.0147618,9.70279,5589.0,3.99,1.0
TOI 6434.01,4270.0,1.9,832.0,79.8073,4.50048,3982.0,4.6,1.0
TOI 6435.01,3588.0,1.424,754.0,53.9292,6.70408,5858.0,4.23,1.0
TOI 6436.01,9168.0,2.432,918.0,118.339,12.4998,5925.5,4.33,1.0
TOI 6437.01,5667.0,7.754,1603.0,1097.56,18.2639,6649.0,3.79,1.0
TOI 6438.01,974.0,2.019,455.0,7.15343,2.9287,4833.0,4.56,1.0
TOI 6440.01,1907.0,1.199,1039.0,193.673,10.8225,6379.0,4.13,1.0
TOI 6441.01,15309.0,2.621,915.0,116.63,11.1283,4977.0,4.54,1.0
TOI 6442.01,14846.0,2.237,1611.0,1118.3,18.5153,6707.0,4.1,2.0
TOI 6443.01,2884.0,2.861,893.0,105.868,10.2877,6453.0,4.07,1.0
TOI 6444.01,10299.0,5.394,991.0,160.207,14.0235,6019.0,4.14,1.0
TOI 6445.01,3447.0,1.812,365.0,2.97563,8.33825,5543.0,4.44,1.0
TOI 6446.01,35494.0,1.605,550.0,15.196,11.5236,3724.0,4.66,1.0
TOI 6447.01,7197.0,1.272,2159.0,3611.53,9.44803,6256.0,4.55,0.0
TOI 6448.01,7245.0,2.748,641.0,28.1152,7.05099,5920.0,4.51,1.0
TOI 6449.01,67496.0,1.354,584.0,19.4163,12.1385,3356.0,4.78,1.0
TOI 645.01,2470.0,4.12,3780.0,33906.8,22.5152,5710.5,3.6,0.0
TOI 6450.01,6975.0,2.376,981.0,153.851,6.6756,4823.0,4.53,1.0
TOI 6451.01,5504.0,2.962,1296.0,469.613,10.0782,6852.0,4.26,1.0
TOI 6452.01,6694.0,3.138,1095.0,239.402,8.53362,5647.0,4.36,1.0
TOI 6453.01,4404.0,5.418,1506.0,854.65,12.8155,6621.0,3.99,1.0
TOI 6454.01,3758.0,4.055,606.0,22.423,5.01721,5443.0,4.51,1.0
TOI 6454.02,2290.0,3.26,786.0,63.5296,3.69154,5443.0,4.51,1.0
TOI 6455.01,2702.7874118,1.7688635,2622.3198236,11175.4143383,15.8462774,5811.0,3.78,1.0
TOI 6457.01,5598.932235,8.1171335,299.3897282,1.8987535,10.7342874,6080.7,4.19,1.0
TOI 6458.01,141.843959,3.5873151,1284.3656943,643.0959721,2.5360369,6200.93,3.87276,1.0
TOI 6459.01,737.0,3.67,1302.0,478.295,2.76723,5588.0,4.27,1.0
TOI 646.01,4945.7679342,3.1694157,1072.2931079,312.4460654,20.3352568,6104.0,3.96,0.0
TOI 6460.01,1649.0,2.581,1162.0,302.886,4.13545,5754.0,4.41,1.0
TOI 6462.01,7202.0,3.999,1668.0,1287.54,14.8477,6976.0,4.1,1.0
TOI 6463.01,4750.3264569,8.5309023,949.2436684,191.8809402,10.7705056,6543.5,4.17,1.0
TOI 6464.01,2923.0,6.594,1459.0,753.131,11.7179,6803.0,3.75,1.0
TOI 6465.01,20252.0,0.395,706.0,41.406,13.8937,3421.0,4.69,1.0
TOI 6466.01,6297.0,0.568,906.0,112.285,8.18389,5712.0,4.62,1.0
TOI 6467.01,4821.0,5.207,1052.0,203.513,10.8162,6311.0,4.1,1.0
TOI 6468.01,6029.0,4.577,1051.0,202.591,10.5524,6799.0,4.28,1.0
TOI 6469.01,3534.0,5.259,693.0,38.4335,6.84115,5876.0,4.32,1.0
TOI 6470.01,4741.0,1.641,567.0,17.2584,9.42304,6415.0,4.26,1.0
TOI 6471.01,2346.0,2.567,1354.0,558.588,5.09878,5745.0,4.33,1.0
TOI 6472.01,6451.0,4.872,2525.0,6752.98,14.3489,7349.0,4.06,1.0
TOI 6473.01,6570.0,1.044,1442.0,719.668,7.47037,5636.0,4.56,1.0
TOI 6475.01,8222.0,9.151,1093.0,237.562,15.707,6685.0,4.17,1.0
TOI 6476.01,7595.0,5.237,1299.0,473.148,10.8668,6381.0,4.29,1.0
TOI 6477.01,6642.0,3.531,1527.0,902.856,12.7501,6206.0,4.02,1.0
TOI 6478.01,34206.0,3.105,37.0,0.0003419,4.5351,3275.0,5.01,1.0
TOI 6479.01,11876.0,1.507,1065.0,213.872,12.0124,6037.0,4.43,1.0
TOI 648.01,795.842,3.212,2007.0,2695.88,11.0372,6492.5,3.57,0.0
TOI 6480.01,6713.0,3.922,135.0,0.0560777,9.68778,7459.0,4.36,1.0
TOI 6481.01,4992.0,2.26,810.0,71.742,6.38573,5159.0,4.47,1.0
TOI 6482.01,11723.0,5.424,105.0,0.020302,17.4711,5782.0,4.06,1.0
TOI 6483.01,4315.0,0.887,570.0,17.5447,6.02778,4961.0,4.57,1.0
TOI 6484.01,3157.0,3.64,579.0,18.6783,3.87217,5057.0,4.58,1.0
TOI 6485.01,13730.0,4.558,737.0,49.0598,14.5502,5782.0,4.26,1.0
TOI 6486.01,36558.0,3.436,632.0,26.5909,15.9854,4678.0,4.5,0.0
TOI 6487.01,3863.0,2.273,791.0,65.1514,9.82212,6466.0,4.18,1.0
TOI 6488.01,1521.0,2.817,864.0,92.8495,3.89202,5560.0,4.41,1.0
TOI 6489.01,1937.0,1.483,837.0,81.6812,3.08813,4593.4,4.65,1.0
TOI 649.01,1560.0,1.312,2079.0,3103.07,9.49947,6779.0,3.83,1.0
TOI 6490.01,7095.0,4.914,1335.0,527.439,12.3266,6428.0,4.18,1.0
TOI 6491.01,3881.0,4.338,1165.0,306.311,8.43121,5936.0,4.07,1.0
TOI 6492.01,46413.0,2.747,55.0,0.0015866,12.4424,3556.0,4.7,1.0
TOI 6495.01,5635.0,4.416,1678.0,1317.34,11.6911,6118.0,4.0,1.0
TOI 6497.01,13382.0,1.793,1554.0,968.251,16.8452,6788.0,4.29,1.0
TOI 6498.01,26199.0,4.509,542.0,14.3836,12.0156,4952.0,4.5,1.0
TOI 6499.01,25006.0,1.196,319.0,1.72908,10.2153,3642.0,4.68,1.0
TOI 6500.01,3166.0,1.091,964.0,143.363,7.75741,5599.0,4.35,1.0
TOI 6501.01,5095.0,3.561,1378.0,599.933,9.08219,5973.0,4.17,1.0
TOI 6502.01,5325.0,6.032,2019.0,2760.2,15.3998,7304.0,3.88,1.0
TOI 6503.01,6493.0,3.684,1497.0,835.02,13.6119,6166.0,3.91,1.0
TOI 6504.01,4454.0,5.311,1253.0,410.019,9.18199,5657.0,4.11,1.0
TOI 6505.01,40821.0,3.711,443.0,6.40691,11.9336,3792.0,4.67,1.0
TOI 6506.01,12002.0,4.918,843.0,83.886,9.66071,5555.0,4.5,1.0
TOI 6507.01,5142.0,1.743,734.0,48.3829,6.02919,4930.0,4.54,1.0
TOI 6508.01,223710.0,1.506,179.0,0.172006,10.231,3003.0,5.05,2.0
TOI 6509.01,4365.0,6.027,1617.0,1136.7,16.2862,6237.0,3.73,1.0
TOI 6510.01,7798.0,4.309,505.0,10.8495,10.1109,5983.0,4.26,1.0
TOI 6511.01,9216.0,4.511,689.0,37.4782,9.42089,6012.0,4.41,1.0
TOI 6512.01,4644.0,1.366,1220.0,368.009,15.7428,6421.0,3.84,1.0
TOI 6513.01,20899.0,1.395,670.0,33.5202,9.94252,3642.0,4.62,1.0
TOI 6514.01,6216.0,5.03,2733.0,9268.26,16.953,9833.0,4.18,1.0
TOI 6515.01,6444.0,4.366,1552.0,963.383,13.2182,5709.0,3.89,1.0
TOI 6516.01,6440.0,4.036,727.0,46.6035,10.5098,5972.0,4.18,1.0
TOI 6517.01,3523.0,1.096,1091.0,235.909,6.08823,6478.0,4.53,1.0
TOI 652.01,445.0,2.146,1405.0,647.901,2.12827,5903.0,4.44653,2.0
TOI 6521.01,41493.0,1.874,661.0,31.7588,12.2522,3873.0,4.66,1.0
TOI 6522.01,1843.0,1.935,1285.0,453.403,4.7507,5109.0,4.48,1.0
TOI 6523.01,11239.0,4.133,1065.0,214.334,14.0451,5816.0,4.32,1.0
TOI 6524.01,51018.0,0.648,689.0,37.4851,16.072,3254.0,4.7,1.0
TOI 6525.01,19143.0,3.429,102.0,0.0186537,15.334,5794.0,4.36,1.0
TOI 6526.01,6095.0,2.355,559.0,16.3125,7.68311,5167.0,4.41,1.0
TOI 6527.01,49190.0,2.0,505.0,10.8749,14.3807,3493.0,4.6,1.0
TOI 6528.01,13469.0,3.05,61.0,0.002443,8.94439,5602.0,4.63,1.0
TOI 6529.01,1021.0,2.266,664.0,32.4591,2.1911,4526.0,4.56,1.0
TOI 653.01,3983.64,1.365,3364.0,21261.5,21.715,6054.0,3.47323,0.0
TOI 6530.01,1795.0,2.142,764.0,56.7571,2.92256,4189.0,4.57,1.0
TOI 6532.01,14590.0,2.699,1069.0,217.531,18.8155,6229.4,4.17,1.0
TOI 6533.01,5530.0,3.523,2478.0,6267.38,11.1837,8849.0,4.4,1.0
TOI 6535.01,2451.0,3.321,704.0,40.967,7.56184,6838.0,4.14,1.0
TOI 6536.01,4699.0,3.699,1430.0,695.384,6.48085,6030.0,4.5,1.0
TOI 6538.01,2864.0,5.215,1508.0,860.489,9.5585,6219.0,3.99,1.0
TOI 6539.01,5263.0,2.442,2067.0,3031.27,14.3865,7743.0,4.09,1.0
TOI 654.01,2892.4227936,1.3727055,707.9554489,59.3669472,2.6103318,3433.0,4.89676,2.0
TOI 6540.01,7453.0,3.11,1174.0,316.305,10.6956,5643.0,4.25,1.0
TOI 6541.01,275.0,4.815,1282.0,449.719,1.10037,5419.4,4.65,1.0
TOI 6542.01,655.0,3.471,3531.0,25813.2,10.1612,6071.0,3.95,0.0
TOI 6543.01,723.0,5.554,1509.0,861.828,3.54892,5759.0,4.31,1.0
TOI 6545.01,670.0,2.307,1089.0,233.759,5.60938,6315.0,3.74,1.0
TOI 6546.01,7198.7471125,4.2709189,1617.9261106,1619.4059744,14.3326751,6113.0,4.05769,1.0
TOI 6547.01,51089.4348604,2.0718518,1222.8226457,528.4147032,18.2238418,4588.0,4.47637,1.0
TOI 6548.01,2857.1912379,3.5451032,1331.5426262,742.9187125,10.3970349,6619.0,4.02,1.0
TOI 6549.01,14668.3220679,5.1261164,1222.2403125,527.4088544,19.1369245,5681.0,4.0558,1.0
TOI 655.01,22614.8958863,1.6416539,1913.8964113,3170.9888441,16.4131054,5568.0,4.39267,1.0
TOI 6550.01,5765.0,6.156,1965.0,2475.48,15.9616,6649.3,4.37,1.0
TOI 6551.01,4826.8656037,4.8553269,1096.0649295,341.0877558,9.3800527,5854.0,4.438,1.0
TOI 6552.01,7558.7070106,4.0101943,1550.7890331,1366.8847119,13.5836554,5933.0,4.31,1.0
TOI 6553.01,380.0,3.683,1556.0,973.329,4.36152,5829.0,3.73,1.0
TOI 6554.01,695.0,2.639,1475.0,787.265,3.60255,5650.0,4.11,1.0
TOI 6555.01,634.0,4.796,1223.0,371.461,3.76774,6802.0,4.05,1.0
TOI 6556.01,2427.0,3.564,804.0,69.6232,5.94559,5996.0,4.2,1.0
TOI 6557.01,846.0,3.084,777.0,60.8025,3.44886,6018.0,4.3,1.0
TOI 6558.01,1177.0,2.55,605.0,22.3356,2.39108,4504.0,4.58,1.0
TOI 6559.01,2996.0,4.101,628.0,25.9335,6.17234,5878.0,4.29,1.0
TOI 656.01,25866.83474,1.262964,1302.836235,680.8952697,13.1118363,4400.0,4.64555,1.0
TOI 6562.01,5981.4894009,5.1910541,1776.737668,2355.1265087,17.3607607,5983.0,4.27,1.0
TOI 6563.01,11063.0791519,3.3515613,1763.1481335,2283.8953939,19.9376761,5476.0,3.88771,1.0
TOI 6564.01,8800.6144816,4.5181131,1518.7645545,1257.4270919,16.4220671,5904.0,4.0,1.0
TOI 6565.01,1704.0444879,1.008516,2403.1290748,7881.8722822,6.173706,6210.0,4.18301,1.0
TOI 6566.01,3059.0689425,2.0598226,1363.7968578,817.5602045,10.7098887,6457.0,4.0,1.0
TOI 6567.01,6987.092161,1.3297363,981.3368862,219.1762514,10.6945832,5524.0,4.5045,1.0
TOI 6568.01,15418.7232538,4.3786259,901.0603895,155.7889305,18.6840757,6332.0,4.19731,1.0
TOI 6569.01,36149.0,1.089,385.0,3.66917,19.9345,3322.0,4.71,1.0
TOI 657.01,9861.079392,3.9536171,1270.6807784,616.12218,13.0582928,6122.0,4.283,2.0
TOI 6570.01,4626.0,3.39,812.0,72.3255,8.3173,5754.2,4.2,1.0
TOI 6571.01,1405.0,3.661,859.0,90.3933,3.827,5835.0,4.45,1.0
TOI 6572.01,6153.0,3.662,1443.0,721.653,14.2198,5707.0,3.92,1.0
TOI 6573.01,4647.0,2.17,976.0,150.654,11.849,7238.0,4.25,1.0
TOI 6574.01,3028.0,1.925,599.0,21.487,8.3339,6103.0,4.13,1.0
TOI 6575.01,1724.0,3.735,1851.0,1949.35,4.70927,6636.0,4.35,1.0
TOI 6576.01,18500.0,3.92,653.0,30.3232,9.91342,5850.0,4.54,1.0
TOI 6577.01,10806.0,1.515,456.0,7.21802,15.2287,5136.9,4.61,1.0
TOI 6578.01,1368.0,1.471,686.0,36.9545,2.11364,3573.0,4.7,1.0
TOI 6579.01,6428.0,2.541,1540.0,935.315,13.0505,7081.0,4.21,1.0
TOI 658.01,1557.0,1.301,985.0,156.343,7.15211,6521.0,4.22041,0.0
TOI 6580.01,4111.0,6.171,1067.0,215.895,9.91407,5586.7,3.82,1.0
TOI 6581.01,2218.0,2.561,1044.0,197.609,5.59825,5656.0,4.28,1.0
TOI 6582.01,2605.0,2.277,788.0,64.2887,14.4539,8968.0,3.88,1.0
TOI 6583.01,6142.0,1.479,894.0,106.276,13.1669,7936.0,4.26,1.0
TOI 6584.01,4456.0,1.859,1066.0,214.472,10.2036,5860.0,4.07,1.0
TOI 6585.01,4735.0,5.375,1428.0,690.534,9.8672,6229.0,4.28,0.0
TOI 6586.01,5956.0,5.025,1571.0,1011.51,12.0431,6269.0,3.79,1.0
TOI 6587.01,9188.0,3.129,616.0,23.9943,8.55494,5668.0,4.53,1.0
TOI 6588.01,38230.0,1.415,734.0,48.1876,13.2509,3458.0,4.63,1.0
TOI 6589.01,12864.0,3.696,1855.0,1967.9,17.6594,6821.0,4.11,1.0
TOI 659.01,2856.0,1.594,1327.0,515.984,9.68968,5990.0,4.00966,1.0
TOI 6590.01,8187.0,5.635,1741.0,1526.19,14.5208,5924.0,4.2,1.0
TOI 6592.01,6596.0,1.448,743.0,50.8044,16.5009,5478.0,4.31,1.0
TOI 6593.01,8796.0,1.731,630.0,26.3135,9.45527,5300.0,4.41,1.0
TOI 6594.01,9116.0,2.288,1437.0,709.373,15.7041,6171.0,4.07,1.0
TOI 6595.01,1104.0,2.121,711.0,42.4479,3.23033,5139.0,4.48,1.0
TOI 6596.01,6329.0,3.631,721.0,44.9857,10.1227,6139.0,4.39,1.0
TOI 6597.01,3698.0,1.044,1599.0,1085.74,6.92737,5822.0,4.39,1.0
TOI 6598.01,6392.0,2.71,871.0,95.8499,11.7906,6876.0,4.27,1.0
TOI 6599.01,2594.7383621,0.9395169,449.4361398,9.6425737,1.0369208,3087.0,5.07767,1.0
TOI 660.01,6241.2619064,5.3589155,1085.2558727,327.8306693,11.4812614,6055.0,4.22795,1.0
TOI 6600.01,2103.0,2.537,1075.0,221.979,4.18884,5035.0,4.35,1.0
TOI 6601.01,101822.0,1.661,167.0,0.130568,11.9952,3230.0,4.84,1.0
TOI 6602.01,1137.0,1.134,1156.0,296.761,5.90757,5188.0,3.91,1.0
TOI 6603.01,4470.0,5.154,1955.0,2429.4,14.6529,7155.0,3.89,1.0
TOI 6604.01,8397.0,2.619,1324.0,511.088,13.4773,6466.0,4.18,1.0
TOI 6605.01,14968.0,3.98,871.0,95.5652,9.70951,5614.0,4.55,1.0
TOI 6606.01,11001.0,1.744,1336.0,529.415,15.299,5526.0,4.17,1.0
TOI 6607.01,4416.0,5.989,1208.0,353.841,10.3662,6520.0,4.11,1.0
TOI 6608.01,19146.0,1.481,571.0,17.6496,13.336,5137.0,4.39,1.0
TOI 6609.01,13164.0,3.75,771.0,58.6863,10.6791,5832.0,4.45,1.0
TOI 661.01,7083.7091188,4.5420607,1569.6962289,1434.7738788,13.0323437,6580.0,4.0663,1.0
TOI 6610.01,8746.0,3.416,1647.0,1222.01,14.2867,6396.0,4.15,1.0
TOI 6611.01,8511.0,2.755,991.0,160.545,12.6672,6139.0,4.23,1.0
TOI 6612.01,12787.0,1.797,950.0,135.481,14.0426,4390.0,4.12,1.0
TOI 6613.01,16650.0,1.61,1361.0,570.926,17.7461,6158.0,4.2,1.0
TOI 6614.01,12286.0,2.379,532.0,13.367,11.9941,5624.0,4.49,1.0
TOI 6615.01,13850.0,1.623,1027.0,184.928,11.6235,6094.0,4.5,1.0
TOI 6616.01,48991.0,1.039,796.0,66.6916,12.5587,3505.0,4.67,1.0
TOI 6617.01,3530.0,6.135,2032.0,2834.56,8.30372,6707.0,4.2,1.0
TOI 6618.01,2255.7900517,8.6915413,796.2998086,95.0227177,9.2051754,6218.9,3.96,1.0
TOI 6619.01,10940.0,2.759,1882.0,2086.88,16.2172,6010.0,4.05,1.0
TOI 662.01,416.0,1.28,3627.0,28733.4,4.71785,6380.0,4.438,0.0
TOI 6620.01,7591.0,4.038,1660.0,1263.12,13.7097,6119.0,3.98,1.0
TOI 6621.01,2031.0,2.073,778.0,60.9199,2.8386,4354.0,4.59,1.0
TOI 6622.01,5180.0,7.424,664.0,32.4592,7.35774,5980.0,4.34,1.0
TOI 6623.01,16245.0,2.844,1636.0,1190.1,12.9563,6452.0,4.43,1.0
TOI 6624.01,3072.0,3.44,946.0,132.955,11.0446,6387.0,3.94,1.0
TOI 6625.01,8862.0,4.339,1442.0,719.754,14.247,6498.0,4.15,1.0
TOI 6626.01,104433.0,1.328,728.0,46.706,14.0003,3172.0,4.79,1.0
TOI 6627.01,9659.0,3.157,1557.0,975.759,15.84,6332.0,4.15,1.0
TOI 6628.01,9343.0,3.696,589.0,20.0861,9.90639,5265.0,4.32,2.0
TOI 6629.01,26747.0,2.004,592.0,20.3906,9.52505,3598.0,4.66,1.0
TOI 663.01,1953.2615465,1.6635706,672.9286739,48.4615319,2.4312854,3719.0,4.76941,2.0
TOI 663.02,1969.101717,2.1638721,552.5039779,22.0222982,2.6626375,3719.0,4.76941,2.0
TOI 663.03,1317.715762,2.7542652,481.3147406,12.6834573,1.9895244,3719.0,4.76941,2.0
TOI 6630.01,6083.0,4.406,1253.0,410.215,8.52513,6617.0,4.42,1.0
TOI 6631.01,9502.0,3.245,1585.0,1049.57,13.2477,6604.0,4.28,1.0
TOI 6632.01,1326.0,3.392,1174.0,316.166,11.2784,5965.0,3.43,1.0
TOI 6633.01,988.0,2.331,878.0,98.978,2.28629,4853.5,4.61,1.0
TOI 6634.01,2514.0,7.179,1102.0,245.088,9.05398,7723.0,4.08,1.0
TOI 6635.01,9216.0,5.584,2076.0,3083.68,16.2074,7944.0,4.39,1.0
TOI 6636.01,4327.0,2.327,1343.0,541.267,14.6605,6386.0,3.88,1.0
TOI 6638.01,40878.0,2.896,1056.0,206.767,16.9028,5359.0,4.57,1.0
TOI 6639.01,7657.0,4.056,1036.0,191.471,11.825,5831.0,4.17,1.0
TOI 664.01,2338.8745559,7.0819612,1186.425806,468.2559879,13.5752589,5370.0,3.72765,1.0
TOI 6640.01,2618.0,3.256,633.0,26.8131,3.59731,4758.0,4.62,1.0
TOI 6641.01,60692.0,1.586,696.0,39.1755,15.9566,3314.0,4.62,1.0
TOI 6642.01,14573.0,1.284,944.0,132.245,16.3017,6022.0,4.15,1.0
TOI 6643.01,5964.0,4.323,1528.0,907.188,14.6312,6431.0,3.9,1.0
TOI 6644.01,2711.0,5.591,499.0,10.2931,4.03815,5247.0,4.56,1.0
TOI 6646.01,1395.0,5.578,999.0,165.508,4.72963,6967.0,4.34,1.0
TOI 6647.01,635.0,3.878,1451.0,736.757,3.52475,5684.0,4.08,1.0
TOI 6648.01,1040.0,5.624,821.0,75.5957,3.8434,6153.0,4.35,1.0
TOI 6649.01,1170.0,0.904,1040.0,194.213,10.5818,6336.4,4.26,1.0
TOI 665.01,16514.0482965,3.4744355,897.0581591,153.0394528,21.5662738,6157.0,4.20407,0.0
TOI 6650.01,10524.0,6.584,994.0,162.179,14.2065,6500.6,4.32,1.0
TOI 6650.02,1773.0,6.967,1074.0,221.595,5.65993,6500.6,4.32,1.0
TOI 6650.03,988.0,2.842,991.0,160.463,4.26079,6500.6,4.32,1.0
TOI 6650.04,1437.0,6.426,826.0,77.417,5.18833,6500.6,4.32,1.0
TOI 6651.01,795.0,3.401,1227.0,376.594,5.09264,5818.9,3.95,2.0
TOI 6652.01,350.0,2.391,1222.0,370.484,1.94873,5745.0,4.44,1.0
TOI 6653.01,1000.0,2.623,775.0,60.1386,2.4364,4859.0,4.59,1.0
TOI 6655.01,732.0,2.858,928.0,123.542,2.31017,5564.0,4.51,1.0
TOI 6655.02,1007.0,3.598,780.0,61.6019,2.49711,5564.0,4.51,1.0
TOI 6657.01,558.0,1.964,1165.0,306.57,2.57627,6193.0,4.38,1.0
TOI 6659.01,1655.0,1.428,771.0,58.7812,3.45268,5159.0,4.57,1.0
TOI 6660.01,12776.05708,3.7760499,1593.8024312,1524.9617185,17.0487122,6116.0,4.15621,1.0
TOI 6661.01,1530.5878174,2.8444195,663.5380216,45.8125278,3.0009044,5164.0,4.61221,1.0
TOI 6662.01,746.4231884,0.5422359,1113.594144,363.4366793,0.9372852,3359.0,4.89202,1.0
TOI 6663.01,3065.8159708,7.1157207,292.3683615,1.7268018,5.6562862,6487.0,4.438,1.0
TOI 6664.01,1602.3801725,18.1537085,334.1617606,2.946782,9.531746,6534.0,3.84827,1.0
TOI 6665.01,479.47449,5.9484218,229.2824174,0.6531366,2.7674128,5972.63,4.28725,1.0
TOI 6666.01,789.17357,16.657231,435.8924938,8.5317587,4.5545799,6477.0,4.16898,1.0
TOI 6668.01,479.4666113,14.6548943,245.2512392,0.8549995,3.447372,6002.0,4.1943,1.0
TOI 6669.01,16102.9689949,2.892543,451.7617145,9.8437073,10.6774533,4722.0,4.55866,1.0
TOI 667.01,2512.1192447,0.809276,545.7126746,20.9593189,1.2145664,3202.0,4.86375,1.0
TOI 6670.01,2389.5186523,22.9026501,309.0841804,2.1568906,9.3912424,7271.0,4.15114,1.0
TOI 6671.01,1566.5840348,2.4755873,514.1135268,16.5103821,3.1919762,4713.0,4.49053,1.0
TOI 6672.01,1352.2809088,6.6644694,296.7016455,1.8314743,6.3590858,8450.0,4.31188,1.0
TOI 6673.01,276.3656087,7.1658967,853.059369,125.152068,2.6201221,6439.2,4.25521,1.0
TOI 6674.01,12885.3671957,5.1715272,507.4140128,15.6664583,11.6792669,3907.0,4.59828,1.0
TOI 6675.01,1323.0928698,5.4653921,284.4204055,1.5465501,6.1245707,6608.0,4.32886,1.0
TOI 6676.01,309.0178416,5.3266755,735.4942881,69.1573302,2.2731788,5988.0,4.28183,1.0
TOI 6677.01,917.0,0.203,334.0,2.08998,8.32098,6760.0,4.21,1.0
TOI 6678.01,844.0,1.288,867.0,94.0962,2.12571,4794.0,4.55,1.0
TOI 6679.01,1719.0971731,1.122279,1330.0450754,739.5821823,4.4811227,5542.0,4.438,1.0
TOI 6680.01,2801.3182472,5.601621,1750.8881304,2221.0308758,10.8739335,6875.0,4.01141,1.0
TOI 6681.01,24582.4117134,2.82963,1033.0579657,269.1657299,13.8305377,5443.0,4.54284,1.0
TOI 6682.01,2634.0168857,3.8869543,1046.3362951,283.2736399,5.7584838,5372.0,4.438,1.0
TOI 6683.01,23589.8587425,2.858704,957.5698373,198.7022717,12.9539382,5009.0,4.49886,1.0
TOI 6684.01,25164.5811952,2.1554708,1052.3262047,289.816123,13.966554,4848.0,4.47567,1.0
TOI 6685.01,947.4340655,4.2203793,901.9156818,156.3812767,4.1568836,6055.0,4.38226,1.0
TOI 6686.01,15441.3606576,3.7000327,1225.6637768,533.3427629,14.5365629,5883.0,4.34,1.0
TOI 6687.01,7380.9342568,3.0026348,1468.8442425,1100.0792751,12.4943419,5965.0,4.16451,1.0
TOI 6688.01,2778.737264,1.2463603,882.7883176,143.5315288,4.6274347,4900.0,4.45095,1.0
TOI 6689.01,12670.8512175,2.7601938,1105.3056703,352.7366563,12.0296829,5377.0,4.34978,1.0
TOI 669.01,841.0,2.424,1146.0,286.87,2.51666,5581.9,4.13,2.0
TOI 6690.01,545.0105734,7.6296016,200.1058511,0.378931,2.5578976,5599.17,4.37676,1.0
TOI 6690.02,603.0604952,22.1692458,238.0808322,0.7593093,2.7306626,5599.17,4.37676,1.0
TOI 6691.01,183.6559789,15.1057104,340.3959342,3.1729151,2.9487289,6649.0,3.92964,1.0
TOI 6692.01,3281.1685561,10.7778244,937.2342699,182.3533064,8.3655782,6047.0,4.21587,1.0
TOI 6693.01,3363.9691586,4.7371329,1829.8752178,2649.7622197,11.8414052,6106.0,3.91186,0.0
TOI 6694.01,31337.4687251,2.4026632,859.627962,129.0515238,13.4485221,4693.0,4.54081,1.0
TOI 6695.01,2315.4424358,8.6668849,776.545194,85.9385351,7.637469,6118.81,4.11275,1.0
TOI 6696.01,12982.7214564,5.1972226,1829.5172894,2647.6896261,23.322957,6731.3,3.99257,0.0
TOI 6697.01,2626.7704894,14.6473924,949.6742375,192.2293196,8.1052869,6613.0,4.23,2.0
TOI 6697.02,6318.0730583,12.9674227,268.850026,1.2346997,12.8973379,6613.0,4.23,1.0
TOI 6698.01,1168.7878058,3.6676275,476.4791808,12.1813864,2.6737151,4677.0,4.56264,1.0
TOI 6699.01,955.0,3.193,976.0,150.91,3.84201,4716.0,4.56,1.0
TOI 670.01,1324.07712,1.64214,2093.0810718,4535.9180848,5.759676,5688.0,4.48774,0.0
TOI 6700.01,3717.3165127,1.2572404,942.3827039,186.3932704,9.4825825,6314.93,4.18108,1.0
TOI 6701.01,1791.2124346,2.6562286,1313.4180191,703.2874741,12.3167818,6697.0,4.21,1.0
TOI 6702.01,768.888544,6.154356,959.6369543,200.423599,3.3333783,4454.0,4.59483,1.0
TOI 6703.01,88.0818849,14.0758927,744.9095545,72.767119,2.4730956,5494.7,3.63775,1.0
TOI 6704.02,1559.4770206,3.2903924,960.7741393,201.3753096,5.0896772,5780.0,4.438,1.0
TOI 6705.01,3848.7179165,1.6861879,1642.5854822,1720.4138176,21.1100738,6392.0,3.5,1.0
TOI 6706.01,3661.6696028,1.8699103,1513.1615068,1238.973852,12.6097244,8044.0,4.17155,1.0
TOI 6707.01,1112.3388758,3.4951108,1509.4265104,1226.7862371,5.6648123,6088.34,4.09655,1.0
TOI 6708.01,2605.430842,1.8943522,440.4658878,8.895495,1.915198,3264.0,4.90343,1.0
TOI 6709.01,182.9434914,1.8624266,977.1934094,215.4979378,1.0903541,4799.0,4.66766,1.0
TOI 6710.01,394.2384169,1.9263234,1127.3682012,381.7544649,1.5139896,5113.3,4.77,1.0
TOI 6711.01,1601.254739,2.5934713,307.2680329,2.106641,1.0318727,3278.0,4.97813,0.0
TOI 6712.01,98.2034719,1.926234,2218.9811995,5729.7476128,2.2042465,6016.28,3.81004,1.0
TOI 6713.01,137.9312313,1.6541007,1088.3628347,331.6009868,0.8814471,4944.24,4.58767,1.0
TOI 6715.01,2450.9899956,2.2839791,982.3534679,220.0858555,3.9033641,4743.0,4.51969,1.0
TOI 6716.01,1734.8673947,1.1450785,374.6080294,4.6540316,1.0102426,3190.0,5.01971,1.0
TOI 6717.01,5060.8335277,0.5009607,816.5461157,105.0615662,1.852907,3254.0,5.0301,1.0
TOI 6718.01,3110.6890792,3.9795532,1674.1745752,1856.624045,10.2396383,5483.2,4.3,1.0
TOI 6719.01,8114.6829556,3.4403723,1717.1645208,2054.7956073,14.184839,5646.0,4.05052,1.0
TOI 672.01,8668.4420489,1.8069693,613.4754434,33.4741636,5.1614854,3765.0,4.75169,2.0
TOI 6720.01,12886.987991,2.3197694,786.7202987,90.5320647,8.6285404,4247.0,4.47839,1.0
TOI 6721.01,27081.6985753,3.5610971,1121.0482082,373.2657632,17.9837961,5693.0,4.37269,1.0
TOI 6722.01,15578.1136873,2.5843337,913.6734375,164.6967384,9.2319785,5221.0,4.64701,1.0
TOI 6723.01,14856.89726,3.0318968,1202.4572246,494.0825841,12.6093335,5728.0,4.42477,1.0
TOI 6724.01,908.0,7.635,619.0,24.431,4.13549,5703.4,4.04,1.0
TOI 6726.01,1084.0,3.403,1021.0,180.487,3.68209,4760.0,4.57,1.0
TOI 6727.01,946.0,3.703,733.0,48.0518,2.53444,5791.0,4.53,1.0
TOI 6728.01,461.0,5.444,768.0,58.006,4.53167,6388.0,3.71291,1.0
TOI 6729.01,188.0,4.754,1295.0,467.43,2.26966,6289.7,3.99,1.0
TOI 6729.02,109.0,2.992,1479.0,795.693,1.80822,6289.7,3.99,1.0
TOI 673.01,16789.8076116,6.2145259,1166.233875,437.1833461,22.0104106,6114.0,4.28439,0.0
TOI 6730.01,11541.7099365,3.0547623,1034.6449679,270.8235342,10.511208,5349.0,4.4,1.0
TOI 6731.01,17812.0219789,1.8201336,1199.4351627,489.1342881,11.400179,4778.0,4.51281,1.0
TOI 6732.01,38320.0,1.341,880.0,99.5651,12.0407,3658.0,4.67,1.0
TOI 6733.01,6055.0,4.813,2067.0,3031.39,15.5894,6623.0,3.89,1.0
TOI 6734.01,15647.0,3.286,1229.0,379.623,12.7334,5917.0,4.4,1.0
TOI 6735.01,5024.0,1.39,1163.0,304.514,11.1895,6517.0,4.21,1.0
TOI 6736.01,14088.0,2.501,1202.0,346.683,11.6667,5315.0,4.43,1.0
TOI 6737.01,12974.0,2.979,1795.0,1724.51,16.2689,6372.0,4.28,1.0
TOI 6738.01,3332.0,4.383,1680.0,1323.23,9.13018,5815.0,3.88,1.0
TOI 6739.01,12845.0,1.429,688.0,37.2212,10.0709,4768.0,4.49,1.0
TOI 674.01,13877.3059698,1.1104153,644.2865637,40.7227689,5.2706003,3467.0,4.87946,2.0
TOI 6740.01,8973.0,3.542,1445.0,723.955,11.4279,5579.0,4.17,1.0
TOI 6741.01,6438.0,3.521,1635.0,1188.71,12.4847,6713.0,4.21,0.0
TOI 6742.01,4097.0,4.797,1157.0,297.977,10.7664,5859.0,3.98,1.0
TOI 6743.01,8420.0,5.732,1590.0,1061.42,18.7334,6508.0,3.9,1.0
TOI 6744.01,5547.0,1.457,2131.0,3424.09,12.8076,6470.0,4.09,1.0
TOI 6745.01,5568.0,5.117,1478.0,793.304,11.9863,5928.0,3.9,1.0
TOI 6746.01,14933.0,1.028,1043.0,196.591,12.8325,4204.0,4.29,1.0
TOI 6748.01,7417.0,3.185,1261.0,420.855,11.9834,5988.0,4.18,1.0
TOI 6749.01,4777.0,4.155,1390.0,620.245,12.0872,7929.0,4.16,1.0
TOI 675.01,11478.1087015,4.3176109,1313.73704,703.9710193,14.6952606,5620.0,4.18582,1.0
TOI 6750.01,28870.0,2.524,943.0,131.825,10.8614,3875.0,4.62,0.0
TOI 6751.01,14460.0,3.363,1928.0,2295.26,15.3905,7277.0,4.35,1.0
TOI 6752.01,4113.0,4.025,959.0,140.925,9.30846,6128.0,4.15,1.0
TOI 6753.01,7976.0,2.353,2153.0,3568.91,12.1981,5616.0,4.12,1.0
TOI 6754.01,10353.0,3.316,2346.0,5032.19,17.6537,7247.0,4.19,1.0
TOI 6755.01,13636.0,2.737,859.0,90.7886,11.2259,5090.0,4.38,1.0
TOI 6756.01,12554.0,4.672,1560.0,985.669,16.6116,6500.0,4.14,1.0
TOI 6757.01,6522.0,5.025,2308.0,4716.78,14.4544,5620.0,4.08,1.0
TOI 6758.01,2172.0,2.533,440.0,6.2521,2.58082,3719.0,4.69,1.0
TOI 6759.01,11891.0,1.758,1671.0,1295.34,10.1378,5764.0,4.46,1.0
TOI 676.01,9260.8973045,1.9774726,1501.6517354,1201.7050633,14.1253056,5430.0,4.41381,1.0
TOI 6760.01,12532.0,2.762,977.0,151.287,9.84673,5415.0,4.37,1.0
TOI 6761.01,11142.0,4.425,1902.0,2176.55,13.5998,6594.0,4.25,1.0
TOI 6762.01,29835.0,1.718,498.0,10.2294,11.9282,3599.0,4.6,1.0
TOI 6763.01,11446.0,2.834,1869.0,2027.97,17.3192,7085.0,4.19,1.0
TOI 6764.01,22525.0,3.785,1794.0,1721.84,18.1559,6383.0,4.31,0.0
TOI 6765.01,5786.0,1.626,1445.0,724.258,19.3726,7566.0,3.85,1.0
TOI 6766.01,7893.0,2.925,1544.0,944.765,13.6352,5421.0,4.01,1.0
TOI 6767.01,16808.0,1.43,1146.0,287.189,18.0511,6026.0,4.22,1.0
TOI 6768.01,4613.0,2.049,992.0,161.07,14.8251,6085.0,3.84,0.0
TOI 6769.01,10855.0,4.185,1162.0,303.245,13.193,5492.0,4.12,1.0
TOI 677.01,9414.0,2.292,690.0,37.6345,13.0203,6446.0,4.37882,2.0
TOI 6770.01,15152.0,2.617,539.0,14.0749,9.65258,5230.0,4.62,1.0
TOI 6771.01,4540.0,3.525,1238.0,390.089,11.7073,6847.0,4.02,1.0
TOI 6772.01,3700.0,3.78,1359.0,566.891,7.73812,5493.0,4.07,1.0
TOI 6773.01,7709.0,3.3,1448.0,729.82,10.5823,5668.0,4.15,1.0
TOI 6774.01,4988.0,2.275,1062.0,211.784,9.62957,5853.0,4.18,1.0
TOI 6776.01,31413.0,1.056,633.0,26.7043,10.4769,3498.0,4.69,1.0
TOI 6777.01,6992.0,4.502,1797.0,1734.68,16.5271,6258.0,3.97,1.0
TOI 6778.01,5487.0,1.09,814.0,73.227,8.29625,6064.0,4.39,1.0
TOI 6779.01,9835.0,1.586,1295.0,467.938,8.65039,4858.0,4.51,1.0
TOI 678.01,821.128478,4.4750093,807.9481883,100.7059307,3.4134506,5624.0,4.39124,1.0
TOI 6780.01,11282.0,4.073,802.0,68.9842,10.2486,5771.0,4.3,1.0
TOI 6781.01,7451.0,1.559,1240.0,392.882,11.9271,6155.0,4.25,1.0
TOI 6782.01,17825.0,2.771,1991.0,2610.88,17.158,6460.0,4.27,1.0
TOI 6783.01,108361.0,1.984,444.0,6.47065,13.3128,3445.0,4.82,1.0
TOI 6784.01,14772.0,4.023,1861.0,1995.19,15.5528,6610.0,4.12,1.0
TOI 6785.01,2930.0,7.487,1075.0,221.883,8.04744,6177.0,4.12,1.0
TOI 6786.01,23021.0,3.44,1640.0,1203.77,17.7291,6063.0,4.37,1.0
TOI 6787.01,8605.0,3.438,1699.0,1385.73,16.201,6405.0,4.07,1.0
TOI 6788.01,14405.0,3.907,532.0,13.3603,12.4646,5388.0,4.36,1.0
TOI 6789.01,7098.0,2.921,1166.0,307.857,7.93123,5589.8,4.42,1.0
TOI 679.01,7873.0,5.482,1154.0,294.91,17.5706,6655.0,3.9,0.0
TOI 6790.01,13335.0,3.689,1156.0,296.944,16.3974,6057.0,4.2,1.0
TOI 6791.01,13388.0,1.76,441.0,6.33598,12.5063,5661.0,4.36,1.0
TOI 6792.01,6040.0,3.236,807.0,70.4881,5.94344,5081.5,4.51,1.0
TOI 6793.01,6717.0,0.786,454.0,7.09349,7.01051,4841.8,4.6,1.0
TOI 6794.01,4484.0,6.439,1528.0,906.064,12.4526,6391.0,3.79,1.0
TOI 6795.01,8318.0,2.897,1558.0,979.454,12.6314,5355.0,4.05,1.0
TOI 6796.01,6722.0,3.257,1312.0,491.943,8.91723,5594.0,4.28,1.0
TOI 6798.01,6829.0,11.966,1192.0,335.493,12.8125,6477.7,4.24,1.0
TOI 6799.01,1215.0,0.66,1618.0,1137.76,5.36785,6333.0,4.28,1.0
TOI 6800.01,1556.0,2.653,1377.0,596.999,10.2109,6702.0,3.72,1.0
TOI 6801.01,24584.0,1.091,1162.0,302.765,19.6011,4337.4,4.58,1.0
TOI 6803.01,6919.0,1.934,1137.0,277.825,10.9307,5951.0,4.19,1.0
TOI 6804.01,8796.0,2.099,1137.0,277.764,13.0104,6170.0,4.23,1.0
TOI 6805.01,9568.0,0.979,1448.0,729.867,11.6289,4750.0,4.45,1.0
TOI 6807.01,13071.0,2.297,714.0,43.2116,9.48332,4790.0,4.53,1.0
TOI 6808.01,19894.0,2.988,1432.0,699.098,20.761,6026.0,4.22,1.0
TOI 6809.01,31004.0,1.744,740.0,49.8683,11.0734,3822.0,4.64,1.0
TOI 681.01,6805.627558,3.3857406,1096.9941906,342.2459459,18.2872401,7447.0,3.79,1.0
TOI 6810.01,10625.0,4.564,936.0,127.543,12.2742,6009.0,4.34,1.0
TOI 6811.01,18692.0,0.489,648.0,29.2942,18.336,3692.0,4.57,1.0
TOI 6812.01,8255.0,3.717,809.0,71.1152,13.1329,5951.0,4.17,1.0
TOI 6813.01,740.0,1.866,1150.0,290.953,1.98374,4851.0,4.62,1.0
TOI 6814.01,2393.0,0.905,2149.0,3545.12,8.86489,6397.0,4.16,1.0
TOI 6815.01,44474.0,4.309,590.0,20.1338,16.7867,5144.1,4.46,1.0
TOI 6816.01,9304.0,6.548,1110.0,252.912,13.7902,5792.8,4.3,1.0
TOI 6817.01,3672.0,1.816,1037.0,192.578,6.9761,5430.0,4.3,1.0
TOI 6818.01,3293.0,1.526,603.0,22.0861,7.45333,5791.0,4.29,1.0
TOI 6819.01,2387.0,3.813,966.0,144.761,6.73372,5557.6,4.03,1.0
TOI 682.01,1213.0,4.176,1090.0,234.46,3.74186,5085.0,3.92,2.0
TOI 6820.01,971.0,1.854,1261.0,419.804,2.55092,5039.0,4.54,1.0
TOI 6821.01,3116.0,2.148,1036.0,191.782,4.58576,5222.0,4.52,1.0
TOI 6822.01,26414.0,1.866,747.0,51.9039,10.486,3794.0,4.65,1.0
TOI 6823.01,1915.0,1.993,1190.0,333.622,5.54834,5517.0,4.27,1.0
TOI 6824.01,13091.0,2.87,963.0,143.073,12.0272,5417.0,4.39,1.0
TOI 6825.01,2186.0,4.517,776.0,60.353,4.11474,5826.0,4.47,1.0
TOI 6826.01,730.0,2.572,879.0,99.2729,2.10567,5203.0,4.65,1.0
TOI 6828.01,8533.0,2.134,1092.0,236.353,11.1177,5415.7,4.4,1.0
TOI 683.01,15490.0795356,2.6582989,1423.6985463,970.9417325,17.2861065,6302.0,4.30907,1.0
TOI 6830.01,15157.0212857,1.5178899,1340.5757561,763.2845047,13.2226172,5100.0,4.4,1.0
TOI 6831.01,3388.0,5.271,530.0,13.1521,5.93946,5816.0,4.49,1.0
TOI 6832.01,862.0,2.426,706.0,41.3052,2.17365,4014.0,4.53,1.0
TOI 6833.01,1343.0,2.862,794.0,66.2634,3.30997,5281.0,4.53,1.0
TOI 6834.01,1739.0,3.02,922.0,120.002,3.91968,5289.0,4.46,1.0
TOI 6835.01,507.0,0.868,2211.0,3967.92,1.64829,4477.0,4.56,1.0
TOI 6836.01,1085.0,2.181,644.0,28.6373,2.59387,5013.7,4.58,1.0
TOI 6838.01,10693.4881603,0.6401499,802.8602204,98.1930529,1.2038917,5780.0,5.27596,1.0
TOI 6839.01,3499.7547124,3.0998781,1504.13344,1209.668769,8.6826968,5756.0,4.13367,1.0
TOI 684.01,1766.0,2.249,673.1575152,48.5274864,8.778562,9488.0,4.07548,1.0
TOI 6840.01,22163.2825659,1.8542477,884.085476,144.377004,15.1261771,5854.0,4.45956,1.0
TOI 6841.01,13364.3594607,3.9986123,627.1693637,36.5645594,9.5784743,5103.41,4.52801,1.0
TOI 6842.01,15466.3588483,4.2434029,1226.2663506,534.3923671,18.2452387,5752.18,4.14674,1.0
TOI 6843.01,6357.7268879,4.9400249,1424.9131835,974.2594349,14.0381026,6281.0,4.05316,1.0
TOI 6844.01,17898.9103154,2.2690911,687.8151709,52.8941941,8.6543461,3913.0,4.6113,1.0
TOI 6845.01,9002.0,1.139,633.0,26.7153,7.57257,5420.1,4.5,1.0
TOI 6846.01,12501.0,2.559,1241.0,394.819,10.5691,5771.0,4.51,1.0
TOI 6847.01,5131.0,0.922,1545.0,947.874,8.87293,6140.0,4.42,1.0
TOI 6848.01,45085.0,2.533,508.0,11.0748,13.1172,3768.0,4.68,1.0
TOI 6849.01,2576.0,3.62,103.0,0.0187275,12.7111,6290.0,3.89,0.0
TOI 685.01,3480.0,5.081,935.0,126.951,10.264,5287.7,3.88,1.0
TOI 6850.01,1366.0,2.486,716.0,43.6784,3.36588,4275.7,4.37,1.0
TOI 6851.01,1204.0,2.82,513.0,11.5571,2.28751,4073.0,4.59,1.0
TOI 6852.01,15139.0,3.529,511.0,11.3359,9.09208,4551.0,4.6,1.0
TOI 6853.01,2913.0,5.378,1161.0,301.85,8.16912,6297.0,4.1,1.0
TOI 6854.01,2476.0,1.212,1258.0,416.97,6.35856,6413.0,4.4,1.0
TOI 6855.01,8665.0,2.783,427.0,5.51975,9.07333,5309.0,4.46,1.0
TOI 6856.01,35193.0,0.823,989.0,159.123,15.3922,3657.0,4.58,1.0
TOI 6857.01,22227.0,1.763,353.0,2.59874,5.57868,3428.0,4.84,1.0
TOI 6858.01,1241.0,1.465,631.0,26.3567,1.73871,3634.0,4.75,1.0
TOI 6859.01,10071.0,3.922,881.0,100.27,11.5702,5622.0,4.31,1.0
TOI 686.01,333.5976712,1.7579691,1634.511587,1686.8366029,3.3397496,6279.8,4.26,1.0
TOI 6860.01,5306.0,0.587,1341.0,538.344,10.2266,5272.0,4.23,1.0
TOI 6861.01,6913.0,3.769,1439.0,713.321,11.3603,5753.6,4.04,1.0
TOI 6862.01,8621.0,3.501,916.0,117.339,11.9576,5669.2,4.21,1.0
TOI 6863.01,5326.0,2.891,883.0,100.923,9.86579,5703.0,4.21,1.0
TOI 6864.01,5014.0,4.356,735.0,48.5457,6.93651,5472.0,4.37,1.0
TOI 6865.01,2778.0,1.753,910.0,114.336,4.74384,4185.5,4.37,1.0
TOI 6866.01,8684.0,1.018,480.0,8.84387,9.29428,5356.0,4.46,0.0
TOI 6867.01,8544.0,2.49,1118.0,259.808,8.85628,5465.0,4.46,1.0
TOI 6868.01,4984.0,4.174,1483.0,804.639,11.8996,5222.0,3.83,1.0
TOI 6869.01,28404.0,3.659,60.0,0.0022765,8.20454,3671.0,4.71,1.0
TOI 687.01,1322.2472746,4.4333923,340.3118696,3.169782,2.2115007,4253.9,4.57,1.0
TOI 6870.01,589.0,3.398,1181.0,323.688,3.89953,6466.5,4.05,1.0
TOI 6871.01,1127.0,3.635,797.0,67.0792,2.51956,5647.1,4.55,1.0
TOI 6872.01,1943.0,2.917,734.0,48.3251,2.46843,3798.0,4.77,1.0
TOI 6873.01,983.8549658,2.4015591,607.4351032,32.1751474,3.5747237,5450.0,4.5378,1.0
TOI 6874.01,17029.8720026,2.7508738,1464.5805607,1087.3617796,16.1018337,5983.3,4.3234,0.0
TOI 6875.01,20956.9478296,3.150024,1354.7002867,795.9648554,17.3489851,6203.0,4.37189,1.0
TOI 6876.01,538.0,4.556,913.0,115.579,2.80249,6200.0,4.25,0.0
TOI 6877.01,3352.0,6.385,949.0,134.883,9.88421,5468.0,4.5,1.0
TOI 6878.01,501.0,2.343,2423.0,5728.08,4.13797,8853.0,4.18,0.0
TOI 6879.01,850.0,5.271,986.0,156.928,3.82513,5854.0,4.15,1.0
TOI 688.01,359.0,2.599,1125.0,266.78,3.45801,6636.0,3.99,0.0
TOI 6880.01,659.0,3.709,838.0,81.9483,1.92053,5434.0,4.6,1.0
TOI 6881.01,11495.0,3.021,1976.0,2535.55,15.8982,6440.5,4.12,1.0
TOI 6882.01,1530.0,0.722,1610.0,1116.17,8.04611,5517.0,3.99,0.0
TOI 6883.01,1196.0597801,3.9569972,823.3757159,108.6208553,3.8324012,5657.0,4.35534,2.0
TOI 6884.01,2348.45658,2.3406411,1061.4035157,299.9460099,9.4489967,6026.94,3.92106,1.0
TOI 6885.01,15415.73003,4.1130736,710.3581928,60.177006,11.0647635,5335.0,4.50186,1.0
TOI 6886.01,6286.5016158,1.9999398,773.4186722,84.5628503,5.5672157,4664.59,4.60279,1.0
TOI 6887.01,5547.4045934,5.3652099,897.9706432,153.6630881,9.5170822,6186.7,4.31682,1.0
TOI 6888.01,4510.2840364,7.1580751,882.8924951,143.5992933,10.8355197,6213.0,4.11609,1.0
TOI 6889.01,26790.7015542,3.4172956,857.6355078,127.8592096,18.8533824,5726.0,4.37006,1.0
TOI 689.01,7964.45,3.397,2694.0,8754.73,7.65443,4841.3,4.71,0.0
TOI 6890.01,1970.1779923,8.8064896,230.5689844,0.6679202,6.5779189,5964.0,4.27302,1.0
TOI 6891.01,9717.1934198,1.6506686,790.0226507,92.061739,8.109016,5675.0,4.63371,1.0
TOI 6892.01,6620.0097774,5.8302347,789.0006014,91.586263,11.0501866,5767.33,4.22267,1.0
TOI 6893.01,1002.2730453,13.4131846,1110.1340849,358.9407373,8.5614402,6140.0,3.70561,1.0
TOI 6894.01,166589.9107386,1.5183944,409.0887836,6.6189834,9.3830336,3133.0,5.02671,2.0
TOI 6896.01,1136.7557914,4.9695046,699.2880486,56.5126178,3.5822698,5985.0,4.44957,1.0
TOI 6897.01,8477.6052879,3.776804,1049.1899067,286.3765268,13.52336,5858.0,4.3,1.0
TOI 6898.01,1920.6396242,3.4544369,429.6673243,8.0547175,3.3584758,4024.0,4.5752,1.0
TOI 6899.01,150.7007612,2.6639389,1184.8768866,465.8154756,1.1780056,5503.0,4.48743,1.0
TOI 6900.01,551.9568212,3.0897341,533.6066406,19.1604588,1.7196615,4468.0,4.54813,1.0
TOI 6901.01,450.9235482,1.703415,846.5974227,121.4028186,1.4541092,4550.0,4.62037,1.0
TOI 6902.01,384.0441817,9.2522534,704.7212129,58.2895066,2.8743721,6597.0,4.28305,1.0
TOI 6904.01,1999.9128429,2.4103679,417.8345932,7.2034173,2.9646311,3944.0,4.62692,1.0
TOI 6905.01,2930.0714108,8.3500813,287.5311275,1.6153271,13.8558129,6002.0,3.68023,1.0
TOI 6906.01,19986.4253524,2.5101218,1017.2589369,253.0737249,11.8571021,5225.91,4.53759,1.0
TOI 6907.01,18575.2343451,2.7055281,998.6004687,235.0109316,10.862172,5203.0,4.57695,1.0
TOI 6908.01,1532.3995669,3.0734816,1281.3589533,637.0950531,5.11821,5501.09,4.19961,1.0
TOI 6909.01,11582.5189831,2.4495032,662.5394963,45.5373857,7.976213,3893.0,4.58525,1.0
TOI 6910.01,12564.1964526,2.9912384,1361.8526381,812.908131,12.9860395,5585.0,4.34946,1.0
TOI 6911.01,220.0,8.647,1294.0,465.914,2.9719,6696.0,3.89,1.0
TOI 6912.01,318.0,2.251,847.0,85.4903,2.22751,5924.0,4.24,1.0
TOI 6913.01,1043.0,0.555,2040.0,2879.92,5.71748,6870.8,4.28,1.0
TOI 6914.01,6907.0,3.235,1249.0,404.641,18.225,6076.4,4.41,1.0
TOI 6915.01,667.0,1.2,1627.0,1164.51,5.46811,8013.0,4.13,1.0
TOI 6916.01,12003.0,3.72,1520.0,887.712,16.5322,6285.0,4.11,1.0
TOI 6917.01,4411.0,5.281,1221.0,370.095,9.12933,6518.8,4.23,1.0
TOI 6918.01,4278.0,5.835,974.0,149.441,9.75869,5787.9,3.96,1.0
TOI 6920.01,8447.0,2.151,1125.0,265.932,9.85973,5821.5,4.36,0.0
TOI 6921.01,33131.0,6.373,722.0,45.1202,15.8297,5677.8,4.58,0.0
TOI 6922.01,4236.0,2.118,1045.0,198.038,7.74162,6305.0,4.34,1.0
TOI 6923.01,15103.0,2.944,935.0,127.411,11.3939,5221.4,4.44,1.0
TOI 6924.01,7033.0,4.343,335.0,2.09153,9.22033,6118.4,4.39,1.0
TOI 6925.01,59578.0,2.481,553.0,15.6338,13.9371,3674.0,4.66,1.0
TOI 6926.01,3916.0,5.859,1220.0,368.205,9.77567,5643.0,3.95,1.0
TOI 6927.01,7461.0,1.23,755.0,53.9765,13.7163,5737.3,4.35,1.0
TOI 6928.01,14344.0,3.523,1474.0,785.026,13.8047,6280.0,4.34,1.0
TOI 6929.01,19525.0,2.942,74.0,0.0051995,10.9394,4854.0,4.55,1.0
TOI 6930.01,8080.0,2.116,1032.0,188.768,13.5058,6172.8,4.39,1.0
TOI 6931.01,4409.0,2.773,1784.0,1682.8,11.9385,6307.0,3.98,1.0
TOI 6932.01,6349.0,5.747,1336.0,530.449,11.7455,5808.0,4.12,1.0
TOI 6933.01,2552.0,5.01,1141.0,281.81,12.1312,5887.0,3.73,1.0
TOI 6934.01,8268.0,3.091,1552.0,964.812,13.7553,5954.0,4.13,1.0
TOI 6935.01,21098.0,1.849,999.0,165.366,9.55649,3958.0,4.59,1.0
TOI 6936.01,4219.0,2.022,486.0,9.32109,4.00839,4201.6,4.61,1.0
TOI 6937.01,927.0,1.229,1799.0,1739.39,5.73354,7445.4,4.3,1.0
TOI 6938.01,4762.0,6.112,1989.0,2600.12,15.3642,6473.0,3.78,1.0
TOI 6939.01,8247.0,1.448,1512.0,868.038,13.6773,6039.4,4.2,1.0
TOI 694.01,14503.3604877,4.3070574,479.8250298,12.5271592,12.8456117,5354.96,4.45894,0.0
TOI 6940.01,1620.0,0.309,1043.0,196.562,2.03448,3338.0,4.85,1.0
TOI 6941.01,6422.0,4.009,1966.0,2484.67,15.95,6610.0,3.91,1.0
TOI 6942.01,5174.0,2.549,952.0,136.426,7.84543,6234.0,4.47,1.0
TOI 6943.01,3155.0,5.548,1692.0,1362.1,15.1551,6749.0,3.63,1.0
TOI 6944.01,1304.0,3.596,726.0,46.2908,2.60986,5181.1,4.62,1.0
TOI 6945.01,8228.0,5.931,1021.0,180.979,11.426,6397.0,4.26,1.0
TOI 6946.01,11013.0,1.676,507.0,11.0108,12.0458,5648.0,4.33,1.0
TOI 6947.01,9263.0,4.73,1389.0,618.612,16.0234,6628.0,4.13,1.0
TOI 6949.01,7301.0,3.185,1796.0,1730.82,11.4574,7164.1,4.33,1.0
TOI 695.01,786.0019744,4.7666334,563.4766198,23.8245444,2.6824173,5591.0,4.38111,1.0
TOI 6950.01,40591.0,1.559,810.0,71.7485,12.2554,3854.0,4.63,1.0
TOI 6951.01,13982.0,3.303,1508.0,859.131,18.1003,6514.0,4.17,1.0
TOI 6952.01,6171.0,0.633,631.0,26.3552,10.2495,5974.6,4.48,0.0
TOI 6954.01,1556.0,2.017,930.0,124.569,3.74825,5019.9,4.41,1.0
TOI 6955.01,2687.0,6.274,1881.0,2080.26,11.7972,6547.8,3.76,1.0
TOI 6956.01,6904.0,5.787,1185.0,327.708,9.88852,6824.2,4.36,1.0
TOI 6957.01,959.8285715,9.5344918,319.6480066,2.4672264,3.2160534,5389.7,4.29499,1.0
TOI 6958.01,41908.6246041,2.5574444,664.5727909,46.0989705,13.6663996,4403.0,4.6285,1.0
TOI 6959.01,15708.9640285,2.7306785,1153.5717806,418.5038868,12.7099203,5210.0,4.37321,1.0
TOI 696.01,719.5357708,0.5124345,830.4405814,112.3971391,0.9718795,3450.0,4.89044,2.0
TOI 696.02,832.8225921,1.1278521,510.9040793,16.1019503,1.0428407,3450.0,4.89044,2.0
TOI 696.03,633.0580849,0.9361524,462.9521337,10.8558882,0.8566925,3450.0,4.89044,2.0
TOI 6961.01,946.1500622,5.529651,770.1435456,83.13956,3.9264923,5911.15,4.33608,1.0
TOI 6962.01,1122.3021089,3.8732381,699.156353,56.4700581,4.6034655,5294.0,4.14669,1.0
TOI 6963.01,6132.2553437,6.2442811,647.0263001,41.4198706,9.0595904,3303.0,3.84689,2.0
TOI 6964.01,855.7217275,0.9332304,1050.7381592,288.0706551,3.1594083,5432.25,4.37517,1.0
TOI 6965.01,105.5424205,3.441038,1090.8292631,334.6170929,1.3473608,6007.0,4.37729,1.0
TOI 6965.02,154.3008171,6.0393818,651.1102456,42.4755605,1.6221344,6007.0,4.37729,1.0
TOI 6966.01,431.2815173,1.5926216,1676.7063776,1867.8804075,2.9108183,6194.54,4.28076,1.0
TOI 6967.01,930.2503519,3.2089234,1377.3240616,850.4828102,5.3852666,5496.0,3.93163,1.0
TOI 6968.01,1972.3718293,2.8281222,1522.8220038,1270.9181315,5.4152906,5924.0,4.31001,1.0
TOI 6969.01,5271.4558635,1.7190416,2031.4230444,4024.5979419,11.6042711,6616.0,4.2907,0.0
TOI 6969.02,5389.4106193,2.7966471,1407.0790858,926.3925066,11.372041,6616.0,4.2907,1.0
TOI 6970.01,12763.9935022,3.5131822,690.7263119,53.7953827,11.53374,5165.0,4.48308,1.0
TOI 6971.01,2199.8936304,6.5543918,2011.4459246,3868.6055276,13.6762774,6309.0,3.62105,1.0
TOI 6972.01,2237.0,4.908,1451.0,736.085,8.44272,5907.0,3.99,1.0
TOI 6973.01,940.0,3.72,570.0,17.5796,3.1745,5626.0,4.44,1.0
TOI 6974.01,4381.0,3.975,1050.0,201.798,7.24338,5741.0,4.24,1.0
TOI 6976.01,1007.0,1.084,1427.0,627.153,4.46251,6850.0,4.26,1.0
TOI 6977.01,714.0,1.772,643.0,28.5068,1.92318,4197.0,4.56,1.0
TOI 6978.01,169.7218223,3.173012,649.6958588,42.107688,0.9704787,4747.13,4.56794,1.0
TOI 6979.01,1527.6748939,3.4644403,840.2916858,117.8260362,3.5438108,5888.0,4.57,1.0
TOI 698.01,1911.9221796,2.1250291,350.5935542,3.5705631,2.0905859,3570.0,4.83196,1.0
TOI 6980.01,409.3413481,2.85547,623.1430608,35.6346136,2.416155,6186.0,4.37093,1.0
TOI 6981.01,4753.2829943,2.9472616,176.9097782,0.2314879,2.0762333,3261.0,4.92925,1.0
TOI 6982.01,11392.7507656,4.3696664,211.0447631,0.4688342,11.7556773,5765.3,4.38,2.0
TOI 6983.01,336.5990841,5.9839922,716.6415747,62.3345745,2.6946338,6317.08,4.2542,1.0
TOI 6984.01,3407.8486864,5.1289452,104.2581018,0.0279229,3.5506895,3683.0,4.72407,1.0
TOI 6985.01,1655.3509066,6.6689152,170.3749226,0.1991332,3.4308988,5235.0,4.5339,1.0
TOI 6986.01,33487.0,1.046,786.0,63.3975,12.6463,3521.0,4.6,1.0
TOI 6987.01,17212.0,2.615,1150.0,290.348,17.8729,6233.0,4.25,1.0
TOI 6988.01,6670.0,4.578,838.0,81.9067,8.766,5614.0,4.31,1.0
TOI 6989.01,3708.0,1.965,1411.0,658.968,6.10516,4812.0,4.28,0.0
TOI 699.01,345.0,3.42,761.0,55.7499,2.44796,6138.6,4.07,1.0
TOI 699.02,384.0,5.352,636.0,27.3212,2.30517,6138.6,4.07,1.0
TOI 699.03,423.1260918,7.4883769,256.7076521,1.0263046,2.9749826,6138.6,4.07,1.0
TOI 6990.01,11242.0,1.64,1544.0,945.563,8.45955,6047.9,4.68,1.0
TOI 6992.01,1596.0,2.71,798.0,67.4078,4.03127,4448.2,4.6,1.0
TOI 6994.01,5107.0,1.162,938.0,128.796,7.09086,4704.0,4.36,0.0
TOI 6995.01,3078.0,3.171,971.0,147.904,11.3375,6576.0,3.93,1.0
TOI 6996.01,3132.0,1.497,1890.0,2118.57,6.0323,5708.0,4.38,0.0
TOI 6997.01,10730.0,3.903,680.0,35.5088,10.3462,5576.0,4.37,1.0
TOI 6998.01,3817.0,3.477,574.0,18.0249,6.01419,4225.0,4.62,1.0
TOI 6999.01,5979.0,5.492,1056.0,206.513,9.89847,6076.0,4.26,1.0
TOI 700.01,2768.5212418,1.3968229,327.7656616,2.7275631,2.5869212,3482.0,4.438,2.0
TOI 700.02,737.5519387,3.3650101,247.1816698,0.8822386,1.3296571,3482.0,4.438,2.0
TOI 700.03,459.8525479,2.2583631,384.055942,5.1416079,0.9617288,3482.0,4.438,2.0
TOI 700.04,406.8232517,2.9558823,272.8976058,1.3107501,0.9491858,3482.0,4.438,2.0
TOI 7000.01,3360.0,3.375,1614.0,1126.92,15.2527,5794.0,3.52,1.0
TOI 7001.01,46329.0,1.873,301.0,1.37516,13.2139,3662.0,4.61,1.0
TOI 7002.01,4376.0,4.331,1582.0,1039.87,12.0483,6677.0,3.95,1.0
TOI 7003.01,45524.0,0.559,733.0,48.0269,13.8557,3326.0,4.77,1.0
TOI 7004.01,2369.0,5.37,1108.0,250.587,9.90817,5755.9,3.77,1.0
TOI 7006.01,15569.0,4.975,422.0,5.28684,9.69324,5437.0,4.55,1.0
TOI 7007.01,1768.0,3.271,3124.0,15822.4,6.09992,8194.0,4.28,0.0
TOI 7008.01,2554.0,1.489,1783.0,1679.35,4.77919,5170.0,4.42,1.0
TOI 7009.01,2935.0,0.969,710.0,42.4124,4.047,4231.0,4.61,1.0
TOI 701.01,1061.94658,4.783848,800.1911623,96.8938034,4.211945,5837.0,4.37713,0.0
TOI 7010.01,10045.0,1.971,973.0,149.237,11.3523,5617.0,4.29,1.0
TOI 7011.01,10061.0,4.082,625.0,25.3617,10.5887,5493.0,4.35,1.0
TOI 7012.01,5109.0,3.18,1408.0,653.222,9.47332,6208.0,4.21,1.0
TOI 7013.01,5546.0,2.663,1074.0,221.068,7.66981,5358.0,4.37,1.0
TOI 7015.01,50423.0,0.515,208.0,0.313028,14.0241,3368.0,4.77,1.0
TOI 7016.01,14208.0,2.438,2880.0,11433.8,15.4905,9488.0,4.58,1.0
TOI 7017.01,7327.0,5.11,1712.0,1426.43,19.0027,6743.0,3.83,1.0
TOI 7018.01,39235.0,5.276,688.0,37.1984,17.8657,5725.0,4.53,1.0
TOI 7019.01,6743.0,6.299,534.0,13.5351,7.87933,5936.0,4.61,2.0
TOI 702.01,906.9993541,1.4556337,676.0386184,49.3636227,2.0483578,4015.0,4.61505,1.0
TOI 7020.01,2330.0,1.115,1156.0,296.494,10.4341,6975.0,4.01,1.0
TOI 7021.01,5687.0,8.483,638.0,27.5628,10.5617,6173.0,4.26,1.0
TOI 7022.01,11829.0,1.236,1118.0,259.61,16.0985,5537.0,4.27,1.0
TOI 7023.01,11265.0,2.522,1745.0,1539.65,13.0087,6686.0,4.34,1.0
TOI 7024.01,30553.0,1.467,818.0,74.4726,12.0421,3914.3,4.52,1.0
TOI 7025.01,5477.0,2.024,308.0,1.51166,11.7213,6078.0,4.14,1.0
TOI 7026.01,6381.0,4.167,275.0,0.95388,5.53264,4340.0,4.54,1.0
TOI 7027.01,4402.0,1.427,875.0,97.7022,11.61,5937.5,3.99,1.0
TOI 7028.01,2195.0,2.168,1281.0,448.314,4.09395,5340.0,4.48,1.0
TOI 7029.01,58745.0,1.201,647.0,29.2163,13.364,3516.0,4.7,1.0
TOI 703.01,724.6732153,2.9598885,833.8694004,114.2649808,2.28271,5384.0,4.54758,1.0
TOI 703.02,869.846616,4.9745502,606.2538727,31.9256027,2.479501,5384.0,4.54758,1.0
TOI 7030.01,423.0,1.339,935.0,127.195,1.60134,4679.0,4.54,1.0
TOI 7031.01,12254.9439752,1.3192751,834.843394,114.7997816,7.0726104,3718.0,4.62057,1.0
TOI 7032.01,1203.0,2.675,474.0,8.44389,2.44767,4526.0,4.57,1.0
TOI 7033.01,322.0,1.289,1936.0,2334.8,1.7324,5508.0,4.45,1.0
TOI 7035.01,7013.0,4.43,1638.0,1099.82,14.794,6293.8,4.04,1.0
TOI 7036.01,23465.9068147,1.4911246,747.3985328,73.7445561,11.1893597,3937.0,4.60668,1.0
TOI 7038.01,639.0,3.059,1114.0,256.415,3.12511,6920.0,4.31183,1.0
TOI 7039.01,667.0,4.732,1784.0,1683.48,3.01837,5768.0,4.21,1.0
TOI 704.01,457.7909152,1.3793952,577.9658451,26.3711883,1.1147163,3625.0,4.7833,2.0
TOI 7040.01,2640.3371988,4.4190398,605.7907661,31.8281648,5.1947988,5376.0,4.45068,1.0
TOI 7041.01,512.9617961,15.7960068,882.3689413,143.2589795,9.5295926,4696.0,4.438,2.0
TOI 7042.01,868.0,1.455,1185.0,327.873,3.22711,6320.6,4.4,0.0
TOI 7043.01,561.0,3.932,649.0,29.5344,1.69425,5228.2,4.56,1.0
TOI 7044.01,2229.0,3.514,709.0,42.1361,6.72555,5888.0,4.08,1.0
TOI 7045.01,1131.0,1.3,1280.0,445.957,4.16351,6320.0,4.31,1.0
TOI 7046.01,9902.0,2.534,1342.0,539.374,13.2168,6024.0,4.26,1.0
TOI 7047.01,1177.0,3.738,1140.0,280.922,2.56914,5294.0,4.58,1.0
TOI 7048.01,4671.0,2.213,1418.0,671.938,13.1374,5969.0,3.96876,1.0
TOI 7049.01,6555.0,2.345,203.0,0.283517,2.03391,3236.0,4.98108,1.0
TOI 705.01,1251.7456152,5.8659335,437.2987599,8.6423925,3.1012834,5249.18,4.68369,1.0
TOI 7050.01,2124.0,0.654,1608.0,1110.56,9.60116,9267.0,4.32,1.0
TOI 7051.01,4488.0,1.25,825.0,76.9918,7.84064,5999.0,4.38,0.0
TOI 7052.01,412.0,0.487,551.0,15.4038,1.71911,4269.0,4.65,1.0
TOI 7053.01,266.0,2.746,2502.0,6505.86,7.75857,9416.0,3.49,1.0
TOI 7054.01,16406.5561433,5.5790065,478.9882236,12.439999,7.3454534,4708.0,4.80336,1.0
TOI 7055.01,13426.2063185,3.409295,1452.6077207,1052.2389998,16.9082331,5585.0,4.11064,1.0
TOI 7056.01,14780.3009546,2.5766956,1681.7927473,1890.6489714,21.7455581,6343.0,4.13783,1.0
TOI 7057.01,17290.4349881,2.8147435,1118.889104,370.3984667,13.6239337,5080.0,4.33326,1.0
TOI 7058.01,11993.572763,3.5668145,1843.0045682,2726.6327607,17.0861139,6848.0,4.25,1.0
TOI 7059.01,7983.8270519,3.0802705,1561.6219471,1405.4798304,13.3934403,7587.0,4.39508,1.0
TOI 706.01,4851.4092337,5.4244096,245.1674374,0.8538315,16.6333557,5709.6,3.53,1.0
TOI 7060.01,507.0,3.458,1226.0,375.868,2.71286,6009.6,4.22,1.0
TOI 7060.02,1294.0,3.285,405.0,4.48172,4.45158,6009.6,4.22,1.0
TOI 7061.01,8819.0,1.879,1337.0,531.159,15.7532,5806.0,4.05,1.0
TOI 7062.01,1611.0,2.275,627.0,25.6571,3.1867,4942.0,4.58,1.0
TOI 7063.01,340.0,1.938,1045.0,197.985,1.41479,5263.0,4.56,1.0
TOI 7064.01,182.0,6.996,554.0,15.6504,2.1796,6298.0,4.02,1.0
TOI 7065.01,190.0,2.594,1630.0,1172.14,3.01006,6173.0,3.83,0.0
TOI 7066.01,18389.5092472,2.3705157,510.9593066,16.1089138,7.3853255,5025.0,4.88331,1.0
TOI 7067.01,21072.3970721,3.5894467,668.6491835,47.2404772,13.3280613,5462.0,4.49258,1.0
TOI 7068.01,4156.2818203,20.5949466,915.0643564,165.7019266,8.964682,6181.58,4.23853,1.0
TOI 7069.01,957.0,3.11,845.0,84.6734,2.35848,5443.0,4.56,1.0
TOI 707.01,541.2696023,6.11948,464.183367,10.9718358,2.3982714,5409.22,4.46229,1.0
TOI 707.02,163.268484,4.6911418,671.0482261,47.9221101,1.4862817,5409.22,4.46229,1.0
TOI 7070.01,308.0,3.316,1284.0,452.138,2.98505,5658.0,3.93,1.0
TOI 7071.01,169.0,6.74,3012.0,13680.1,2.57273,10409.0,4.15,1.0
TOI 7072.01,1245.0,0.909,2274.0,4440.4,6.54453,6019.0,4.02,1.0
TOI 7073.01,2592.0,7.607,1298.0,472.115,11.4366,6282.0,3.84,1.0
TOI 7074.01,6221.0,5.051,1630.0,1172.26,18.8371,6274.0,3.79,1.0
TOI 7076.01,4548.0,3.054,2222.0,4048.18,16.2878,6572.0,4.14,1.0
TOI 7078.01,2257.0,2.826,997.0,164.368,5.10457,5847.0,4.36,1.0
TOI 708.01,352.76672,5.910879,1552.397488,1372.564389,1.947951,6636.0,4.60452,0.0
TOI 7080.01,7413.0,6.446,765.0,57.1087,9.1862,6647.0,4.49,1.0
TOI 7081.01,26352.0,4.223,875.0,97.3693,16.8306,6305.0,4.48,1.0
TOI 7082.01,81734.0,1.118,585.0,19.5121,11.9013,3340.0,4.9,1.0
TOI 7083.01,2810.0,6.702,1320.0,504.852,9.43868,5408.0,3.73,1.0
TOI 7084.01,2502.0,4.087,600.0,21.5566,3.96837,5399.0,4.53,1.0
TOI 7086.01,7501.0,1.472,1662.0,1267.16,11.8411,5491.0,4.17,1.0
TOI 7087.01,3040.0,3.996,1064.0,213.482,9.39901,5797.0,3.95,1.0
TOI 709.02,7211.9264886,4.3877266,738.052393,70.1244992,1.3396102,50000.0,5.80276,1.0
TOI 7090.01,8480.0,3.983,496.0,10.102,16.0883,5918.0,4.13,1.0
TOI 7092.01,4361.0,1.538,2280.0,4488.98,16.2877,7469.0,3.87,1.0
TOI 7095.01,1731.0,8.627,2179.0,3744.12,13.7841,5759.0,3.29,1.0
TOI 7096.01,3685.0,4.633,2079.0,3106.23,11.4859,6940.0,3.93,1.0
TOI 7097.01,2503.0,2.954,1318.0,501.609,7.19145,6056.0,4.11,1.0
TOI 7098.01,9250.0,2.435,2576.0,7314.38,17.6176,7662.0,4.12,1.0
TOI 7099.01,3584.0,6.059,1969.0,2497.57,14.8697,6231.0,3.74,1.0
TOI 710.01,5045.1950681,1.0703729,1072.2837713,312.4351835,18.5681404,7053.0,4.22463,0.0
TOI 7100.01,12272.0,2.76,974.0,149.56,16.1132,6446.0,4.21,1.0
TOI 7102.01,4487.0,1.307,1996.0,2638.6,11.623,7433.0,4.22,1.0
TOI 7103.01,3018.0,2.477,885.0,101.96,4.36817,4845.0,4.52,1.0
TOI 7105.01,5295.0,4.555,758.0,55.0578,9.80945,5769.0,4.17,1.0
TOI 7106.01,8242.0,2.978,1669.0,1289.93,13.7026,6345.0,4.15,1.0
TOI 7107.01,6195.0,4.84,1365.0,577.62,12.146,6467.0,4.28,1.0
TOI 711.01,1010.0989222,3.4924479,458.1372754,10.4112654,2.1505216,4356.0,4.60471,1.0
TOI 711.02,1178.967443,2.7244261,366.384759,4.2586368,2.7375059,4356.0,4.60471,1.0
TOI 7110.01,5493.0,2.169,781.0,61.7662,13.1872,6052.0,3.96,1.0
TOI 7111.01,5286.0,2.056,887.0,102.801,11.2092,6354.0,4.28,1.0
TOI 7113.01,11113.0,3.856,1282.0,449.395,15.825,5691.0,4.05,1.0
TOI 7116.01,12167.0,4.108,641.0,28.1157,10.0797,5583.0,4.47,1.0
TOI 712.01,916.0,1.673,584.0,19.4095,2.24794,4504.0,4.58833,2.0
TOI 712.02,1339.0,4.371,357.0,2.70562,2.45531,4504.0,4.58833,2.0
TOI 712.04,1020.0,5.194,292.0,1.21501,2.03857,4504.0,4.58833,2.0
TOI 7120.01,2669.0,3.65,2136.0,3458.24,17.4128,7099.0,3.64,1.0
TOI 7121.01,2904.0,1.594,3504.0,25053.9,21.8604,7357.0,4.08,0.0
TOI 7123.01,124509.0,0.49,917.0,117.396,17.2274,3257.0,4.86,1.0
TOI 7124.01,19204.0,2.508,1367.0,580.045,13.6255,5753.0,4.4,1.0
TOI 7125.01,43934.0,2.924,298.0,1.32008,8.18265,3437.0,4.83,1.0
TOI 7126.01,4963.0,3.965,1722.0,1459.72,14.8596,6259.0,3.87,1.0
TOI 7127.01,3874.0,4.63,2045.0,2907.88,13.3562,6902.0,3.85,1.0
TOI 7129.01,4100.0,7.63,1351.0,553.234,11.5324,5672.0,3.81,1.0
TOI 713.01,1086.7362497,4.1814011,355.5983746,3.7788536,2.2253394,4316.7,4.60858,1.0
TOI 713.02,255.7891339,1.0213466,952.7810913,194.7571992,1.0618157,4316.7,4.60858,1.0
TOI 7130.01,2757.0,1.65,1923.0,2274.15,8.07577,6488.0,4.22,1.0
TOI 7132.01,9168.0,1.23,1565.0,997.016,21.4506,5298.0,4.34,1.0
TOI 7133.01,4275.0,3.891,1663.0,1269.85,11.9804,6455.0,3.93,1.0
TOI 7135.01,10466.0,1.537,581.0,18.9483,12.568,5925.9,4.32,1.0
TOI 7137.01,14080.0,1.083,1232.0,382.546,19.179,4220.0,4.51,0.0
TOI 7138.01,4028.0,1.24,983.0,155.146,16.1825,7979.0,3.84,1.0
TOI 7139.01,6113.0,1.209,1037.0,192.359,11.9861,7162.0,4.3,1.0
TOI 714.01,977.2224915,1.5783127,563.1748972,23.7735564,1.5008877,3782.0,4.438,1.0
TOI 714.02,943.2876093,2.0401655,423.3717664,7.5929156,1.5705443,3782.0,4.438,1.0
TOI 7140.01,3524.0,5.979,1847.0,1933.52,14.8534,6617.0,3.66,1.0
TOI 7141.01,10760.0,1.329,649.0,29.5308,5.83132,3438.0,4.64,1.0
TOI 7142.01,26297.0,3.114,887.0,102.868,16.0666,5295.0,4.34,1.0
TOI 7143.01,1217.0,1.02,1204.0,349.377,2.77467,4244.0,4.52,1.0
TOI 7144.01,2503.0,1.087,2147.0,3529.75,6.67772,5739.6,4.2,1.0
TOI 7145.01,12754.0,2.031,479.0,8.76779,13.9025,5839.1,4.45,1.0
TOI 7146.01,4267.0,5.958,684.0,36.4134,9.21955,5888.0,4.09,1.0
TOI 7147.01,11164.0,0.444,590.0,20.22,9.67861,3576.0,4.6158,1.0
TOI 7148.01,2215.0,1.534,1413.0,663.13,3.99294,5031.1,4.48,1.0
TOI 7149.01,126188.0,1.53,555.0,15.7673,11.2606,3247.0,4.88,2.0
TOI 715.01,4773.5508832,2.1841643,235.0427129,0.7212871,1.7145308,3075.0,4.438,2.0
TOI 7150.01,2067.0,1.558,2256.0,4304.47,9.47171,6571.0,3.91,1.0
TOI 7151.01,1157.0,3.913,1255.0,412.052,3.63858,6252.0,4.4,1.0
TOI 7153.01,2176.0,4.509,569.0,17.4356,3.92928,5469.0,4.51,1.0
TOI 7154.01,10563.0,2.493,722.0,45.247,9.20623,5481.0,4.45,1.0
TOI 7155.01,1071.0,2.171,914.0,116.253,2.15693,4718.0,4.66,1.0
TOI 7156.01,26801.0,0.37,366.0,2.99687,11.758,3554.0,4.78,1.0
TOI 7157.01,1853.0,1.233,2453.0,6017.49,9.29553,8996.0,4.14,1.0
TOI 7158.01,3620.0,3.519,1965.0,2475.81,11.9188,7482.0,4.02,1.0
TOI 716.01,2745.5,2.497,1998.0,2645.93,2.98849,3776.0,4.72,0.0
TOI 7161.01,2531.0,5.248,2121.0,3360.36,12.7621,7075.0,3.74,1.0
TOI 7162.01,22505.0,2.325,444.0,6.46156,8.17498,3468.0,4.68,1.0
TOI 7163.01,4086.0,1.995,832.0,79.5918,4.28654,5179.0,4.68,1.0
TOI 7164.01,1432.0,4.735,192.0,0.22955,3.13923,5659.0,4.57,0.0
TOI 7165.01,7218.2612358,3.2261161,1493.2819769,1175.136445,12.8297161,5757.0,4.09896,1.0
TOI 7166.01,8723.2564459,1.5980207,264.5773396,1.1580614,2.1004549,3166.0,5.02476,1.0
TOI 7167.01,3129.0813648,2.3593878,937.0740086,182.2286132,7.707781,6374.4,4.28178,1.0
TOI 7168.01,29973.7051609,1.8691036,1265.305351,605.7624942,15.5589079,5087.0,4.50322,1.0
TOI 7169.01,10435.0708429,3.9255437,1454.0652473,1056.4685689,15.0290201,5874.0,4.15198,1.0
TOI 7170.01,4017.0792074,1.0402081,747.7884464,73.898565,3.5741192,3653.0,4.71723,1.0
TOI 7171.01,443.0,5.715,989.0,158.942,3.3862,7487.0,4.22,1.0
TOI 7172.01,1434.2026954,2.2653165,1235.7366017,551.092681,3.7424744,5531.0,4.44591,1.0
TOI 7173.01,13403.1636987,0.8361985,1155.1130109,420.7449426,9.1590642,3718.0,4.6571,0.0
TOI 7174.01,4728.4740947,2.8605497,1630.9939837,1672.3625665,14.4051573,6223.0,3.94893,1.0
TOI 7175.01,2479.3671334,3.621007,2594.393374,10706.9138368,15.498003,7465.0,3.71,1.0
TOI 7176.01,15884.0,4.281,495.0,10.0394,10.7825,4122.8,4.4,1.0
TOI 7177.01,767.0,3.179,1183.0,325.891,2.93142,6060.0,4.38,1.0
TOI 7178.01,334.0,2.299,1037.0,192.44,2.0097,5966.0,4.39,1.0
TOI 7180.01,574.0,3.152,1556.0,973.545,3.18123,5975.0,4.19,1.0
TOI 7181.01,796.0,4.628,1469.0,773.896,5.8283,5946.0,3.78,1.0
TOI 7182.01,305.0,3.56,818.0,74.4061,2.08605,6156.0,4.25,1.0
TOI 7184.01,303.0,1.257,1535.0,922.814,1.53572,5598.9,4.52,1.0
TOI 7185.01,22717.9494983,0.9223764,463.3111771,10.8896046,3.537073,3244.0,5.01029,1.0
TOI 7186.01,8210.0,2.913,1970.0,2502.63,16.0263,6026.0,3.88,1.0
TOI 7189.01,36105.0,2.232,867.0,94.1363,12.4627,3643.0,4.66,1.0
TOI 719.01,434.0,4.641,1601.0,1091.8,1.81345,5653.0,4.46,0.0
TOI 7191.01,3523.0,4.651,1340.0,536.569,8.32101,5711.0,4.04,1.0
TOI 7192.01,748.0,3.985,1325.0,512.943,3.45358,5946.0,4.52,1.0
TOI 7193.01,18470.0,3.658,1192.0,335.209,17.1065,6028.0,4.29,0.0
TOI 7194.01,7537.0,4.056,1625.0,1160.33,12.5792,6552.0,4.17,1.0
TOI 7195.01,20057.0,2.337,1010.0,173.28,13.0807,5211.0,4.39,1.0
TOI 7196.01,27117.0,1.415,755.0,54.1418,12.343,4412.0,4.55,1.0
TOI 7197.01,11307.0,2.23,1484.0,806.804,15.8933,6156.0,4.14,1.0
TOI 7198.01,15027.0,3.25,1270.0,433.056,13.559,5913.0,4.31,1.0
TOI 7199.01,23864.0,1.662,803.0,69.3081,11.8788,4521.0,4.55,1.0
TOI 720.01,203.33,1.922,1388.0,616.95,2.38866,6482.3,4.21,0.0
TOI 7200.01,18438.0,2.042,827.0,77.8993,12.5338,5269.0,4.4,1.0
TOI 7202.01,16068.0,1.477,640.0,27.9358,16.1727,5940.0,4.27,1.0
TOI 7203.01,18384.0,2.927,900.0,108.999,9.87741,5042.0,4.59,1.0
TOI 7204.01,8079.0,2.916,1382.0,606.114,11.3715,6343.0,4.26,1.0
TOI 7205.01,11801.0,2.963,1362.0,572.114,11.7346,5917.0,4.38,1.0
TOI 7206.01,3138.0,0.9,823.0,76.3043,7.89993,6326.0,4.28,1.0
TOI 7208.01,8385.0,3.385,1441.0,717.115,12.4438,5978.0,4.16,1.0
TOI 7209.01,3792.0,4.765,2563.0,7168.32,13.5381,7495.0,3.92,1.0
TOI 721.01,315.0,4.445,935.0,127.181,2.09232,6008.62,4.21807,1.0
TOI 7211.01,7496.0,2.901,717.0,44.0719,7.83737,5421.0,4.48,1.0
TOI 7212.01,6920.0,6.261,390.0,3.85902,6.79508,5422.0,4.49,1.0
TOI 7213.01,5950.0,3.771,558.0,16.1862,8.83849,6110.1,4.38,1.0
TOI 7214.01,9278.0,4.595,1148.0,289.201,13.9451,6375.0,4.11,1.0
TOI 7216.01,6498.0,3.93,1579.0,1034.01,12.9639,5477.0,3.95,1.0
TOI 7217.01,6488.0,3.729,1357.0,563.839,13.1539,5566.0,3.96,1.0
TOI 7218.01,4872.0,3.098,1143.0,284.216,11.3707,5663.0,4.01,1.0
TOI 7219.01,12330.0,1.568,1144.0,285.031,13.8539,5744.0,4.28,1.0
TOI 722.01,1265.2897827,3.1952319,518.5040418,17.0816408,2.3968761,4082.0,4.63162,1.0
TOI 7220.01,4532.0,2.271,986.0,157.252,16.9425,6167.0,3.82,0.0
TOI 7222.01,2193.0,4.736,1576.0,1024.95,10.1814,6018.0,3.66,1.0
TOI 7223.01,4170.0,3.152,1245.0,399.203,13.2522,6250.7,3.88,1.0
TOI 7224.01,4318.0,3.807,1589.0,1060.74,8.79181,6500.0,4.22,1.0
TOI 7225.01,3751.0,4.218,1071.0,218.681,8.3598,6319.0,4.13,1.0
TOI 7227.01,10088.0,2.092,1546.0,949.236,10.8435,6613.0,4.49,1.0
TOI 7228.01,10392.0,2.758,1883.0,2087.79,13.5533,7696.0,4.38,1.0
TOI 723.01,204.0,1.452,1284.0,452.395,1.10894,4907.96,4.57809,1.0
TOI 7230.01,19405.0,2.64,925.0,121.87,12.2161,4856.0,4.42,1.0
TOI 7231.01,13656.0,2.254,721.0,45.0942,16.7803,5617.0,4.14,1.0
TOI 7232.01,63580.0,1.052,472.0,8.30847,20.0829,3300.0,4.77,1.0
TOI 7234.01,7438.0,3.766,1610.0,1117.08,11.984,6095.0,4.09,1.0
TOI 7236.01,11063.0,3.09,1225.0,374.784,11.742,5990.0,4.3,1.0
TOI 7238.01,19093.0,2.281,913.0,115.741,12.1575,4913.0,4.43,1.0
TOI 7239.01,6518.0,3.298,937.0,127.979,11.5455,6891.0,4.28,1.0
TOI 724.01,510.1236296,0.6006982,1085.2180486,327.7849685,2.0575829,5330.0,4.51,1.0
TOI 7240.01,4518.0,4.811,1420.0,675.78,9.10101,6628.0,4.22,1.0
TOI 7242.01,13226.0,3.088,1519.0,883.823,17.0131,6059.0,4.12,1.0
TOI 7243.01,14256.0,2.892,1253.0,410.022,13.2011,5816.0,4.32,1.0
TOI 7244.01,12852.0,4.259,1099.0,242.58,12.9592,6259.0,4.32,0.0
TOI 7245.01,1655.0,2.189,1949.0,2396.94,5.76677,6599.0,4.26,1.0
TOI 7247.01,11342.0,4.407,1123.0,264.312,14.876,5657.0,4.18,0.0
TOI 7248.01,8744.0,1.404,978.0,152.211,12.6261,6425.6,4.27,1.0
TOI 7249.01,29537.0,1.637,422.0,5.28643,6.86956,3374.0,4.82,1.0
TOI 7250.01,7094.0,1.893,707.0,41.5232,9.63776,5977.0,4.36,1.0
TOI 7251.01,4691.0,2.368,581.0,19.016,5.14186,5029.0,4.56,1.0
TOI 7252.01,4092.0,1.988,1762.0,1601.42,5.86248,5868.0,4.53,1.0
TOI 7253.01,2519.0,2.487,935.0,127.083,5.12394,5386.0,4.41,1.0
TOI 7254.01,3683.0,1.171,782.0,62.3468,10.9525,6271.0,3.97,1.0
TOI 7255.01,2192.0,1.382,1469.0,774.318,10.0219,6264.0,3.92,1.0
TOI 7257.01,573.0,1.54,2006.0,2691.99,3.76017,6222.0,4.2,1.0
TOI 7258.01,13808.0,2.066,865.0,93.3127,12.6929,5448.0,4.34,1.0
TOI 7259.01,4396.0,5.575,883.0,101.082,8.17474,5975.0,4.21,1.0
TOI 726.01,220.0,1.32,2983.0,13156.0,1.89253,6629.0,4.41,0.0
TOI 7260.01,6379.0,1.72,728.0,46.6475,10.415,5410.1,4.27,1.0
TOI 7261.01,11266.0,1.74,1288.0,457.84,13.0392,5957.0,4.24,1.0
TOI 7262.01,11126.0,3.114,1014.0,175.697,9.96563,5792.0,4.49,1.0
TOI 7263.01,3135.0,4.537,519.0,12.1274,7.69521,6657.0,4.21,1.0
TOI 7264.01,9607.0,2.227,641.0,28.1932,10.598,5533.0,4.36,1.0
TOI 7265.01,46257.0,1.684,508.0,11.1296,10.1574,3392.0,4.75,1.0
TOI 7267.01,5059.0,5.78,1105.0,248.334,8.85088,5748.0,4.18,1.0
TOI 7269.01,2171.0,2.665,496.0,10.0605,2.94972,4004.0,4.6,1.0
TOI 727.01,1480.0,0.999,441.0,6.29202,1.97562,3653.0,4.74,1.0
TOI 727.02,441.8866633,1.0576059,1005.0705332,241.1610487,1.0797147,3653.0,4.74,1.0
TOI 7270.01,4742.0,2.763,912.0,114.929,12.1831,6348.0,4.04,1.0
TOI 7271.01,4490.0,3.081,1006.0,170.387,12.869,6014.0,3.91,1.0
TOI 7272.01,3799.0,5.019,1237.0,389.626,11.334,5860.0,3.8,1.0
TOI 7274.01,70444.0,1.142,270.0,0.888904,8.82119,3267.0,4.91,1.0
TOI 7276.01,912.0,8.372,1186.0,328.667,8.27506,5914.0,3.46,1.0
TOI 7277.01,13798.0,4.614,1082.0,227.626,12.1673,5638.0,4.38,1.0
TOI 7278.01,30467.0,3.452,910.0,114.247,15.8297,5655.0,4.48,1.0
TOI 7279.01,31842.0,1.742,677.0,35.047,10.6888,3734.0,4.64,1.0
TOI 7281.01,17371.0,0.224,191.0,0.22435,6.9571,3195.0,4.97,1.0
TOI 7282.01,11290.0,3.181,1056.0,207.179,11.1383,5509.3,4.37,1.0
TOI 7283.01,1732.0,6.985,1358.0,565.894,5.2778,5876.0,4.09,1.0
TOI 7285.01,1240.0,1.111,1292.0,463.718,5.69421,6708.0,4.29,1.0
TOI 7286.01,9221.0,4.858,924.0,121.012,8.75386,5548.0,4.44,1.0
TOI 7288.01,1897.0,2.382,614.0,23.6315,2.82685,4254.0,4.6,1.0
TOI 7289.01,9706.0,2.734,1443.0,721.319,13.1033,5780.4,4.15,1.0
TOI 729.01,1351.8684487,2.9940024,404.3434586,6.3171718,4.6946202,6023.2,4.05,1.0
TOI 7290.01,9271.0,3.671,1788.0,1698.56,18.6742,6446.0,3.97,1.0
TOI 7291.01,2387.0,1.645,355.0,2.63928,4.14138,5238.0,4.5,1.0
TOI 7292.01,10160.0,3.708,873.0,96.5342,11.6462,5945.0,4.34,1.0
TOI 7293.01,7240.0,3.766,1719.0,1451.25,12.3769,6443.0,4.11,1.0
TOI 7294.01,5940.0,2.097,2401.0,5519.73,16.7831,5972.0,4.26,1.0
TOI 7296.01,12411.0,4.173,264.0,0.817488,11.6916,5621.0,4.46,1.0
TOI 7298.01,935.0,2.109,872.0,96.3543,2.63423,5298.0,4.53,1.0
TOI 7299.01,10021.0,1.104,863.0,92.4998,9.63983,5289.0,4.44,1.0
TOI 730.01,40411.8142459,2.2386246,798.0423026,95.8571812,13.9011294,4105.0,4.438,2.0
TOI 7300.01,7794.0,0.645,1697.0,1377.01,12.6159,5225.0,4.74,1.0
TOI 7302.01,8230.0,1.182,643.0,28.4997,13.5081,6496.0,4.24,0.0
TOI 7303.01,5916.0,1.405,994.0,162.173,6.32061,4439.0,4.52,1.0
TOI 7305.01,14290.0,4.503,798.0,67.5689,9.70261,5382.0,4.54,1.0
TOI 7307.01,6259.0,6.011,1028.0,186.029,11.1033,6609.0,4.21,1.0
TOI 7308.01,7616.0,4.459,2648.0,8170.39,13.9231,6971.0,4.28,1.0
TOI 7309.01,14454.0,2.036,541.0,14.2212,5.98246,3462.0,4.78823,1.0
TOI 731.01,204.0,0.199,1296.0,469.443,2.66076,3518.0,4.82492,2.0
TOI 7310.01,9500.0,2.87,535.0,13.6331,11.5163,5601.0,4.3,1.0
TOI 7311.01,7123.0,1.49,1445.0,724.353,16.0284,5730.0,3.96,1.0
TOI 7312.01,6567.0,3.805,1423.0,681.415,10.9362,6013.0,4.11,1.0
TOI 7313.01,3571.0,5.025,1686.0,1341.62,10.4153,5998.0,3.91,1.0
TOI 7315.01,3376.0,1.66,919.0,118.572,18.1732,5902.0,3.96,1.0
TOI 7316.01,8713.0,0.327,675.0,34.5062,15.8733,3455.0,4.58,1.0
TOI 7317.01,4680.0,1.241,1461.0,756.509,13.3902,7713.0,4.27,1.0
TOI 7318.01,16151.0,2.448,1185.0,328.367,12.6182,5731.0,4.43,1.0
TOI 7319.01,6221.0,3.933,1843.0,1918.08,15.5459,5891.0,3.83,1.0
TOI 732.01,903.9933214,1.0241242,830.8904817,112.6409067,1.1406447,3329.0,4.94957,2.0
TOI 732.02,3729.6347091,1.369949,330.1048127,2.8062634,2.2967944,3329.0,4.94957,2.0
TOI 7320.01,5941.0,4.664,1252.0,408.603,11.1977,5801.0,4.04,1.0
TOI 7321.01,6490.0,3.621,1581.0,1038.15,11.6408,5623.0,4.04,1.0
TOI 7322.01,4176.0,3.91,1486.0,809.801,11.0664,6814.0,4.08,1.0
TOI 7324.01,1028.0,0.864,1597.0,1079.87,2.60517,4649.0,4.59,1.0
TOI 7326.01,2807.0,4.164,1431.0,698.046,10.0716,6309.0,3.83,1.0
TOI 7327.01,13539.0,4.451,1365.0,577.413,14.979,5826.0,4.14,1.0
TOI 7329.01,3480.0,6.011,1735.0,1506.82,12.335,6142.0,3.78,1.0
TOI 733.01,478.0,2.51,1076.0,223.094,1.94753,5969.0,4.5172,2.0
TOI 7330.01,4694.0,1.453,1231.0,381.338,13.1053,5801.0,3.94,1.0
TOI 7331.01,23249.0,1.99,751.0,52.8207,14.9116,5265.0,4.37,1.0
TOI 7333.01,780.0,2.508,755.0,53.9635,1.87011,4568.0,4.65,1.0
TOI 7335.01,9454.0,3.38,1640.0,1203.68,16.622,6662.0,4.09,0.0
TOI 7336.01,120.0,0.776,1585.0,1049.31,0.923696,4954.0,4.58,1.0
TOI 7337.01,1109.0,5.145,2123.0,3376.67,8.15264,6846.0,3.74,1.0
TOI 7338.01,612.0,3.475,2555.0,7078.45,3.52009,5199.0,4.61,1.0
TOI 7339.01,4730.0,4.263,1576.0,1024.21,14.5276,6232.3,3.88,1.0
TOI 734.01,225793.1060958,1.0905965,324.1326821,2.6086289,12.1863496,3010.0,5.10976,0.0
TOI 7340.01,2097.1814085,1.826338,790.9332918,92.4869433,3.9858614,5143.31,4.49913,1.0
TOI 7340.02,1276.0,2.325,1087.0,232.564,3.03858,5143.31,4.49913,1.0
TOI 7341.01,545.0,0.377,2624.0,7880.96,9.14745,6927.0,4.36,1.0
TOI 7342.01,8715.0,4.443,882.0,100.737,8.02091,5063.0,4.51,1.0
TOI 7343.01,11915.0,1.267,1144.0,284.936,12.4184,5959.8,4.4,1.0
TOI 7344.01,5295.0,0.978,1093.0,237.728,11.3842,6844.0,4.3,1.0
TOI 7345.01,1490.0,1.272,620.0,24.6329,5.06899,6126.0,4.25,0.0
TOI 7347.01,42343.0,6.109,323.0,1.82253,11.4643,3736.0,4.73,1.0
TOI 7348.01,3534.0,0.433,536.0,13.7384,8.75979,4436.0,4.53,1.0
TOI 735.01,526.784827,3.054429,367.7863249,4.3241755,2.980736,5316.6,3.88,0.0
TOI 7350.01,1682.0,2.462,2023.0,2781.41,7.18798,7406.0,4.1,0.0
TOI 7351.01,8163.0,1.438,947.0,133.741,14.6684,6123.9,4.2,1.0
TOI 7352.01,6676.0,3.721,1364.0,574.869,10.981,5689.0,4.1,0.0
TOI 7353.01,4008.0,3.295,1113.0,255.39,10.0556,6015.2,4.05,1.0
TOI 7355.01,3225.0,5.084,1778.0,1660.91,13.5757,5956.0,3.65,1.0
TOI 7356.01,2584.0,3.485,648.0,29.3479,3.8996,5589.0,4.62,1.0
TOI 7357.01,2598.0,6.682,734.0,48.3031,6.66479,5658.0,4.38,1.0
TOI 7358.01,2068.0,2.44,864.0,92.7257,6.61399,5628.6,4.09,1.0
TOI 7359.01,5746.0,4.791,1698.0,1380.02,13.4874,5748.0,3.95,1.0
TOI 736.01,18931.4105812,1.3819654,312.0570889,2.2410792,2.9858436,2940.0,5.14315,2.0
TOI 736.02,4200.52889,0.564663,542.829237,20.5198379,1.1926392,2940.0,5.14315,2.0
TOI 7360.01,6436.0,5.473,840.0,82.7386,18.2875,5607.0,4.24,1.0
TOI 7361.01,1177.0,3.659,1014.0,176.171,3.37171,5820.0,4.44,1.0
TOI 7363.01,5562.0,4.832,1250.0,405.644,7.63465,5916.7,4.43,1.0
TOI 7364.01,6858.0,1.448,1238.0,391.193,10.8746,5688.0,4.26,1.0
TOI 7365.01,14119.0,3.211,1480.0,798.53,14.5588,5964.0,4.28,1.0
TOI 7366.01,7099.0,1.209,585.0,19.4458,6.20384,4049.0,4.55,1.0
TOI 7367.01,19021.0,2.431,1364.0,575.825,13.0485,6168.0,4.57,1.0
TOI 7368.01,3860.0,4.713,666.0,32.7484,8.91632,6294.0,4.22,1.0
TOI 7369.01,8079.0,2.967,779.0,61.3136,9.85033,5853.0,4.4,1.0
TOI 737.01,36359.4301748,1.6919639,778.1172307,86.6365464,12.0299493,3394.0,4.9186,2.0
TOI 7370.01,4804.0,3.42,796.0,66.8363,9.05348,5854.4,4.21,1.0
TOI 7371.01,10263.0,3.243,498.0,10.2465,7.90384,4801.0,4.52,1.0
TOI 7372.01,10649.0,2.716,875.0,97.536,13.4917,6236.6,4.26,1.0
TOI 7373.01,16900.0,2.454,837.0,81.7977,13.0053,5649.1,4.47,0.0
TOI 7374.01,8080.0,4.125,992.0,160.798,16.1351,5797.0,4.37,1.0
TOI 7375.01,4620.0,5.476,672.0,33.8579,5.40151,5859.0,4.52,1.0
TOI 7376.01,9456.0,2.425,928.0,123.231,11.6489,5658.0,4.34,1.0
TOI 7377.01,5189.0,2.36,782.0,62.2808,7.81582,5080.0,4.27,1.0
TOI 7378.01,1018.0,2.055,562.0,16.5736,2.13402,4024.0,4.61,1.0
TOI 7379.01,18917.0,1.559,564.0,16.8854,21.5876,4915.3,4.34,1.0
TOI 738.01,8647.4527322,2.5441317,1088.5486481,331.8274983,8.8966421,5324.0,4.43563,1.0
TOI 7380.01,10509.3289627,3.411058,1567.7720228,1427.7515561,18.2343114,6627.0,4.12522,1.0
TOI 7381.01,14923.6407951,3.4977253,1486.5025957,1153.9412259,15.6677026,6463.47,4.35821,1.0
TOI 7382.01,304.1228723,1.5186096,1560.1259032,1400.1017301,1.6018171,5075.0,4.43767,1.0
TOI 7383.01,15853.2048135,2.2564388,1159.0667061,426.5350511,12.6558112,5370.0,4.43994,1.0
TOI 7384.01,13899.3555966,1.5179746,378.3361173,4.8420828,3.9286675,3211.0,4.91063,1.0
TOI 7385.01,24617.3354776,2.0922004,945.2243136,188.65162,11.4433015,5036.0,4.6554,1.0
TOI 7386.01,6642.539062,6.3533818,1453.5532398,1054.9813337,15.9733684,6226.0,3.94871,1.0
TOI 7387.01,6003.3964722,2.9738059,1059.6385441,297.9559009,12.2780704,5999.0,4.18213,1.0
TOI 7389.01,130.0,6.144,1093.0,237.78,1.2912,5895.0,4.33659,1.0
TOI 739.01,4800.0853698,1.6002059,944.6322163,188.1793714,12.2284921,6083.61,4.3203,1.0
TOI 7390.01,924.1311645,4.8546107,228.515378,0.6444404,1.643195,3861.0,4.70582,1.0
TOI 7391.01,1257.5647375,1.9719278,433.383473,8.3370112,1.5612416,3578.0,4.8114,1.0
TOI 7392.01,180.4217296,3.2531651,852.5614028,124.8600979,1.3350551,5382.0,4.47248,1.0
TOI 7393.01,31534.6212557,1.4698923,739.8172112,70.7976307,13.8579058,3846.77,4.52283,1.0
TOI 7394.01,31852.8076269,1.2067305,917.7164642,167.6312929,11.6123427,3722.0,4.65666,1.0
TOI 7395.01,11477.528288,9.1490581,162.2006503,0.1635804,11.5595833,5968.88,4.42517,1.0
TOI 7396.01,4164.2633575,2.8916037,679.1312483,50.2731221,6.3961703,5359.0,4.44804,1.0
TOI 7397.01,367.923381,5.5665696,659.814664,44.7928664,2.0546727,6339.0,4.49485,1.0
TOI 7398.01,5122.0262322,2.2458943,1324.3547704,727.0066153,7.2660515,5780.0,4.438,1.0
TOI 7399.01,374.6741409,14.4476548,296.3873043,1.8237252,4.4092605,6582.0,3.89425,1.0
TOI 740.01,479.0,3.006,2167.0,3661.38,1.98371,5776.0,4.40631,1.0
TOI 7400.01,27211.0,1.166,750.0,52.7898,11.0874,3835.0,4.61,1.0
TOI 7401.01,4899.0,3.557,1411.0,658.826,13.8846,6139.3,3.87,1.0
TOI 7402.01,1678.0,4.424,1000.0,166.31,4.01769,6070.0,4.39,1.0
TOI 7403.01,18151.0,2.991,720.0,44.8165,14.1869,5456.2,4.38,1.0
TOI 7404.01,3135.0,3.42,2517.0,6669.25,11.5534,6456.6,3.85,1.0
TOI 7405.01,31272.0,1.785,297.0,1.30676,9.61675,3635.0,4.68,1.0
TOI 7406.01,6060.0,2.662,1528.0,905.611,11.9765,6207.0,4.11,1.0
TOI 7407.01,9715.0,1.764,1137.0,278.086,18.4255,5672.6,4.49,1.0
TOI 7408.01,4500.0,2.189,740.0,49.9979,10.0363,5531.0,4.07,1.0
TOI 7409.01,6267.0,1.828,1288.0,457.835,13.7764,6164.0,4.05,1.0
TOI 741.01,289.0,2.073,629.0,26.1371,0.867887,3766.0,4.75957,2.0
TOI 7410.01,1877.0,0.536,615.0,23.8843,5.28288,6000.0,4.41,1.0
TOI 7411.01,6608.0,2.97,1438.0,710.749,11.3807,5808.3,4.11,1.0
TOI 7412.01,2047.0,1.346,1392.0,624.378,5.7502,6201.0,4.33,1.0
TOI 7413.01,20290.0,1.507,514.0,11.636,4.54584,3326.0,4.91,1.0
TOI 7414.01,8727.0,1.721,634.0,26.868,11.0515,5461.1,4.28,1.0
TOI 7415.01,14983.0,0.492,1694.0,1369.85,2.5995,3314.0,4.94,0.0
TOI 7416.01,4894.0,0.407,1646.0,1219.13,7.35109,5223.8,4.6,1.0
TOI 7417.01,5224.0,2.102,1346.0,545.644,18.1791,6159.0,3.75,0.0
TOI 7418.01,23765.0,3.446,1008.0,171.945,15.348,5896.0,4.51,1.0
TOI 7419.01,2957.0,1.862,1942.0,2361.29,8.96319,6461.0,4.09,1.0
TOI 742.01,244.261214,2.378514,3166.006188,23744.773941,2.727644,8688.0,4.32187,0.0
TOI 7421.01,1107.0,0.31,1793.0,1715.88,5.03606,5086.7,4.59,1.0
TOI 7422.01,4811.0,5.044,1724.0,1466.55,15.4019,5547.0,3.69,1.0
TOI 7423.01,466.0,2.528,1445.0,724.197,2.56976,5949.0,4.27,1.0
TOI 7424.01,4435.0,2.492,1255.0,412.075,6.0926,5414.0,4.49,1.0
TOI 7425.01,13655.0,2.23,2043.0,2895.35,18.9642,6327.0,4.12,1.0
TOI 7426.01,3529.0,0.927,1688.0,1349.72,8.27135,5978.7,4.3,1.0
TOI 7427.01,4544.0,1.013,722.0,45.1515,14.1926,5366.0,3.98,1.0
TOI 7428.01,1939.0,2.128,1841.0,1907.06,4.88984,5525.0,4.65,1.0
TOI 7429.01,3703.0,2.216,1077.0,223.364,10.4295,6134.0,4.06,1.0
TOI 743.01,15402.4299594,1.5708912,1125.0679205,378.6482626,10.9560053,5156.0,4.46838,1.0
TOI 7430.01,1244.0,3.609,501.0,10.4619,2.38489,4734.0,4.61,1.0
TOI 7431.01,2692.0,1.404,1636.0,1190.99,9.57462,5858.0,3.92,1.0
TOI 7432.01,3270.0,5.12,1373.0,590.734,12.8728,6301.0,3.77,1.0
TOI 7433.01,11040.0,3.057,2182.0,3764.08,18.2536,6725.0,4.09,1.0
TOI 7434.01,1617.0,1.829,1894.0,2140.15,7.64515,8409.0,4.19,1.0
TOI 7435.01,2890.0,4.503,1399.0,636.265,10.7143,5565.5,3.83,1.0
TOI 7436.01,1882.0,2.202,1249.0,405.221,13.9054,6525.0,3.54,1.0
TOI 7437.01,50028.0,0.927,493.0,9.86195,13.0131,3163.0,4.88,1.0
TOI 7438.01,11926.0,2.394,2130.0,3420.01,18.1986,5972.0,4.03,1.0
TOI 7439.01,4463.0,1.84,1677.0,1314.84,15.6622,6309.0,4.23,1.0
TOI 744.01,11283.0,1.822,1084.0,229.962,13.3926,5700.0,4.50578,1.0
TOI 7440.01,22876.0,4.571,402.0,4.373,9.39807,4517.4,4.66,1.0
TOI 7441.01,16302.0,1.735,1349.0,550.693,14.0205,6229.6,4.45,1.0
TOI 7442.01,7574.0,2.938,1775.0,1650.59,14.7769,6639.0,4.08,1.0
TOI 7443.01,12816.0,2.548,1309.0,487.593,11.9193,5528.0,4.32,1.0
TOI 7444.01,4046.0,1.87,902.0,110.217,18.5216,6294.0,3.66,1.0
TOI 7446.01,19700.0,2.087,1014.0,175.819,13.2582,5367.0,4.43,1.0
TOI 7447.01,3134.0,1.894,2090.0,3173.31,9.50525,7284.0,4.12449,1.0
TOI 7448.01,9760.0,4.594,1404.0,645.664,16.1953,5959.0,4.01,1.0
TOI 7449.01,9844.0,3.48,709.0,42.159,12.0782,5424.0,4.21,1.0
TOI 7450.01,29672.0,0.428,626.0,25.574,14.3187,3583.0,4.67,1.0
TOI 7452.01,3620.0,2.079,1345.0,544.577,10.8517,6336.0,4.01,1.0
TOI 7453.01,7773.0,4.407,1131.0,271.776,11.7897,6240.0,4.27,1.0
TOI 7454.01,6260.0,3.857,2259.0,4328.27,17.95,6227.0,3.82,1.0
TOI 7455.01,9621.0,3.137,668.0,33.0714,11.0102,5443.0,4.28,1.0
TOI 7456.01,2130.9227361,12.3268905,429.6599372,8.0541636,4.6097545,5328.63,4.438,1.0
TOI 7457.01,3501.1631364,6.5660399,1507.3289471,1219.9812607,14.6161809,6014.0,3.73585,1.0
TOI 7458.01,684.9090611,3.2716962,694.4590216,54.9676915,2.5121124,5740.0,4.49186,1.0
TOI 7459.01,845.1516817,3.0794773,675.3728831,49.1694646,2.4319861,4986.0,4.60896,1.0
TOI 746.01,8276.212333,2.0361453,780.8818766,87.8744006,10.1826375,5614.9,4.47,1.0
TOI 7460.01,2065.7501545,6.4735866,762.1755075,79.7518849,11.8806083,5801.93,3.7459,1.0
TOI 7461.01,737.904182,2.7022064,898.9995769,154.3685949,2.964673,5219.54,4.43789,1.0
TOI 7462.01,4496.6998934,1.4746043,1235.0028186,549.7848863,7.9624318,5401.6,4.438,1.0
TOI 7463.01,1943.3492565,2.8167212,1077.2083645,318.2144302,4.4785238,5940.12,4.51943,1.0
TOI 7464.01,45278.8810079,3.8624508,332.6721503,2.8945882,11.1402796,3560.0,4.71968,1.0
TOI 7465.01,4394.5809009,3.834919,999.8461509,236.1857644,7.8208033,5278.0,4.25174,1.0
TOI 7466.01,804.4319022,3.033501,1293.9359912,465.348816,2.0757294,5343.0,4.61539,1.0
TOI 7468.01,2116.7296698,3.0241239,609.3316493,32.5788648,3.1705392,4550.0,4.60155,1.0
TOI 7469.01,13809.758268,2.1273101,1057.3043544,295.3391938,11.4376308,5036.0,4.37983,1.0
TOI 747.01,8131.4342611,3.0314666,2049.5394247,4170.0965361,14.8695962,6271.0,4.08214,1.0
TOI 7470.01,3159.4996574,3.3462754,595.8707435,29.7940301,4.7803484,5274.0,4.53357,1.0
TOI 7471.01,6074.3894093,4.5117643,1293.8608498,662.3252159,14.4792216,5708.0,3.95223,1.0
TOI 7472.01,15269.5334453,2.2918133,1780.2006384,2373.5414017,14.8160349,6472.0,4.43974,1.0
TOI 7473.01,744.3594775,1.6479258,481.2889926,12.6807435,1.7575203,4759.0,4.70975,1.0
TOI 7474.01,7385.3106816,0.979333,1603.9796717,1564.2870186,12.5706919,5340.0,4.37794,1.0
TOI 7475.01,5247.3433342,4.4705283,1714.5161425,2042.1484801,12.7752613,6389.29,4.07101,1.0
TOI 7476.01,10664.9875098,3.3859417,1287.3801861,649.1548174,12.8436936,5808.0,4.29702,1.0
TOI 7477.01,9473.166386,3.0522559,1371.7734899,836.8557884,12.5430586,5909.0,4.28627,1.0
TOI 7479.01,17292.2979757,2.4455576,1042.2303011,278.8532968,11.9663887,5012.0,4.43351,1.0
TOI 748.01,10040.0,2.681,2096.0,3208.41,20.1548,7000.0,4.13412,1.0
TOI 7480.01,5787.6432946,5.0844391,1374.4798216,843.4793906,13.3526344,5692.5,3.9616,1.0
TOI 7481.01,1735.0237682,5.4046197,453.3637364,9.9840815,2.5884906,3894.0,4.63804,1.0
TOI 7482.01,10167.398667,2.4735452,694.8011438,55.07609,8.0213924,4111.0,4.43205,1.0
TOI 7483.01,1833.4273968,0.6309024,891.5683371,149.3274154,1.2625994,3398.0,4.94675,1.0
TOI 7484.01,15541.995749,1.8613266,944.5404164,188.1062326,14.103773,5417.0,4.57331,1.0
TOI 7485.01,18938.3068072,2.7109339,1017.494191,253.3079123,11.6939337,5113.0,4.50946,1.0
TOI 7486.01,15566.1440892,2.6850132,1134.3084985,391.2422478,11.8143095,5451.0,4.46538,1.0
TOI 7487.01,10352.6423902,3.6674288,670.3899393,47.7343435,8.7723254,5278.0,4.54274,1.0
TOI 7488.01,17049.2629683,3.2205284,1199.3328658,488.9674412,15.3416443,5500.0,4.28377,1.0
TOI 7489.01,1229.6500262,3.8705032,567.7599966,24.5572742,2.5811442,5018.0,4.61791,1.0
TOI 7490.01,435.5578168,8.9037215,1124.9925994,378.5468737,7.0446125,4911.0,4.438,1.0
TOI 7491.01,14026.6940585,3.8092867,1185.5538134,466.8808801,13.709409,5859.0,4.38969,1.0
TOI 7492.01,13027.0636057,2.4822655,1226.0181741,533.9598889,11.4242045,5160.0,4.37898,1.0
TOI 7493.01,7383.1867077,3.5663951,1764.7263849,2292.0839375,13.7417558,5494.0,4.02415,1.0
TOI 7494.01,41150.9809092,2.3067411,309.4779824,2.1679039,9.7897827,3555.0,4.75533,1.0
TOI 7495.01,2500.5579554,3.4607621,651.3771849,42.5452591,5.4992893,5631.0,4.36,1.0
TOI 7496.01,7727.5058354,2.689763,1212.5136197,510.8195427,9.8525685,5553.0,4.33441,1.0
TOI 7497.01,11253.2758897,3.5122145,1027.1659305,263.0773303,11.5220414,5555.0,4.39749,1.0
TOI 7498.01,11140.279198,4.127423,1637.2433982,1698.1419607,17.4465908,5880.0,4.3,1.0
TOI 7499.01,12299.893921,3.1251205,1275.3877757,625.3022652,13.6062073,5770.0,4.2819,1.0
TOI 750.01,21355.7850721,2.1590096,1909.0246927,3138.8255953,15.971118,5600.0,4.43826,1.0
TOI 7500.01,10583.825883,1.0430706,941.0389497,185.332421,11.9302492,5357.0,4.27941,1.0
TOI 7501.01,16779.7987149,2.1850556,1746.9937293,2201.3362549,20.8230069,5122.0,3.95664,1.0
TOI 7502.01,13036.1538292,2.8083392,1499.134235,1193.6667315,15.7747887,6297.0,4.30016,1.0
TOI 7503.01,12658.2718767,4.3583808,1443.9217332,1027.2960417,16.6459863,5871.0,4.13349,1.0
TOI 7504.01,1186.7670333,1.6493835,782.5677076,29.5526853,2.9723031,5216.0,4.53686,1.0
TOI 7504.02,686.1966722,2.2975903,1022.9069867,181.7489961,2.485097,5216.0,4.53686,1.0
TOI 7505.01,823.5651883,3.1764029,3713.2348111,11855.2292304,13.3017642,11396.0,3.57,1.0
TOI 7506.01,23835.5812123,2.4192187,808.7547293,101.1086554,11.6746698,4056.0,4.47018,1.0
TOI 7507.01,3636.1790628,7.7272657,945.1534569,188.5950589,10.2633519,6203.0,4.07664,1.0
TOI 7508.01,2252.9662955,1.0105137,1942.0100051,3361.4515336,5.721944,5725.0,4.31033,1.0
TOI 7509.01,874.2673267,0.610124,2443.9722492,8431.5240436,4.3532065,6052.7,4.22,1.0
TOI 751.01,22675.3812671,2.1894174,828.4046383,111.2989557,12.0898005,4803.0,4.64154,1.0
TOI 752.01,12259.4473284,2.6600483,1099.7675591,345.7200926,13.14269,5900.0,4.52994,1.0
TOI 754.01,7640.7605465,2.0997185,1327.2235524,733.3264022,12.659975,6214.0,4.26729,1.0
TOI 755.01,572.0,2.154,1391.0,622.47,2.15331,6003.0,4.47356,2.0
TOI 755.02,450.5420649,1.3710857,951.6478794,193.8322952,2.1138482,6003.0,4.47356,1.0
TOI 756.01,2917.3714571,1.0860452,827.9518032,111.0557954,3.1811214,3614.0,4.81257,1.0
TOI 757.01,926.0,3.491,618.0,24.3644,2.17884,5499.0,4.39962,2.0
TOI 761.01,1505.7221535,2.8163532,515.8282237,16.7317515,2.7774832,4368.0,4.56706,1.0
TOI 761.02,374.0999309,1.4230143,924.7391872,172.821611,1.361695,4368.0,4.56706,1.0
TOI 762.01,30624.6434599,1.3816978,517.8926558,17.001217,8.027234,3399.0,4.91468,2.0
TOI 763.01,701.1882316,3.0213897,937.9808032,182.934999,2.4097088,5767.0,4.34736,2.0
TOI 763.02,869.4629182,3.8398889,722.2799042,64.3195695,2.8635085,5767.0,4.34736,2.0
TOI 766.01,16320.7911726,2.462599,1199.9325263,489.9461001,12.5399052,5870.0,4.4,1.0
TOI 767.01,22257.118447,2.759996,1108.6399909,357.0122872,13.95182,5703.0,4.51085,1.0
TOI 769.01,18110.0,2.733,953.0,137.118,10.7801,5315.0,4.51737,1.0
TOI 770.01,7765.9973286,4.8238322,1543.8469649,1342.573266,15.3045465,6438.0,4.10962,1.0
TOI 771.01,3279.7891318,0.9960868,501.0620836,14.8966002,1.3960869,3231.0,4.438,2.0
TOI 772.01,6918.5557902,3.5235771,670.2992922,47.7085311,6.9124465,5184.0,4.57383,1.0
TOI 772.02,4290.7780126,4.3105796,164.5828313,0.173404,5.3137751,5184.0,4.57383,1.0
TOI 772.03,876.8413933,2.2947027,1059.2919812,297.566297,2.584596,5184.0,4.57383,1.0
TOI 773.01,12130.0,3.283,1095.0,238.875,12.1956,5510.0,4.44137,1.0
TOI 774.01,17333.7557231,3.512518,1188.5393528,471.601595,14.6467763,6070.0,4.4201,1.0
TOI 775.01,7049.3777392,11.5424587,1069.0284982,308.6584229,21.0847933,6746.0,4.41572,0.0
TOI 776.01,1317.653048,2.9937799,383.2694675,5.0996209,2.0999942,3806.0,4.73575,2.0
TOI 776.02,1071.2067848,2.4120909,474.6704725,11.9974754,1.7687315,3806.0,4.73575,2.0
TOI 777.01,2683.1006768,4.850157,1186.7521299,468.7713718,8.5512662,7199.0,4.3586,1.0
TOI 778.01,7660.0,3.557,1450.0,734.672,15.2453,6780.0,4.08247,2.0
TOI 780.01,22270.0,2.483,1199.0,344.149,13.7594,5545.0,4.52787,1.0
TOI 781.01,20039.5506701,2.0812883,1415.9798764,950.0562665,13.2236638,5227.0,4.47443,1.0
TOI 782.01,4010.0577601,1.7082731,388.6156751,5.3901675,2.5926653,3331.0,4.94964,2.0
TOI 783.01,1224.9160656,2.0330298,611.1172195,32.9624198,2.3812033,4498.94,4.5,1.0
TOI 784.01,481.0,2.185,1256.0,413.894,1.84303,5849.0,4.5297,2.0
TOI 785.01,570.252799,30.0156194,366.9524462,4.285092,1.6416264,3783.0,4.438,1.0
TOI 786.01,321.0,4.818,1356.0,562.492,2.30678,5853.8,4.22099,1.0
TOI 786.02,329.0,6.071,596.0,20.9962,2.14038,5853.8,4.22099,1.0
TOI 787.01,137.5302097,2.6285127,1784.4750934,2396.4201609,1.7757918,6623.0,4.38359,1.0
TOI 788.01,112.7687265,2.5986372,1047.7174682,284.7722987,3.2602447,4997.0,3.45154,1.0
TOI 789.01,862.2586997,1.583301,448.3198817,9.5471336,1.1245064,3471.0,4.87707,1.0
TOI 789.02,1208.7896248,2.2669808,335.728076,3.0024214,1.3280332,3471.0,4.87707,1.0
TOI 789.03,878.9302211,2.0067185,393.6998701,5.6778261,1.2872781,3471.0,4.87707,1.0
TOI 790.01,1766.6170108,11.8968751,423.1317323,7.5757108,6.9936043,6988.0,4.25649,1.0
TOI 790.02,229.2846536,8.2090013,717.0068321,62.4617543,2.4013155,6988.0,4.25649,1.0
TOI 790.03,1628.2500301,17.3550472,411.1389473,6.7526693,6.4367306,6988.0,4.25649,1.0
TOI 791.01,5057.6776282,12.1948293,460.9516893,10.6694651,10.4668171,6572.0,4.35381,1.0
TOI 791.02,6356.9944677,11.576689,353.3145101,3.6827047,12.0672714,6572.0,4.35381,1.0
TOI 792.01,1515.1689468,1.336067,600.0409721,30.6368863,3.2193276,5107.98,4.5443,0.0
TOI 793.01,2020.0,2.388,291.0,1.20276,4.04767,5379.0,4.50461,0.0
TOI 794.01,372.4627072,8.7541225,644.6535906,40.8156414,3.3054594,6270.01,4.07467,1.0
TOI 795.01,479.6082016,0.9094562,1051.00961,288.3684545,2.9253441,6168.88,4.24191,1.0
TOI 797.01,622.5482076,1.1863073,729.3539345,66.876621,1.1904014,3704.0,4.77431,1.0
TOI 797.02,740.3454035,1.0309175,552.6192071,22.0406756,1.3230408,3704.0,4.77431,1.0
TOI 797.03,456.1893836,1.1118337,634.8269047,38.383299,1.0182347,3704.0,4.77431,1.0
TOI 799.01,439.0185686,2.2293365,958.6887743,199.6326492,1.9448048,5643.0,4.48066,1.0
TOI 801.01,38.7087646,1.2815624,2426.0042479,8186.2919627,0.8620247,6283.39,4.438,1.0
TOI 802.01,74.807186,1.7264201,942.9807829,186.8668956,0.6501353,5235.78,4.438,1.0
TOI 803.01,770.0,3.872,1197.0,340.827,10.4166,5370.0,3.32339,0.0
TOI 805.01,1948.1405783,1.212675,440.8496683,8.9265383,1.276147,3376.0,4.438,1.0
TOI 806.01,1306.4224091,3.3787978,397.279215,5.8871402,2.2852898,4130.0,4.438,1.0
TOI 807.01,511.6141762,2.0186676,739.4620938,70.6617951,1.6776468,4662.0,4.56787,1.0
TOI 808.01,641.7240822,3.5625788,710.9802766,60.3880789,2.2696307,5216.0,4.52613,1.0
TOI 810.01,357.0692138,4.8265036,696.2534449,55.5380247,2.7465985,5704.59,4.09162,1.0
TOI 810.02,314.2730564,11.1179142,472.0126996,11.7310189,2.6152426,5704.59,4.09162,1.0
TOI 811.01,12570.0,4.418,617.0,24.1525,14.2012,6025.9,4.3,1.0
TOI 812.01,7930.0,6.491,1131.0,271.767,14.3875,6707.0,4.2,1.0
TOI 813.01,1217.6723245,13.0330846,594.8141775,29.5832748,7.2168832,5823.7,3.77,2.0
TOI 814.01,250.094,2.671,930.0,124.246,3.7188,5920.4,3.91,0.0
TOI 815.01,1301.0,3.061,672.0,33.9923,2.62397,4953.9,4.59,2.0
TOI 815.02,1004.0,2.529,483.0,9.04438,2.1838,4953.9,4.59,2.0
TOI 816.01,3127.94,2.714,2346.0,5034.13,3.80336,4146.6,4.6,0.0
TOI 817.01,1015.0,2.598,5885.0,199185.0,7.4694027,8747.0,4.08022,0.0
TOI 818.01,12242.731322,2.043274,1194.9859664,481.9169727,11.857124,5700.0,4.49158,1.0
TOI 819.01,4950.0,4.74,787.0,63.815,9.68176,5846.0,4.41665,1.0
TOI 820.01,9500.430305,3.680056,1512.7836094,1237.7366286,14.937131,6300.0,4.16979,1.0
TOI 822.01,18037.5300175,3.1376265,722.6720336,64.4593609,10.478658,4775.0,4.60305,1.0
TOI 822.02,640.6892788,1.6201453,1385.8482225,871.7333843,2.3332033,4775.0,4.60305,2.0
TOI 824.01,1576.0776119,1.0799517,1148.7148937,411.5001611,2.9539057,4452.0,4.49909,2.0
TOI 825.01,4917.3378908,2.2396998,972.7647273,211.6178316,5.422035,4944.0,4.50243,1.0
TOI 826.01,10842.0,3.571,763.0,56.355,11.0252,5625.0,4.49092,1.0
TOI 828.01,6562.7794806,3.8815964,1432.5709808,995.3724127,17.1038087,6030.0,4.09435,1.0
TOI 829.01,1779.1851978,2.3400995,1103.7255252,350.7238882,4.2854014,5636.0,4.3723,1.0
TOI 830.01,17981.6903217,2.2981691,762.3041811,79.8057547,23.0692974,5900.0,4.36304,1.0
TOI 832.01,2430.0,1.405,1195.0,339.505,10.8261,5623.0,4.37483,0.0
TOI 833.01,465.3854112,1.2737667,1033.9227741,270.068174,1.389031,3965.0,4.68337,2.0
TOI 834.01,14340.9908648,3.2277336,1548.8792954,1360.1640729,16.3355194,6783.0,4.24271,1.0
TOI 835.01,2042.5421095,1.4903703,992.3968206,229.2252519,4.7342032,6012.0,4.76675,1.0
TOI 836.01,1140.0,2.47,704.0,40.8229,2.64032,4476.0,4.58156,2.0
TOI 836.02,580.0,1.602,763.9863872,40.9119,1.69257,4476.0,4.58156,2.0
TOI 837.01,4535.0,1.406,704.0,40.8042,7.0011,6513.0,4.53694,2.0
TOI 838.01,1256.0632059,2.0328127,1774.4974464,2343.2709936,14.4951834,7313.0,4.14443,0.0
TOI 839.01,19630.5671979,3.0016362,2045.2584294,4135.3642287,36.5091254,6933.0,4.25089,1.0
TOI 840.01,7590.0,2.302,1079.0,225.371,8.54839,5318.0,4.43686,1.0
TOI 841.01,14230.0,1.453,914.0,116.196,11.4663,5153.0,4.46892,1.0
TOI 842.01,11628.7594512,1.8415464,1195.9294829,483.4407911,12.0024836,5376.0,4.42496,1.0
TOI 843.01,15275.7584547,3.1434483,1177.8556322,454.8720517,14.2892609,5715.0,4.34342,1.0
TOI 844.01,2178.8336338,1.9618338,1083.0431039,325.1651305,7.1574108,5829.6,4.1,0.0
TOI 845.01,22745.5,5.853,1443.0,721.751,24.7848,5818.3,4.4,0.0
TOI 846.01,8761.57,4.924,1235.0,386.596,12.4595,6316.3,4.3,0.0
TOI 849.01,1410.0,1.452,1932.0,2314.06,3.54139,5311.0,4.47,2.0
TOI 852.01,2010.0,3.147,1170.0,311.475,6.40301,5574.0,3.95,1.0
TOI 853.01,5090.0,4.725,1772.0,1640.28,17.29,5937.0,4.19,1.0
TOI 855.01,1110.0,1.018,1327.0,515.147,4.46184,6671.0,4.41,1.0
TOI 857.01,8100.0,3.292,1455.0,744.132,15.1385,6143.0,4.08,1.0
TOI 858.01,11148.420202,3.5795839,1402.2649308,913.7792532,14.0606451,5857.0,4.24,2.0
TOI 859.01,2522.1346873,1.063382,815.6519164,104.6021101,4.6014268,4971.0,4.59,1.0
TOI 860.01,11200.0,2.202,1096.0,240.342,19.7517,5906.0,4.07,1.0
TOI 861.01,3040.0,2.537,2416.0,5656.73,30.8876,10341.0,3.8,0.0
TOI 863.01,277.1920779,1.0447398,2038.1439377,4078.1238196,1.4381391,5867.0,4.5948,1.0
TOI 864.01,626.6355136,0.5708161,1005.8308938,241.8916543,1.0047438,3460.0,4.438,1.0
TOI 867.01,281.5569106,4.7120319,808.3688406,100.9158218,2.2872195,5777.36,4.30388,1.0
TOI 868.01,172.860189,1.096708,2481.9156706,8967.4525288,1.609049,5670.45,4.16644,0.0
TOI 870.01,1208.1077142,2.5061632,362.3806799,4.0755023,2.335104,3927.0,4.6966,1.0
TOI 871.01,541.9770506,3.2043798,565.3112203,24.1363405,1.6866314,4939.0,4.58489,2.0
TOI 872.01,1152.7849514,1.1228525,1062.2594463,300.9147034,2.7483506,4872.54,4.68951,1.0
TOI 872.02,825.5374706,0.7889782,814.2385337,103.8789635,2.6058369,4872.54,4.68951,1.0
TOI 873.01,1021.9253753,2.0314487,518.0279088,17.0189842,1.7979811,3797.0,4.74005,1.0
TOI 874.01,200.4796961,3.9528744,1269.6930207,614.208654,2.2395287,6437.0,4.2473,1.0
TOI 875.01,1076.926754,3.638535,563.4752132,23.8243065,2.343228,4407.0,4.56293,1.0
TOI 876.01,2066.5043819,2.3634407,336.0828164,3.0151313,2.7733274,3955.0,4.68874,1.0
TOI 880.01,3510.0,2.608,817.0,73.9967,5.0445,4935.0,4.52,1.0
TOI 880.02,739.6008283,2.4810064,1063.0980928,301.8661097,2.7779229,4935.0,4.52,2.0
TOI 880.03,990.0,1.596,495.0,9.971,2.87022,4935.0,4.52,1.0
TOI 882.01,912.0,1.033,1432.0,698.522,8.10129,7069.0,3.88,0.0
TOI 883.01,4860.0,3.65,861.0,91.5488,7.17665,5651.0,4.43,1.0
TOI 886.01,2988.5020776,5.1878327,1611.6192743,1594.302814,19.9576585,8844.0,3.76,0.0
TOI 888.01,828.371,2.025,1227.0,376.453,5.99981,6565.2,4.09,0.0
TOI 889.01,1200.0,2.673,2215.0,3996.1,5.90327,6466.0,4.11,0.0
TOI 892.01,7530.0,5.415,1361.0,571.007,12.0335,7723.0,4.43,2.0
TOI 893.01,2300.0,3.829,2130.0,3420.14,9.62058,9856.0,4.01,1.0
TOI 894.01,1100.0,4.514,4366.0,60347.5,24.4433,9900.0,3.68,0.0
TOI 895.01,190.0,1.904,2496.0,6450.77,1.50503,5998.0,4.39,0.0
TOI 897.01,250.0,3.007,2487.0,6354.72,2.58794,6128.0,4.08,0.0
TOI 898.01,6000.0,7.352,2388.0,5400.0,19.7649,5652.0,4.32,0.0
TOI 899.01,8527.3304874,3.116081,821.8270133,107.8059302,11.8867391,5591.0,4.30695,1.0
TOI 900.01,1341.9401258,5.2266368,700.3482517,56.8561171,2.7650341,3861.0,4.71767,1.0
TOI 901.01,2427.4314638,0.9282699,1529.3057261,1292.7015226,11.144364,7062.0,4.49596,1.0
TOI 903.01,2440.0,4.626,1374.0,591.917,11.5799,6266.0,4.27,1.0
TOI 904.01,1827.2189379,2.6829533,433.1214112,8.3168643,2.309613,3992.0,4.61929,2.0
TOI 904.02,1856.5912767,4.9317658,219.1245115,0.5448599,2.3408341,3992.0,4.61929,2.0
TOI 905.01,15256.9023477,2.0436597,1105.7578537,353.3142325,13.9317353,5565.0,4.46277,2.0
TOI 906.01,1600.0,1.152,1458.0,751.21,5.25863,5954.53,3.68582,1.0
TOI 907.01,2101.0682794,5.2493974,1644.7907422,1729.6714348,9.6158851,6272.0,3.8399,2.0
TOI 908.01,850.2084133,2.3252968,1217.6479521,519.52682,3.1080163,5500.0,4.99,2.0
TOI 909.01,255.0,3.525,1498.0,836.633,1.80937,6059.06,4.29,0.0
TOI 910.01,954.52078,0.7339561,552.8113049,22.0713381,1.0407954,3194.0,4.96718,2.0
TOI 912.01,2029.239148,1.8117452,495.2259613,14.2145991,2.2524868,3566.0,4.83519,2.0
TOI 913.01,1159.3892018,3.2464373,621.420415,35.2422046,2.4827074,4948.0,4.60394,2.0
TOI 913.02,945.0433631,5.9485102,121.9158623,0.052211,2.7937261,4948.0,4.60394,1.0
TOI 914.01,760.0,2.279,1556.0,975.016,4.00659,5963.4,3.65,0.0
TOI 915.01,1130.0,1.775,1882.0,2083.06,10.7275,5753.0,3.83,0.0
TOI 916.01,5558.85,8.075,1002.0,167.644,15.4676,5493.2,3.92,0.0
TOI 917.01,5967.2243425,3.0511383,1021.0367587,256.8541056,24.163132,6070.0,3.65,1.0
TOI 918.01,410.0,3.072,2501.0,6504.41,6.34675,5614.0,3.5,0.0
TOI 921.01,809.4472541,2.0606408,951.0,426.7683426,3.3763609,6055.5,4.38,1.0
TOI 923.01,918.0803144,1.5496651,1404.9791186,920.8745704,4.0297948,6049.0,4.3,0.0
TOI 924.01,19172.4644881,2.0368113,776.1600297,85.7681608,20.3161792,5682.0,4.45,1.0
TOI 927.01,290.0,1.963,1622.0,1150.76,4.66502,6639.0,3.73,0.0
TOI 928.01,12972.8,6.297,837.0,81.7492,14.1152,5848.0,4.35,0.0
TOI 929.01,1310.0,2.618,774.0,59.7261,2.70505,4451.0,4.57,1.0
TOI 930.01,240.0,3.506,1451.0,736.282,6.56819,6504.0,3.32,1.0
TOI 932.01,1222.9987584,3.7831012,474.9318086,12.0239187,2.7470788,4444.0,4.55,1.0
TOI 932.02,460.0,2.729,675.0,34.6569,1.70724,4444.0,4.55,1.0
TOI 933.01,4026.4400749,8.3086197,525.5568469,18.0301689,12.6517291,5546.9,3.93,1.0
TOI 934.01,18870.7216253,2.4092233,951.9601792,194.0868583,12.4392846,4833.0,4.51712,1.0
TOI 936.01,6995.7727314,1.8486897,913.7593073,164.7586619,7.76368,4320.0,4.57232,1.0
TOI 937.01,15669.3,0.72,3104.0,15418.8,24.4651,5341.6,4.09,0.0
TOI 938.01,1700.0,4.264,1073.0,220.735,4.0916,5981.0,4.49,1.0
TOI 939.01,6400.0,4.249,1156.0,297.144,12.4861,6159.5,4.14,1.0
TOI 941.01,3260.0,3.78,1000.0,166.575,6.95626,5920.0,4.32,1.0
TOI 942.01,1480.0,3.181,1120.0,261.858,3.52025,4945.0,4.43,2.0
TOI 943.01,8020.0,5.963,1218.0,366.445,13.4341,6794.0,4.28,1.0
TOI 944.01,2740.0,4.084,2249.0,4249.82,35.2541,7011.0,3.51,0.0
TOI 945.01,720.0,1.203,2234.0,4136.65,4.60146,7019.0,4.19,1.0
TOI 951.01,17064.8,3.707,1554.0,969.61,20.1857,5761.5,4.35,0.0
TOI 952.01,430.0,1.372,1660.0,1262.31,7.38823,7110.0,3.9,1.0
TOI 953.01,13028.0,3.663,1559.0,981.423,19.3343,5772.0,4.1,0.0
TOI 954.01,2070.0,4.536,1659.0,1260.27,9.05543,5756.0,3.88,2.0
TOI 955.01,770.0,1.606,1526.0,900.876,5.03673,5888.8,3.99,0.0
TOI 956.01,5962.04,3.139,1079.0,225.794,14.9952,6029.5,4.22,0.0
TOI 957.01,200.0,1.875,3518.0,25432.4,2.64673,8897.0,4.27,0.0
TOI 960.01,1352.1697973,4.739749,3253.506931,26480.6076583,12.5948602,9385.0,4.12,0.0
TOI 961.01,26891.1,2.132,1227.0,377.084,23.4129,5782.5,4.37,0.0
TOI 963.01,5715.8314771,4.5596639,841.9669663,118.7684839,8.8518806,5814.9,4.4,1.0
TOI 964.01,16763.6,1.834,3246.0,18432.4,11.8344,5146.2,4.61,0.0
TOI 965.01,1561.43,2.379,3193.0,17275.0,4.99178,5947.5,4.22,0.0
TOI 966.01,16294.3969402,3.2067861,1404.0296041,918.387707,15.9162999,6316.0,4.37,1.0
TOI 967.01,428.8811939,3.6069028,2661.5890983,11860.0095258,5.1189079,7051.0,3.87,0.0
TOI 969.01,1890.0,1.347,1002.0,167.634,3.64998,4249.1,4.43,2.0
TOI 970.01,690.3429151,3.671241,1009.8772228,245.807602,2.7920398,5189.0,4.33,1.0
TOI 971.01,680.0,4.53,2153.0,3570.59,3.54571,5743.0,4.18,0.0
TOI 974.01,2206.0,2.409,2271.0,4419.71,8.56637,8192.0,4.21,0.0
TOI 978.01,5697.0,4.668,949.0,134.826,11.3913,6368.0,4.18,1.0
TOI 979.01,672.523,1.87,1900.0,2163.51,7.4741,5650.4,4.32,0.0
TOI 980.01,357.2449276,3.2413088,2163.4528,5177.3878513,4.1672558,5322.0,3.82,0.0
TOI 981.01,1190.6782952,2.253,2004.2139211,2674.6329403,4.6692325,6711.0,4.25,0.0
TOI 982.01,1700.0,3.757,1798.0,1735.06,13.147,8502.0,3.78,0.0
TOI 984.01,50623.3,6.133,1841.0,1910.28,12.9114,6184.6,4.11,0.0
TOI 985.01,14361.0,3.504,1341.0,538.251,21.0089,5906.8,4.22,0.0
TOI 987.01,3754.150648,4.9830634,1607.3541478,1037.07,14.4476769,6080.0,3.78,0.0
TOI 988.01,672.002,3.037,1319.0,503.88,13.7564,6056.9,4.17,0.0
TOI 990.01,3321.0,4.36,2266.0,4384.23,10.6337,8388.0,4.22,1.0
TOI 991.01,1476.0,1.999,3753.0,32959.2,12.9191,9855.0,4.18,1.0
TOI 993.01,914.0,1.518,2226.0,4081.06,4.75869,8035.0,4.28,1.0
TOI 994.01,384.8985474,3.9453168,2847.2135988,15531.0636237,3.8384486,10393.0,4.32,0.0
TOI 997.01,17479.6053306,3.5568334,857.7314308,127.9164213,20.5106959,5786.0,4.52,0.0
TOI 998.01,339.9126618,1.3606996,3641.6264487,41562.5878114,4.529209,8322.0,4.01,0.0
TOI 999.01,1839.0,2.759,2762.0,9662.8,5.53091,6635.0,4.35,0.0